ISO-10303-21;
HEADER;
FILE_DESCRIPTION(('FreeCAD Model'),'2;1');
FILE_NAME('Open CASCADE Shape Model','2026-08-31T00:14:24',(''),(''),
  'Open CASCADE STEP processor 7.8','FreeCAD','Unknown');
FILE_SCHEMA(('AUTOMOTIVE_DESIGN { 1 0 10303 214 1 1 1 1 }'));
ENDSEC;
DATA;
#1 = APPLICATION_PROTOCOL_DEFINITION('international standard',
  'automotive_design',2000,#2);
#2 = APPLICATION_CONTEXT(
  'core data for automotive mechanical design processes');
#3 = SHAPE_DEFINITION_REPRESENTATION(#4,#10);
#4 = PRODUCT_DEFINITION_SHAPE('','',#5);
#5 = PRODUCT_DEFINITION('design','',#6,#9);
#6 = PRODUCT_DEFINITION_FORMATION('','',#7);
#7 = PRODUCT('Arm_nyloc','Arm_nyloc','',(#8));
#8 = PRODUCT_CONTEXT('',#2,'mechanical');
#9 = PRODUCT_DEFINITION_CONTEXT('part definition',#2,'design');
#10 = ADVANCED_BREP_SHAPE_REPRESENTATION('',(#11,#15),#12461);
#11 = AXIS2_PLACEMENT_3D('',#12,#13,#14);
#12 = CARTESIAN_POINT('',(0.,0.,0.));
#13 = DIRECTION('',(0.,0.,1.));
#14 = DIRECTION('',(1.,0.,-0.));
#15 = MANIFOLD_SOLID_BREP('',#16);
#16 = CLOSED_SHELL('',(#17,#109,#164,#203,#267,#322,#399,#517,#576,#629,
    #688,#969,#1051,#1192,#1231,#1281,#1413,#1641,#1648,#1724,#1773,
    #1822,#1871,#1920,#1947,#2006,#2111,#2192,#2225,#2280,#2335,#2398,
    #6025,#6107,#6161,#6232,#6281,#6330,#6379,#6428,#6455,#6467,#6479,
    #6556,#6611,#6895,#6927,#6981,#7008,#7035,#7086,#7137,#7188,#7217,
    #7244,#7271,#7298,#7325,#7352,#7379,#7406,#7433,#7440,#7518,#7569,
    #7620,#7671,#7722,#7773,#7824,#7875,#7926,#7977,#8028,#8079,#8130,
    #8181,#8232,#8283,#8334,#8385,#8436,#8487,#8538,#8589,#8640,#8691,
    #8742,#8793,#8844,#8895,#8946,#8997,#9048,#9099,#9150,#9201,#9252,
    #9303,#9354,#9405,#9456,#9507,#9558,#9609,#9660,#9711,#9762,#9813,
    #9864,#9915,#9966,#10017,#10068,#10119,#10170,#10221,#10272,#10323,
    #10374,#10425,#10476,#10505,#10583,#10634,#10685,#10736,#10787,
    #10838,#10889,#10940,#10991,#11042,#11093,#11144,#11195,#11246,
    #11297,#11348,#11399,#11450,#11501,#11552,#11603,#11654,#11705,
    #11756,#11807,#11858,#11909,#11960,#12011,#12062,#12113,#12164,
    #12215,#12266,#12317,#12346,#12359,#12422));
#17 = ADVANCED_FACE('',(#18),#32,.F.);
#18 = FACE_BOUND('',#19,.T.);
#19 = EDGE_LOOP('',(#20,#50,#81,#82));
#20 = ORIENTED_EDGE('',*,*,#21,.F.);
#21 = EDGE_CURVE('',#22,#24,#26,.T.);
#22 = VERTEX_POINT('',#23);
#23 = CARTESIAN_POINT('',(81.05,9.9,4.440892098501E-15));
#24 = VERTEX_POINT('',#25);
#25 = CARTESIAN_POINT('',(81.05,14.1,2.886579864025E-15));
#26 = SEAM_CURVE('',#27,(#31,#43),.PCURVE_S1.);
#27 = LINE('',#28,#29);
#28 = CARTESIAN_POINT('',(81.05,-0.5,-1.E-17));
#29 = VECTOR('',#30,1.);
#30 = DIRECTION('',(0.,1.,4.430669073875E-16));
#31 = PCURVE('',#32,#37);
#32 = CYLINDRICAL_SURFACE('',#33,5.05);
#33 = AXIS2_PLACEMENT_3D('',#34,#35,#36);
#34 = CARTESIAN_POINT('',(76.,-0.5,-1.E-17));
#35 = DIRECTION('',(0.,-1.,-2.230669073875E-16));
#36 = DIRECTION('',(1.,0.,0.));
#37 = DEFINITIONAL_REPRESENTATION('',(#38),#42);
#38 = LINE('',#39,#40);
#39 = CARTESIAN_POINT('',(-6.28318530718,0.));
#40 = VECTOR('',#41,1.);
#41 = DIRECTION('',(-0.,-1.));
#42 = ( GEOMETRIC_REPRESENTATION_CONTEXT(2) 
PARAMETRIC_REPRESENTATION_CONTEXT() REPRESENTATION_CONTEXT('2D SPACE',''
  ) );
#43 = PCURVE('',#32,#44);
#44 = DEFINITIONAL_REPRESENTATION('',(#45),#49);
#45 = LINE('',#46,#47);
#46 = CARTESIAN_POINT('',(-0.,0.));
#47 = VECTOR('',#48,1.);
#48 = DIRECTION('',(-0.,-1.));
#49 = ( GEOMETRIC_REPRESENTATION_CONTEXT(2) 
PARAMETRIC_REPRESENTATION_CONTEXT() REPRESENTATION_CONTEXT('2D SPACE',''
  ) );
#50 = ORIENTED_EDGE('',*,*,#51,.T.);
#51 = EDGE_CURVE('',#22,#22,#52,.T.);
#52 = SURFACE_CURVE('',#53,(#58,#65),.PCURVE_S1.);
#53 = CIRCLE('',#54,5.05);
#54 = AXIS2_PLACEMENT_3D('',#55,#56,#57);
#55 = CARTESIAN_POINT('',(76.,9.9,5.329070518201E-15));
#56 = DIRECTION('',(0.,-1.,-3.330669073875E-16));
#57 = DIRECTION('',(1.,0.,0.));
#58 = PCURVE('',#32,#59);
#59 = DEFINITIONAL_REPRESENTATION('',(#60),#64);
#60 = LINE('',#61,#62);
#61 = CARTESIAN_POINT('',(-6.28318530718,-10.4));
#62 = VECTOR('',#63,1.);
#63 = DIRECTION('',(1.,-0.));
#64 = ( GEOMETRIC_REPRESENTATION_CONTEXT(2) 
PARAMETRIC_REPRESENTATION_CONTEXT() REPRESENTATION_CONTEXT('2D SPACE',''
  ) );
#65 = PCURVE('',#66,#71);
#66 = PLANE('',#67);
#67 = AXIS2_PLACEMENT_3D('',#68,#69,#70);
#68 = CARTESIAN_POINT('',(76.,9.9,5.329070518201E-15));
#69 = DIRECTION('',(0.,1.,1.130669073875E-16));
#70 = DIRECTION('',(0.,-1.130669073875E-16,1.));
#71 = DEFINITIONAL_REPRESENTATION('',(#72),#80);
#72 = ( BOUNDED_CURVE() B_SPLINE_CURVE(2,(#73,#74,#75,#76,#77,#78,#79),
.UNSPECIFIED.,.T.,.F.) B_SPLINE_CURVE_WITH_KNOTS((1,2,2,2,2,1),(
    -2.094395102393,0.,2.094395102393,4.188790204786,6.28318530718,
8.377580409573),.UNSPECIFIED.) CURVE() GEOMETRIC_REPRESENTATION_ITEM() 
RATIONAL_B_SPLINE_CURVE((1.,0.5,1.,0.5,1.,0.5,1.)) REPRESENTATION_ITEM(
  '') );
#73 = CARTESIAN_POINT('',(0.,5.05));
#74 = CARTESIAN_POINT('',(8.746856578223,5.05));
#75 = CARTESIAN_POINT('',(4.373428289111,-2.525));
#76 = CARTESIAN_POINT('',(1.236893267139E-15,-10.1));
#77 = CARTESIAN_POINT('',(-4.373428289111,-2.525));
#78 = CARTESIAN_POINT('',(-8.746856578223,5.05));
#79 = CARTESIAN_POINT('',(0.,5.05));
#80 = ( GEOMETRIC_REPRESENTATION_CONTEXT(2) 
PARAMETRIC_REPRESENTATION_CONTEXT() REPRESENTATION_CONTEXT('2D SPACE',''
  ) );
#81 = ORIENTED_EDGE('',*,*,#21,.T.);
#82 = ORIENTED_EDGE('',*,*,#83,.T.);
#83 = EDGE_CURVE('',#24,#24,#84,.T.);
#84 = SURFACE_CURVE('',#85,(#90,#97),.PCURVE_S1.);
#85 = CIRCLE('',#86,5.05);
#86 = AXIS2_PLACEMENT_3D('',#87,#88,#89);
#87 = CARTESIAN_POINT('',(76.,14.1,2.776847858185E-18));
#88 = DIRECTION('',(-5.131708243377E-48,1.,3.066907387547E-18));
#89 = DIRECTION('',(1.,-2.024158875781E-33,6.6E-16));
#90 = PCURVE('',#32,#91);
#91 = DEFINITIONAL_REPRESENTATION('',(#92),#96);
#92 = LINE('',#93,#94);
#93 = CARTESIAN_POINT('',(-0.,-14.6));
#94 = VECTOR('',#95,1.);
#95 = DIRECTION('',(-1.,0.));
#96 = ( GEOMETRIC_REPRESENTATION_CONTEXT(2) 
PARAMETRIC_REPRESENTATION_CONTEXT() REPRESENTATION_CONTEXT('2D SPACE',''
  ) );
#97 = PCURVE('',#98,#103);
#98 = CONICAL_SURFACE('',#99,5.05,0.785398163397);
#99 = AXIS2_PLACEMENT_3D('',#100,#101,#102);
#100 = CARTESIAN_POINT('',(76.,14.1,2.776847858185E-18));
#101 = DIRECTION('',(0.,1.,3.066907387547E-18));
#102 = DIRECTION('',(1.,-2.024158875781E-33,6.6E-16));
#103 = DEFINITIONAL_REPRESENTATION('',(#104),#108);
#104 = LINE('',#105,#106);
#105 = CARTESIAN_POINT('',(0.,0.));
#106 = VECTOR('',#107,1.);
#107 = DIRECTION('',(1.,0.));
#108 = ( GEOMETRIC_REPRESENTATION_CONTEXT(2) 
PARAMETRIC_REPRESENTATION_CONTEXT() REPRESENTATION_CONTEXT('2D SPACE',''
  ) );
#109 = ADVANCED_FACE('',(#110),#98,.F.);
#110 = FACE_BOUND('',#111,.F.);
#111 = EDGE_LOOP('',(#112,#135,#136,#137));
#112 = ORIENTED_EDGE('',*,*,#113,.F.);
#113 = EDGE_CURVE('',#24,#114,#116,.T.);
#114 = VERTEX_POINT('',#115);
#115 = CARTESIAN_POINT('',(81.45,14.5,3.996802888651E-15));
#116 = SEAM_CURVE('',#117,(#121,#128),.PCURVE_S1.);
#117 = LINE('',#118,#119);
#118 = CARTESIAN_POINT('',(81.05,14.1,3.322776847858E-15));
#119 = VECTOR('',#120,1.);
#120 = DIRECTION('',(0.707106781187,0.707106781187,4.655138688026E-16));
#121 = PCURVE('',#98,#122);
#122 = DEFINITIONAL_REPRESENTATION('',(#123),#127);
#123 = LINE('',#124,#125);
#124 = CARTESIAN_POINT('',(0.,0.));
#125 = VECTOR('',#126,1.);
#126 = DIRECTION('',(0.,1.));
#127 = ( GEOMETRIC_REPRESENTATION_CONTEXT(2) 
PARAMETRIC_REPRESENTATION_CONTEXT() REPRESENTATION_CONTEXT('2D SPACE',''
  ) );
#128 = PCURVE('',#98,#129);
#129 = DEFINITIONAL_REPRESENTATION('',(#130),#134);
#130 = LINE('',#131,#132);
#131 = CARTESIAN_POINT('',(6.28318530718,0.));
#132 = VECTOR('',#133,1.);
#133 = DIRECTION('',(0.,1.));
#134 = ( GEOMETRIC_REPRESENTATION_CONTEXT(2) 
PARAMETRIC_REPRESENTATION_CONTEXT() REPRESENTATION_CONTEXT('2D SPACE',''
  ) );
#135 = ORIENTED_EDGE('',*,*,#83,.T.);
#136 = ORIENTED_EDGE('',*,*,#113,.T.);
#137 = ORIENTED_EDGE('',*,*,#138,.F.);
#138 = EDGE_CURVE('',#114,#114,#139,.T.);
#139 = SURFACE_CURVE('',#140,(#145,#152),.PCURVE_S1.);
#140 = CIRCLE('',#141,5.45);
#141 = AXIS2_PLACEMENT_3D('',#142,#143,#144);
#142 = CARTESIAN_POINT('',(76.,14.5,-3.996389186796E-18));
#143 = DIRECTION('',(-5.131708243377E-48,1.,3.066907387547E-18));
#144 = DIRECTION('',(1.,-2.024158875781E-33,6.6E-16));
#145 = PCURVE('',#98,#146);
#146 = DEFINITIONAL_REPRESENTATION('',(#147),#151);
#147 = LINE('',#148,#149);
#148 = CARTESIAN_POINT('',(0.,0.4));
#149 = VECTOR('',#150,1.);
#150 = DIRECTION('',(1.,0.));
#151 = ( GEOMETRIC_REPRESENTATION_CONTEXT(2) 
PARAMETRIC_REPRESENTATION_CONTEXT() REPRESENTATION_CONTEXT('2D SPACE',''
  ) );
#152 = PCURVE('',#153,#158);
#153 = PLANE('',#154);
#154 = AXIS2_PLACEMENT_3D('',#155,#156,#157);
#155 = CARTESIAN_POINT('',(75.389542640229,14.5,0.610457359773));
#156 = DIRECTION('',(0.,1.,1.130669073875E-16));
#157 = DIRECTION('',(0.,-1.130669073875E-16,1.));
#158 = DEFINITIONAL_REPRESENTATION('',(#159),#163);
#159 = CIRCLE('',#160,5.45);
#160 = AXIS2_PLACEMENT_2D('',#161,#162);
#161 = CARTESIAN_POINT('',(-0.610457359773,0.610457359771));
#162 = DIRECTION('',(6.6E-16,1.));
#163 = ( GEOMETRIC_REPRESENTATION_CONTEXT(2) 
PARAMETRIC_REPRESENTATION_CONTEXT() REPRESENTATION_CONTEXT('2D SPACE',''
  ) );
#164 = ADVANCED_FACE('',(#165,#168),#66,.T.);
#165 = FACE_BOUND('',#166,.F.);
#166 = EDGE_LOOP('',(#167));
#167 = ORIENTED_EDGE('',*,*,#51,.T.);
#168 = FACE_BOUND('',#169,.T.);
#169 = EDGE_LOOP('',(#170));
#170 = ORIENTED_EDGE('',*,*,#171,.T.);
#171 = EDGE_CURVE('',#172,#172,#174,.T.);
#172 = VERTEX_POINT('',#173);
#173 = CARTESIAN_POINT('',(80.5,9.9,4.440892098501E-15));
#174 = SURFACE_CURVE('',#175,(#180,#191),.PCURVE_S1.);
#175 = CIRCLE('',#176,4.5);
#176 = AXIS2_PLACEMENT_3D('',#177,#178,#179);
#177 = CARTESIAN_POINT('',(76.,9.9,5.329070518201E-15));
#178 = DIRECTION('',(0.,-1.,-3.330669073875E-16));
#179 = DIRECTION('',(1.,0.,0.));
#180 = PCURVE('',#66,#181);
#181 = DEFINITIONAL_REPRESENTATION('',(#182),#190);
#182 = ( BOUNDED_CURVE() B_SPLINE_CURVE(2,(#183,#184,#185,#186,#187,#188
,#189),.UNSPECIFIED.,.T.,.F.) B_SPLINE_CURVE_WITH_KNOTS((1,2,2,2,2,1),(
    -2.094395102393,0.,2.094395102393,4.188790204786,6.28318530718,
8.377580409573),.UNSPECIFIED.) CURVE() GEOMETRIC_REPRESENTATION_ITEM() 
RATIONAL_B_SPLINE_CURVE((1.,0.5,1.,0.5,1.,0.5,1.)) REPRESENTATION_ITEM(
  '') );
#183 = CARTESIAN_POINT('',(0.,4.5));
#184 = CARTESIAN_POINT('',(7.79422863406,4.5));
#185 = CARTESIAN_POINT('',(3.89711431703,-2.25));
#186 = CARTESIAN_POINT('',(1.102182119233E-15,-9.));
#187 = CARTESIAN_POINT('',(-3.89711431703,-2.25));
#188 = CARTESIAN_POINT('',(-7.79422863406,4.5));
#189 = CARTESIAN_POINT('',(0.,4.5));
#190 = ( GEOMETRIC_REPRESENTATION_CONTEXT(2) 
PARAMETRIC_REPRESENTATION_CONTEXT() REPRESENTATION_CONTEXT('2D SPACE',''
  ) );
#191 = PCURVE('',#192,#197);
#192 = CYLINDRICAL_SURFACE('',#193,4.5);
#193 = AXIS2_PLACEMENT_3D('',#194,#195,#196);
#194 = CARTESIAN_POINT('',(76.,-0.5,2.22E-15));
#195 = DIRECTION('',(0.,-1.,-2.230669073875E-16));
#196 = DIRECTION('',(1.,0.,0.));
#197 = DEFINITIONAL_REPRESENTATION('',(#198),#202);
#198 = LINE('',#199,#200);
#199 = CARTESIAN_POINT('',(0.,-10.4));
#200 = VECTOR('',#201,1.);
#201 = DIRECTION('',(1.,0.));
#202 = ( GEOMETRIC_REPRESENTATION_CONTEXT(2) 
PARAMETRIC_REPRESENTATION_CONTEXT() REPRESENTATION_CONTEXT('2D SPACE',''
  ) );
#203 = ADVANCED_FACE('',(#204,#207),#153,.T.);
#204 = FACE_BOUND('',#205,.T.);
#205 = EDGE_LOOP('',(#206));
#206 = ORIENTED_EDGE('',*,*,#138,.F.);
#207 = FACE_BOUND('',#208,.T.);
#208 = EDGE_LOOP('',(#209,#240));
#209 = ORIENTED_EDGE('',*,*,#210,.T.);
#210 = EDGE_CURVE('',#211,#213,#215,.T.);
#211 = VERTEX_POINT('',#212);
#212 = CARTESIAN_POINT('',(68.50000000002,14.5,-1.000310945187E-13));
#213 = VERTEX_POINT('',#214);
#214 = CARTESIAN_POINT('',(76.000000000055,14.5,7.49999999998));
#215 = SURFACE_CURVE('',#216,(#221,#228),.PCURVE_S1.);
#216 = CIRCLE('',#217,7.49999999998);
#217 = AXIS2_PLACEMENT_3D('',#218,#219,#220);
#218 = CARTESIAN_POINT('',(76.,14.5,1.7763568394E-15));
#219 = DIRECTION('',(-0.,1.,3.330669073875E-16));
#220 = DIRECTION('',(1.,0.,0.));
#221 = PCURVE('',#153,#222);
#222 = DEFINITIONAL_REPRESENTATION('',(#223),#227);
#223 = CIRCLE('',#224,7.49999999998);
#224 = AXIS2_PLACEMENT_2D('',#225,#226);
#225 = CARTESIAN_POINT('',(-0.610457359773,0.610457359771));
#226 = DIRECTION('',(0.,1.));
#227 = ( GEOMETRIC_REPRESENTATION_CONTEXT(2) 
PARAMETRIC_REPRESENTATION_CONTEXT() REPRESENTATION_CONTEXT('2D SPACE',''
  ) );
#228 = PCURVE('',#229,#234);
#229 = CYLINDRICAL_SURFACE('',#230,7.49999999998);
#230 = AXIS2_PLACEMENT_3D('',#231,#232,#233);
#231 = CARTESIAN_POINT('',(76.,14.5,3.196003610813E-15));
#232 = DIRECTION('',(0.,1.,6.630669073875E-16));
#233 = DIRECTION('',(1.,0.,0.));
#234 = DEFINITIONAL_REPRESENTATION('',(#235),#239);
#235 = LINE('',#236,#237);
#236 = CARTESIAN_POINT('',(0.,0.));
#237 = VECTOR('',#238,1.);
#238 = DIRECTION('',(1.,0.));
#239 = ( GEOMETRIC_REPRESENTATION_CONTEXT(2) 
PARAMETRIC_REPRESENTATION_CONTEXT() REPRESENTATION_CONTEXT('2D SPACE',''
  ) );
#240 = ORIENTED_EDGE('',*,*,#241,.T.);
#241 = EDGE_CURVE('',#213,#211,#242,.T.);
#242 = SURFACE_CURVE('',#243,(#248,#255),.PCURVE_S1.);
#243 = CIRCLE('',#244,7.49999999998);
#244 = AXIS2_PLACEMENT_3D('',#245,#246,#247);
#245 = CARTESIAN_POINT('',(76.,14.5,7.105427357601E-15));
#246 = DIRECTION('',(-0.,1.,3.330669073875E-16));
#247 = DIRECTION('',(1.,0.,0.));
#248 = PCURVE('',#153,#249);
#249 = DEFINITIONAL_REPRESENTATION('',(#250),#254);
#250 = CIRCLE('',#251,7.49999999998);
#251 = AXIS2_PLACEMENT_2D('',#252,#253);
#252 = CARTESIAN_POINT('',(-0.610457359773,0.610457359771));
#253 = DIRECTION('',(0.,1.));
#254 = ( GEOMETRIC_REPRESENTATION_CONTEXT(2) 
PARAMETRIC_REPRESENTATION_CONTEXT() REPRESENTATION_CONTEXT('2D SPACE',''
  ) );
#255 = PCURVE('',#256,#261);
#256 = CYLINDRICAL_SURFACE('',#257,7.49999999998);
#257 = AXIS2_PLACEMENT_3D('',#258,#259,#260);
#258 = CARTESIAN_POINT('',(76.,-0.5,-1.E-17));
#259 = DIRECTION('',(0.,-1.,-2.230669073875E-16));
#260 = DIRECTION('',(1.,0.,0.));
#261 = DEFINITIONAL_REPRESENTATION('',(#262),#266);
#262 = LINE('',#263,#264);
#263 = CARTESIAN_POINT('',(-0.,-15.));
#264 = VECTOR('',#265,1.);
#265 = DIRECTION('',(-1.,0.));
#266 = ( GEOMETRIC_REPRESENTATION_CONTEXT(2) 
PARAMETRIC_REPRESENTATION_CONTEXT() REPRESENTATION_CONTEXT('2D SPACE',''
  ) );
#267 = ADVANCED_FACE('',(#268),#192,.F.);
#268 = FACE_BOUND('',#269,.F.);
#269 = EDGE_LOOP('',(#270,#293,#294,#295));
#270 = ORIENTED_EDGE('',*,*,#271,.T.);
#271 = EDGE_CURVE('',#272,#172,#274,.T.);
#272 = VERTEX_POINT('',#273);
#273 = CARTESIAN_POINT('',(80.5,-5.E-02,2.109423746788E-15));
#274 = SEAM_CURVE('',#275,(#279,#286),.PCURVE_S1.);
#275 = LINE('',#276,#277);
#276 = CARTESIAN_POINT('',(80.5,-0.5,2.22E-15));
#277 = VECTOR('',#278,1.);
#278 = DIRECTION('',(0.,1.,2.230669073875E-16));
#279 = PCURVE('',#192,#280);
#280 = DEFINITIONAL_REPRESENTATION('',(#281),#285);
#281 = LINE('',#282,#283);
#282 = CARTESIAN_POINT('',(0.,0.));
#283 = VECTOR('',#284,1.);
#284 = DIRECTION('',(0.,-1.));
#285 = ( GEOMETRIC_REPRESENTATION_CONTEXT(2) 
PARAMETRIC_REPRESENTATION_CONTEXT() REPRESENTATION_CONTEXT('2D SPACE',''
  ) );
#286 = PCURVE('',#192,#287);
#287 = DEFINITIONAL_REPRESENTATION('',(#288),#292);
#288 = LINE('',#289,#290);
#289 = CARTESIAN_POINT('',(6.28318530718,0.));
#290 = VECTOR('',#291,1.);
#291 = DIRECTION('',(0.,-1.));
#292 = ( GEOMETRIC_REPRESENTATION_CONTEXT(2) 
PARAMETRIC_REPRESENTATION_CONTEXT() REPRESENTATION_CONTEXT('2D SPACE',''
  ) );
#293 = ORIENTED_EDGE('',*,*,#171,.T.);
#294 = ORIENTED_EDGE('',*,*,#271,.F.);
#295 = ORIENTED_EDGE('',*,*,#296,.F.);
#296 = EDGE_CURVE('',#272,#272,#297,.T.);
#297 = SURFACE_CURVE('',#298,(#303,#310),.PCURVE_S1.);
#298 = CIRCLE('',#299,4.5);
#299 = AXIS2_PLACEMENT_3D('',#300,#301,#302);
#300 = CARTESIAN_POINT('',(76.,-5.E-02,2.319880108324E-15));
#301 = DIRECTION('',(0.,-1.,-2.230669073875E-16));
#302 = DIRECTION('',(1.,0.,0.));
#303 = PCURVE('',#192,#304);
#304 = DEFINITIONAL_REPRESENTATION('',(#305),#309);
#305 = LINE('',#306,#307);
#306 = CARTESIAN_POINT('',(0.,-0.45));
#307 = VECTOR('',#308,1.);
#308 = DIRECTION('',(1.,0.));
#309 = ( GEOMETRIC_REPRESENTATION_CONTEXT(2) 
PARAMETRIC_REPRESENTATION_CONTEXT() REPRESENTATION_CONTEXT('2D SPACE',''
  ) );
#310 = PCURVE('',#311,#316);
#311 = CONICAL_SURFACE('',#312,4.5,0.785398163397);
#312 = AXIS2_PLACEMENT_3D('',#313,#314,#315);
#313 = CARTESIAN_POINT('',(76.,-5.E-02,2.319880108324E-15));
#314 = DIRECTION('',(-0.,-1.,-2.230669073875E-16));
#315 = DIRECTION('',(1.,0.,0.));
#316 = DEFINITIONAL_REPRESENTATION('',(#317),#321);
#317 = LINE('',#318,#319);
#318 = CARTESIAN_POINT('',(0.,-0.));
#319 = VECTOR('',#320,1.);
#320 = DIRECTION('',(1.,-0.));
#321 = ( GEOMETRIC_REPRESENTATION_CONTEXT(2) 
PARAMETRIC_REPRESENTATION_CONTEXT() REPRESENTATION_CONTEXT('2D SPACE',''
  ) );
#322 = ADVANCED_FACE('',(#323),#229,.T.);
#323 = FACE_BOUND('',#324,.T.);
#324 = EDGE_LOOP('',(#325,#326,#349,#378));
#325 = ORIENTED_EDGE('',*,*,#210,.F.);
#326 = ORIENTED_EDGE('',*,*,#327,.F.);
#327 = EDGE_CURVE('',#328,#211,#330,.T.);
#328 = VERTEX_POINT('',#329);
#329 = CARTESIAN_POINT('',(68.500000000013,9.,7.216449660064E-15));
#330 = SURFACE_CURVE('',#331,(#335,#342),.PCURVE_S1.);
#331 = LINE('',#332,#333);
#332 = CARTESIAN_POINT('',(68.50000000002,-0.5,-2.1593E-13));
#333 = VECTOR('',#334,1.);
#334 = DIRECTION('',(0.,1.,4.430669073875E-16));
#335 = PCURVE('',#229,#336);
#336 = DEFINITIONAL_REPRESENTATION('',(#337),#341);
#337 = LINE('',#338,#339);
#338 = CARTESIAN_POINT('',(3.14159265359,-15.));
#339 = VECTOR('',#340,1.);
#340 = DIRECTION('',(-0.,1.));
#341 = ( GEOMETRIC_REPRESENTATION_CONTEXT(2) 
PARAMETRIC_REPRESENTATION_CONTEXT() REPRESENTATION_CONTEXT('2D SPACE',''
  ) );
#342 = PCURVE('',#256,#343);
#343 = DEFINITIONAL_REPRESENTATION('',(#344),#348);
#344 = LINE('',#345,#346);
#345 = CARTESIAN_POINT('',(-9.424777960769,0.));
#346 = VECTOR('',#347,1.);
#347 = DIRECTION('',(-0.,-1.));
#348 = ( GEOMETRIC_REPRESENTATION_CONTEXT(2) 
PARAMETRIC_REPRESENTATION_CONTEXT() REPRESENTATION_CONTEXT('2D SPACE',''
  ) );
#349 = ORIENTED_EDGE('',*,*,#350,.T.);
#350 = EDGE_CURVE('',#328,#351,#353,.T.);
#351 = VERTEX_POINT('',#352);
#352 = CARTESIAN_POINT('',(76.000000000053,9.,7.49999999998));
#353 = SURFACE_CURVE('',#354,(#359,#366),.PCURVE_S1.);
#354 = CIRCLE('',#355,7.49999999998);
#355 = AXIS2_PLACEMENT_3D('',#356,#357,#358);
#356 = CARTESIAN_POINT('',(76.,9.,-4.658643798183E-16));
#357 = DIRECTION('',(-0.,1.,6.630669073875E-16));
#358 = DIRECTION('',(1.,0.,0.));
#359 = PCURVE('',#229,#360);
#360 = DEFINITIONAL_REPRESENTATION('',(#361),#365);
#361 = LINE('',#362,#363);
#362 = CARTESIAN_POINT('',(0.,-5.5));
#363 = VECTOR('',#364,1.);
#364 = DIRECTION('',(1.,0.));
#365 = ( GEOMETRIC_REPRESENTATION_CONTEXT(2) 
PARAMETRIC_REPRESENTATION_CONTEXT() REPRESENTATION_CONTEXT('2D SPACE',''
  ) );
#366 = PCURVE('',#367,#372);
#367 = PLANE('',#368);
#368 = AXIS2_PLACEMENT_3D('',#369,#370,#371);
#369 = CARTESIAN_POINT('',(41.728528479535,9.,3.811626100297));
#370 = DIRECTION('',(0.,1.,-1.069330926125E-16));
#371 = DIRECTION('',(0.,1.069330926125E-16,1.));
#372 = DEFINITIONAL_REPRESENTATION('',(#373),#377);
#373 = CIRCLE('',#374,7.49999999998);
#374 = AXIS2_PLACEMENT_2D('',#375,#376);
#375 = CARTESIAN_POINT('',(-3.811626100297,34.271471520465));
#376 = DIRECTION('',(0.,1.));
#377 = ( GEOMETRIC_REPRESENTATION_CONTEXT(2) 
PARAMETRIC_REPRESENTATION_CONTEXT() REPRESENTATION_CONTEXT('2D SPACE',''
  ) );
#378 = ORIENTED_EDGE('',*,*,#379,.T.);
#379 = EDGE_CURVE('',#351,#213,#380,.T.);
#380 = SURFACE_CURVE('',#381,(#385,#392),.PCURVE_S1.);
#381 = LINE('',#382,#383);
#382 = CARTESIAN_POINT('',(76.000000000057,-0.5,7.49999999998));
#383 = VECTOR('',#384,1.);
#384 = DIRECTION('',(0.,1.,4.430669073875E-16));
#385 = PCURVE('',#229,#386);
#386 = DEFINITIONAL_REPRESENTATION('',(#387),#391);
#387 = LINE('',#388,#389);
#388 = CARTESIAN_POINT('',(4.712388980392,-15.));
#389 = VECTOR('',#390,1.);
#390 = DIRECTION('',(-0.,1.));
#391 = ( GEOMETRIC_REPRESENTATION_CONTEXT(2) 
PARAMETRIC_REPRESENTATION_CONTEXT() REPRESENTATION_CONTEXT('2D SPACE',''
  ) );
#392 = PCURVE('',#256,#393);
#393 = DEFINITIONAL_REPRESENTATION('',(#394),#398);
#394 = LINE('',#395,#396);
#395 = CARTESIAN_POINT('',(-4.712388980392,0.));
#396 = VECTOR('',#397,1.);
#397 = DIRECTION('',(-0.,-1.));
#398 = ( GEOMETRIC_REPRESENTATION_CONTEXT(2) 
PARAMETRIC_REPRESENTATION_CONTEXT() REPRESENTATION_CONTEXT('2D SPACE',''
  ) );
#399 = ADVANCED_FACE('',(#400),#256,.T.);
#400 = FACE_BOUND('',#401,.F.);
#401 = EDGE_LOOP('',(#402,#430,#431,#432,#433,#461,#490));
#402 = ORIENTED_EDGE('',*,*,#403,.T.);
#403 = EDGE_CURVE('',#404,#351,#406,.T.);
#404 = VERTEX_POINT('',#405);
#405 = CARTESIAN_POINT('',(76.000000000029,-0.5,7.49999999999));
#406 = SURFACE_CURVE('',#407,(#411,#418),.PCURVE_S1.);
#407 = LINE('',#408,#409);
#408 = CARTESIAN_POINT('',(76.000000000057,-0.5,7.49999999998));
#409 = VECTOR('',#410,1.);
#410 = DIRECTION('',(0.,1.,4.430669073875E-16));
#411 = PCURVE('',#256,#412);
#412 = DEFINITIONAL_REPRESENTATION('',(#413),#417);
#413 = LINE('',#414,#415);
#414 = CARTESIAN_POINT('',(-4.712388980392,0.));
#415 = VECTOR('',#416,1.);
#416 = DIRECTION('',(-0.,-1.));
#417 = ( GEOMETRIC_REPRESENTATION_CONTEXT(2) 
PARAMETRIC_REPRESENTATION_CONTEXT() REPRESENTATION_CONTEXT('2D SPACE',''
  ) );
#418 = PCURVE('',#419,#424);
#419 = PLANE('',#420);
#420 = AXIS2_PLACEMENT_3D('',#421,#422,#423);
#421 = CARTESIAN_POINT('',(68.50000000002,-0.5,7.49999999998));
#422 = DIRECTION('',(0.,4.430669073875E-16,-1.));
#423 = DIRECTION('',(1.,0.,0.));
#424 = DEFINITIONAL_REPRESENTATION('',(#425),#429);
#425 = LINE('',#426,#427);
#426 = CARTESIAN_POINT('',(7.500000000037,0.));
#427 = VECTOR('',#428,1.);
#428 = DIRECTION('',(0.,-1.));
#429 = ( GEOMETRIC_REPRESENTATION_CONTEXT(2) 
PARAMETRIC_REPRESENTATION_CONTEXT() REPRESENTATION_CONTEXT('2D SPACE',''
  ) );
#430 = ORIENTED_EDGE('',*,*,#379,.T.);
#431 = ORIENTED_EDGE('',*,*,#241,.T.);
#432 = ORIENTED_EDGE('',*,*,#327,.F.);
#433 = ORIENTED_EDGE('',*,*,#434,.F.);
#434 = EDGE_CURVE('',#435,#328,#437,.T.);
#435 = VERTEX_POINT('',#436);
#436 = CARTESIAN_POINT('',(68.50000000001,-0.5,-1.060262988517E-13));
#437 = SURFACE_CURVE('',#438,(#442,#449),.PCURVE_S1.);
#438 = LINE('',#439,#440);
#439 = CARTESIAN_POINT('',(68.5,-0.5,3.73E-15));
#440 = VECTOR('',#441,1.);
#441 = DIRECTION('',(0.,1.,6.630669073875E-16));
#442 = PCURVE('',#256,#443);
#443 = DEFINITIONAL_REPRESENTATION('',(#444),#448);
#444 = LINE('',#445,#446);
#445 = CARTESIAN_POINT('',(-9.424777960769,0.));
#446 = VECTOR('',#447,1.);
#447 = DIRECTION('',(-0.,-1.));
#448 = ( GEOMETRIC_REPRESENTATION_CONTEXT(2) 
PARAMETRIC_REPRESENTATION_CONTEXT() REPRESENTATION_CONTEXT('2D SPACE',''
  ) );
#449 = PCURVE('',#450,#455);
#450 = PLANE('',#451);
#451 = AXIS2_PLACEMENT_3D('',#452,#453,#454);
#452 = CARTESIAN_POINT('',(68.5,-0.5,3.9E-15));
#453 = DIRECTION('',(0.,-6.630669073875E-16,1.));
#454 = DIRECTION('',(-1.,-0.,0.));
#455 = DEFINITIONAL_REPRESENTATION('',(#456),#460);
#456 = LINE('',#457,#458);
#457 = CARTESIAN_POINT('',(0.,0.));
#458 = VECTOR('',#459,1.);
#459 = DIRECTION('',(0.,-1.));
#460 = ( GEOMETRIC_REPRESENTATION_CONTEXT(2) 
PARAMETRIC_REPRESENTATION_CONTEXT() REPRESENTATION_CONTEXT('2D SPACE',''
  ) );
#461 = ORIENTED_EDGE('',*,*,#462,.F.);
#462 = EDGE_CURVE('',#463,#435,#465,.T.);
#463 = VERTEX_POINT('',#464);
#464 = CARTESIAN_POINT('',(76.,-0.5,-7.5));
#465 = SURFACE_CURVE('',#466,(#471,#478),.PCURVE_S1.);
#466 = CIRCLE('',#467,7.49999999998);
#467 = AXIS2_PLACEMENT_3D('',#468,#469,#470);
#468 = CARTESIAN_POINT('',(76.,-0.5,1.232595164408E-32));
#469 = DIRECTION('',(-0.,1.,3.330669073875E-16));
#470 = DIRECTION('',(1.,0.,0.));
#471 = PCURVE('',#256,#472);
#472 = DEFINITIONAL_REPRESENTATION('',(#473),#477);
#473 = LINE('',#474,#475);
#474 = CARTESIAN_POINT('',(-0.,0.));
#475 = VECTOR('',#476,1.);
#476 = DIRECTION('',(-1.,0.));
#477 = ( GEOMETRIC_REPRESENTATION_CONTEXT(2) 
PARAMETRIC_REPRESENTATION_CONTEXT() REPRESENTATION_CONTEXT('2D SPACE',''
  ) );
#478 = PCURVE('',#479,#484);
#479 = PLANE('',#480);
#480 = AXIS2_PLACEMENT_3D('',#481,#482,#483);
#481 = CARTESIAN_POINT('',(38.,-0.5,-5.551115123126E-17));
#482 = DIRECTION('',(0.,1.,1.130669073875E-16));
#483 = DIRECTION('',(0.,-1.130669073875E-16,1.));
#484 = DEFINITIONAL_REPRESENTATION('',(#485),#489);
#485 = CIRCLE('',#486,7.49999999998);
#486 = AXIS2_PLACEMENT_2D('',#487,#488);
#487 = CARTESIAN_POINT('',(0.,38.));
#488 = DIRECTION('',(0.,1.));
#489 = ( GEOMETRIC_REPRESENTATION_CONTEXT(2) 
PARAMETRIC_REPRESENTATION_CONTEXT() REPRESENTATION_CONTEXT('2D SPACE',''
  ) );
#490 = ORIENTED_EDGE('',*,*,#491,.T.);
#491 = EDGE_CURVE('',#463,#404,#492,.T.);
#492 = SURFACE_CURVE('',#493,(#498,#505),.PCURVE_S1.);
#493 = CIRCLE('',#494,7.5);
#494 = AXIS2_PLACEMENT_3D('',#495,#496,#497);
#495 = CARTESIAN_POINT('',(76.,-0.5,1.232595164408E-32));
#496 = DIRECTION('',(0.,-1.,-3.330669073875E-16));
#497 = DIRECTION('',(1.,0.,0.));
#498 = PCURVE('',#256,#499);
#499 = DEFINITIONAL_REPRESENTATION('',(#500),#504);
#500 = LINE('',#501,#502);
#501 = CARTESIAN_POINT('',(-12.56637061435,0.));
#502 = VECTOR('',#503,1.);
#503 = DIRECTION('',(1.,-0.));
#504 = ( GEOMETRIC_REPRESENTATION_CONTEXT(2) 
PARAMETRIC_REPRESENTATION_CONTEXT() REPRESENTATION_CONTEXT('2D SPACE',''
  ) );
#505 = PCURVE('',#506,#511);
#506 = CYLINDRICAL_SURFACE('',#507,7.5);
#507 = AXIS2_PLACEMENT_3D('',#508,#509,#510);
#508 = CARTESIAN_POINT('',(76.,-0.5,1.232595164408E-32));
#509 = DIRECTION('',(0.,1.,2.230669073875E-16));
#510 = DIRECTION('',(1.,0.,0.));
#511 = DEFINITIONAL_REPRESENTATION('',(#512),#516);
#512 = LINE('',#513,#514);
#513 = CARTESIAN_POINT('',(-0.,0.));
#514 = VECTOR('',#515,1.);
#515 = DIRECTION('',(-1.,0.));
#516 = ( GEOMETRIC_REPRESENTATION_CONTEXT(2) 
PARAMETRIC_REPRESENTATION_CONTEXT() REPRESENTATION_CONTEXT('2D SPACE',''
  ) );
#517 = ADVANCED_FACE('',(#518),#311,.F.);
#518 = FACE_BOUND('',#519,.T.);
#519 = EDGE_LOOP('',(#520,#543,#574,#575));
#520 = ORIENTED_EDGE('',*,*,#521,.F.);
#521 = EDGE_CURVE('',#522,#272,#524,.T.);
#522 = VERTEX_POINT('',#523);
#523 = CARTESIAN_POINT('',(80.95,-0.5,1.998401444325E-15));
#524 = SEAM_CURVE('',#525,(#529,#536),.PCURVE_S1.);
#525 = LINE('',#526,#527);
#526 = CARTESIAN_POINT('',(80.5,-5.E-02,2.319880108324E-15));
#527 = VECTOR('',#528,1.);
#528 = DIRECTION('',(-0.707106781187,0.707106781187,1.555138688026E-16)
  );
#529 = PCURVE('',#311,#530);
#530 = DEFINITIONAL_REPRESENTATION('',(#531),#535);
#531 = LINE('',#532,#533);
#532 = CARTESIAN_POINT('',(0.,-0.));
#533 = VECTOR('',#534,1.);
#534 = DIRECTION('',(0.,-1.));
#535 = ( GEOMETRIC_REPRESENTATION_CONTEXT(2) 
PARAMETRIC_REPRESENTATION_CONTEXT() REPRESENTATION_CONTEXT('2D SPACE',''
  ) );
#536 = PCURVE('',#311,#537);
#537 = DEFINITIONAL_REPRESENTATION('',(#538),#542);
#538 = LINE('',#539,#540);
#539 = CARTESIAN_POINT('',(6.28318530718,-0.));
#540 = VECTOR('',#541,1.);
#541 = DIRECTION('',(0.,-1.));
#542 = ( GEOMETRIC_REPRESENTATION_CONTEXT(2) 
PARAMETRIC_REPRESENTATION_CONTEXT() REPRESENTATION_CONTEXT('2D SPACE',''
  ) );
#543 = ORIENTED_EDGE('',*,*,#544,.T.);
#544 = EDGE_CURVE('',#522,#522,#545,.T.);
#545 = SURFACE_CURVE('',#546,(#551,#558),.PCURVE_S1.);
#546 = CIRCLE('',#547,4.95);
#547 = AXIS2_PLACEMENT_3D('',#548,#549,#550);
#548 = CARTESIAN_POINT('',(76.,-0.5,2.22E-15));
#549 = DIRECTION('',(0.,-1.,-2.230669073875E-16));
#550 = DIRECTION('',(1.,0.,0.));
#551 = PCURVE('',#311,#552);
#552 = DEFINITIONAL_REPRESENTATION('',(#553),#557);
#553 = LINE('',#554,#555);
#554 = CARTESIAN_POINT('',(-0.,0.45));
#555 = VECTOR('',#556,1.);
#556 = DIRECTION('',(1.,-0.));
#557 = ( GEOMETRIC_REPRESENTATION_CONTEXT(2) 
PARAMETRIC_REPRESENTATION_CONTEXT() REPRESENTATION_CONTEXT('2D SPACE',''
  ) );
#558 = PCURVE('',#559,#564);
#559 = PLANE('',#560);
#560 = AXIS2_PLACEMENT_3D('',#561,#562,#563);
#561 = CARTESIAN_POINT('',(76.,-0.5,2.6645352591E-15));
#562 = DIRECTION('',(0.,1.,1.130669073875E-16));
#563 = DIRECTION('',(0.,-1.130669073875E-16,1.));
#564 = DEFINITIONAL_REPRESENTATION('',(#565),#573);
#565 = ( BOUNDED_CURVE() B_SPLINE_CURVE(2,(#566,#567,#568,#569,#570,#571
,#572),.UNSPECIFIED.,.T.,.F.) B_SPLINE_CURVE_WITH_KNOTS((1,2,2,2,2,1),(
    -2.094395102393,0.,2.094395102393,4.188790204786,6.28318530718,
8.377580409573),.UNSPECIFIED.) CURVE() GEOMETRIC_REPRESENTATION_ITEM() 
RATIONAL_B_SPLINE_CURVE((1.,0.5,1.,0.5,1.,0.5,1.)) REPRESENTATION_ITEM(
  '') );
#566 = CARTESIAN_POINT('',(-4.440892098501E-16,4.95));
#567 = CARTESIAN_POINT('',(8.573651497466,4.95));
#568 = CARTESIAN_POINT('',(4.286825748733,-2.475));
#569 = CARTESIAN_POINT('',(7.683111213058E-16,-9.9));
#570 = CARTESIAN_POINT('',(-4.286825748733,-2.475));
#571 = CARTESIAN_POINT('',(-8.573651497466,4.95));
#572 = CARTESIAN_POINT('',(-4.440892098501E-16,4.95));
#573 = ( GEOMETRIC_REPRESENTATION_CONTEXT(2) 
PARAMETRIC_REPRESENTATION_CONTEXT() REPRESENTATION_CONTEXT('2D SPACE',''
  ) );
#574 = ORIENTED_EDGE('',*,*,#521,.T.);
#575 = ORIENTED_EDGE('',*,*,#296,.F.);
#576 = ADVANCED_FACE('',(#577),#367,.T.);
#577 = FACE_BOUND('',#578,.T.);
#578 = EDGE_LOOP('',(#579,#580,#608));
#579 = ORIENTED_EDGE('',*,*,#350,.F.);
#580 = ORIENTED_EDGE('',*,*,#581,.F.);
#581 = EDGE_CURVE('',#582,#328,#584,.T.);
#582 = VERTEX_POINT('',#583);
#583 = CARTESIAN_POINT('',(68.500000000013,9.,7.499999999986));
#584 = SURFACE_CURVE('',#585,(#589,#596),.PCURVE_S1.);
#585 = LINE('',#586,#587);
#586 = CARTESIAN_POINT('',(68.5,9.,7.499999999999));
#587 = VECTOR('',#588,1.);
#588 = DIRECTION('',(0.,3.330669073875E-16,-1.));
#589 = PCURVE('',#367,#590);
#590 = DEFINITIONAL_REPRESENTATION('',(#591),#595);
#591 = LINE('',#592,#593);
#592 = CARTESIAN_POINT('',(3.688373899702,26.771471520465));
#593 = VECTOR('',#594,1.);
#594 = DIRECTION('',(-1.,0.));
#595 = ( GEOMETRIC_REPRESENTATION_CONTEXT(2) 
PARAMETRIC_REPRESENTATION_CONTEXT() REPRESENTATION_CONTEXT('2D SPACE',''
  ) );
#596 = PCURVE('',#597,#602);
#597 = PLANE('',#598);
#598 = AXIS2_PLACEMENT_3D('',#599,#600,#601);
#599 = CARTESIAN_POINT('',(41.728528479535,9.,3.811626100297));
#600 = DIRECTION('',(0.,1.,3.330669073875E-16));
#601 = DIRECTION('',(0.,-3.330669073875E-16,1.));
#602 = DEFINITIONAL_REPRESENTATION('',(#603),#607);
#603 = LINE('',#604,#605);
#604 = CARTESIAN_POINT('',(3.688373899702,26.771471520465));
#605 = VECTOR('',#606,1.);
#606 = DIRECTION('',(-1.,0.));
#607 = ( GEOMETRIC_REPRESENTATION_CONTEXT(2) 
PARAMETRIC_REPRESENTATION_CONTEXT() REPRESENTATION_CONTEXT('2D SPACE',''
  ) );
#608 = ORIENTED_EDGE('',*,*,#609,.F.);
#609 = EDGE_CURVE('',#351,#582,#610,.T.);
#610 = SURFACE_CURVE('',#611,(#615,#622),.PCURVE_S1.);
#611 = LINE('',#612,#613);
#612 = CARTESIAN_POINT('',(55.114264239778,9.,7.49999999998));
#613 = VECTOR('',#614,1.);
#614 = DIRECTION('',(-1.,-0.,0.));
#615 = PCURVE('',#367,#616);
#616 = DEFINITIONAL_REPRESENTATION('',(#617),#621);
#617 = LINE('',#618,#619);
#618 = CARTESIAN_POINT('',(3.688373899683,13.385735760242));
#619 = VECTOR('',#620,1.);
#620 = DIRECTION('',(0.,-1.));
#621 = ( GEOMETRIC_REPRESENTATION_CONTEXT(2) 
PARAMETRIC_REPRESENTATION_CONTEXT() REPRESENTATION_CONTEXT('2D SPACE',''
  ) );
#622 = PCURVE('',#419,#623);
#623 = DEFINITIONAL_REPRESENTATION('',(#624),#628);
#624 = LINE('',#625,#626);
#625 = CARTESIAN_POINT('',(-13.38573576024,-9.5));
#626 = VECTOR('',#627,1.);
#627 = DIRECTION('',(-1.,-0.));
#628 = ( GEOMETRIC_REPRESENTATION_CONTEXT(2) 
PARAMETRIC_REPRESENTATION_CONTEXT() REPRESENTATION_CONTEXT('2D SPACE',''
  ) );
#629 = ADVANCED_FACE('',(#630),#419,.F.);
#630 = FACE_BOUND('',#631,.F.);
#631 = EDGE_LOOP('',(#632,#660,#686,#687));
#632 = ORIENTED_EDGE('',*,*,#633,.F.);
#633 = EDGE_CURVE('',#634,#404,#636,.T.);
#634 = VERTEX_POINT('',#635);
#635 = CARTESIAN_POINT('',(68.50000000001,-0.5,7.49999999999));
#636 = SURFACE_CURVE('',#637,(#641,#648),.PCURVE_S1.);
#637 = LINE('',#638,#639);
#638 = CARTESIAN_POINT('',(-1.21E-15,-0.5,7.5));
#639 = VECTOR('',#640,1.);
#640 = DIRECTION('',(1.,0.,0.));
#641 = PCURVE('',#419,#642);
#642 = DEFINITIONAL_REPRESENTATION('',(#643),#647);
#643 = LINE('',#644,#645);
#644 = CARTESIAN_POINT('',(-68.50000000002,7.771561172376E-16));
#645 = VECTOR('',#646,1.);
#646 = DIRECTION('',(1.,0.));
#647 = ( GEOMETRIC_REPRESENTATION_CONTEXT(2) 
PARAMETRIC_REPRESENTATION_CONTEXT() REPRESENTATION_CONTEXT('2D SPACE',''
  ) );
#648 = PCURVE('',#649,#654);
#649 = PLANE('',#650);
#650 = AXIS2_PLACEMENT_3D('',#651,#652,#653);
#651 = CARTESIAN_POINT('',(-1.21E-15,-0.5,7.5));
#652 = DIRECTION('',(0.,-2.230669073875E-16,1.));
#653 = DIRECTION('',(1.,0.,0.));
#654 = DEFINITIONAL_REPRESENTATION('',(#655),#659);
#655 = LINE('',#656,#657);
#656 = CARTESIAN_POINT('',(0.,-7.771561172376E-16));
#657 = VECTOR('',#658,1.);
#658 = DIRECTION('',(1.,0.));
#659 = ( GEOMETRIC_REPRESENTATION_CONTEXT(2) 
PARAMETRIC_REPRESENTATION_CONTEXT() REPRESENTATION_CONTEXT('2D SPACE',''
  ) );
#660 = ORIENTED_EDGE('',*,*,#661,.T.);
#661 = EDGE_CURVE('',#634,#582,#662,.T.);
#662 = SURFACE_CURVE('',#663,(#667,#674),.PCURVE_S1.);
#663 = LINE('',#664,#665);
#664 = CARTESIAN_POINT('',(68.5,-0.5,7.499999999999));
#665 = VECTOR('',#666,1.);
#666 = DIRECTION('',(0.,1.,6.630669073875E-16));
#667 = PCURVE('',#419,#668);
#668 = DEFINITIONAL_REPRESENTATION('',(#669),#673);
#669 = LINE('',#670,#671);
#670 = CARTESIAN_POINT('',(-2.007993771258E-11,3.330669073875E-15));
#671 = VECTOR('',#672,1.);
#672 = DIRECTION('',(0.,-1.));
#673 = ( GEOMETRIC_REPRESENTATION_CONTEXT(2) 
PARAMETRIC_REPRESENTATION_CONTEXT() REPRESENTATION_CONTEXT('2D SPACE',''
  ) );
#674 = PCURVE('',#675,#680);
#675 = PLANE('',#676);
#676 = AXIS2_PLACEMENT_3D('',#677,#678,#679);
#677 = CARTESIAN_POINT('',(14.133294025103,-0.5,7.499999999999));
#678 = DIRECTION('',(0.,6.630669073875E-16,-1.));
#679 = DIRECTION('',(1.,0.,0.));
#680 = DEFINITIONAL_REPRESENTATION('',(#681),#685);
#681 = LINE('',#682,#683);
#682 = CARTESIAN_POINT('',(54.366705974897,0.));
#683 = VECTOR('',#684,1.);
#684 = DIRECTION('',(0.,-1.));
#685 = ( GEOMETRIC_REPRESENTATION_CONTEXT(2) 
PARAMETRIC_REPRESENTATION_CONTEXT() REPRESENTATION_CONTEXT('2D SPACE',''
  ) );
#686 = ORIENTED_EDGE('',*,*,#609,.F.);
#687 = ORIENTED_EDGE('',*,*,#403,.F.);
#688 = ADVANCED_FACE('',(#689,#764,#934),#450,.F.);
#689 = FACE_BOUND('',#690,.F.);
#690 = EDGE_LOOP('',(#691,#692,#715,#743));
#691 = ORIENTED_EDGE('',*,*,#434,.T.);
#692 = ORIENTED_EDGE('',*,*,#693,.T.);
#693 = EDGE_CURVE('',#328,#694,#696,.T.);
#694 = VERTEX_POINT('',#695);
#695 = CARTESIAN_POINT('',(16.,9.,1.021405182655E-14));
#696 = SURFACE_CURVE('',#697,(#701,#708),.PCURVE_S1.);
#697 = LINE('',#698,#699);
#698 = CARTESIAN_POINT('',(68.5,9.,1.06581410364E-14));
#699 = VECTOR('',#700,1.);
#700 = DIRECTION('',(-1.,0.,0.));
#701 = PCURVE('',#450,#702);
#702 = DEFINITIONAL_REPRESENTATION('',(#703),#707);
#703 = LINE('',#704,#705);
#704 = CARTESIAN_POINT('',(0.,-9.5));
#705 = VECTOR('',#706,1.);
#706 = DIRECTION('',(1.,-0.));
#707 = ( GEOMETRIC_REPRESENTATION_CONTEXT(2) 
PARAMETRIC_REPRESENTATION_CONTEXT() REPRESENTATION_CONTEXT('2D SPACE',''
  ) );
#708 = PCURVE('',#597,#709);
#709 = DEFINITIONAL_REPRESENTATION('',(#710),#714);
#710 = LINE('',#711,#712);
#711 = CARTESIAN_POINT('',(-3.811626100297,26.771471520465));
#712 = VECTOR('',#713,1.);
#713 = DIRECTION('',(-0.,-1.));
#714 = ( GEOMETRIC_REPRESENTATION_CONTEXT(2) 
PARAMETRIC_REPRESENTATION_CONTEXT() REPRESENTATION_CONTEXT('2D SPACE',''
  ) );
#715 = ORIENTED_EDGE('',*,*,#716,.F.);
#716 = EDGE_CURVE('',#717,#694,#719,.T.);
#717 = VERTEX_POINT('',#718);
#718 = CARTESIAN_POINT('',(16.,-0.5,3.996802888651E-15));
#719 = SURFACE_CURVE('',#720,(#724,#731),.PCURVE_S1.);
#720 = LINE('',#721,#722);
#721 = CARTESIAN_POINT('',(16.,-0.5,3.91E-15));
#722 = VECTOR('',#723,1.);
#723 = DIRECTION('',(0.,1.,6.630669073875E-16));
#724 = PCURVE('',#450,#725);
#725 = DEFINITIONAL_REPRESENTATION('',(#726),#730);
#726 = LINE('',#727,#728);
#727 = CARTESIAN_POINT('',(52.5,-0.));
#728 = VECTOR('',#729,1.);
#729 = DIRECTION('',(0.,-1.));
#730 = ( GEOMETRIC_REPRESENTATION_CONTEXT(2) 
PARAMETRIC_REPRESENTATION_CONTEXT() REPRESENTATION_CONTEXT('2D SPACE',''
  ) );
#731 = PCURVE('',#732,#737);
#732 = CYLINDRICAL_SURFACE('',#733,16.);
#733 = AXIS2_PLACEMENT_3D('',#734,#735,#736);
#734 = CARTESIAN_POINT('',(0.,-0.5,1.232595164408E-32));
#735 = DIRECTION('',(0.,-1.,-6.630669073875E-16));
#736 = DIRECTION('',(1.,0.,0.));
#737 = DEFINITIONAL_REPRESENTATION('',(#738),#742);
#738 = LINE('',#739,#740);
#739 = CARTESIAN_POINT('',(-6.28318530718,0.));
#740 = VECTOR('',#741,1.);
#741 = DIRECTION('',(-0.,-1.));
#742 = ( GEOMETRIC_REPRESENTATION_CONTEXT(2) 
PARAMETRIC_REPRESENTATION_CONTEXT() REPRESENTATION_CONTEXT('2D SPACE',''
  ) );
#743 = ORIENTED_EDGE('',*,*,#744,.F.);
#744 = EDGE_CURVE('',#435,#717,#745,.T.);
#745 = SURFACE_CURVE('',#746,(#750,#757),.PCURVE_S1.);
#746 = LINE('',#747,#748);
#747 = CARTESIAN_POINT('',(68.5,-0.5,3.9E-15));
#748 = VECTOR('',#749,1.);
#749 = DIRECTION('',(-1.,0.,0.));
#750 = PCURVE('',#450,#751);
#751 = DEFINITIONAL_REPRESENTATION('',(#752),#756);
#752 = LINE('',#753,#754);
#753 = CARTESIAN_POINT('',(0.,0.));
#754 = VECTOR('',#755,1.);
#755 = DIRECTION('',(1.,-0.));
#756 = ( GEOMETRIC_REPRESENTATION_CONTEXT(2) 
PARAMETRIC_REPRESENTATION_CONTEXT() REPRESENTATION_CONTEXT('2D SPACE',''
  ) );
#757 = PCURVE('',#479,#758);
#758 = DEFINITIONAL_REPRESENTATION('',(#759),#763);
#759 = LINE('',#760,#761);
#760 = CARTESIAN_POINT('',(3.996802888651E-15,30.5));
#761 = VECTOR('',#762,1.);
#762 = DIRECTION('',(-0.,-1.));
#763 = ( GEOMETRIC_REPRESENTATION_CONTEXT(2) 
PARAMETRIC_REPRESENTATION_CONTEXT() REPRESENTATION_CONTEXT('2D SPACE',''
  ) );
#764 = FACE_BOUND('',#765,.F.);
#765 = EDGE_LOOP('',(#766,#796,#824,#852,#880,#908));
#766 = ORIENTED_EDGE('',*,*,#767,.T.);
#767 = EDGE_CURVE('',#768,#770,#772,.T.);
#768 = VERTEX_POINT('',#769);
#769 = CARTESIAN_POINT('',(54.267949192431,7.5,7.660538869914E-15));
#770 = VERTEX_POINT('',#771);
#771 = CARTESIAN_POINT('',(57.732050807569,7.5,7.660538869914E-15));
#772 = SURFACE_CURVE('',#773,(#777,#784),.PCURVE_S1.);
#773 = LINE('',#774,#775);
#774 = CARTESIAN_POINT('',(54.267949192431,7.5,6.6645352591E-15));
#775 = VECTOR('',#776,1.);
#776 = DIRECTION('',(1.,-1.03E-15,-3.430589146092E-31));
#777 = PCURVE('',#450,#778);
#778 = DEFINITIONAL_REPRESENTATION('',(#779),#783);
#779 = LINE('',#780,#781);
#780 = CARTESIAN_POINT('',(14.232050807569,-8.));
#781 = VECTOR('',#782,1.);
#782 = DIRECTION('',(-1.,1.03E-15));
#783 = ( GEOMETRIC_REPRESENTATION_CONTEXT(2) 
PARAMETRIC_REPRESENTATION_CONTEXT() REPRESENTATION_CONTEXT('2D SPACE',''
  ) );
#784 = PCURVE('',#785,#790);
#785 = PLANE('',#786);
#786 = AXIS2_PLACEMENT_3D('',#787,#788,#789);
#787 = CARTESIAN_POINT('',(54.267949192431,7.5,7.4545352591E-15));
#788 = DIRECTION('',(1.03E-15,1.,4.430669073875E-16));
#789 = DIRECTION('',(1.,-1.03E-15,-3.430589146092E-31));
#790 = DEFINITIONAL_REPRESENTATION('',(#791),#795);
#791 = LINE('',#792,#793);
#792 = CARTESIAN_POINT('',(1.806776950275E-46,7.9E-16));
#793 = VECTOR('',#794,1.);
#794 = DIRECTION('',(1.,0.));
#795 = ( GEOMETRIC_REPRESENTATION_CONTEXT(2) 
PARAMETRIC_REPRESENTATION_CONTEXT() REPRESENTATION_CONTEXT('2D SPACE',''
  ) );
#796 = ORIENTED_EDGE('',*,*,#797,.T.);
#797 = EDGE_CURVE('',#770,#798,#800,.T.);
#798 = VERTEX_POINT('',#799);
#799 = CARTESIAN_POINT('',(59.464101615138,4.5,5.662137425588E-15));
#800 = SURFACE_CURVE('',#801,(#805,#812),.PCURVE_S1.);
#801 = LINE('',#802,#803);
#802 = CARTESIAN_POINT('',(57.732050807569,7.5,6.6645352591E-15));
#803 = VECTOR('',#804,1.);
#804 = DIRECTION('',(0.5,-0.866025403784,-2.884444029575E-16));
#805 = PCURVE('',#450,#806);
#806 = DEFINITIONAL_REPRESENTATION('',(#807),#811);
#807 = LINE('',#808,#809);
#808 = CARTESIAN_POINT('',(10.767949192431,-8.));
#809 = VECTOR('',#810,1.);
#810 = DIRECTION('',(-0.5,0.866025403784));
#811 = ( GEOMETRIC_REPRESENTATION_CONTEXT(2) 
PARAMETRIC_REPRESENTATION_CONTEXT() REPRESENTATION_CONTEXT('2D SPACE',''
  ) );
#812 = PCURVE('',#813,#818);
#813 = PLANE('',#814);
#814 = AXIS2_PLACEMENT_3D('',#815,#816,#817);
#815 = CARTESIAN_POINT('',(57.732050807569,7.5,7.4545352591E-15));
#816 = DIRECTION('',(0.866025403784,0.5,2.265334536938E-16));
#817 = DIRECTION('',(0.5,-0.866025403784,-3.884444029575E-16));
#818 = DEFINITIONAL_REPRESENTATION('',(#819),#823);
#819 = LINE('',#820,#821);
#820 = CARTESIAN_POINT('',(-7.691850745534E-16,7.9E-16));
#821 = VECTOR('',#822,1.);
#822 = DIRECTION('',(1.,-1.E-16));
#823 = ( GEOMETRIC_REPRESENTATION_CONTEXT(2) 
PARAMETRIC_REPRESENTATION_CONTEXT() REPRESENTATION_CONTEXT('2D SPACE',''
  ) );
#824 = ORIENTED_EDGE('',*,*,#825,.T.);
#825 = EDGE_CURVE('',#798,#826,#828,.T.);
#826 = VERTEX_POINT('',#827);
#827 = CARTESIAN_POINT('',(57.732050807569,1.5,4.662936703426E-15));
#828 = SURFACE_CURVE('',#829,(#833,#840),.PCURVE_S1.);
#829 = LINE('',#830,#831);
#830 = CARTESIAN_POINT('',(59.464101615138,4.5,5.665334536938E-15));
#831 = VECTOR('',#832,1.);
#832 = DIRECTION('',(-0.5,-0.866025403784,-2.884444029575E-16));
#833 = PCURVE('',#450,#834);
#834 = DEFINITIONAL_REPRESENTATION('',(#835),#839);
#835 = LINE('',#836,#837);
#836 = CARTESIAN_POINT('',(9.035898384862,-5.));
#837 = VECTOR('',#838,1.);
#838 = DIRECTION('',(0.5,0.866025403784));
#839 = ( GEOMETRIC_REPRESENTATION_CONTEXT(2) 
PARAMETRIC_REPRESENTATION_CONTEXT() REPRESENTATION_CONTEXT('2D SPACE',''
  ) );
#840 = PCURVE('',#841,#846);
#841 = PLANE('',#842);
#842 = AXIS2_PLACEMENT_3D('',#843,#844,#845);
#843 = CARTESIAN_POINT('',(59.464101615138,4.5,6.125334536938E-15));
#844 = DIRECTION('',(0.866025403784,-0.5,-2.265334536938E-16));
#845 = DIRECTION('',(-0.5,-0.866025403784,-3.884444029575E-16));
#846 = DEFINITIONAL_REPRESENTATION('',(#847),#851);
#847 = LINE('',#848,#849);
#848 = CARTESIAN_POINT('',(-7.691850745534E-16,4.6E-16));
#849 = VECTOR('',#850,1.);
#850 = DIRECTION('',(1.,-1.E-16));
#851 = ( GEOMETRIC_REPRESENTATION_CONTEXT(2) 
PARAMETRIC_REPRESENTATION_CONTEXT() REPRESENTATION_CONTEXT('2D SPACE',''
  ) );
#852 = ORIENTED_EDGE('',*,*,#853,.T.);
#853 = EDGE_CURVE('',#826,#854,#856,.T.);
#854 = VERTEX_POINT('',#855);
#855 = CARTESIAN_POINT('',(54.267949192431,1.5,4.662936703426E-15));
#856 = SURFACE_CURVE('',#857,(#861,#868),.PCURVE_S1.);
#857 = LINE('',#858,#859);
#858 = CARTESIAN_POINT('',(57.732050807569,1.5,4.666133814775E-15));
#859 = VECTOR('',#860,1.);
#860 = DIRECTION('',(-1.,0.,-0.));
#861 = PCURVE('',#450,#862);
#862 = DEFINITIONAL_REPRESENTATION('',(#863),#867);
#863 = LINE('',#864,#865);
#864 = CARTESIAN_POINT('',(10.767949192431,-2.));
#865 = VECTOR('',#866,1.);
#866 = DIRECTION('',(1.,-0.));
#867 = ( GEOMETRIC_REPRESENTATION_CONTEXT(2) 
PARAMETRIC_REPRESENTATION_CONTEXT() REPRESENTATION_CONTEXT('2D SPACE',''
  ) );
#868 = PCURVE('',#869,#874);
#869 = PLANE('',#870);
#870 = AXIS2_PLACEMENT_3D('',#871,#872,#873);
#871 = CARTESIAN_POINT('',(57.732050807569,1.5,4.786133814775E-15));
#872 = DIRECTION('',(0.,-1.,-4.430669073875E-16));
#873 = DIRECTION('',(-1.,-0.,0.));
#874 = DEFINITIONAL_REPRESENTATION('',(#875),#879);
#875 = LINE('',#876,#877);
#876 = CARTESIAN_POINT('',(-0.,1.2E-16));
#877 = VECTOR('',#878,1.);
#878 = DIRECTION('',(1.,0.));
#879 = ( GEOMETRIC_REPRESENTATION_CONTEXT(2) 
PARAMETRIC_REPRESENTATION_CONTEXT() REPRESENTATION_CONTEXT('2D SPACE',''
  ) );
#880 = ORIENTED_EDGE('',*,*,#881,.T.);
#881 = EDGE_CURVE('',#854,#882,#884,.T.);
#882 = VERTEX_POINT('',#883);
#883 = CARTESIAN_POINT('',(52.535898384862,4.5,5.662137425588E-15));
#884 = SURFACE_CURVE('',#885,(#889,#896),.PCURVE_S1.);
#885 = LINE('',#886,#887);
#886 = CARTESIAN_POINT('',(54.267949192431,1.5,4.666133814775E-15));
#887 = VECTOR('',#888,1.);
#888 = DIRECTION('',(-0.5,0.866025403784,2.884444029575E-16));
#889 = PCURVE('',#450,#890);
#890 = DEFINITIONAL_REPRESENTATION('',(#891),#895);
#891 = LINE('',#892,#893);
#892 = CARTESIAN_POINT('',(14.232050807569,-2.));
#893 = VECTOR('',#894,1.);
#894 = DIRECTION('',(0.5,-0.866025403784));
#895 = ( GEOMETRIC_REPRESENTATION_CONTEXT(2) 
PARAMETRIC_REPRESENTATION_CONTEXT() REPRESENTATION_CONTEXT('2D SPACE',''
  ) );
#896 = PCURVE('',#897,#902);
#897 = PLANE('',#898);
#898 = AXIS2_PLACEMENT_3D('',#899,#900,#901);
#899 = CARTESIAN_POINT('',(54.267949192431,1.5,4.786133814775E-15));
#900 = DIRECTION('',(-0.866025403784,-0.5,-2.265334536938E-16));
#901 = DIRECTION('',(-0.5,0.866025403784,3.884444029575E-16));
#902 = DEFINITIONAL_REPRESENTATION('',(#903),#907);
#903 = LINE('',#904,#905);
#904 = CARTESIAN_POINT('',(-3.50755522366E-32,1.2E-16));
#905 = VECTOR('',#906,1.);
#906 = DIRECTION('',(1.,1.E-16));
#907 = ( GEOMETRIC_REPRESENTATION_CONTEXT(2) 
PARAMETRIC_REPRESENTATION_CONTEXT() REPRESENTATION_CONTEXT('2D SPACE',''
  ) );
#908 = ORIENTED_EDGE('',*,*,#909,.T.);
#909 = EDGE_CURVE('',#882,#768,#910,.T.);
#910 = SURFACE_CURVE('',#911,(#915,#922),.PCURVE_S1.);
#911 = LINE('',#912,#913);
#912 = CARTESIAN_POINT('',(52.535898384862,4.5,5.665334536938E-15));
#913 = VECTOR('',#914,1.);
#914 = DIRECTION('',(0.5,0.866025403784,2.884444029575E-16));
#915 = PCURVE('',#450,#916);
#916 = DEFINITIONAL_REPRESENTATION('',(#917),#921);
#917 = LINE('',#918,#919);
#918 = CARTESIAN_POINT('',(15.964101615138,-5.));
#919 = VECTOR('',#920,1.);
#920 = DIRECTION('',(-0.5,-0.866025403784));
#921 = ( GEOMETRIC_REPRESENTATION_CONTEXT(2) 
PARAMETRIC_REPRESENTATION_CONTEXT() REPRESENTATION_CONTEXT('2D SPACE',''
  ) );
#922 = PCURVE('',#923,#928);
#923 = PLANE('',#924);
#924 = AXIS2_PLACEMENT_3D('',#925,#926,#927);
#925 = CARTESIAN_POINT('',(52.535898384862,4.5,6.125334536938E-15));
#926 = DIRECTION('',(-0.866025403784,0.5,2.265334536938E-16));
#927 = DIRECTION('',(0.5,0.866025403784,3.884444029575E-16));
#928 = DEFINITIONAL_REPRESENTATION('',(#929),#933);
#929 = LINE('',#930,#931);
#930 = CARTESIAN_POINT('',(7.691850745534E-16,4.6E-16));
#931 = VECTOR('',#932,1.);
#932 = DIRECTION('',(1.,1.E-16));
#933 = ( GEOMETRIC_REPRESENTATION_CONTEXT(2) 
PARAMETRIC_REPRESENTATION_CONTEXT() REPRESENTATION_CONTEXT('2D SPACE',''
  ) );
#934 = FACE_BOUND('',#935,.F.);
#935 = EDGE_LOOP('',(#936));
#936 = ORIENTED_EDGE('',*,*,#937,.T.);
#937 = EDGE_CURVE('',#938,#938,#940,.T.);
#938 = VERTEX_POINT('',#939);
#939 = CARTESIAN_POINT('',(44.6,4.5,5.662137425588E-15));
#940 = SURFACE_CURVE('',#941,(#946,#957),.PCURVE_S1.);
#941 = CIRCLE('',#942,1.6);
#942 = AXIS2_PLACEMENT_3D('',#943,#944,#945);
#943 = CARTESIAN_POINT('',(43.,4.5,5.665334536938E-15));
#944 = DIRECTION('',(0.,3.330669073875E-16,-1.));
#945 = DIRECTION('',(1.,0.,0.));
#946 = PCURVE('',#450,#947);
#947 = DEFINITIONAL_REPRESENTATION('',(#948),#956);
#948 = ( BOUNDED_CURVE() B_SPLINE_CURVE(2,(#949,#950,#951,#952,#953,#954
,#955),.UNSPECIFIED.,.T.,.F.) B_SPLINE_CURVE_WITH_KNOTS((1,2,2,2,2,1),(
    -2.094395102393,0.,2.094395102393,4.188790204786,6.28318530718,
8.377580409573),.UNSPECIFIED.) CURVE() GEOMETRIC_REPRESENTATION_ITEM() 
RATIONAL_B_SPLINE_CURVE((1.,0.5,1.,0.5,1.,0.5,1.)) REPRESENTATION_ITEM(
  '') );
#949 = CARTESIAN_POINT('',(23.9,-5.));
#950 = CARTESIAN_POINT('',(23.9,-2.22871870789));
#951 = CARTESIAN_POINT('',(26.3,-3.614359353945));
#952 = CARTESIAN_POINT('',(28.7,-5.));
#953 = CARTESIAN_POINT('',(26.3,-6.385640646055));
#954 = CARTESIAN_POINT('',(23.9,-7.77128129211));
#955 = CARTESIAN_POINT('',(23.9,-5.));
#956 = ( GEOMETRIC_REPRESENTATION_CONTEXT(2) 
PARAMETRIC_REPRESENTATION_CONTEXT() REPRESENTATION_CONTEXT('2D SPACE',''
  ) );
#957 = PCURVE('',#958,#963);
#958 = CYLINDRICAL_SURFACE('',#959,1.6);
#959 = AXIS2_PLACEMENT_3D('',#960,#961,#962);
#960 = CARTESIAN_POINT('',(43.,4.5,6.125334536938E-15));
#961 = DIRECTION('',(0.,4.430669073875E-16,-1.));
#962 = DIRECTION('',(1.,0.,0.));
#963 = DEFINITIONAL_REPRESENTATION('',(#964),#968);
#964 = LINE('',#965,#966);
#965 = CARTESIAN_POINT('',(0.,0.));
#966 = VECTOR('',#967,1.);
#967 = DIRECTION('',(1.,0.));
#968 = ( GEOMETRIC_REPRESENTATION_CONTEXT(2) 
PARAMETRIC_REPRESENTATION_CONTEXT() REPRESENTATION_CONTEXT('2D SPACE',''
  ) );
#969 = ADVANCED_FACE('',(#970),#506,.T.);
#970 = FACE_BOUND('',#971,.F.);
#971 = EDGE_LOOP('',(#972,#1000,#1029,#1050));
#972 = ORIENTED_EDGE('',*,*,#973,.T.);
#973 = EDGE_CURVE('',#463,#974,#976,.T.);
#974 = VERTEX_POINT('',#975);
#975 = CARTESIAN_POINT('',(76.,-4.3,-7.5));
#976 = SURFACE_CURVE('',#977,(#981,#988),.PCURVE_S1.);
#977 = LINE('',#978,#979);
#978 = CARTESIAN_POINT('',(76.,-0.5,-7.5));
#979 = VECTOR('',#980,1.);
#980 = DIRECTION('',(0.,-1.,-2.230669073875E-16));
#981 = PCURVE('',#506,#982);
#982 = DEFINITIONAL_REPRESENTATION('',(#983),#987);
#983 = LINE('',#984,#985);
#984 = CARTESIAN_POINT('',(-4.712388980385,0.));
#985 = VECTOR('',#986,1.);
#986 = DIRECTION('',(-0.,-1.));
#987 = ( GEOMETRIC_REPRESENTATION_CONTEXT(2) 
PARAMETRIC_REPRESENTATION_CONTEXT() REPRESENTATION_CONTEXT('2D SPACE',''
  ) );
#988 = PCURVE('',#989,#994);
#989 = PLANE('',#990);
#990 = AXIS2_PLACEMENT_3D('',#991,#992,#993);
#991 = CARTESIAN_POINT('',(-1.38E-15,-0.5,-7.5));
#992 = DIRECTION('',(0.,-2.230669073875E-16,1.));
#993 = DIRECTION('',(1.,0.,0.));
#994 = DEFINITIONAL_REPRESENTATION('',(#995),#999);
#995 = LINE('',#996,#997);
#996 = CARTESIAN_POINT('',(76.,0.));
#997 = VECTOR('',#998,1.);
#998 = DIRECTION('',(0.,-1.));
#999 = ( GEOMETRIC_REPRESENTATION_CONTEXT(2) 
PARAMETRIC_REPRESENTATION_CONTEXT() REPRESENTATION_CONTEXT('2D SPACE',''
  ) );
#1000 = ORIENTED_EDGE('',*,*,#1001,.T.);
#1001 = EDGE_CURVE('',#974,#1002,#1004,.T.);
#1002 = VERTEX_POINT('',#1003);
#1003 = CARTESIAN_POINT('',(76.,-4.3,7.5));
#1004 = SURFACE_CURVE('',#1005,(#1010,#1017),.PCURVE_S1.);
#1005 = CIRCLE('',#1006,7.5);
#1006 = AXIS2_PLACEMENT_3D('',#1007,#1008,#1009);
#1007 = CARTESIAN_POINT('',(76.,-4.3,1.264345751927E-15));
#1008 = DIRECTION('',(0.,-1.,3.369330926125E-16));
#1009 = DIRECTION('',(0.,-3.369330926125E-16,-1.));
#1010 = PCURVE('',#506,#1011);
#1011 = DEFINITIONAL_REPRESENTATION('',(#1012),#1016);
#1012 = LINE('',#1013,#1014);
#1013 = CARTESIAN_POINT('',(-4.712388980385,-3.8));
#1014 = VECTOR('',#1015,1.);
#1015 = DIRECTION('',(-1.,0.));
#1016 = ( GEOMETRIC_REPRESENTATION_CONTEXT(2) 
PARAMETRIC_REPRESENTATION_CONTEXT() REPRESENTATION_CONTEXT('2D SPACE',''
  ) );
#1017 = PCURVE('',#1018,#1023);
#1018 = CONICAL_SURFACE('',#1019,7.5,0.785398163397);
#1019 = AXIS2_PLACEMENT_3D('',#1020,#1021,#1022);
#1020 = CARTESIAN_POINT('',(76.,-4.3,1.264345751927E-15));
#1021 = DIRECTION('',(0.,1.,-3.369330926125E-16));
#1022 = DIRECTION('',(0.,-3.369330926125E-16,-1.));
#1023 = DEFINITIONAL_REPRESENTATION('',(#1024),#1028);
#1024 = LINE('',#1025,#1026);
#1025 = CARTESIAN_POINT('',(-0.,0.));
#1026 = VECTOR('',#1027,1.);
#1027 = DIRECTION('',(-1.,0.));
#1028 = ( GEOMETRIC_REPRESENTATION_CONTEXT(2) 
PARAMETRIC_REPRESENTATION_CONTEXT() REPRESENTATION_CONTEXT('2D SPACE',''
  ) );
#1029 = ORIENTED_EDGE('',*,*,#1030,.F.);
#1030 = EDGE_CURVE('',#404,#1002,#1031,.T.);
#1031 = SURFACE_CURVE('',#1032,(#1036,#1043),.PCURVE_S1.);
#1032 = LINE('',#1033,#1034);
#1033 = CARTESIAN_POINT('',(76.,-0.5,7.5));
#1034 = VECTOR('',#1035,1.);
#1035 = DIRECTION('',(0.,-1.,-2.230669073875E-16));
#1036 = PCURVE('',#506,#1037);
#1037 = DEFINITIONAL_REPRESENTATION('',(#1038),#1042);
#1038 = LINE('',#1039,#1040);
#1039 = CARTESIAN_POINT('',(-7.853981633974,0.));
#1040 = VECTOR('',#1041,1.);
#1041 = DIRECTION('',(-0.,-1.));
#1042 = ( GEOMETRIC_REPRESENTATION_CONTEXT(2) 
PARAMETRIC_REPRESENTATION_CONTEXT() REPRESENTATION_CONTEXT('2D SPACE',''
  ) );
#1043 = PCURVE('',#649,#1044);
#1044 = DEFINITIONAL_REPRESENTATION('',(#1045),#1049);
#1045 = LINE('',#1046,#1047);
#1046 = CARTESIAN_POINT('',(76.,0.));
#1047 = VECTOR('',#1048,1.);
#1048 = DIRECTION('',(0.,-1.));
#1049 = ( GEOMETRIC_REPRESENTATION_CONTEXT(2) 
PARAMETRIC_REPRESENTATION_CONTEXT() REPRESENTATION_CONTEXT('2D SPACE',''
  ) );
#1050 = ORIENTED_EDGE('',*,*,#491,.F.);
#1051 = ADVANCED_FACE('',(#1052,#1157),#479,.T.);
#1052 = FACE_BOUND('',#1053,.T.);
#1053 = EDGE_LOOP('',(#1054,#1089,#1112,#1134,#1135,#1136));
#1054 = ORIENTED_EDGE('',*,*,#1055,.F.);
#1055 = EDGE_CURVE('',#1056,#1058,#1060,.T.);
#1056 = VERTEX_POINT('',#1057);
#1057 = CARTESIAN_POINT('',(-1.E-15,-0.5,7.5));
#1058 = VERTEX_POINT('',#1059);
#1059 = CARTESIAN_POINT('',(-1.E-15,-0.5,-7.5));
#1060 = SURFACE_CURVE('',#1061,(#1066,#1077),.PCURVE_S1.);
#1061 = CIRCLE('',#1062,7.5);
#1062 = AXIS2_PLACEMENT_3D('',#1063,#1064,#1065);
#1063 = CARTESIAN_POINT('',(0.,-0.5,1.232595164408E-32));
#1064 = DIRECTION('',(0.,-1.,-3.330669073875E-16));
#1065 = DIRECTION('',(1.,0.,0.));
#1066 = PCURVE('',#479,#1067);
#1067 = DEFINITIONAL_REPRESENTATION('',(#1068),#1076);
#1068 = ( BOUNDED_CURVE() B_SPLINE_CURVE(2,(#1069,#1070,#1071,#1072,
#1073,#1074,#1075),.UNSPECIFIED.,.T.,.F.) B_SPLINE_CURVE_WITH_KNOTS((1,2
    ,2,2,2,1),(-2.094395102393,0.,2.094395102393,4.188790204786,
6.28318530718,8.377580409573),.UNSPECIFIED.) CURVE() 
GEOMETRIC_REPRESENTATION_ITEM() RATIONAL_B_SPLINE_CURVE((1.,0.5,1.,0.5,
1.,0.5,1.)) REPRESENTATION_ITEM('') );
#1069 = CARTESIAN_POINT('',(0.,-30.5));
#1070 = CARTESIAN_POINT('',(12.990381056767,-30.5));
#1071 = CARTESIAN_POINT('',(6.495190528383,-41.75));
#1072 = CARTESIAN_POINT('',(1.836970198721E-15,-53.));
#1073 = CARTESIAN_POINT('',(-6.495190528383,-41.75));
#1074 = CARTESIAN_POINT('',(-12.99038105676,-30.5));
#1075 = CARTESIAN_POINT('',(0.,-30.5));
#1076 = ( GEOMETRIC_REPRESENTATION_CONTEXT(2) 
PARAMETRIC_REPRESENTATION_CONTEXT() REPRESENTATION_CONTEXT('2D SPACE',''
  ) );
#1077 = PCURVE('',#1078,#1083);
#1078 = CYLINDRICAL_SURFACE('',#1079,7.5);
#1079 = AXIS2_PLACEMENT_3D('',#1080,#1081,#1082);
#1080 = CARTESIAN_POINT('',(0.,-0.5,1.232595164408E-32));
#1081 = DIRECTION('',(0.,1.,2.230669073875E-16));
#1082 = DIRECTION('',(1.,0.,0.));
#1083 = DEFINITIONAL_REPRESENTATION('',(#1084),#1088);
#1084 = LINE('',#1085,#1086);
#1085 = CARTESIAN_POINT('',(-0.,0.));
#1086 = VECTOR('',#1087,1.);
#1087 = DIRECTION('',(-1.,0.));
#1088 = ( GEOMETRIC_REPRESENTATION_CONTEXT(2) 
PARAMETRIC_REPRESENTATION_CONTEXT() REPRESENTATION_CONTEXT('2D SPACE',''
  ) );
#1089 = ORIENTED_EDGE('',*,*,#1090,.T.);
#1090 = EDGE_CURVE('',#1056,#1091,#1093,.T.);
#1091 = VERTEX_POINT('',#1092);
#1092 = CARTESIAN_POINT('',(14.133294025103,-0.5,7.499999999999));
#1093 = SURFACE_CURVE('',#1094,(#1098,#1105),.PCURVE_S1.);
#1094 = LINE('',#1095,#1096);
#1095 = CARTESIAN_POINT('',(-1.21E-15,-0.5,7.5));
#1096 = VECTOR('',#1097,1.);
#1097 = DIRECTION('',(1.,0.,0.));
#1098 = PCURVE('',#479,#1099);
#1099 = DEFINITIONAL_REPRESENTATION('',(#1100),#1104);
#1100 = LINE('',#1101,#1102);
#1101 = CARTESIAN_POINT('',(7.5,-38.));
#1102 = VECTOR('',#1103,1.);
#1103 = DIRECTION('',(0.,1.));
#1104 = ( GEOMETRIC_REPRESENTATION_CONTEXT(2) 
PARAMETRIC_REPRESENTATION_CONTEXT() REPRESENTATION_CONTEXT('2D SPACE',''
  ) );
#1105 = PCURVE('',#649,#1106);
#1106 = DEFINITIONAL_REPRESENTATION('',(#1107),#1111);
#1107 = LINE('',#1108,#1109);
#1108 = CARTESIAN_POINT('',(0.,-7.771561172376E-16));
#1109 = VECTOR('',#1110,1.);
#1110 = DIRECTION('',(1.,0.));
#1111 = ( GEOMETRIC_REPRESENTATION_CONTEXT(2) 
PARAMETRIC_REPRESENTATION_CONTEXT() REPRESENTATION_CONTEXT('2D SPACE',''
  ) );
#1112 = ORIENTED_EDGE('',*,*,#1113,.T.);
#1113 = EDGE_CURVE('',#1091,#717,#1114,.T.);
#1114 = SURFACE_CURVE('',#1115,(#1120,#1127),.PCURVE_S1.);
#1115 = CIRCLE('',#1116,16.);
#1116 = AXIS2_PLACEMENT_3D('',#1117,#1118,#1119);
#1117 = CARTESIAN_POINT('',(0.,-0.5,1.232595164408E-32));
#1118 = DIRECTION('',(-0.,1.,3.330669073875E-16));
#1119 = DIRECTION('',(1.,0.,0.));
#1120 = PCURVE('',#479,#1121);
#1121 = DEFINITIONAL_REPRESENTATION('',(#1122),#1126);
#1122 = CIRCLE('',#1123,16.);
#1123 = AXIS2_PLACEMENT_2D('',#1124,#1125);
#1124 = CARTESIAN_POINT('',(0.,-38.));
#1125 = DIRECTION('',(0.,1.));
#1126 = ( GEOMETRIC_REPRESENTATION_CONTEXT(2) 
PARAMETRIC_REPRESENTATION_CONTEXT() REPRESENTATION_CONTEXT('2D SPACE',''
  ) );
#1127 = PCURVE('',#732,#1128);
#1128 = DEFINITIONAL_REPRESENTATION('',(#1129),#1133);
#1129 = LINE('',#1130,#1131);
#1130 = CARTESIAN_POINT('',(-0.,0.));
#1131 = VECTOR('',#1132,1.);
#1132 = DIRECTION('',(-1.,0.));
#1133 = ( GEOMETRIC_REPRESENTATION_CONTEXT(2) 
PARAMETRIC_REPRESENTATION_CONTEXT() REPRESENTATION_CONTEXT('2D SPACE',''
  ) );
#1134 = ORIENTED_EDGE('',*,*,#744,.F.);
#1135 = ORIENTED_EDGE('',*,*,#462,.F.);
#1136 = ORIENTED_EDGE('',*,*,#1137,.F.);
#1137 = EDGE_CURVE('',#1058,#463,#1138,.T.);
#1138 = SURFACE_CURVE('',#1139,(#1143,#1150),.PCURVE_S1.);
#1139 = LINE('',#1140,#1141);
#1140 = CARTESIAN_POINT('',(-1.38E-15,-0.5,-7.5));
#1141 = VECTOR('',#1142,1.);
#1142 = DIRECTION('',(1.,0.,0.));
#1143 = PCURVE('',#479,#1144);
#1144 = DEFINITIONAL_REPRESENTATION('',(#1145),#1149);
#1145 = LINE('',#1146,#1147);
#1146 = CARTESIAN_POINT('',(-7.5,-38.));
#1147 = VECTOR('',#1148,1.);
#1148 = DIRECTION('',(0.,1.));
#1149 = ( GEOMETRIC_REPRESENTATION_CONTEXT(2) 
PARAMETRIC_REPRESENTATION_CONTEXT() REPRESENTATION_CONTEXT('2D SPACE',''
  ) );
#1150 = PCURVE('',#989,#1151);
#1151 = DEFINITIONAL_REPRESENTATION('',(#1152),#1156);
#1152 = LINE('',#1153,#1154);
#1153 = CARTESIAN_POINT('',(0.,8.326672684689E-16));
#1154 = VECTOR('',#1155,1.);
#1155 = DIRECTION('',(1.,0.));
#1156 = ( GEOMETRIC_REPRESENTATION_CONTEXT(2) 
PARAMETRIC_REPRESENTATION_CONTEXT() REPRESENTATION_CONTEXT('2D SPACE',''
  ) );
#1157 = FACE_BOUND('',#1158,.T.);
#1158 = EDGE_LOOP('',(#1159));
#1159 = ORIENTED_EDGE('',*,*,#1160,.T.);
#1160 = EDGE_CURVE('',#1161,#1161,#1163,.T.);
#1161 = VERTEX_POINT('',#1162);
#1162 = CARTESIAN_POINT('',(5.05,-0.5,0.));
#1163 = SURFACE_CURVE('',#1164,(#1169,#1180),.PCURVE_S1.);
#1164 = CIRCLE('',#1165,5.05);
#1165 = AXIS2_PLACEMENT_3D('',#1166,#1167,#1168);
#1166 = CARTESIAN_POINT('',(0.,-0.5,1.232595164408E-32));
#1167 = DIRECTION('',(0.,-1.,-3.330669073875E-16));
#1168 = DIRECTION('',(1.,0.,0.));
#1169 = PCURVE('',#479,#1170);
#1170 = DEFINITIONAL_REPRESENTATION('',(#1171),#1179);
#1171 = ( BOUNDED_CURVE() B_SPLINE_CURVE(2,(#1172,#1173,#1174,#1175,
#1176,#1177,#1178),.UNSPECIFIED.,.T.,.F.) B_SPLINE_CURVE_WITH_KNOTS((1,2
    ,2,2,2,1),(-2.094395102393,0.,2.094395102393,4.188790204786,
6.28318530718,8.377580409573),.UNSPECIFIED.) CURVE() 
GEOMETRIC_REPRESENTATION_ITEM() RATIONAL_B_SPLINE_CURVE((1.,0.5,1.,0.5,
1.,0.5,1.)) REPRESENTATION_ITEM('') );
#1172 = CARTESIAN_POINT('',(0.,-32.95));
#1173 = CARTESIAN_POINT('',(8.746856578223,-32.95));
#1174 = CARTESIAN_POINT('',(4.373428289111,-40.525));
#1175 = CARTESIAN_POINT('',(1.236893267139E-15,-48.1));
#1176 = CARTESIAN_POINT('',(-4.373428289111,-40.525));
#1177 = CARTESIAN_POINT('',(-8.746856578223,-32.95));
#1178 = CARTESIAN_POINT('',(0.,-32.95));
#1179 = ( GEOMETRIC_REPRESENTATION_CONTEXT(2) 
PARAMETRIC_REPRESENTATION_CONTEXT() REPRESENTATION_CONTEXT('2D SPACE',''
  ) );
#1180 = PCURVE('',#1181,#1186);
#1181 = CYLINDRICAL_SURFACE('',#1182,5.05);
#1182 = AXIS2_PLACEMENT_3D('',#1183,#1184,#1185);
#1183 = CARTESIAN_POINT('',(0.,-0.5,1.232595164408E-32));
#1184 = DIRECTION('',(0.,1.,2.230669073875E-16));
#1185 = DIRECTION('',(1.,0.,0.));
#1186 = DEFINITIONAL_REPRESENTATION('',(#1187),#1191);
#1187 = LINE('',#1188,#1189);
#1188 = CARTESIAN_POINT('',(-0.,0.));
#1189 = VECTOR('',#1190,1.);
#1190 = DIRECTION('',(-1.,0.));
#1191 = ( GEOMETRIC_REPRESENTATION_CONTEXT(2) 
PARAMETRIC_REPRESENTATION_CONTEXT() REPRESENTATION_CONTEXT('2D SPACE',''
  ) );
#1192 = ADVANCED_FACE('',(#1193,#1196),#559,.F.);
#1193 = FACE_BOUND('',#1194,.F.);
#1194 = EDGE_LOOP('',(#1195));
#1195 = ORIENTED_EDGE('',*,*,#544,.T.);
#1196 = FACE_BOUND('',#1197,.T.);
#1197 = EDGE_LOOP('',(#1198));
#1198 = ORIENTED_EDGE('',*,*,#1199,.T.);
#1199 = EDGE_CURVE('',#1200,#1200,#1202,.T.);
#1200 = VERTEX_POINT('',#1201);
#1201 = CARTESIAN_POINT('',(81.05,-0.5,0.));
#1202 = SURFACE_CURVE('',#1203,(#1208,#1219),.PCURVE_S1.);
#1203 = CIRCLE('',#1204,5.05);
#1204 = AXIS2_PLACEMENT_3D('',#1205,#1206,#1207);
#1205 = CARTESIAN_POINT('',(76.,-0.5,1.232595164408E-32));
#1206 = DIRECTION('',(0.,-1.,-3.330669073875E-16));
#1207 = DIRECTION('',(1.,0.,0.));
#1208 = PCURVE('',#559,#1209);
#1209 = DEFINITIONAL_REPRESENTATION('',(#1210),#1218);
#1210 = ( BOUNDED_CURVE() B_SPLINE_CURVE(2,(#1211,#1212,#1213,#1214,
#1215,#1216,#1217),.UNSPECIFIED.,.T.,.F.) B_SPLINE_CURVE_WITH_KNOTS((1,2
    ,2,2,2,1),(-2.094395102393,0.,2.094395102393,4.188790204786,
6.28318530718,8.377580409573),.UNSPECIFIED.) CURVE() 
GEOMETRIC_REPRESENTATION_ITEM() RATIONAL_B_SPLINE_CURVE((1.,0.5,1.,0.5,
1.,0.5,1.)) REPRESENTATION_ITEM('') );
#1211 = CARTESIAN_POINT('',(-2.6645352591E-15,5.05));
#1212 = CARTESIAN_POINT('',(8.746856578223,5.05));
#1213 = CARTESIAN_POINT('',(4.373428289111,-2.525));
#1214 = CARTESIAN_POINT('',(-1.427641991962E-15,-10.1));
#1215 = CARTESIAN_POINT('',(-4.373428289111,-2.525));
#1216 = CARTESIAN_POINT('',(-8.746856578223,5.05));
#1217 = CARTESIAN_POINT('',(-2.6645352591E-15,5.05));
#1218 = ( GEOMETRIC_REPRESENTATION_CONTEXT(2) 
PARAMETRIC_REPRESENTATION_CONTEXT() REPRESENTATION_CONTEXT('2D SPACE',''
  ) );
#1219 = PCURVE('',#1220,#1225);
#1220 = CYLINDRICAL_SURFACE('',#1221,5.05);
#1221 = AXIS2_PLACEMENT_3D('',#1222,#1223,#1224);
#1222 = CARTESIAN_POINT('',(76.,-0.5,1.232595164408E-32));
#1223 = DIRECTION('',(0.,1.,2.230669073875E-16));
#1224 = DIRECTION('',(1.,0.,0.));
#1225 = DEFINITIONAL_REPRESENTATION('',(#1226),#1230);
#1226 = LINE('',#1227,#1228);
#1227 = CARTESIAN_POINT('',(-0.,0.));
#1228 = VECTOR('',#1229,1.);
#1229 = DIRECTION('',(-1.,0.));
#1230 = ( GEOMETRIC_REPRESENTATION_CONTEXT(2) 
PARAMETRIC_REPRESENTATION_CONTEXT() REPRESENTATION_CONTEXT('2D SPACE',''
  ) );
#1231 = ADVANCED_FACE('',(#1232),#597,.T.);
#1232 = FACE_BOUND('',#1233,.T.);
#1233 = EDGE_LOOP('',(#1234,#1257,#1258,#1259));
#1234 = ORIENTED_EDGE('',*,*,#1235,.T.);
#1235 = EDGE_CURVE('',#1236,#582,#1238,.T.);
#1236 = VERTEX_POINT('',#1237);
#1237 = CARTESIAN_POINT('',(14.133294025103,9.,7.499999999999));
#1238 = SURFACE_CURVE('',#1239,(#1243,#1250),.PCURVE_S1.);
#1239 = LINE('',#1240,#1241);
#1240 = CARTESIAN_POINT('',(14.133294025103,9.,7.499999999999));
#1241 = VECTOR('',#1242,1.);
#1242 = DIRECTION('',(1.,0.,0.));
#1243 = PCURVE('',#597,#1244);
#1244 = DEFINITIONAL_REPRESENTATION('',(#1245),#1249);
#1245 = LINE('',#1246,#1247);
#1246 = CARTESIAN_POINT('',(3.688373899702,-27.59523445443));
#1247 = VECTOR('',#1248,1.);
#1248 = DIRECTION('',(0.,1.));
#1249 = ( GEOMETRIC_REPRESENTATION_CONTEXT(2) 
PARAMETRIC_REPRESENTATION_CONTEXT() REPRESENTATION_CONTEXT('2D SPACE',''
  ) );
#1250 = PCURVE('',#675,#1251);
#1251 = DEFINITIONAL_REPRESENTATION('',(#1252),#1256);
#1252 = LINE('',#1253,#1254);
#1253 = CARTESIAN_POINT('',(0.,-9.5));
#1254 = VECTOR('',#1255,1.);
#1255 = DIRECTION('',(1.,0.));
#1256 = ( GEOMETRIC_REPRESENTATION_CONTEXT(2) 
PARAMETRIC_REPRESENTATION_CONTEXT() REPRESENTATION_CONTEXT('2D SPACE',''
  ) );
#1257 = ORIENTED_EDGE('',*,*,#581,.T.);
#1258 = ORIENTED_EDGE('',*,*,#693,.T.);
#1259 = ORIENTED_EDGE('',*,*,#1260,.F.);
#1260 = EDGE_CURVE('',#1236,#694,#1261,.T.);
#1261 = SURFACE_CURVE('',#1262,(#1267,#1274),.PCURVE_S1.);
#1262 = CIRCLE('',#1263,16.);
#1263 = AXIS2_PLACEMENT_3D('',#1264,#1265,#1266);
#1264 = CARTESIAN_POINT('',(0.,9.,7.105427357601E-15));
#1265 = DIRECTION('',(-0.,1.,3.330669073875E-16));
#1266 = DIRECTION('',(1.,0.,0.));
#1267 = PCURVE('',#597,#1268);
#1268 = DEFINITIONAL_REPRESENTATION('',(#1269),#1273);
#1269 = CIRCLE('',#1270,16.);
#1270 = AXIS2_PLACEMENT_2D('',#1271,#1272);
#1271 = CARTESIAN_POINT('',(-3.811626100297,-41.72852847953));
#1272 = DIRECTION('',(0.,1.));
#1273 = ( GEOMETRIC_REPRESENTATION_CONTEXT(2) 
PARAMETRIC_REPRESENTATION_CONTEXT() REPRESENTATION_CONTEXT('2D SPACE',''
  ) );
#1274 = PCURVE('',#732,#1275);
#1275 = DEFINITIONAL_REPRESENTATION('',(#1276),#1280);
#1276 = LINE('',#1277,#1278);
#1277 = CARTESIAN_POINT('',(-0.,-9.5));
#1278 = VECTOR('',#1279,1.);
#1279 = DIRECTION('',(-1.,0.));
#1280 = ( GEOMETRIC_REPRESENTATION_CONTEXT(2) 
PARAMETRIC_REPRESENTATION_CONTEXT() REPRESENTATION_CONTEXT('2D SPACE',''
  ) );
#1281 = ADVANCED_FACE('',(#1282),#649,.T.);
#1282 = FACE_BOUND('',#1283,.T.);
#1283 = EDGE_LOOP('',(#1284,#1307,#1335,#1363,#1389,#1390,#1391,#1412));
#1284 = ORIENTED_EDGE('',*,*,#1285,.T.);
#1285 = EDGE_CURVE('',#1056,#1286,#1288,.T.);
#1286 = VERTEX_POINT('',#1287);
#1287 = CARTESIAN_POINT('',(0.,-4.3,7.5));
#1288 = SURFACE_CURVE('',#1289,(#1293,#1300),.PCURVE_S1.);
#1289 = LINE('',#1290,#1291);
#1290 = CARTESIAN_POINT('',(-1.21E-15,-0.5,7.5));
#1291 = VECTOR('',#1292,1.);
#1292 = DIRECTION('',(0.,-1.,-2.230669073875E-16));
#1293 = PCURVE('',#649,#1294);
#1294 = DEFINITIONAL_REPRESENTATION('',(#1295),#1299);
#1295 = LINE('',#1296,#1297);
#1296 = CARTESIAN_POINT('',(0.,0.));
#1297 = VECTOR('',#1298,1.);
#1298 = DIRECTION('',(0.,-1.));
#1299 = ( GEOMETRIC_REPRESENTATION_CONTEXT(2) 
PARAMETRIC_REPRESENTATION_CONTEXT() REPRESENTATION_CONTEXT('2D SPACE',''
  ) );
#1300 = PCURVE('',#1078,#1301);
#1301 = DEFINITIONAL_REPRESENTATION('',(#1302),#1306);
#1302 = LINE('',#1303,#1304);
#1303 = CARTESIAN_POINT('',(-1.570796326795,0.));
#1304 = VECTOR('',#1305,1.);
#1305 = DIRECTION('',(-0.,-1.));
#1306 = ( GEOMETRIC_REPRESENTATION_CONTEXT(2) 
PARAMETRIC_REPRESENTATION_CONTEXT() REPRESENTATION_CONTEXT('2D SPACE',''
  ) );
#1307 = ORIENTED_EDGE('',*,*,#1308,.F.);
#1308 = EDGE_CURVE('',#1309,#1286,#1311,.T.);
#1309 = VERTEX_POINT('',#1310);
#1310 = CARTESIAN_POINT('',(13.558054869277,-4.3,7.5));
#1311 = SURFACE_CURVE('',#1312,(#1316,#1323),.PCURVE_S1.);
#1312 = LINE('',#1313,#1314);
#1313 = CARTESIAN_POINT('',(76.,-4.3,7.5));
#1314 = VECTOR('',#1315,1.);
#1315 = DIRECTION('',(-1.,0.,0.));
#1316 = PCURVE('',#649,#1317);
#1317 = DEFINITIONAL_REPRESENTATION('',(#1318),#1322);
#1318 = LINE('',#1319,#1320);
#1319 = CARTESIAN_POINT('',(76.,-3.8));
#1320 = VECTOR('',#1321,1.);
#1321 = DIRECTION('',(-1.,0.));
#1322 = ( GEOMETRIC_REPRESENTATION_CONTEXT(2) 
PARAMETRIC_REPRESENTATION_CONTEXT() REPRESENTATION_CONTEXT('2D SPACE',''
  ) );
#1323 = PCURVE('',#1324,#1329);
#1324 = PLANE('',#1325);
#1325 = AXIS2_PLACEMENT_3D('',#1326,#1327,#1328);
#1326 = CARTESIAN_POINT('',(76.,-4.4,7.4));
#1327 = DIRECTION('',(0.,0.707106781187,-0.707106781187));
#1328 = DIRECTION('',(-1.,0.,0.));
#1329 = DEFINITIONAL_REPRESENTATION('',(#1330),#1334);
#1330 = LINE('',#1331,#1332);
#1331 = CARTESIAN_POINT('',(0.,0.141421356237));
#1332 = VECTOR('',#1333,1.);
#1333 = DIRECTION('',(1.,0.));
#1334 = ( GEOMETRIC_REPRESENTATION_CONTEXT(2) 
PARAMETRIC_REPRESENTATION_CONTEXT() REPRESENTATION_CONTEXT('2D SPACE',''
  ) );
#1335 = ORIENTED_EDGE('',*,*,#1336,.F.);
#1336 = EDGE_CURVE('',#1337,#1309,#1339,.T.);
#1337 = VERTEX_POINT('',#1338);
#1338 = CARTESIAN_POINT('',(21.090451637793,-4.3,7.5));
#1339 = SURFACE_CURVE('',#1340,(#1344,#1351),.PCURVE_S1.);
#1340 = LINE('',#1341,#1342);
#1341 = CARTESIAN_POINT('',(76.,-4.3,7.5));
#1342 = VECTOR('',#1343,1.);
#1343 = DIRECTION('',(-1.,0.,0.));
#1344 = PCURVE('',#649,#1345);
#1345 = DEFINITIONAL_REPRESENTATION('',(#1346),#1350);
#1346 = LINE('',#1347,#1348);
#1347 = CARTESIAN_POINT('',(76.,-3.8));
#1348 = VECTOR('',#1349,1.);
#1349 = DIRECTION('',(-1.,0.));
#1350 = ( GEOMETRIC_REPRESENTATION_CONTEXT(2) 
PARAMETRIC_REPRESENTATION_CONTEXT() REPRESENTATION_CONTEXT('2D SPACE',''
  ) );
#1351 = PCURVE('',#1352,#1357);
#1352 = PLANE('',#1353);
#1353 = AXIS2_PLACEMENT_3D('',#1354,#1355,#1356);
#1354 = CARTESIAN_POINT('',(17.697655432604,-4.3,-0.433085879933));
#1355 = DIRECTION('',(0.,1.,1.030669073875E-16));
#1356 = DIRECTION('',(0.,-1.030669073875E-16,1.));
#1357 = DEFINITIONAL_REPRESENTATION('',(#1358),#1362);
#1358 = LINE('',#1359,#1360);
#1359 = CARTESIAN_POINT('',(7.933085879933,58.302344567396));
#1360 = VECTOR('',#1361,1.);
#1361 = DIRECTION('',(0.,-1.));
#1362 = ( GEOMETRIC_REPRESENTATION_CONTEXT(2) 
PARAMETRIC_REPRESENTATION_CONTEXT() REPRESENTATION_CONTEXT('2D SPACE',''
  ) );
#1363 = ORIENTED_EDGE('',*,*,#1364,.F.);
#1364 = EDGE_CURVE('',#1002,#1337,#1365,.T.);
#1365 = SURFACE_CURVE('',#1366,(#1370,#1377),.PCURVE_S1.);
#1366 = LINE('',#1367,#1368);
#1367 = CARTESIAN_POINT('',(76.,-4.3,7.5));
#1368 = VECTOR('',#1369,1.);
#1369 = DIRECTION('',(-1.,0.,0.));
#1370 = PCURVE('',#649,#1371);
#1371 = DEFINITIONAL_REPRESENTATION('',(#1372),#1376);
#1372 = LINE('',#1373,#1374);
#1373 = CARTESIAN_POINT('',(76.,-3.8));
#1374 = VECTOR('',#1375,1.);
#1375 = DIRECTION('',(-1.,0.));
#1376 = ( GEOMETRIC_REPRESENTATION_CONTEXT(2) 
PARAMETRIC_REPRESENTATION_CONTEXT() REPRESENTATION_CONTEXT('2D SPACE',''
  ) );
#1377 = PCURVE('',#1378,#1383);
#1378 = PLANE('',#1379);
#1379 = AXIS2_PLACEMENT_3D('',#1380,#1381,#1382);
#1380 = CARTESIAN_POINT('',(76.,-4.4,7.4));
#1381 = DIRECTION('',(0.,0.707106781187,-0.707106781187));
#1382 = DIRECTION('',(-1.,0.,0.));
#1383 = DEFINITIONAL_REPRESENTATION('',(#1384),#1388);
#1384 = LINE('',#1385,#1386);
#1385 = CARTESIAN_POINT('',(0.,0.141421356237));
#1386 = VECTOR('',#1387,1.);
#1387 = DIRECTION('',(1.,0.));
#1388 = ( GEOMETRIC_REPRESENTATION_CONTEXT(2) 
PARAMETRIC_REPRESENTATION_CONTEXT() REPRESENTATION_CONTEXT('2D SPACE',''
  ) );
#1389 = ORIENTED_EDGE('',*,*,#1030,.F.);
#1390 = ORIENTED_EDGE('',*,*,#633,.F.);
#1391 = ORIENTED_EDGE('',*,*,#1392,.F.);
#1392 = EDGE_CURVE('',#1091,#634,#1393,.T.);
#1393 = SURFACE_CURVE('',#1394,(#1398,#1405),.PCURVE_S1.);
#1394 = LINE('',#1395,#1396);
#1395 = CARTESIAN_POINT('',(-1.21E-15,-0.5,7.5));
#1396 = VECTOR('',#1397,1.);
#1397 = DIRECTION('',(1.,0.,0.));
#1398 = PCURVE('',#649,#1399);
#1399 = DEFINITIONAL_REPRESENTATION('',(#1400),#1404);
#1400 = LINE('',#1401,#1402);
#1401 = CARTESIAN_POINT('',(0.,-7.771561172376E-16));
#1402 = VECTOR('',#1403,1.);
#1403 = DIRECTION('',(1.,0.));
#1404 = ( GEOMETRIC_REPRESENTATION_CONTEXT(2) 
PARAMETRIC_REPRESENTATION_CONTEXT() REPRESENTATION_CONTEXT('2D SPACE',''
  ) );
#1405 = PCURVE('',#675,#1406);
#1406 = DEFINITIONAL_REPRESENTATION('',(#1407),#1411);
#1407 = LINE('',#1408,#1409);
#1408 = CARTESIAN_POINT('',(-14.1332940251,-2.553512956638E-15));
#1409 = VECTOR('',#1410,1.);
#1410 = DIRECTION('',(1.,0.));
#1411 = ( GEOMETRIC_REPRESENTATION_CONTEXT(2) 
PARAMETRIC_REPRESENTATION_CONTEXT() REPRESENTATION_CONTEXT('2D SPACE',''
  ) );
#1412 = ORIENTED_EDGE('',*,*,#1090,.F.);
#1413 = ADVANCED_FACE('',(#1414,#1440,#1471),#675,.F.);
#1414 = FACE_BOUND('',#1415,.F.);
#1415 = EDGE_LOOP('',(#1416,#1437,#1438,#1439));
#1416 = ORIENTED_EDGE('',*,*,#1417,.T.);
#1417 = EDGE_CURVE('',#1091,#1236,#1418,.T.);
#1418 = SURFACE_CURVE('',#1419,(#1423,#1430),.PCURVE_S1.);
#1419 = LINE('',#1420,#1421);
#1420 = CARTESIAN_POINT('',(14.133294025103,-0.5,7.499999999999));
#1421 = VECTOR('',#1422,1.);
#1422 = DIRECTION('',(0.,1.,6.630669073875E-16));
#1423 = PCURVE('',#675,#1424);
#1424 = DEFINITIONAL_REPRESENTATION('',(#1425),#1429);
#1425 = LINE('',#1426,#1427);
#1426 = CARTESIAN_POINT('',(0.,0.));
#1427 = VECTOR('',#1428,1.);
#1428 = DIRECTION('',(0.,-1.));
#1429 = ( GEOMETRIC_REPRESENTATION_CONTEXT(2) 
PARAMETRIC_REPRESENTATION_CONTEXT() REPRESENTATION_CONTEXT('2D SPACE',''
  ) );
#1430 = PCURVE('',#732,#1431);
#1431 = DEFINITIONAL_REPRESENTATION('',(#1432),#1436);
#1432 = LINE('',#1433,#1434);
#1433 = CARTESIAN_POINT('',(-5.795310159639,0.));
#1434 = VECTOR('',#1435,1.);
#1435 = DIRECTION('',(-0.,-1.));
#1436 = ( GEOMETRIC_REPRESENTATION_CONTEXT(2) 
PARAMETRIC_REPRESENTATION_CONTEXT() REPRESENTATION_CONTEXT('2D SPACE',''
  ) );
#1437 = ORIENTED_EDGE('',*,*,#1235,.T.);
#1438 = ORIENTED_EDGE('',*,*,#661,.F.);
#1439 = ORIENTED_EDGE('',*,*,#1392,.F.);
#1440 = FACE_BOUND('',#1441,.F.);
#1441 = EDGE_LOOP('',(#1442));
#1442 = ORIENTED_EDGE('',*,*,#1443,.F.);
#1443 = EDGE_CURVE('',#1444,#1444,#1446,.T.);
#1444 = VERTEX_POINT('',#1445);
#1445 = CARTESIAN_POINT('',(57.35,4.5,7.499999999999));
#1446 = SURFACE_CURVE('',#1447,(#1452,#1459),.PCURVE_S1.);
#1447 = CIRCLE('',#1448,1.35);
#1448 = AXIS2_PLACEMENT_3D('',#1449,#1450,#1451);
#1449 = CARTESIAN_POINT('',(56.,4.5,7.499999999999));
#1450 = DIRECTION('',(0.,3.330669073875E-16,-1.));
#1451 = DIRECTION('',(1.,0.,0.));
#1452 = PCURVE('',#675,#1453);
#1453 = DEFINITIONAL_REPRESENTATION('',(#1454),#1458);
#1454 = CIRCLE('',#1455,1.35);
#1455 = AXIS2_PLACEMENT_2D('',#1456,#1457);
#1456 = CARTESIAN_POINT('',(41.866705974897,-5.));
#1457 = DIRECTION('',(1.,0.));
#1458 = ( GEOMETRIC_REPRESENTATION_CONTEXT(2) 
PARAMETRIC_REPRESENTATION_CONTEXT() REPRESENTATION_CONTEXT('2D SPACE',''
  ) );
#1459 = PCURVE('',#1460,#1465);
#1460 = CYLINDRICAL_SURFACE('',#1461,1.35);
#1461 = AXIS2_PLACEMENT_3D('',#1462,#1463,#1464);
#1462 = CARTESIAN_POINT('',(56.,4.5,3.));
#1463 = DIRECTION('',(0.,3.330669073875E-16,-1.));
#1464 = DIRECTION('',(1.,0.,0.));
#1465 = DEFINITIONAL_REPRESENTATION('',(#1466),#1470);
#1466 = LINE('',#1467,#1468);
#1467 = CARTESIAN_POINT('',(0.,-4.499999999999));
#1468 = VECTOR('',#1469,1.);
#1469 = DIRECTION('',(1.,0.));
#1470 = ( GEOMETRIC_REPRESENTATION_CONTEXT(2) 
PARAMETRIC_REPRESENTATION_CONTEXT() REPRESENTATION_CONTEXT('2D SPACE',''
  ) );
#1471 = FACE_BOUND('',#1472,.F.);
#1472 = EDGE_LOOP('',(#1473,#1503,#1531,#1559,#1587,#1615));
#1473 = ORIENTED_EDGE('',*,*,#1474,.T.);
#1474 = EDGE_CURVE('',#1475,#1477,#1479,.T.);
#1475 = VERTEX_POINT('',#1476);
#1476 = CARTESIAN_POINT('',(44.587713240272,7.250000000001,
    7.499999999999));
#1477 = VERTEX_POINT('',#1478);
#1478 = CARTESIAN_POINT('',(41.412286759724,7.249999999999,
    7.499999999999));
#1479 = SURFACE_CURVE('',#1480,(#1484,#1491),.PCURVE_S1.);
#1480 = LINE('',#1481,#1482);
#1481 = CARTESIAN_POINT('',(44.587713240272,7.250000000001,
    7.499999999999));
#1482 = VECTOR('',#1483,1.);
#1483 = DIRECTION('',(-1.,-6.8639E-13,-2.286137945617E-28));
#1484 = PCURVE('',#675,#1485);
#1485 = DEFINITIONAL_REPRESENTATION('',(#1486),#1490);
#1486 = LINE('',#1487,#1488);
#1487 = CARTESIAN_POINT('',(30.454419215169,-7.750000000001));
#1488 = VECTOR('',#1489,1.);
#1489 = DIRECTION('',(-1.,6.8639E-13));
#1490 = ( GEOMETRIC_REPRESENTATION_CONTEXT(2) 
PARAMETRIC_REPRESENTATION_CONTEXT() REPRESENTATION_CONTEXT('2D SPACE',''
  ) );
#1491 = PCURVE('',#1492,#1497);
#1492 = PLANE('',#1493);
#1493 = AXIS2_PLACEMENT_3D('',#1494,#1495,#1496);
#1494 = CARTESIAN_POINT('',(44.587713240272,7.250000000001,
    7.499999999999));
#1495 = DIRECTION('',(-6.8639E-13,1.,4.430669073875E-16));
#1496 = DIRECTION('',(-1.,-6.8639E-13,-2.286137945617E-28));
#1497 = DEFINITIONAL_REPRESENTATION('',(#1498),#1502);
#1498 = LINE('',#1499,#1500);
#1499 = CARTESIAN_POINT('',(1.353665591837E-43,-8.881784197001E-16));
#1500 = VECTOR('',#1501,1.);
#1501 = DIRECTION('',(1.,2.24207754292E-44));
#1502 = ( GEOMETRIC_REPRESENTATION_CONTEXT(2) 
PARAMETRIC_REPRESENTATION_CONTEXT() REPRESENTATION_CONTEXT('2D SPACE',''
  ) );
#1503 = ORIENTED_EDGE('',*,*,#1504,.T.);
#1504 = EDGE_CURVE('',#1477,#1505,#1507,.T.);
#1505 = VERTEX_POINT('',#1506);
#1506 = CARTESIAN_POINT('',(39.824573519456,4.499999999995,
    7.499999999999));
#1507 = SURFACE_CURVE('',#1508,(#1512,#1519),.PCURVE_S1.);
#1508 = LINE('',#1509,#1510);
#1509 = CARTESIAN_POINT('',(41.412286759724,7.249999999999,
    7.499999999999));
#1510 = VECTOR('',#1511,1.);
#1511 = DIRECTION('',(-0.499999999999,-0.866025403785,
    -2.884444029578E-16));
#1512 = PCURVE('',#675,#1513);
#1513 = DEFINITIONAL_REPRESENTATION('',(#1514),#1518);
#1514 = LINE('',#1515,#1516);
#1515 = CARTESIAN_POINT('',(27.278992734621,-7.749999999999));
#1516 = VECTOR('',#1517,1.);
#1517 = DIRECTION('',(-0.499999999999,0.866025403785));
#1518 = ( GEOMETRIC_REPRESENTATION_CONTEXT(2) 
PARAMETRIC_REPRESENTATION_CONTEXT() REPRESENTATION_CONTEXT('2D SPACE',''
  ) );
#1519 = PCURVE('',#1520,#1525);
#1520 = PLANE('',#1521);
#1521 = AXIS2_PLACEMENT_3D('',#1522,#1523,#1524);
#1522 = CARTESIAN_POINT('',(41.412286759724,7.249999999999,
    7.499999999999));
#1523 = DIRECTION('',(-0.866025403785,0.499999999999,2.265334536933E-16)
  );
#1524 = DIRECTION('',(-0.499999999999,-0.866025403785,
    -3.884444029578E-16));
#1525 = DEFINITIONAL_REPRESENTATION('',(#1526),#1530);
#1526 = LINE('',#1527,#1528);
#1527 = CARTESIAN_POINT('',(-7.691850745541E-16,-8.881784197001E-16));
#1528 = VECTOR('',#1529,1.);
#1529 = DIRECTION('',(1.,1.E-16));
#1530 = ( GEOMETRIC_REPRESENTATION_CONTEXT(2) 
PARAMETRIC_REPRESENTATION_CONTEXT() REPRESENTATION_CONTEXT('2D SPACE',''
  ) );
#1531 = ORIENTED_EDGE('',*,*,#1532,.T.);
#1532 = EDGE_CURVE('',#1505,#1533,#1535,.T.);
#1533 = VERTEX_POINT('',#1534);
#1534 = CARTESIAN_POINT('',(41.412286759729,1.749999999999,
    7.499999999999));
#1535 = SURFACE_CURVE('',#1536,(#1540,#1547),.PCURVE_S1.);
#1536 = LINE('',#1537,#1538);
#1537 = CARTESIAN_POINT('',(39.824573519456,4.499999999995,
    7.499999999999));
#1538 = VECTOR('',#1539,1.);
#1539 = DIRECTION('',(0.500000000001,-0.866025403784,-2.884444029574E-16
    ));
#1540 = PCURVE('',#675,#1541);
#1541 = DEFINITIONAL_REPRESENTATION('',(#1542),#1546);
#1542 = LINE('',#1543,#1544);
#1543 = CARTESIAN_POINT('',(25.691279494353,-4.999999999995));
#1544 = VECTOR('',#1545,1.);
#1545 = DIRECTION('',(0.500000000001,0.866025403784));
#1546 = ( GEOMETRIC_REPRESENTATION_CONTEXT(2) 
PARAMETRIC_REPRESENTATION_CONTEXT() REPRESENTATION_CONTEXT('2D SPACE',''
  ) );
#1547 = PCURVE('',#1548,#1553);
#1548 = PLANE('',#1549);
#1549 = AXIS2_PLACEMENT_3D('',#1550,#1551,#1552);
#1550 = CARTESIAN_POINT('',(39.824573519456,4.499999999995,
    7.499999999999));
#1551 = DIRECTION('',(-0.866025403784,-0.500000000001,
    -2.265334536941E-16));
#1552 = DIRECTION('',(0.500000000001,-0.866025403784,-3.884444029574E-16
    ));
#1553 = DEFINITIONAL_REPRESENTATION('',(#1554),#1558);
#1554 = LINE('',#1555,#1556);
#1555 = CARTESIAN_POINT('',(-7.69185074553E-16,-1.7763568394E-15));
#1556 = VECTOR('',#1557,1.);
#1557 = DIRECTION('',(1.,1.E-16));
#1558 = ( GEOMETRIC_REPRESENTATION_CONTEXT(2) 
PARAMETRIC_REPRESENTATION_CONTEXT() REPRESENTATION_CONTEXT('2D SPACE',''
  ) );
#1559 = ORIENTED_EDGE('',*,*,#1560,.T.);
#1560 = EDGE_CURVE('',#1533,#1561,#1563,.T.);
#1561 = VERTEX_POINT('',#1562);
#1562 = CARTESIAN_POINT('',(44.587713240271,1.749999999999,
    7.499999999999));
#1563 = SURFACE_CURVE('',#1564,(#1568,#1575),.PCURVE_S1.);
#1564 = LINE('',#1565,#1566);
#1565 = CARTESIAN_POINT('',(41.412286759729,1.749999999999,
    7.499999999999));
#1566 = VECTOR('',#1567,1.);
#1567 = DIRECTION('',(1.,-0.,0.));
#1568 = PCURVE('',#675,#1569);
#1569 = DEFINITIONAL_REPRESENTATION('',(#1570),#1574);
#1570 = LINE('',#1571,#1572);
#1571 = CARTESIAN_POINT('',(27.278992734627,-2.249999999999));
#1572 = VECTOR('',#1573,1.);
#1573 = DIRECTION('',(1.,0.));
#1574 = ( GEOMETRIC_REPRESENTATION_CONTEXT(2) 
PARAMETRIC_REPRESENTATION_CONTEXT() REPRESENTATION_CONTEXT('2D SPACE',''
  ) );
#1575 = PCURVE('',#1576,#1581);
#1576 = PLANE('',#1577);
#1577 = AXIS2_PLACEMENT_3D('',#1578,#1579,#1580);
#1578 = CARTESIAN_POINT('',(41.412286759729,1.749999999999,
    7.499999999999));
#1579 = DIRECTION('',(0.,-1.,-4.430669073875E-16));
#1580 = DIRECTION('',(1.,0.,0.));
#1581 = DEFINITIONAL_REPRESENTATION('',(#1582),#1586);
#1582 = LINE('',#1583,#1584);
#1583 = CARTESIAN_POINT('',(0.,-8.881784197001E-16));
#1584 = VECTOR('',#1585,1.);
#1585 = DIRECTION('',(1.,0.));
#1586 = ( GEOMETRIC_REPRESENTATION_CONTEXT(2) 
PARAMETRIC_REPRESENTATION_CONTEXT() REPRESENTATION_CONTEXT('2D SPACE',''
  ) );
#1587 = ORIENTED_EDGE('',*,*,#1588,.T.);
#1588 = EDGE_CURVE('',#1561,#1589,#1591,.T.);
#1589 = VERTEX_POINT('',#1590);
#1590 = CARTESIAN_POINT('',(46.175426480544,4.499999999999,
    7.499999999999));
#1591 = SURFACE_CURVE('',#1592,(#1596,#1603),.PCURVE_S1.);
#1592 = LINE('',#1593,#1594);
#1593 = CARTESIAN_POINT('',(44.587713240271,1.749999999999,
    7.499999999999));
#1594 = VECTOR('',#1595,1.);
#1595 = DIRECTION('',(0.5,0.866025403784,2.884444029575E-16));
#1596 = PCURVE('',#675,#1597);
#1597 = DEFINITIONAL_REPRESENTATION('',(#1598),#1602);
#1598 = LINE('',#1599,#1600);
#1599 = CARTESIAN_POINT('',(30.454419215168,-2.249999999999));
#1600 = VECTOR('',#1601,1.);
#1601 = DIRECTION('',(0.5,-0.866025403784));
#1602 = ( GEOMETRIC_REPRESENTATION_CONTEXT(2) 
PARAMETRIC_REPRESENTATION_CONTEXT() REPRESENTATION_CONTEXT('2D SPACE',''
  ) );
#1603 = PCURVE('',#1604,#1609);
#1604 = PLANE('',#1605);
#1605 = AXIS2_PLACEMENT_3D('',#1606,#1607,#1608);
#1606 = CARTESIAN_POINT('',(44.587713240271,1.749999999999,
    7.499999999999));
#1607 = DIRECTION('',(0.866025403784,-0.5,-2.265334536939E-16));
#1608 = DIRECTION('',(0.5,0.866025403784,3.884444029575E-16));
#1609 = DEFINITIONAL_REPRESENTATION('',(#1610),#1614);
#1610 = LINE('',#1611,#1612);
#1611 = CARTESIAN_POINT('',(9.614813431916E-16,-8.881784197001E-16));
#1612 = VECTOR('',#1613,1.);
#1613 = DIRECTION('',(1.,-1.E-16));
#1614 = ( GEOMETRIC_REPRESENTATION_CONTEXT(2) 
PARAMETRIC_REPRESENTATION_CONTEXT() REPRESENTATION_CONTEXT('2D SPACE',''
  ) );
#1615 = ORIENTED_EDGE('',*,*,#1616,.T.);
#1616 = EDGE_CURVE('',#1589,#1475,#1617,.T.);
#1617 = SURFACE_CURVE('',#1618,(#1622,#1629),.PCURVE_S1.);
#1618 = LINE('',#1619,#1620);
#1619 = CARTESIAN_POINT('',(46.175426480544,4.499999999999,
    7.499999999999));
#1620 = VECTOR('',#1621,1.);
#1621 = DIRECTION('',(-0.5,0.866025403785,2.884444029576E-16));
#1622 = PCURVE('',#675,#1623);
#1623 = DEFINITIONAL_REPRESENTATION('',(#1624),#1628);
#1624 = LINE('',#1625,#1626);
#1625 = CARTESIAN_POINT('',(32.042132455441,-4.999999999999));
#1626 = VECTOR('',#1627,1.);
#1627 = DIRECTION('',(-0.5,-0.866025403785));
#1628 = ( GEOMETRIC_REPRESENTATION_CONTEXT(2) 
PARAMETRIC_REPRESENTATION_CONTEXT() REPRESENTATION_CONTEXT('2D SPACE',''
  ) );
#1629 = PCURVE('',#1630,#1635);
#1630 = PLANE('',#1631);
#1631 = AXIS2_PLACEMENT_3D('',#1632,#1633,#1634);
#1632 = CARTESIAN_POINT('',(46.175426480544,4.499999999999,
    7.499999999999));
#1633 = DIRECTION('',(0.866025403785,0.5,2.265334536937E-16));
#1634 = DIRECTION('',(-0.5,0.866025403785,3.884444029576E-16));
#1635 = DEFINITIONAL_REPRESENTATION('',(#1636),#1640);
#1636 = LINE('',#1637,#1638);
#1637 = CARTESIAN_POINT('',(7.691850745535E-16,-1.7763568394E-15));
#1638 = VECTOR('',#1639,1.);
#1639 = DIRECTION('',(1.,-1.E-16));
#1640 = ( GEOMETRIC_REPRESENTATION_CONTEXT(2) 
PARAMETRIC_REPRESENTATION_CONTEXT() REPRESENTATION_CONTEXT('2D SPACE',''
  ) );
#1641 = ADVANCED_FACE('',(#1642),#732,.F.);
#1642 = FACE_BOUND('',#1643,.T.);
#1643 = EDGE_LOOP('',(#1644,#1645,#1646,#1647));
#1644 = ORIENTED_EDGE('',*,*,#1417,.T.);
#1645 = ORIENTED_EDGE('',*,*,#1260,.T.);
#1646 = ORIENTED_EDGE('',*,*,#716,.F.);
#1647 = ORIENTED_EDGE('',*,*,#1113,.F.);
#1648 = ADVANCED_FACE('',(#1649),#785,.F.);
#1649 = FACE_BOUND('',#1650,.F.);
#1650 = EDGE_LOOP('',(#1651,#1674,#1702,#1723));
#1651 = ORIENTED_EDGE('',*,*,#1652,.T.);
#1652 = EDGE_CURVE('',#768,#1653,#1655,.T.);
#1653 = VERTEX_POINT('',#1654);
#1654 = CARTESIAN_POINT('',(54.267949192431,7.5,3.));
#1655 = SURFACE_CURVE('',#1656,(#1660,#1667),.PCURVE_S1.);
#1656 = LINE('',#1657,#1658);
#1657 = CARTESIAN_POINT('',(54.267949192431,7.5,7.4545352591E-15));
#1658 = VECTOR('',#1659,1.);
#1659 = DIRECTION('',(0.,-4.430669073875E-16,1.));
#1660 = PCURVE('',#785,#1661);
#1661 = DEFINITIONAL_REPRESENTATION('',(#1662),#1666);
#1662 = LINE('',#1663,#1664);
#1663 = CARTESIAN_POINT('',(0.,0.));
#1664 = VECTOR('',#1665,1.);
#1665 = DIRECTION('',(1.133E-31,-1.));
#1666 = ( GEOMETRIC_REPRESENTATION_CONTEXT(2) 
PARAMETRIC_REPRESENTATION_CONTEXT() REPRESENTATION_CONTEXT('2D SPACE',''
  ) );
#1667 = PCURVE('',#923,#1668);
#1668 = DEFINITIONAL_REPRESENTATION('',(#1669),#1673);
#1669 = LINE('',#1670,#1671);
#1670 = CARTESIAN_POINT('',(3.464101615138,1.641016151378E-17));
#1671 = VECTOR('',#1672,1.);
#1672 = DIRECTION('',(4.737205583711E-18,-1.));
#1673 = ( GEOMETRIC_REPRESENTATION_CONTEXT(2) 
PARAMETRIC_REPRESENTATION_CONTEXT() REPRESENTATION_CONTEXT('2D SPACE',''
  ) );
#1674 = ORIENTED_EDGE('',*,*,#1675,.T.);
#1675 = EDGE_CURVE('',#1653,#1676,#1678,.T.);
#1676 = VERTEX_POINT('',#1677);
#1677 = CARTESIAN_POINT('',(57.732050807569,7.5,3.));
#1678 = SURFACE_CURVE('',#1679,(#1683,#1690),.PCURVE_S1.);
#1679 = LINE('',#1680,#1681);
#1680 = CARTESIAN_POINT('',(54.267949192431,7.5,3.));
#1681 = VECTOR('',#1682,1.);
#1682 = DIRECTION('',(1.,-1.03E-15,-3.430589146092E-31));
#1683 = PCURVE('',#785,#1684);
#1684 = DEFINITIONAL_REPRESENTATION('',(#1685),#1689);
#1685 = LINE('',#1686,#1687);
#1686 = CARTESIAN_POINT('',(2.287059430728E-31,-3.));
#1687 = VECTOR('',#1688,1.);
#1688 = DIRECTION('',(1.,0.));
#1689 = ( GEOMETRIC_REPRESENTATION_CONTEXT(2) 
PARAMETRIC_REPRESENTATION_CONTEXT() REPRESENTATION_CONTEXT('2D SPACE',''
  ) );
#1690 = PCURVE('',#1691,#1696);
#1691 = PLANE('',#1692);
#1692 = AXIS2_PLACEMENT_3D('',#1693,#1694,#1695);
#1693 = CARTESIAN_POINT('',(56.,4.5,3.));
#1694 = DIRECTION('',(0.,-3.330669073875E-16,1.));
#1695 = DIRECTION('',(1.,0.,0.));
#1696 = DEFINITIONAL_REPRESENTATION('',(#1697),#1701);
#1697 = LINE('',#1698,#1699);
#1698 = CARTESIAN_POINT('',(-1.732050807569,3.));
#1699 = VECTOR('',#1700,1.);
#1700 = DIRECTION('',(1.,-1.03E-15));
#1701 = ( GEOMETRIC_REPRESENTATION_CONTEXT(2) 
PARAMETRIC_REPRESENTATION_CONTEXT() REPRESENTATION_CONTEXT('2D SPACE',''
  ) );
#1702 = ORIENTED_EDGE('',*,*,#1703,.F.);
#1703 = EDGE_CURVE('',#770,#1676,#1704,.T.);
#1704 = SURFACE_CURVE('',#1705,(#1709,#1716),.PCURVE_S1.);
#1705 = LINE('',#1706,#1707);
#1706 = CARTESIAN_POINT('',(57.732050807569,7.5,7.4545352591E-15));
#1707 = VECTOR('',#1708,1.);
#1708 = DIRECTION('',(0.,-4.430669073875E-16,1.));
#1709 = PCURVE('',#785,#1710);
#1710 = DEFINITIONAL_REPRESENTATION('',(#1711),#1715);
#1711 = LINE('',#1712,#1713);
#1712 = CARTESIAN_POINT('',(3.464101615138,1.684208327053E-33));
#1713 = VECTOR('',#1714,1.);
#1714 = DIRECTION('',(1.133E-31,-1.));
#1715 = ( GEOMETRIC_REPRESENTATION_CONTEXT(2) 
PARAMETRIC_REPRESENTATION_CONTEXT() REPRESENTATION_CONTEXT('2D SPACE',''
  ) );
#1716 = PCURVE('',#813,#1717);
#1717 = DEFINITIONAL_REPRESENTATION('',(#1718),#1722);
#1718 = LINE('',#1719,#1720);
#1719 = CARTESIAN_POINT('',(0.,0.));
#1720 = VECTOR('',#1721,1.);
#1721 = DIRECTION('',(-4.737205583712E-18,-1.));
#1722 = ( GEOMETRIC_REPRESENTATION_CONTEXT(2) 
PARAMETRIC_REPRESENTATION_CONTEXT() REPRESENTATION_CONTEXT('2D SPACE',''
  ) );
#1723 = ORIENTED_EDGE('',*,*,#767,.F.);
#1724 = ADVANCED_FACE('',(#1725),#923,.F.);
#1725 = FACE_BOUND('',#1726,.F.);
#1726 = EDGE_LOOP('',(#1727,#1750,#1771,#1772));
#1727 = ORIENTED_EDGE('',*,*,#1728,.T.);
#1728 = EDGE_CURVE('',#882,#1729,#1731,.T.);
#1729 = VERTEX_POINT('',#1730);
#1730 = CARTESIAN_POINT('',(52.535898384862,4.5,3.));
#1731 = SURFACE_CURVE('',#1732,(#1736,#1743),.PCURVE_S1.);
#1732 = LINE('',#1733,#1734);
#1733 = CARTESIAN_POINT('',(52.535898384862,4.5,6.125334536938E-15));
#1734 = VECTOR('',#1735,1.);
#1735 = DIRECTION('',(0.,-4.430669073875E-16,1.));
#1736 = PCURVE('',#923,#1737);
#1737 = DEFINITIONAL_REPRESENTATION('',(#1738),#1742);
#1738 = LINE('',#1739,#1740);
#1739 = CARTESIAN_POINT('',(0.,0.));
#1740 = VECTOR('',#1741,1.);
#1741 = DIRECTION('',(4.737205583711E-18,-1.));
#1742 = ( GEOMETRIC_REPRESENTATION_CONTEXT(2) 
PARAMETRIC_REPRESENTATION_CONTEXT() REPRESENTATION_CONTEXT('2D SPACE',''
  ) );
#1743 = PCURVE('',#897,#1744);
#1744 = DEFINITIONAL_REPRESENTATION('',(#1745),#1749);
#1745 = LINE('',#1746,#1747);
#1746 = CARTESIAN_POINT('',(3.464101615138,6.410161513775E-18));
#1747 = VECTOR('',#1748,1.);
#1748 = DIRECTION('',(4.737205583712E-18,-1.));
#1749 = ( GEOMETRIC_REPRESENTATION_CONTEXT(2) 
PARAMETRIC_REPRESENTATION_CONTEXT() REPRESENTATION_CONTEXT('2D SPACE',''
  ) );
#1750 = ORIENTED_EDGE('',*,*,#1751,.T.);
#1751 = EDGE_CURVE('',#1729,#1653,#1752,.T.);
#1752 = SURFACE_CURVE('',#1753,(#1757,#1764),.PCURVE_S1.);
#1753 = LINE('',#1754,#1755);
#1754 = CARTESIAN_POINT('',(52.535898384862,4.5,3.));
#1755 = VECTOR('',#1756,1.);
#1756 = DIRECTION('',(0.5,0.866025403784,2.884444029575E-16));
#1757 = PCURVE('',#923,#1758);
#1758 = DEFINITIONAL_REPRESENTATION('',(#1759),#1763);
#1759 = LINE('',#1760,#1761);
#1760 = CARTESIAN_POINT('',(8.768888059151E-16,-3.));
#1761 = VECTOR('',#1762,1.);
#1762 = DIRECTION('',(1.,1.E-16));
#1763 = ( GEOMETRIC_REPRESENTATION_CONTEXT(2) 
PARAMETRIC_REPRESENTATION_CONTEXT() REPRESENTATION_CONTEXT('2D SPACE',''
  ) );
#1764 = PCURVE('',#1691,#1765);
#1765 = DEFINITIONAL_REPRESENTATION('',(#1766),#1770);
#1766 = LINE('',#1767,#1768);
#1767 = CARTESIAN_POINT('',(-3.464101615138,-6.217248937901E-15));
#1768 = VECTOR('',#1769,1.);
#1769 = DIRECTION('',(0.5,0.866025403784));
#1770 = ( GEOMETRIC_REPRESENTATION_CONTEXT(2) 
PARAMETRIC_REPRESENTATION_CONTEXT() REPRESENTATION_CONTEXT('2D SPACE',''
  ) );
#1771 = ORIENTED_EDGE('',*,*,#1652,.F.);
#1772 = ORIENTED_EDGE('',*,*,#909,.F.);
#1773 = ADVANCED_FACE('',(#1774),#813,.F.);
#1774 = FACE_BOUND('',#1775,.F.);
#1775 = EDGE_LOOP('',(#1776,#1777,#1800,#1821));
#1776 = ORIENTED_EDGE('',*,*,#1703,.T.);
#1777 = ORIENTED_EDGE('',*,*,#1778,.T.);
#1778 = EDGE_CURVE('',#1676,#1779,#1781,.T.);
#1779 = VERTEX_POINT('',#1780);
#1780 = CARTESIAN_POINT('',(59.464101615138,4.5,3.));
#1781 = SURFACE_CURVE('',#1782,(#1786,#1793),.PCURVE_S1.);
#1782 = LINE('',#1783,#1784);
#1783 = CARTESIAN_POINT('',(57.732050807569,7.5,3.));
#1784 = VECTOR('',#1785,1.);
#1785 = DIRECTION('',(0.5,-0.866025403784,-2.884444029575E-16));
#1786 = PCURVE('',#813,#1787);
#1787 = DEFINITIONAL_REPRESENTATION('',(#1788),#1792);
#1788 = LINE('',#1789,#1790);
#1789 = CARTESIAN_POINT('',(-8.768888059151E-16,-3.));
#1790 = VECTOR('',#1791,1.);
#1791 = DIRECTION('',(1.,-1.E-16));
#1792 = ( GEOMETRIC_REPRESENTATION_CONTEXT(2) 
PARAMETRIC_REPRESENTATION_CONTEXT() REPRESENTATION_CONTEXT('2D SPACE',''
  ) );
#1793 = PCURVE('',#1691,#1794);
#1794 = DEFINITIONAL_REPRESENTATION('',(#1795),#1799);
#1795 = LINE('',#1796,#1797);
#1796 = CARTESIAN_POINT('',(1.732050807569,3.));
#1797 = VECTOR('',#1798,1.);
#1798 = DIRECTION('',(0.5,-0.866025403784));
#1799 = ( GEOMETRIC_REPRESENTATION_CONTEXT(2) 
PARAMETRIC_REPRESENTATION_CONTEXT() REPRESENTATION_CONTEXT('2D SPACE',''
  ) );
#1800 = ORIENTED_EDGE('',*,*,#1801,.F.);
#1801 = EDGE_CURVE('',#798,#1779,#1802,.T.);
#1802 = SURFACE_CURVE('',#1803,(#1807,#1814),.PCURVE_S1.);
#1803 = LINE('',#1804,#1805);
#1804 = CARTESIAN_POINT('',(59.464101615138,4.5,6.125334536938E-15));
#1805 = VECTOR('',#1806,1.);
#1806 = DIRECTION('',(0.,-4.430669073875E-16,1.));
#1807 = PCURVE('',#813,#1808);
#1808 = DEFINITIONAL_REPRESENTATION('',(#1809),#1813);
#1809 = LINE('',#1810,#1811);
#1810 = CARTESIAN_POINT('',(3.464101615138,-1.641016151377E-17));
#1811 = VECTOR('',#1812,1.);
#1812 = DIRECTION('',(-4.737205583712E-18,-1.));
#1813 = ( GEOMETRIC_REPRESENTATION_CONTEXT(2) 
PARAMETRIC_REPRESENTATION_CONTEXT() REPRESENTATION_CONTEXT('2D SPACE',''
  ) );
#1814 = PCURVE('',#841,#1815);
#1815 = DEFINITIONAL_REPRESENTATION('',(#1816),#1820);
#1816 = LINE('',#1817,#1818);
#1817 = CARTESIAN_POINT('',(-0.,0.));
#1818 = VECTOR('',#1819,1.);
#1819 = DIRECTION('',(-4.737205583712E-18,-1.));
#1820 = ( GEOMETRIC_REPRESENTATION_CONTEXT(2) 
PARAMETRIC_REPRESENTATION_CONTEXT() REPRESENTATION_CONTEXT('2D SPACE',''
  ) );
#1821 = ORIENTED_EDGE('',*,*,#797,.F.);
#1822 = ADVANCED_FACE('',(#1823),#897,.F.);
#1823 = FACE_BOUND('',#1824,.F.);
#1824 = EDGE_LOOP('',(#1825,#1848,#1869,#1870));
#1825 = ORIENTED_EDGE('',*,*,#1826,.T.);
#1826 = EDGE_CURVE('',#854,#1827,#1829,.T.);
#1827 = VERTEX_POINT('',#1828);
#1828 = CARTESIAN_POINT('',(54.267949192431,1.5,3.));
#1829 = SURFACE_CURVE('',#1830,(#1834,#1841),.PCURVE_S1.);
#1830 = LINE('',#1831,#1832);
#1831 = CARTESIAN_POINT('',(54.267949192431,1.5,4.786133814775E-15));
#1832 = VECTOR('',#1833,1.);
#1833 = DIRECTION('',(0.,-4.430669073875E-16,1.));
#1834 = PCURVE('',#897,#1835);
#1835 = DEFINITIONAL_REPRESENTATION('',(#1836),#1840);
#1836 = LINE('',#1837,#1838);
#1837 = CARTESIAN_POINT('',(0.,0.));
#1838 = VECTOR('',#1839,1.);
#1839 = DIRECTION('',(4.737205583712E-18,-1.));
#1840 = ( GEOMETRIC_REPRESENTATION_CONTEXT(2) 
PARAMETRIC_REPRESENTATION_CONTEXT() REPRESENTATION_CONTEXT('2D SPACE',''
  ) );
#1841 = PCURVE('',#869,#1842);
#1842 = DEFINITIONAL_REPRESENTATION('',(#1843),#1847);
#1843 = LINE('',#1844,#1845);
#1844 = CARTESIAN_POINT('',(3.464101615138,0.));
#1845 = VECTOR('',#1846,1.);
#1846 = DIRECTION('',(0.,-1.));
#1847 = ( GEOMETRIC_REPRESENTATION_CONTEXT(2) 
PARAMETRIC_REPRESENTATION_CONTEXT() REPRESENTATION_CONTEXT('2D SPACE',''
  ) );
#1848 = ORIENTED_EDGE('',*,*,#1849,.T.);
#1849 = EDGE_CURVE('',#1827,#1729,#1850,.T.);
#1850 = SURFACE_CURVE('',#1851,(#1855,#1862),.PCURVE_S1.);
#1851 = LINE('',#1852,#1853);
#1852 = CARTESIAN_POINT('',(54.267949192431,1.5,3.));
#1853 = VECTOR('',#1854,1.);
#1854 = DIRECTION('',(-0.5,0.866025403784,2.884444029575E-16));
#1855 = PCURVE('',#897,#1856);
#1856 = DEFINITIONAL_REPRESENTATION('',(#1857),#1861);
#1857 = LINE('',#1858,#1859);
#1858 = CARTESIAN_POINT('',(4.922962686384E-16,-3.));
#1859 = VECTOR('',#1860,1.);
#1860 = DIRECTION('',(1.,1.E-16));
#1861 = ( GEOMETRIC_REPRESENTATION_CONTEXT(2) 
PARAMETRIC_REPRESENTATION_CONTEXT() REPRESENTATION_CONTEXT('2D SPACE',''
  ) );
#1862 = PCURVE('',#1691,#1863);
#1863 = DEFINITIONAL_REPRESENTATION('',(#1864),#1868);
#1864 = LINE('',#1865,#1866);
#1865 = CARTESIAN_POINT('',(-1.732050807569,-3.));
#1866 = VECTOR('',#1867,1.);
#1867 = DIRECTION('',(-0.5,0.866025403784));
#1868 = ( GEOMETRIC_REPRESENTATION_CONTEXT(2) 
PARAMETRIC_REPRESENTATION_CONTEXT() REPRESENTATION_CONTEXT('2D SPACE',''
  ) );
#1869 = ORIENTED_EDGE('',*,*,#1728,.F.);
#1870 = ORIENTED_EDGE('',*,*,#881,.F.);
#1871 = ADVANCED_FACE('',(#1872),#841,.F.);
#1872 = FACE_BOUND('',#1873,.F.);
#1873 = EDGE_LOOP('',(#1874,#1875,#1898,#1919));
#1874 = ORIENTED_EDGE('',*,*,#1801,.T.);
#1875 = ORIENTED_EDGE('',*,*,#1876,.T.);
#1876 = EDGE_CURVE('',#1779,#1877,#1879,.T.);
#1877 = VERTEX_POINT('',#1878);
#1878 = CARTESIAN_POINT('',(57.732050807569,1.5,3.));
#1879 = SURFACE_CURVE('',#1880,(#1884,#1891),.PCURVE_S1.);
#1880 = LINE('',#1881,#1882);
#1881 = CARTESIAN_POINT('',(59.464101615138,4.5,3.));
#1882 = VECTOR('',#1883,1.);
#1883 = DIRECTION('',(-0.5,-0.866025403784,-2.884444029575E-16));
#1884 = PCURVE('',#841,#1885);
#1885 = DEFINITIONAL_REPRESENTATION('',(#1886),#1890);
#1886 = LINE('',#1887,#1888);
#1887 = CARTESIAN_POINT('',(-8.768888059151E-16,-3.));
#1888 = VECTOR('',#1889,1.);
#1889 = DIRECTION('',(1.,-1.E-16));
#1890 = ( GEOMETRIC_REPRESENTATION_CONTEXT(2) 
PARAMETRIC_REPRESENTATION_CONTEXT() REPRESENTATION_CONTEXT('2D SPACE',''
  ) );
#1891 = PCURVE('',#1691,#1892);
#1892 = DEFINITIONAL_REPRESENTATION('',(#1893),#1897);
#1893 = LINE('',#1894,#1895);
#1894 = CARTESIAN_POINT('',(3.464101615138,2.6645352591E-15));
#1895 = VECTOR('',#1896,1.);
#1896 = DIRECTION('',(-0.5,-0.866025403784));
#1897 = ( GEOMETRIC_REPRESENTATION_CONTEXT(2) 
PARAMETRIC_REPRESENTATION_CONTEXT() REPRESENTATION_CONTEXT('2D SPACE',''
  ) );
#1898 = ORIENTED_EDGE('',*,*,#1899,.F.);
#1899 = EDGE_CURVE('',#826,#1877,#1900,.T.);
#1900 = SURFACE_CURVE('',#1901,(#1905,#1912),.PCURVE_S1.);
#1901 = LINE('',#1902,#1903);
#1902 = CARTESIAN_POINT('',(57.732050807569,1.5,4.786133814775E-15));
#1903 = VECTOR('',#1904,1.);
#1904 = DIRECTION('',(0.,-4.430669073875E-16,1.));
#1905 = PCURVE('',#841,#1906);
#1906 = DEFINITIONAL_REPRESENTATION('',(#1907),#1911);
#1907 = LINE('',#1908,#1909);
#1908 = CARTESIAN_POINT('',(3.464101615138,-6.410161513775E-18));
#1909 = VECTOR('',#1910,1.);
#1910 = DIRECTION('',(-4.737205583712E-18,-1.));
#1911 = ( GEOMETRIC_REPRESENTATION_CONTEXT(2) 
PARAMETRIC_REPRESENTATION_CONTEXT() REPRESENTATION_CONTEXT('2D SPACE',''
  ) );
#1912 = PCURVE('',#869,#1913);
#1913 = DEFINITIONAL_REPRESENTATION('',(#1914),#1918);
#1914 = LINE('',#1915,#1916);
#1915 = CARTESIAN_POINT('',(0.,0.));
#1916 = VECTOR('',#1917,1.);
#1917 = DIRECTION('',(0.,-1.));
#1918 = ( GEOMETRIC_REPRESENTATION_CONTEXT(2) 
PARAMETRIC_REPRESENTATION_CONTEXT() REPRESENTATION_CONTEXT('2D SPACE',''
  ) );
#1919 = ORIENTED_EDGE('',*,*,#825,.F.);
#1920 = ADVANCED_FACE('',(#1921),#869,.F.);
#1921 = FACE_BOUND('',#1922,.F.);
#1922 = EDGE_LOOP('',(#1923,#1924,#1945,#1946));
#1923 = ORIENTED_EDGE('',*,*,#1899,.T.);
#1924 = ORIENTED_EDGE('',*,*,#1925,.T.);
#1925 = EDGE_CURVE('',#1877,#1827,#1926,.T.);
#1926 = SURFACE_CURVE('',#1927,(#1931,#1938),.PCURVE_S1.);
#1927 = LINE('',#1928,#1929);
#1928 = CARTESIAN_POINT('',(57.732050807569,1.5,3.));
#1929 = VECTOR('',#1930,1.);
#1930 = DIRECTION('',(-1.,0.,-0.));
#1931 = PCURVE('',#869,#1932);
#1932 = DEFINITIONAL_REPRESENTATION('',(#1933),#1937);
#1933 = LINE('',#1934,#1935);
#1934 = CARTESIAN_POINT('',(0.,-3.));
#1935 = VECTOR('',#1936,1.);
#1936 = DIRECTION('',(1.,0.));
#1937 = ( GEOMETRIC_REPRESENTATION_CONTEXT(2) 
PARAMETRIC_REPRESENTATION_CONTEXT() REPRESENTATION_CONTEXT('2D SPACE',''
  ) );
#1938 = PCURVE('',#1691,#1939);
#1939 = DEFINITIONAL_REPRESENTATION('',(#1940),#1944);
#1940 = LINE('',#1941,#1942);
#1941 = CARTESIAN_POINT('',(1.732050807569,-3.));
#1942 = VECTOR('',#1943,1.);
#1943 = DIRECTION('',(-1.,0.));
#1944 = ( GEOMETRIC_REPRESENTATION_CONTEXT(2) 
PARAMETRIC_REPRESENTATION_CONTEXT() REPRESENTATION_CONTEXT('2D SPACE',''
  ) );
#1945 = ORIENTED_EDGE('',*,*,#1826,.F.);
#1946 = ORIENTED_EDGE('',*,*,#853,.F.);
#1947 = ADVANCED_FACE('',(#1948),#958,.F.);
#1948 = FACE_BOUND('',#1949,.F.);
#1949 = EDGE_LOOP('',(#1950,#1973,#1974,#1975));
#1950 = ORIENTED_EDGE('',*,*,#1951,.F.);
#1951 = EDGE_CURVE('',#938,#1952,#1954,.T.);
#1952 = VERTEX_POINT('',#1953);
#1953 = CARTESIAN_POINT('',(44.6,4.5,4.899999999999));
#1954 = SEAM_CURVE('',#1955,(#1959,#1966),.PCURVE_S1.);
#1955 = LINE('',#1956,#1957);
#1956 = CARTESIAN_POINT('',(44.6,4.5,6.125334536938E-15));
#1957 = VECTOR('',#1958,1.);
#1958 = DIRECTION('',(0.,-4.430669073875E-16,1.));
#1959 = PCURVE('',#958,#1960);
#1960 = DEFINITIONAL_REPRESENTATION('',(#1961),#1965);
#1961 = LINE('',#1962,#1963);
#1962 = CARTESIAN_POINT('',(6.28318530718,0.));
#1963 = VECTOR('',#1964,1.);
#1964 = DIRECTION('',(0.,-1.));
#1965 = ( GEOMETRIC_REPRESENTATION_CONTEXT(2) 
PARAMETRIC_REPRESENTATION_CONTEXT() REPRESENTATION_CONTEXT('2D SPACE',''
  ) );
#1966 = PCURVE('',#958,#1967);
#1967 = DEFINITIONAL_REPRESENTATION('',(#1968),#1972);
#1968 = LINE('',#1969,#1970);
#1969 = CARTESIAN_POINT('',(0.,0.));
#1970 = VECTOR('',#1971,1.);
#1971 = DIRECTION('',(0.,-1.));
#1972 = ( GEOMETRIC_REPRESENTATION_CONTEXT(2) 
PARAMETRIC_REPRESENTATION_CONTEXT() REPRESENTATION_CONTEXT('2D SPACE',''
  ) );
#1973 = ORIENTED_EDGE('',*,*,#937,.F.);
#1974 = ORIENTED_EDGE('',*,*,#1951,.T.);
#1975 = ORIENTED_EDGE('',*,*,#1976,.T.);
#1976 = EDGE_CURVE('',#1952,#1952,#1977,.T.);
#1977 = SURFACE_CURVE('',#1978,(#1983,#1990),.PCURVE_S1.);
#1978 = CIRCLE('',#1979,1.6);
#1979 = AXIS2_PLACEMENT_3D('',#1980,#1981,#1982);
#1980 = CARTESIAN_POINT('',(43.,4.5,4.899999999999));
#1981 = DIRECTION('',(0.,-1.069330926125E-16,-1.));
#1982 = DIRECTION('',(1.,0.,0.));
#1983 = PCURVE('',#958,#1984);
#1984 = DEFINITIONAL_REPRESENTATION('',(#1985),#1989);
#1985 = LINE('',#1986,#1987);
#1986 = CARTESIAN_POINT('',(0.,-4.899999999999));
#1987 = VECTOR('',#1988,1.);
#1988 = DIRECTION('',(1.,0.));
#1989 = ( GEOMETRIC_REPRESENTATION_CONTEXT(2) 
PARAMETRIC_REPRESENTATION_CONTEXT() REPRESENTATION_CONTEXT('2D SPACE',''
  ) );
#1990 = PCURVE('',#1991,#1996);
#1991 = PLANE('',#1992);
#1992 = AXIS2_PLACEMENT_3D('',#1993,#1994,#1995);
#1993 = CARTESIAN_POINT('',(43.,4.5,4.899999999999));
#1994 = DIRECTION('',(0.,-3.330669073875E-16,1.));
#1995 = DIRECTION('',(1.,0.,0.));
#1996 = DEFINITIONAL_REPRESENTATION('',(#1997),#2005);
#1997 = ( BOUNDED_CURVE() B_SPLINE_CURVE(2,(#1998,#1999,#2000,#2001,
#2002,#2003,#2004),.UNSPECIFIED.,.T.,.F.) B_SPLINE_CURVE_WITH_KNOTS((1,2
    ,2,2,2,1),(-2.094395102393,0.,2.094395102393,4.188790204786,
6.28318530718,8.377580409573),.UNSPECIFIED.) CURVE() 
GEOMETRIC_REPRESENTATION_ITEM() RATIONAL_B_SPLINE_CURVE((1.,0.5,1.,0.5,
1.,0.5,1.)) REPRESENTATION_ITEM('') );
#1998 = CARTESIAN_POINT('',(1.6,3.934630399272E-13));
#1999 = CARTESIAN_POINT('',(1.6,-2.77128129211));
#2000 = CARTESIAN_POINT('',(-0.8,-1.385640646055));
#2001 = CARTESIAN_POINT('',(-3.2,3.930711529514E-13));
#2002 = CARTESIAN_POINT('',(-0.8,1.385640646055));
#2003 = CARTESIAN_POINT('',(1.6,2.771281292111));
#2004 = CARTESIAN_POINT('',(1.6,3.934630399272E-13));
#2005 = ( GEOMETRIC_REPRESENTATION_CONTEXT(2) 
PARAMETRIC_REPRESENTATION_CONTEXT() REPRESENTATION_CONTEXT('2D SPACE',''
  ) );
#2006 = ADVANCED_FACE('',(#2007),#989,.F.);
#2007 = FACE_BOUND('',#2008,.F.);
#2008 = EDGE_LOOP('',(#2009,#2032,#2060,#2083,#2109,#2110));
#2009 = ORIENTED_EDGE('',*,*,#2010,.T.);
#2010 = EDGE_CURVE('',#1058,#2011,#2013,.T.);
#2011 = VERTEX_POINT('',#2012);
#2012 = CARTESIAN_POINT('',(-1.E-15,-4.3,-7.5));
#2013 = SURFACE_CURVE('',#2014,(#2018,#2025),.PCURVE_S1.);
#2014 = LINE('',#2015,#2016);
#2015 = CARTESIAN_POINT('',(-1.38E-15,-0.5,-7.5));
#2016 = VECTOR('',#2017,1.);
#2017 = DIRECTION('',(0.,-1.,-2.230669073875E-16));
#2018 = PCURVE('',#989,#2019);
#2019 = DEFINITIONAL_REPRESENTATION('',(#2020),#2024);
#2020 = LINE('',#2021,#2022);
#2021 = CARTESIAN_POINT('',(0.,0.));
#2022 = VECTOR('',#2023,1.);
#2023 = DIRECTION('',(0.,-1.));
#2024 = ( GEOMETRIC_REPRESENTATION_CONTEXT(2) 
PARAMETRIC_REPRESENTATION_CONTEXT() REPRESENTATION_CONTEXT('2D SPACE',''
  ) );
#2025 = PCURVE('',#1078,#2026);
#2026 = DEFINITIONAL_REPRESENTATION('',(#2027),#2031);
#2027 = LINE('',#2028,#2029);
#2028 = CARTESIAN_POINT('',(-4.712388980385,0.));
#2029 = VECTOR('',#2030,1.);
#2030 = DIRECTION('',(-0.,-1.));
#2031 = ( GEOMETRIC_REPRESENTATION_CONTEXT(2) 
PARAMETRIC_REPRESENTATION_CONTEXT() REPRESENTATION_CONTEXT('2D SPACE',''
  ) );
#2032 = ORIENTED_EDGE('',*,*,#2033,.T.);
#2033 = EDGE_CURVE('',#2011,#2034,#2036,.T.);
#2034 = VERTEX_POINT('',#2035);
#2035 = CARTESIAN_POINT('',(10.328744205289,-4.3,-7.5));
#2036 = SURFACE_CURVE('',#2037,(#2041,#2048),.PCURVE_S1.);
#2037 = LINE('',#2038,#2039);
#2038 = CARTESIAN_POINT('',(0.,-4.3,-7.5));
#2039 = VECTOR('',#2040,1.);
#2040 = DIRECTION('',(1.,0.,0.));
#2041 = PCURVE('',#989,#2042);
#2042 = DEFINITIONAL_REPRESENTATION('',(#2043),#2047);
#2043 = LINE('',#2044,#2045);
#2044 = CARTESIAN_POINT('',(1.38E-15,-3.8));
#2045 = VECTOR('',#2046,1.);
#2046 = DIRECTION('',(1.,0.));
#2047 = ( GEOMETRIC_REPRESENTATION_CONTEXT(2) 
PARAMETRIC_REPRESENTATION_CONTEXT() REPRESENTATION_CONTEXT('2D SPACE',''
  ) );
#2048 = PCURVE('',#2049,#2054);
#2049 = PLANE('',#2050);
#2050 = AXIS2_PLACEMENT_3D('',#2051,#2052,#2053);
#2051 = CARTESIAN_POINT('',(0.,-4.4,-7.4));
#2052 = DIRECTION('',(0.,-0.707106781187,-0.707106781187));
#2053 = DIRECTION('',(-1.,0.,-0.));
#2054 = DEFINITIONAL_REPRESENTATION('',(#2055),#2059);
#2055 = LINE('',#2056,#2057);
#2056 = CARTESIAN_POINT('',(-0.,0.141421356237));
#2057 = VECTOR('',#2058,1.);
#2058 = DIRECTION('',(-1.,0.));
#2059 = ( GEOMETRIC_REPRESENTATION_CONTEXT(2) 
PARAMETRIC_REPRESENTATION_CONTEXT() REPRESENTATION_CONTEXT('2D SPACE',''
  ) );
#2060 = ORIENTED_EDGE('',*,*,#2061,.T.);
#2061 = EDGE_CURVE('',#2034,#2062,#2064,.T.);
#2062 = VERTEX_POINT('',#2063);
#2063 = CARTESIAN_POINT('',(19.131434356622,-4.3,-7.5));
#2064 = SURFACE_CURVE('',#2065,(#2069,#2076),.PCURVE_S1.);
#2065 = LINE('',#2066,#2067);
#2066 = CARTESIAN_POINT('',(0.,-4.3,-7.5));
#2067 = VECTOR('',#2068,1.);
#2068 = DIRECTION('',(1.,0.,0.));
#2069 = PCURVE('',#989,#2070);
#2070 = DEFINITIONAL_REPRESENTATION('',(#2071),#2075);
#2071 = LINE('',#2072,#2073);
#2072 = CARTESIAN_POINT('',(1.38E-15,-3.8));
#2073 = VECTOR('',#2074,1.);
#2074 = DIRECTION('',(1.,0.));
#2075 = ( GEOMETRIC_REPRESENTATION_CONTEXT(2) 
PARAMETRIC_REPRESENTATION_CONTEXT() REPRESENTATION_CONTEXT('2D SPACE',''
  ) );
#2076 = PCURVE('',#1352,#2077);
#2077 = DEFINITIONAL_REPRESENTATION('',(#2078),#2082);
#2078 = LINE('',#2079,#2080);
#2079 = CARTESIAN_POINT('',(-7.066914120067,-17.6976554326));
#2080 = VECTOR('',#2081,1.);
#2081 = DIRECTION('',(0.,1.));
#2082 = ( GEOMETRIC_REPRESENTATION_CONTEXT(2) 
PARAMETRIC_REPRESENTATION_CONTEXT() REPRESENTATION_CONTEXT('2D SPACE',''
  ) );
#2083 = ORIENTED_EDGE('',*,*,#2084,.T.);
#2084 = EDGE_CURVE('',#2062,#974,#2085,.T.);
#2085 = SURFACE_CURVE('',#2086,(#2090,#2097),.PCURVE_S1.);
#2086 = LINE('',#2087,#2088);
#2087 = CARTESIAN_POINT('',(0.,-4.3,-7.5));
#2088 = VECTOR('',#2089,1.);
#2089 = DIRECTION('',(1.,0.,0.));
#2090 = PCURVE('',#989,#2091);
#2091 = DEFINITIONAL_REPRESENTATION('',(#2092),#2096);
#2092 = LINE('',#2093,#2094);
#2093 = CARTESIAN_POINT('',(1.38E-15,-3.8));
#2094 = VECTOR('',#2095,1.);
#2095 = DIRECTION('',(1.,0.));
#2096 = ( GEOMETRIC_REPRESENTATION_CONTEXT(2) 
PARAMETRIC_REPRESENTATION_CONTEXT() REPRESENTATION_CONTEXT('2D SPACE',''
  ) );
#2097 = PCURVE('',#2098,#2103);
#2098 = PLANE('',#2099);
#2099 = AXIS2_PLACEMENT_3D('',#2100,#2101,#2102);
#2100 = CARTESIAN_POINT('',(0.,-4.4,-7.4));
#2101 = DIRECTION('',(0.,-0.707106781187,-0.707106781187));
#2102 = DIRECTION('',(-1.,0.,-0.));
#2103 = DEFINITIONAL_REPRESENTATION('',(#2104),#2108);
#2104 = LINE('',#2105,#2106);
#2105 = CARTESIAN_POINT('',(-0.,0.141421356237));
#2106 = VECTOR('',#2107,1.);
#2107 = DIRECTION('',(-1.,0.));
#2108 = ( GEOMETRIC_REPRESENTATION_CONTEXT(2) 
PARAMETRIC_REPRESENTATION_CONTEXT() REPRESENTATION_CONTEXT('2D SPACE',''
  ) );
#2109 = ORIENTED_EDGE('',*,*,#973,.F.);
#2110 = ORIENTED_EDGE('',*,*,#1137,.F.);
#2111 = ADVANCED_FACE('',(#2112),#1018,.T.);
#2112 = FACE_BOUND('',#2113,.F.);
#2113 = EDGE_LOOP('',(#2114,#2137,#2170,#2191));
#2114 = ORIENTED_EDGE('',*,*,#2115,.F.);
#2115 = EDGE_CURVE('',#2116,#974,#2118,.T.);
#2116 = VERTEX_POINT('',#2117);
#2117 = CARTESIAN_POINT('',(76.,-4.5,-7.3));
#2118 = SURFACE_CURVE('',#2119,(#2123,#2130),.PCURVE_S1.);
#2119 = LINE('',#2120,#2121);
#2120 = CARTESIAN_POINT('',(76.,-4.4,-7.4));
#2121 = VECTOR('',#2122,1.);
#2122 = DIRECTION('',(0.,0.707106781187,-0.707106781187));
#2123 = PCURVE('',#1018,#2124);
#2124 = DEFINITIONAL_REPRESENTATION('',(#2125),#2129);
#2125 = LINE('',#2126,#2127);
#2126 = CARTESIAN_POINT('',(-0.,-0.1));
#2127 = VECTOR('',#2128,1.);
#2128 = DIRECTION('',(-0.,1.));
#2129 = ( GEOMETRIC_REPRESENTATION_CONTEXT(2) 
PARAMETRIC_REPRESENTATION_CONTEXT() REPRESENTATION_CONTEXT('2D SPACE',''
  ) );
#2130 = PCURVE('',#2098,#2131);
#2131 = DEFINITIONAL_REPRESENTATION('',(#2132),#2136);
#2132 = LINE('',#2133,#2134);
#2133 = CARTESIAN_POINT('',(-76.,0.));
#2134 = VECTOR('',#2135,1.);
#2135 = DIRECTION('',(-0.,1.));
#2136 = ( GEOMETRIC_REPRESENTATION_CONTEXT(2) 
PARAMETRIC_REPRESENTATION_CONTEXT() REPRESENTATION_CONTEXT('2D SPACE',''
  ) );
#2137 = ORIENTED_EDGE('',*,*,#2138,.T.);
#2138 = EDGE_CURVE('',#2116,#2139,#2141,.T.);
#2139 = VERTEX_POINT('',#2140);
#2140 = CARTESIAN_POINT('',(76.,-4.5,7.3));
#2141 = SURFACE_CURVE('',#2142,(#2147,#2154),.PCURVE_S1.);
#2142 = CIRCLE('',#2143,7.3);
#2143 = AXIS2_PLACEMENT_3D('',#2144,#2145,#2146);
#2144 = CARTESIAN_POINT('',(76.,-4.5,1.32773237045E-15));
#2145 = DIRECTION('',(0.,-1.,3.369330926125E-16));
#2146 = DIRECTION('',(0.,-3.369330926125E-16,-1.));
#2147 = PCURVE('',#1018,#2148);
#2148 = DEFINITIONAL_REPRESENTATION('',(#2149),#2153);
#2149 = LINE('',#2150,#2151);
#2150 = CARTESIAN_POINT('',(-0.,-0.2));
#2151 = VECTOR('',#2152,1.);
#2152 = DIRECTION('',(-1.,0.));
#2153 = ( GEOMETRIC_REPRESENTATION_CONTEXT(2) 
PARAMETRIC_REPRESENTATION_CONTEXT() REPRESENTATION_CONTEXT('2D SPACE',''
  ) );
#2154 = PCURVE('',#2155,#2160);
#2155 = PLANE('',#2156);
#2156 = AXIS2_PLACEMENT_3D('',#2157,#2158,#2159);
#2157 = CARTESIAN_POINT('',(38.,-4.5,-1.33226762955E-15));
#2158 = DIRECTION('',(0.,1.,1.130669073875E-16));
#2159 = DIRECTION('',(0.,-1.130669073875E-16,1.));
#2160 = DEFINITIONAL_REPRESENTATION('',(#2161),#2169);
#2161 = ( BOUNDED_CURVE() B_SPLINE_CURVE(2,(#2162,#2163,#2164,#2165,
#2166,#2167,#2168),.UNSPECIFIED.,.T.,.F.) B_SPLINE_CURVE_WITH_KNOTS((1,2
    ,2,2,2,1),(-2.094395102393,0.,2.094395102393,4.188790204786,
6.28318530718,8.377580409573),.UNSPECIFIED.) CURVE() 
GEOMETRIC_REPRESENTATION_ITEM() RATIONAL_B_SPLINE_CURVE((1.,0.5,1.,0.5,
1.,0.5,1.)) REPRESENTATION_ITEM('') );
#2162 = CARTESIAN_POINT('',(-7.3,38.));
#2163 = CARTESIAN_POINT('',(-7.3,50.643970895253));
#2164 = CARTESIAN_POINT('',(3.65,44.321985447626));
#2165 = CARTESIAN_POINT('',(14.6,38.));
#2166 = CARTESIAN_POINT('',(3.65,31.678014552374));
#2167 = CARTESIAN_POINT('',(-7.3,25.356029104747));
#2168 = CARTESIAN_POINT('',(-7.3,38.));
#2169 = ( GEOMETRIC_REPRESENTATION_CONTEXT(2) 
PARAMETRIC_REPRESENTATION_CONTEXT() REPRESENTATION_CONTEXT('2D SPACE',''
  ) );
#2170 = ORIENTED_EDGE('',*,*,#2171,.T.);
#2171 = EDGE_CURVE('',#2139,#1002,#2172,.T.);
#2172 = SURFACE_CURVE('',#2173,(#2177,#2184),.PCURVE_S1.);
#2173 = LINE('',#2174,#2175);
#2174 = CARTESIAN_POINT('',(76.,-4.3,7.5));
#2175 = VECTOR('',#2176,1.);
#2176 = DIRECTION('',(-5.4E-16,0.707106781187,0.707106781187));
#2177 = PCURVE('',#1018,#2178);
#2178 = DEFINITIONAL_REPRESENTATION('',(#2179),#2183);
#2179 = LINE('',#2180,#2181);
#2180 = CARTESIAN_POINT('',(-3.14159265359,0.));
#2181 = VECTOR('',#2182,1.);
#2182 = DIRECTION('',(-0.,1.));
#2183 = ( GEOMETRIC_REPRESENTATION_CONTEXT(2) 
PARAMETRIC_REPRESENTATION_CONTEXT() REPRESENTATION_CONTEXT('2D SPACE',''
  ) );
#2184 = PCURVE('',#1378,#2185);
#2185 = DEFINITIONAL_REPRESENTATION('',(#2186),#2190);
#2186 = LINE('',#2187,#2188);
#2187 = CARTESIAN_POINT('',(0.,0.141421356237));
#2188 = VECTOR('',#2189,1.);
#2189 = DIRECTION('',(5.4E-16,1.));
#2190 = ( GEOMETRIC_REPRESENTATION_CONTEXT(2) 
PARAMETRIC_REPRESENTATION_CONTEXT() REPRESENTATION_CONTEXT('2D SPACE',''
  ) );
#2191 = ORIENTED_EDGE('',*,*,#1001,.F.);
#2192 = ADVANCED_FACE('',(#2193),#1078,.T.);
#2193 = FACE_BOUND('',#2194,.F.);
#2194 = EDGE_LOOP('',(#2195,#2196,#2223,#2224));
#2195 = ORIENTED_EDGE('',*,*,#1285,.T.);
#2196 = ORIENTED_EDGE('',*,*,#2197,.T.);
#2197 = EDGE_CURVE('',#1286,#2011,#2198,.T.);
#2198 = SURFACE_CURVE('',#2199,(#2204,#2211),.PCURVE_S1.);
#2199 = CIRCLE('',#2200,7.5);
#2200 = AXIS2_PLACEMENT_3D('',#2201,#2202,#2203);
#2201 = CARTESIAN_POINT('',(0.,-4.3,1.264345751927E-15));
#2202 = DIRECTION('',(-1.094764425254E-47,-1.,3.369330926125E-16));
#2203 = DIRECTION('',(-1.6E-16,3.369330926125E-16,1.));
#2204 = PCURVE('',#1078,#2205);
#2205 = DEFINITIONAL_REPRESENTATION('',(#2206),#2210);
#2206 = LINE('',#2207,#2208);
#2207 = CARTESIAN_POINT('',(-1.570796326795,-3.8));
#2208 = VECTOR('',#2209,1.);
#2209 = DIRECTION('',(-1.,0.));
#2210 = ( GEOMETRIC_REPRESENTATION_CONTEXT(2) 
PARAMETRIC_REPRESENTATION_CONTEXT() REPRESENTATION_CONTEXT('2D SPACE',''
  ) );
#2211 = PCURVE('',#2212,#2217);
#2212 = CONICAL_SURFACE('',#2213,7.5,0.785398163397);
#2213 = AXIS2_PLACEMENT_3D('',#2214,#2215,#2216);
#2214 = CARTESIAN_POINT('',(0.,-4.3,1.264345751927E-15));
#2215 = DIRECTION('',(0.,1.,-3.369330926125E-16));
#2216 = DIRECTION('',(-1.6E-16,3.369330926125E-16,1.));
#2217 = DEFINITIONAL_REPRESENTATION('',(#2218),#2222);
#2218 = LINE('',#2219,#2220);
#2219 = CARTESIAN_POINT('',(-0.,0.));
#2220 = VECTOR('',#2221,1.);
#2221 = DIRECTION('',(-1.,0.));
#2222 = ( GEOMETRIC_REPRESENTATION_CONTEXT(2) 
PARAMETRIC_REPRESENTATION_CONTEXT() REPRESENTATION_CONTEXT('2D SPACE',''
  ) );
#2223 = ORIENTED_EDGE('',*,*,#2010,.F.);
#2224 = ORIENTED_EDGE('',*,*,#1055,.F.);
#2225 = ADVANCED_FACE('',(#2226),#1181,.F.);
#2226 = FACE_BOUND('',#2227,.T.);
#2227 = EDGE_LOOP('',(#2228,#2251,#2278,#2279));
#2228 = ORIENTED_EDGE('',*,*,#2229,.T.);
#2229 = EDGE_CURVE('',#1161,#2230,#2232,.T.);
#2230 = VERTEX_POINT('',#2231);
#2231 = CARTESIAN_POINT('',(5.05,-4.3,1.7763568394E-15));
#2232 = SEAM_CURVE('',#2233,(#2237,#2244),.PCURVE_S1.);
#2233 = LINE('',#2234,#2235);
#2234 = CARTESIAN_POINT('',(5.05,-0.5,1.232595164408E-32));
#2235 = VECTOR('',#2236,1.);
#2236 = DIRECTION('',(0.,-1.,-2.230669073875E-16));
#2237 = PCURVE('',#1181,#2238);
#2238 = DEFINITIONAL_REPRESENTATION('',(#2239),#2243);
#2239 = LINE('',#2240,#2241);
#2240 = CARTESIAN_POINT('',(-0.,0.));
#2241 = VECTOR('',#2242,1.);
#2242 = DIRECTION('',(-0.,-1.));
#2243 = ( GEOMETRIC_REPRESENTATION_CONTEXT(2) 
PARAMETRIC_REPRESENTATION_CONTEXT() REPRESENTATION_CONTEXT('2D SPACE',''
  ) );
#2244 = PCURVE('',#1181,#2245);
#2245 = DEFINITIONAL_REPRESENTATION('',(#2246),#2250);
#2246 = LINE('',#2247,#2248);
#2247 = CARTESIAN_POINT('',(-6.28318530718,0.));
#2248 = VECTOR('',#2249,1.);
#2249 = DIRECTION('',(-0.,-1.));
#2250 = ( GEOMETRIC_REPRESENTATION_CONTEXT(2) 
PARAMETRIC_REPRESENTATION_CONTEXT() REPRESENTATION_CONTEXT('2D SPACE',''
  ) );
#2251 = ORIENTED_EDGE('',*,*,#2252,.T.);
#2252 = EDGE_CURVE('',#2230,#2230,#2253,.T.);
#2253 = SURFACE_CURVE('',#2254,(#2259,#2266),.PCURVE_S1.);
#2254 = CIRCLE('',#2255,5.05);
#2255 = AXIS2_PLACEMENT_3D('',#2256,#2257,#2258);
#2256 = CARTESIAN_POINT('',(0.,-4.3,1.264345751927E-15));
#2257 = DIRECTION('',(0.,-1.,3.369330926125E-16));
#2258 = DIRECTION('',(1.,0.,0.));
#2259 = PCURVE('',#1181,#2260);
#2260 = DEFINITIONAL_REPRESENTATION('',(#2261),#2265);
#2261 = LINE('',#2262,#2263);
#2262 = CARTESIAN_POINT('',(-0.,-3.8));
#2263 = VECTOR('',#2264,1.);
#2264 = DIRECTION('',(-1.,0.));
#2265 = ( GEOMETRIC_REPRESENTATION_CONTEXT(2) 
PARAMETRIC_REPRESENTATION_CONTEXT() REPRESENTATION_CONTEXT('2D SPACE',''
  ) );
#2266 = PCURVE('',#2267,#2272);
#2267 = CONICAL_SURFACE('',#2268,5.05,0.785398163397);
#2268 = AXIS2_PLACEMENT_3D('',#2269,#2270,#2271);
#2269 = CARTESIAN_POINT('',(0.,-4.3,1.264345751927E-15));
#2270 = DIRECTION('',(0.,-1.,3.369330926125E-16));
#2271 = DIRECTION('',(1.,0.,0.));
#2272 = DEFINITIONAL_REPRESENTATION('',(#2273),#2277);
#2273 = LINE('',#2274,#2275);
#2274 = CARTESIAN_POINT('',(0.,-0.));
#2275 = VECTOR('',#2276,1.);
#2276 = DIRECTION('',(1.,-0.));
#2277 = ( GEOMETRIC_REPRESENTATION_CONTEXT(2) 
PARAMETRIC_REPRESENTATION_CONTEXT() REPRESENTATION_CONTEXT('2D SPACE',''
  ) );
#2278 = ORIENTED_EDGE('',*,*,#2229,.F.);
#2279 = ORIENTED_EDGE('',*,*,#1160,.F.);
#2280 = ADVANCED_FACE('',(#2281),#1220,.F.);
#2281 = FACE_BOUND('',#2282,.T.);
#2282 = EDGE_LOOP('',(#2283,#2306,#2333,#2334));
#2283 = ORIENTED_EDGE('',*,*,#2284,.T.);
#2284 = EDGE_CURVE('',#1200,#2285,#2287,.T.);
#2285 = VERTEX_POINT('',#2286);
#2286 = CARTESIAN_POINT('',(81.05,-4.3,1.7763568394E-15));
#2287 = SEAM_CURVE('',#2288,(#2292,#2299),.PCURVE_S1.);
#2288 = LINE('',#2289,#2290);
#2289 = CARTESIAN_POINT('',(81.05,-0.5,1.232595164408E-32));
#2290 = VECTOR('',#2291,1.);
#2291 = DIRECTION('',(0.,-1.,-2.230669073875E-16));
#2292 = PCURVE('',#1220,#2293);
#2293 = DEFINITIONAL_REPRESENTATION('',(#2294),#2298);
#2294 = LINE('',#2295,#2296);
#2295 = CARTESIAN_POINT('',(-0.,0.));
#2296 = VECTOR('',#2297,1.);
#2297 = DIRECTION('',(-0.,-1.));
#2298 = ( GEOMETRIC_REPRESENTATION_CONTEXT(2) 
PARAMETRIC_REPRESENTATION_CONTEXT() REPRESENTATION_CONTEXT('2D SPACE',''
  ) );
#2299 = PCURVE('',#1220,#2300);
#2300 = DEFINITIONAL_REPRESENTATION('',(#2301),#2305);
#2301 = LINE('',#2302,#2303);
#2302 = CARTESIAN_POINT('',(-6.28318530718,0.));
#2303 = VECTOR('',#2304,1.);
#2304 = DIRECTION('',(-0.,-1.));
#2305 = ( GEOMETRIC_REPRESENTATION_CONTEXT(2) 
PARAMETRIC_REPRESENTATION_CONTEXT() REPRESENTATION_CONTEXT('2D SPACE',''
  ) );
#2306 = ORIENTED_EDGE('',*,*,#2307,.T.);
#2307 = EDGE_CURVE('',#2285,#2285,#2308,.T.);
#2308 = SURFACE_CURVE('',#2309,(#2314,#2321),.PCURVE_S1.);
#2309 = CIRCLE('',#2310,5.05);
#2310 = AXIS2_PLACEMENT_3D('',#2311,#2312,#2313);
#2311 = CARTESIAN_POINT('',(76.,-4.3,1.264345751927E-15));
#2312 = DIRECTION('',(0.,-1.,3.369330926125E-16));
#2313 = DIRECTION('',(1.,0.,0.));
#2314 = PCURVE('',#1220,#2315);
#2315 = DEFINITIONAL_REPRESENTATION('',(#2316),#2320);
#2316 = LINE('',#2317,#2318);
#2317 = CARTESIAN_POINT('',(-0.,-3.8));
#2318 = VECTOR('',#2319,1.);
#2319 = DIRECTION('',(-1.,0.));
#2320 = ( GEOMETRIC_REPRESENTATION_CONTEXT(2) 
PARAMETRIC_REPRESENTATION_CONTEXT() REPRESENTATION_CONTEXT('2D SPACE',''
  ) );
#2321 = PCURVE('',#2322,#2327);
#2322 = CONICAL_SURFACE('',#2323,5.05,0.785398163397);
#2323 = AXIS2_PLACEMENT_3D('',#2324,#2325,#2326);
#2324 = CARTESIAN_POINT('',(76.,-4.3,1.264345751927E-15));
#2325 = DIRECTION('',(0.,-1.,3.369330926125E-16));
#2326 = DIRECTION('',(1.,0.,0.));
#2327 = DEFINITIONAL_REPRESENTATION('',(#2328),#2332);
#2328 = LINE('',#2329,#2330);
#2329 = CARTESIAN_POINT('',(0.,0.));
#2330 = VECTOR('',#2331,1.);
#2331 = DIRECTION('',(1.,0.));
#2332 = ( GEOMETRIC_REPRESENTATION_CONTEXT(2) 
PARAMETRIC_REPRESENTATION_CONTEXT() REPRESENTATION_CONTEXT('2D SPACE',''
  ) );
#2333 = ORIENTED_EDGE('',*,*,#2284,.F.);
#2334 = ORIENTED_EDGE('',*,*,#1199,.F.);
#2335 = ADVANCED_FACE('',(#2336),#1378,.F.);
#2336 = FACE_BOUND('',#2337,.F.);
#2337 = EDGE_LOOP('',(#2338,#2339,#2362,#2397));
#2338 = ORIENTED_EDGE('',*,*,#2171,.F.);
#2339 = ORIENTED_EDGE('',*,*,#2340,.T.);
#2340 = EDGE_CURVE('',#2139,#2341,#2343,.T.);
#2341 = VERTEX_POINT('',#2342);
#2342 = CARTESIAN_POINT('',(21.445411261592,-4.5,7.3));
#2343 = SURFACE_CURVE('',#2344,(#2348,#2355),.PCURVE_S1.);
#2344 = LINE('',#2345,#2346);
#2345 = CARTESIAN_POINT('',(76.,-4.5,7.3));
#2346 = VECTOR('',#2347,1.);
#2347 = DIRECTION('',(-1.,0.,0.));
#2348 = PCURVE('',#1378,#2349);
#2349 = DEFINITIONAL_REPRESENTATION('',(#2350),#2354);
#2350 = LINE('',#2351,#2352);
#2351 = CARTESIAN_POINT('',(0.,-0.141421356237));
#2352 = VECTOR('',#2353,1.);
#2353 = DIRECTION('',(1.,0.));
#2354 = ( GEOMETRIC_REPRESENTATION_CONTEXT(2) 
PARAMETRIC_REPRESENTATION_CONTEXT() REPRESENTATION_CONTEXT('2D SPACE',''
  ) );
#2355 = PCURVE('',#2155,#2356);
#2356 = DEFINITIONAL_REPRESENTATION('',(#2357),#2361);
#2357 = LINE('',#2358,#2359);
#2358 = CARTESIAN_POINT('',(7.3,38.));
#2359 = VECTOR('',#2360,1.);
#2360 = DIRECTION('',(-0.,-1.));
#2361 = ( GEOMETRIC_REPRESENTATION_CONTEXT(2) 
PARAMETRIC_REPRESENTATION_CONTEXT() REPRESENTATION_CONTEXT('2D SPACE',''
  ) );
#2362 = ORIENTED_EDGE('',*,*,#2363,.F.);
#2363 = EDGE_CURVE('',#1337,#2341,#2364,.T.);
#2364 = SURFACE_CURVE('',#2365,(#2371,#2380),.PCURVE_S1.);
#2365 = B_SPLINE_CURVE_WITH_KNOTS('',4,(#2366,#2367,#2368,#2369,#2370),
  .UNSPECIFIED.,.F.,.F.,(5,5),(0.,1.),.PIECEWISE_BEZIER_KNOTS.);
#2366 = CARTESIAN_POINT('',(21.090451637793,-4.3,7.5));
#2367 = CARTESIAN_POINT('',(21.182162798124,-4.348169567287,
    7.451830432713));
#2368 = CARTESIAN_POINT('',(21.271889258857,-4.397620118143,
    7.402379881857));
#2369 = CARTESIAN_POINT('',(21.359634588925,-4.448256988239,
    7.351743011761));
#2370 = CARTESIAN_POINT('',(21.445411261592,-4.5,7.3));
#2371 = PCURVE('',#1378,#2372);
#2372 = DEFINITIONAL_REPRESENTATION('',(#2373),#2379);
#2373 = B_SPLINE_CURVE_WITH_KNOTS('',4,(#2374,#2375,#2376,#2377,#2378),
  .UNSPECIFIED.,.F.,.F.,(5,5),(0.,1.),.PIECEWISE_BEZIER_KNOTS.);
#2374 = CARTESIAN_POINT('',(54.909548362207,0.141421356237));
#2375 = CARTESIAN_POINT('',(54.817837201876,7.329930088573E-02));
#2376 = CARTESIAN_POINT('',(54.728110741143,3.365661198477E-03));
#2377 = CARTESIAN_POINT('',(54.640365411075,-6.824568724689E-02));
#2378 = CARTESIAN_POINT('',(54.554588738408,-0.141421356237));
#2379 = ( GEOMETRIC_REPRESENTATION_CONTEXT(2) 
PARAMETRIC_REPRESENTATION_CONTEXT() REPRESENTATION_CONTEXT('2D SPACE',''
  ) );
#2380 = PCURVE('',#2381,#2389);
#2381 = SURFACE_OF_LINEAR_EXTRUSION('',#2382,#2387);
#2382 = B_SPLINE_CURVE_WITH_KNOTS('',3,(#2383,#2384,#2385,#2386),
  .UNSPECIFIED.,.F.,.F.,(4,4),(0.,1.),.PIECEWISE_BEZIER_KNOTS.);
#2383 = CARTESIAN_POINT('',(23.927190625,-4.5,4.424003125));
#2384 = CARTESIAN_POINT('',(23.1901425055,-4.5,6.384418646313));
#2385 = CARTESIAN_POINT('',(21.299605467906,-4.5,7.717804548719));
#2386 = CARTESIAN_POINT('',(19.3016125,-4.5,8.14946875));
#2387 = VECTOR('',#2388,1.);
#2388 = DIRECTION('',(0.,-1.,-2.230669073875E-16));
#2389 = DEFINITIONAL_REPRESENTATION('',(#2390),#2396);
#2390 = B_SPLINE_CURVE_WITH_KNOTS('',4,(#2391,#2392,#2393,#2394,#2395),
  .UNSPECIFIED.,.F.,.F.,(5,5),(0.,1.),.PIECEWISE_BEZIER_KNOTS.);
#2391 = CARTESIAN_POINT('',(0.691301805347,-0.199999999999));
#2392 = CARTESIAN_POINT('',(0.674614628765,-0.151830432712));
#2393 = CARTESIAN_POINT('',(0.658114124499,-0.102379881857));
#2394 = CARTESIAN_POINT('',(0.641794322059,-5.174301176191E-02));
#2395 = CARTESIAN_POINT('',(0.625649197852,-9.2856E-13));
#2396 = ( GEOMETRIC_REPRESENTATION_CONTEXT(2) 
PARAMETRIC_REPRESENTATION_CONTEXT() REPRESENTATION_CONTEXT('2D SPACE',''
  ) );
#2397 = ORIENTED_EDGE('',*,*,#1364,.F.);
#2398 = ADVANCED_FACE('',(#2399,#2853,#4835),#1352,.F.);
#2399 = FACE_BOUND('',#2400,.F.);
#2400 = EDGE_LOOP('',(#2401,#2434,#2435,#2460,#2493,#2526,#2559,#2592,
    #2625,#2658,#2691,#2724,#2755,#2756,#2789,#2822));
#2401 = ORIENTED_EDGE('',*,*,#2402,.F.);
#2402 = EDGE_CURVE('',#1309,#2403,#2405,.T.);
#2403 = VERTEX_POINT('',#2404);
#2404 = CARTESIAN_POINT('',(13.15084375,-4.3,7.224353125));
#2405 = SURFACE_CURVE('',#2406,(#2411,#2419),.PCURVE_S1.);
#2406 = B_SPLINE_CURVE_WITH_KNOTS('',3,(#2407,#2408,#2409,#2410),
  .UNSPECIFIED.,.F.,.F.,(4,4),(0.,1.),.PIECEWISE_BEZIER_KNOTS.);
#2407 = CARTESIAN_POINT('',(16.45125625,-4.3,8.3995));
#2408 = CARTESIAN_POINT('',(15.277486047063,-4.3,8.298582136844));
#2409 = CARTESIAN_POINT('',(14.105168525688,-4.3,7.937931561156));
#2410 = CARTESIAN_POINT('',(13.15084375,-4.3,7.224353125));
#2411 = PCURVE('',#1352,#2412);
#2412 = DEFINITIONAL_REPRESENTATION('',(#2413),#2418);
#2413 = B_SPLINE_CURVE_WITH_KNOTS('',3,(#2414,#2415,#2416,#2417),
  .UNSPECIFIED.,.F.,.F.,(4,4),(0.,1.),.PIECEWISE_BEZIER_KNOTS.);
#2414 = CARTESIAN_POINT('',(8.832585879933,-1.246399182604));
#2415 = CARTESIAN_POINT('',(8.731668016777,-2.420169385541));
#2416 = CARTESIAN_POINT('',(8.37101744109,-3.592486906916));
#2417 = CARTESIAN_POINT('',(7.657439004933,-4.546811682604));
#2418 = ( GEOMETRIC_REPRESENTATION_CONTEXT(2) 
PARAMETRIC_REPRESENTATION_CONTEXT() REPRESENTATION_CONTEXT('2D SPACE',''
  ) );
#2419 = PCURVE('',#2420,#2428);
#2420 = SURFACE_OF_LINEAR_EXTRUSION('',#2421,#2426);
#2421 = B_SPLINE_CURVE_WITH_KNOTS('',3,(#2422,#2423,#2424,#2425),
  .UNSPECIFIED.,.F.,.F.,(4,4),(0.,1.),.PIECEWISE_BEZIER_KNOTS.);
#2422 = CARTESIAN_POINT('',(16.45125625,-4.5,8.3995));
#2423 = CARTESIAN_POINT('',(15.277486047063,-4.5,8.298582136844));
#2424 = CARTESIAN_POINT('',(14.105168525688,-4.5,7.937931561156));
#2425 = CARTESIAN_POINT('',(13.15084375,-4.5,7.224353125));
#2426 = VECTOR('',#2427,1.);
#2427 = DIRECTION('',(0.,-1.,-2.230669073875E-16));
#2428 = DEFINITIONAL_REPRESENTATION('',(#2429),#2433);
#2429 = LINE('',#2430,#2431);
#2430 = CARTESIAN_POINT('',(0.,-0.2));
#2431 = VECTOR('',#2432,1.);
#2432 = DIRECTION('',(1.,0.));
#2433 = ( GEOMETRIC_REPRESENTATION_CONTEXT(2) 
PARAMETRIC_REPRESENTATION_CONTEXT() REPRESENTATION_CONTEXT('2D SPACE',''
  ) );
#2434 = ORIENTED_EDGE('',*,*,#1336,.F.);
#2435 = ORIENTED_EDGE('',*,*,#2436,.F.);
#2436 = EDGE_CURVE('',#2437,#1337,#2439,.T.);
#2437 = VERTEX_POINT('',#2438);
#2438 = CARTESIAN_POINT('',(23.927190625,-4.3,4.424003125));
#2439 = SURFACE_CURVE('',#2440,(#2445,#2453),.PCURVE_S1.);
#2440 = B_SPLINE_CURVE_WITH_KNOTS('',3,(#2441,#2442,#2443,#2444),
  .UNSPECIFIED.,.F.,.F.,(4,4),(0.,1.),.PIECEWISE_BEZIER_KNOTS.);
#2441 = CARTESIAN_POINT('',(23.927190625,-4.3,4.424003125));
#2442 = CARTESIAN_POINT('',(23.1901425055,-4.3,6.384418646313));
#2443 = CARTESIAN_POINT('',(21.299605467906,-4.3,7.717804548719));
#2444 = CARTESIAN_POINT('',(19.3016125,-4.3,8.14946875));
#2445 = PCURVE('',#1352,#2446);
#2446 = DEFINITIONAL_REPRESENTATION('',(#2447),#2452);
#2447 = B_SPLINE_CURVE_WITH_KNOTS('',3,(#2448,#2449,#2450,#2451),
  .UNSPECIFIED.,.F.,.F.,(4,4),(0.,1.),.PIECEWISE_BEZIER_KNOTS.);
#2448 = CARTESIAN_POINT('',(4.857089004933,6.229535192396));
#2449 = CARTESIAN_POINT('',(6.817504526246,5.492487072896));
#2450 = CARTESIAN_POINT('',(8.150890428652,3.601950035302));
#2451 = CARTESIAN_POINT('',(8.582554629933,1.603957067396));
#2452 = ( GEOMETRIC_REPRESENTATION_CONTEXT(2) 
PARAMETRIC_REPRESENTATION_CONTEXT() REPRESENTATION_CONTEXT('2D SPACE',''
  ) );
#2453 = PCURVE('',#2381,#2454);
#2454 = DEFINITIONAL_REPRESENTATION('',(#2455),#2459);
#2455 = LINE('',#2456,#2457);
#2456 = CARTESIAN_POINT('',(0.,-0.2));
#2457 = VECTOR('',#2458,1.);
#2458 = DIRECTION('',(1.,0.));
#2459 = ( GEOMETRIC_REPRESENTATION_CONTEXT(2) 
PARAMETRIC_REPRESENTATION_CONTEXT() REPRESENTATION_CONTEXT('2D SPACE',''
  ) );
#2460 = ORIENTED_EDGE('',*,*,#2461,.F.);
#2461 = EDGE_CURVE('',#2462,#2437,#2464,.T.);
#2462 = VERTEX_POINT('',#2463);
#2463 = CARTESIAN_POINT('',(24.227228125,-4.3,2.723790625));
#2464 = SURFACE_CURVE('',#2465,(#2470,#2478),.PCURVE_S1.);
#2465 = B_SPLINE_CURVE_WITH_KNOTS('',3,(#2466,#2467,#2468,#2469),
  .UNSPECIFIED.,.F.,.F.,(4,4),(0.,1.),.PIECEWISE_BEZIER_KNOTS.);
#2466 = CARTESIAN_POINT('',(24.227228125,-4.3,2.723790625));
#2467 = CARTESIAN_POINT('',(24.145048103781,-4.3,3.293556836875));
#2468 = CARTESIAN_POINT('',(24.212367017594,-4.3,3.895764103375));
#2469 = CARTESIAN_POINT('',(23.927190625,-4.3,4.424003125));
#2470 = PCURVE('',#1352,#2471);
#2471 = DEFINITIONAL_REPRESENTATION('',(#2472),#2477);
#2472 = B_SPLINE_CURVE_WITH_KNOTS('',3,(#2473,#2474,#2475,#2476),
  .UNSPECIFIED.,.F.,.F.,(4,4),(0.,1.),.PIECEWISE_BEZIER_KNOTS.);
#2473 = CARTESIAN_POINT('',(3.156876504933,6.529572692396));
#2474 = CARTESIAN_POINT('',(3.726642716808,6.447392671177));
#2475 = CARTESIAN_POINT('',(4.328849983308,6.51471158499));
#2476 = CARTESIAN_POINT('',(4.857089004933,6.229535192396));
#2477 = ( GEOMETRIC_REPRESENTATION_CONTEXT(2) 
PARAMETRIC_REPRESENTATION_CONTEXT() REPRESENTATION_CONTEXT('2D SPACE',''
  ) );
#2478 = PCURVE('',#2479,#2487);
#2479 = SURFACE_OF_LINEAR_EXTRUSION('',#2480,#2485);
#2480 = B_SPLINE_CURVE_WITH_KNOTS('',3,(#2481,#2482,#2483,#2484),
  .UNSPECIFIED.,.F.,.F.,(4,4),(0.,1.),.PIECEWISE_BEZIER_KNOTS.);
#2481 = CARTESIAN_POINT('',(24.227228125,-4.5,2.723790625));
#2482 = CARTESIAN_POINT('',(24.145048103781,-4.5,3.293556836875));
#2483 = CARTESIAN_POINT('',(24.212367017594,-4.5,3.895764103375));
#2484 = CARTESIAN_POINT('',(23.927190625,-4.5,4.424003125));
#2485 = VECTOR('',#2486,1.);
#2486 = DIRECTION('',(0.,-1.,-2.230669073875E-16));
#2487 = DEFINITIONAL_REPRESENTATION('',(#2488),#2492);
#2488 = LINE('',#2489,#2490);
#2489 = CARTESIAN_POINT('',(0.,-0.2));
#2490 = VECTOR('',#2491,1.);
#2491 = DIRECTION('',(1.,0.));
#2492 = ( GEOMETRIC_REPRESENTATION_CONTEXT(2) 
PARAMETRIC_REPRESENTATION_CONTEXT() REPRESENTATION_CONTEXT('2D SPACE',''
  ) );
#2493 = ORIENTED_EDGE('',*,*,#2494,.F.);
#2494 = EDGE_CURVE('',#2495,#2462,#2497,.T.);
#2495 = VERTEX_POINT('',#2496);
#2496 = CARTESIAN_POINT('',(27.35261875,-4.3,-1.026678125));
#2497 = SURFACE_CURVE('',#2498,(#2503,#2511),.PCURVE_S1.);
#2498 = B_SPLINE_CURVE_WITH_KNOTS('',3,(#2499,#2500,#2501,#2502),
  .UNSPECIFIED.,.F.,.F.,(4,4),(0.,1.),.PIECEWISE_BEZIER_KNOTS.);
#2499 = CARTESIAN_POINT('',(27.35261875,-4.3,-1.026678125));
#2500 = CARTESIAN_POINT('',(26.120927807875,-4.3,4.618721640625E-02));
#2501 = CARTESIAN_POINT('',(25.066708546938,-4.3,1.326986546313));
#2502 = CARTESIAN_POINT('',(24.227228125,-4.3,2.723790625));
#2503 = PCURVE('',#1352,#2504);
#2504 = DEFINITIONAL_REPRESENTATION('',(#2505),#2510);
#2505 = B_SPLINE_CURVE_WITH_KNOTS('',3,(#2506,#2507,#2508,#2509),
  .UNSPECIFIED.,.F.,.F.,(4,4),(0.,1.),.PIECEWISE_BEZIER_KNOTS.);
#2506 = CARTESIAN_POINT('',(-0.593592245067,9.654963317396));
#2507 = CARTESIAN_POINT('',(0.47927309634,8.423272375271));
#2508 = CARTESIAN_POINT('',(1.760072426246,7.369053114334));
#2509 = CARTESIAN_POINT('',(3.156876504933,6.529572692396));
#2510 = ( GEOMETRIC_REPRESENTATION_CONTEXT(2) 
PARAMETRIC_REPRESENTATION_CONTEXT() REPRESENTATION_CONTEXT('2D SPACE',''
  ) );
#2511 = PCURVE('',#2512,#2520);
#2512 = SURFACE_OF_LINEAR_EXTRUSION('',#2513,#2518);
#2513 = B_SPLINE_CURVE_WITH_KNOTS('',3,(#2514,#2515,#2516,#2517),
  .UNSPECIFIED.,.F.,.F.,(4,4),(0.,1.),.PIECEWISE_BEZIER_KNOTS.);
#2514 = CARTESIAN_POINT('',(27.35261875,-4.5,-1.026678125));
#2515 = CARTESIAN_POINT('',(26.120927807875,-4.5,4.618721640625E-02));
#2516 = CARTESIAN_POINT('',(25.066708546938,-4.5,1.326986546313));
#2517 = CARTESIAN_POINT('',(24.227228125,-4.5,2.723790625));
#2518 = VECTOR('',#2519,1.);
#2519 = DIRECTION('',(0.,-1.,-2.230669073875E-16));
#2520 = DEFINITIONAL_REPRESENTATION('',(#2521),#2525);
#2521 = LINE('',#2522,#2523);
#2522 = CARTESIAN_POINT('',(0.,-0.2));
#2523 = VECTOR('',#2524,1.);
#2524 = DIRECTION('',(1.,0.));
#2525 = ( GEOMETRIC_REPRESENTATION_CONTEXT(2) 
PARAMETRIC_REPRESENTATION_CONTEXT() REPRESENTATION_CONTEXT('2D SPACE',''
  ) );
#2526 = ORIENTED_EDGE('',*,*,#2527,.F.);
#2527 = EDGE_CURVE('',#2528,#2495,#2530,.T.);
#2528 = VERTEX_POINT('',#2529);
#2529 = CARTESIAN_POINT('',(29.002825,-4.3,-3.75201875));
#2530 = SURFACE_CURVE('',#2531,(#2536,#2544),.PCURVE_S1.);
#2531 = B_SPLINE_CURVE_WITH_KNOTS('',3,(#2532,#2533,#2534,#2535),
  .UNSPECIFIED.,.F.,.F.,(4,4),(0.,1.),.PIECEWISE_BEZIER_KNOTS.);
#2532 = CARTESIAN_POINT('',(29.002825,-4.3,-3.75201875));
#2533 = CARTESIAN_POINT('',(28.971438827219,-4.3,-2.623796739875));
#2534 = CARTESIAN_POINT('',(28.213783382125,-4.3,-1.686463587875));
#2535 = CARTESIAN_POINT('',(27.35261875,-4.3,-1.026678125));
#2536 = PCURVE('',#1352,#2537);
#2537 = DEFINITIONAL_REPRESENTATION('',(#2538),#2543);
#2538 = B_SPLINE_CURVE_WITH_KNOTS('',3,(#2539,#2540,#2541,#2542),
  .UNSPECIFIED.,.F.,.F.,(4,4),(0.,1.),.PIECEWISE_BEZIER_KNOTS.);
#2539 = CARTESIAN_POINT('',(-3.318932870067,11.305169567396));
#2540 = CARTESIAN_POINT('',(-2.190710859942,11.273783394615));
#2541 = CARTESIAN_POINT('',(-1.253377707942,10.516127949521));
#2542 = CARTESIAN_POINT('',(-0.593592245067,9.654963317396));
#2543 = ( GEOMETRIC_REPRESENTATION_CONTEXT(2) 
PARAMETRIC_REPRESENTATION_CONTEXT() REPRESENTATION_CONTEXT('2D SPACE',''
  ) );
#2544 = PCURVE('',#2545,#2553);
#2545 = SURFACE_OF_LINEAR_EXTRUSION('',#2546,#2551);
#2546 = B_SPLINE_CURVE_WITH_KNOTS('',3,(#2547,#2548,#2549,#2550),
  .UNSPECIFIED.,.F.,.F.,(4,4),(0.,1.),.PIECEWISE_BEZIER_KNOTS.);
#2547 = CARTESIAN_POINT('',(29.002825,-4.5,-3.75201875));
#2548 = CARTESIAN_POINT('',(28.971438827219,-4.5,-2.623796739875));
#2549 = CARTESIAN_POINT('',(28.213783382125,-4.5,-1.686463587875));
#2550 = CARTESIAN_POINT('',(27.35261875,-4.5,-1.026678125));
#2551 = VECTOR('',#2552,1.);
#2552 = DIRECTION('',(0.,-1.,-2.230669073875E-16));
#2553 = DEFINITIONAL_REPRESENTATION('',(#2554),#2558);
#2554 = LINE('',#2555,#2556);
#2555 = CARTESIAN_POINT('',(0.,-0.2));
#2556 = VECTOR('',#2557,1.);
#2557 = DIRECTION('',(1.,0.));
#2558 = ( GEOMETRIC_REPRESENTATION_CONTEXT(2) 
PARAMETRIC_REPRESENTATION_CONTEXT() REPRESENTATION_CONTEXT('2D SPACE',''
  ) );
#2559 = ORIENTED_EDGE('',*,*,#2560,.F.);
#2560 = EDGE_CURVE('',#2561,#2528,#2563,.T.);
#2561 = VERTEX_POINT('',#2562);
#2562 = CARTESIAN_POINT('',(27.65265625,-4.3,-4.202075));
#2563 = SURFACE_CURVE('',#2564,(#2569,#2577),.PCURVE_S1.);
#2564 = B_SPLINE_CURVE_WITH_KNOTS('',3,(#2565,#2566,#2567,#2568),
  .UNSPECIFIED.,.F.,.F.,(4,4),(0.,1.),.PIECEWISE_BEZIER_KNOTS.);
#2565 = CARTESIAN_POINT('',(27.65265625,-4.3,-4.202075));
#2566 = CARTESIAN_POINT('',(28.183256066688,-4.3,-4.589834713906));
#2567 = CARTESIAN_POINT('',(29.119320810156,-4.3,-4.677269391875));
#2568 = CARTESIAN_POINT('',(29.002825,-4.3,-3.75201875));
#2569 = PCURVE('',#1352,#2570);
#2570 = DEFINITIONAL_REPRESENTATION('',(#2571),#2576);
#2571 = B_SPLINE_CURVE_WITH_KNOTS('',3,(#2572,#2573,#2574,#2575),
  .UNSPECIFIED.,.F.,.F.,(4,4),(0.,1.),.PIECEWISE_BEZIER_KNOTS.);
#2572 = CARTESIAN_POINT('',(-3.768989120067,9.955000817396));
#2573 = CARTESIAN_POINT('',(-4.156748833973,10.485600634084));
#2574 = CARTESIAN_POINT('',(-4.244183511942,11.421665377552));
#2575 = CARTESIAN_POINT('',(-3.318932870067,11.305169567396));
#2576 = ( GEOMETRIC_REPRESENTATION_CONTEXT(2) 
PARAMETRIC_REPRESENTATION_CONTEXT() REPRESENTATION_CONTEXT('2D SPACE',''
  ) );
#2577 = PCURVE('',#2578,#2586);
#2578 = SURFACE_OF_LINEAR_EXTRUSION('',#2579,#2584);
#2579 = B_SPLINE_CURVE_WITH_KNOTS('',3,(#2580,#2581,#2582,#2583),
  .UNSPECIFIED.,.F.,.F.,(4,4),(0.,1.),.PIECEWISE_BEZIER_KNOTS.);
#2580 = CARTESIAN_POINT('',(27.65265625,-4.5,-4.202075));
#2581 = CARTESIAN_POINT('',(28.183256066688,-4.5,-4.589834713906));
#2582 = CARTESIAN_POINT('',(29.119320810156,-4.5,-4.677269391875));
#2583 = CARTESIAN_POINT('',(29.002825,-4.5,-3.75201875));
#2584 = VECTOR('',#2585,1.);
#2585 = DIRECTION('',(0.,-1.,-2.230669073875E-16));
#2586 = DEFINITIONAL_REPRESENTATION('',(#2587),#2591);
#2587 = LINE('',#2588,#2589);
#2588 = CARTESIAN_POINT('',(0.,-0.2));
#2589 = VECTOR('',#2590,1.);
#2590 = DIRECTION('',(1.,0.));
#2591 = ( GEOMETRIC_REPRESENTATION_CONTEXT(2) 
PARAMETRIC_REPRESENTATION_CONTEXT() REPRESENTATION_CONTEXT('2D SPACE',''
  ) );
#2592 = ORIENTED_EDGE('',*,*,#2593,.F.);
#2593 = EDGE_CURVE('',#2594,#2561,#2596,.T.);
#2594 = VERTEX_POINT('',#2595);
#2595 = CARTESIAN_POINT('',(24.45225625,-4.3,-3.627003125));
#2596 = SURFACE_CURVE('',#2597,(#2602,#2610),.PCURVE_S1.);
#2597 = B_SPLINE_CURVE_WITH_KNOTS('',3,(#2598,#2599,#2600,#2601),
  .UNSPECIFIED.,.F.,.F.,(4,4),(0.,1.),.PIECEWISE_BEZIER_KNOTS.);
#2598 = CARTESIAN_POINT('',(24.45225625,-4.3,-3.627003125));
#2599 = CARTESIAN_POINT('',(25.526470760031,-4.3,-3.75846555575));
#2600 = CARTESIAN_POINT('',(26.592389483219,-4.3,-3.957313908687));
#2601 = CARTESIAN_POINT('',(27.65265625,-4.3,-4.202075));
#2602 = PCURVE('',#1352,#2603);
#2603 = DEFINITIONAL_REPRESENTATION('',(#2604),#2609);
#2604 = B_SPLINE_CURVE_WITH_KNOTS('',3,(#2605,#2606,#2607,#2608),
  .UNSPECIFIED.,.F.,.F.,(4,4),(0.,1.),.PIECEWISE_BEZIER_KNOTS.);
#2605 = CARTESIAN_POINT('',(-3.193917245067,6.754600817396));
#2606 = CARTESIAN_POINT('',(-3.325379675817,7.828815327427));
#2607 = CARTESIAN_POINT('',(-3.524228028754,8.894734050615));
#2608 = CARTESIAN_POINT('',(-3.768989120067,9.955000817396));
#2609 = ( GEOMETRIC_REPRESENTATION_CONTEXT(2) 
PARAMETRIC_REPRESENTATION_CONTEXT() REPRESENTATION_CONTEXT('2D SPACE',''
  ) );
#2610 = PCURVE('',#2611,#2619);
#2611 = SURFACE_OF_LINEAR_EXTRUSION('',#2612,#2617);
#2612 = B_SPLINE_CURVE_WITH_KNOTS('',3,(#2613,#2614,#2615,#2616),
  .UNSPECIFIED.,.F.,.F.,(4,4),(0.,1.),.PIECEWISE_BEZIER_KNOTS.);
#2613 = CARTESIAN_POINT('',(24.45225625,-4.5,-3.627003125));
#2614 = CARTESIAN_POINT('',(25.526470760031,-4.5,-3.75846555575));
#2615 = CARTESIAN_POINT('',(26.592389483219,-4.5,-3.957313908687));
#2616 = CARTESIAN_POINT('',(27.65265625,-4.5,-4.202075));
#2617 = VECTOR('',#2618,1.);
#2618 = DIRECTION('',(0.,-1.,-2.230669073875E-16));
#2619 = DEFINITIONAL_REPRESENTATION('',(#2620),#2624);
#2620 = LINE('',#2621,#2622);
#2621 = CARTESIAN_POINT('',(0.,-0.2));
#2622 = VECTOR('',#2623,1.);
#2623 = DIRECTION('',(1.,0.));
#2624 = ( GEOMETRIC_REPRESENTATION_CONTEXT(2) 
PARAMETRIC_REPRESENTATION_CONTEXT() REPRESENTATION_CONTEXT('2D SPACE',''
  ) );
#2625 = ORIENTED_EDGE('',*,*,#2626,.F.);
#2626 = EDGE_CURVE('',#2627,#2594,#2629,.T.);
#2627 = VERTEX_POINT('',#2628);
#2628 = CARTESIAN_POINT('',(19.75166875,-4.3,-3.426978125));
#2629 = SURFACE_CURVE('',#2630,(#2635,#2643),.PCURVE_S1.);
#2630 = B_SPLINE_CURVE_WITH_KNOTS('',3,(#2631,#2632,#2633,#2634),
  .UNSPECIFIED.,.F.,.F.,(4,4),(0.,1.),.PIECEWISE_BEZIER_KNOTS.);
#2631 = CARTESIAN_POINT('',(19.75166875,-4.3,-3.426978125));
#2632 = CARTESIAN_POINT('',(21.320267050281,-4.3,-3.317612956063));
#2633 = CARTESIAN_POINT('',(22.906846597938,-4.3,-3.395422931094));
#2634 = CARTESIAN_POINT('',(24.45225625,-4.3,-3.627003125));
#2635 = PCURVE('',#1352,#2636);
#2636 = DEFINITIONAL_REPRESENTATION('',(#2637),#2642);
#2637 = B_SPLINE_CURVE_WITH_KNOTS('',3,(#2638,#2639,#2640,#2641),
  .UNSPECIFIED.,.F.,.F.,(4,4),(0.,1.),.PIECEWISE_BEZIER_KNOTS.);
#2638 = CARTESIAN_POINT('',(-2.993892245067,2.054013317396));
#2639 = CARTESIAN_POINT('',(-2.884527076129,3.622611617677));
#2640 = CARTESIAN_POINT('',(-2.96233705116,5.209191165334));
#2641 = CARTESIAN_POINT('',(-3.193917245067,6.754600817396));
#2642 = ( GEOMETRIC_REPRESENTATION_CONTEXT(2) 
PARAMETRIC_REPRESENTATION_CONTEXT() REPRESENTATION_CONTEXT('2D SPACE',''
  ) );
#2643 = PCURVE('',#2644,#2652);
#2644 = SURFACE_OF_LINEAR_EXTRUSION('',#2645,#2650);
#2645 = B_SPLINE_CURVE_WITH_KNOTS('',3,(#2646,#2647,#2648,#2649),
  .UNSPECIFIED.,.F.,.F.,(4,4),(0.,1.),.PIECEWISE_BEZIER_KNOTS.);
#2646 = CARTESIAN_POINT('',(19.75166875,-4.5,-3.426978125));
#2647 = CARTESIAN_POINT('',(21.320267050281,-4.5,-3.317612956063));
#2648 = CARTESIAN_POINT('',(22.906846597938,-4.5,-3.395422931094));
#2649 = CARTESIAN_POINT('',(24.45225625,-4.5,-3.627003125));
#2650 = VECTOR('',#2651,1.);
#2651 = DIRECTION('',(0.,-1.,-2.230669073875E-16));
#2652 = DEFINITIONAL_REPRESENTATION('',(#2653),#2657);
#2653 = LINE('',#2654,#2655);
#2654 = CARTESIAN_POINT('',(0.,-0.2));
#2655 = VECTOR('',#2656,1.);
#2656 = DIRECTION('',(1.,0.));
#2657 = ( GEOMETRIC_REPRESENTATION_CONTEXT(2) 
PARAMETRIC_REPRESENTATION_CONTEXT() REPRESENTATION_CONTEXT('2D SPACE',''
  ) );
#2658 = ORIENTED_EDGE('',*,*,#2659,.F.);
#2659 = EDGE_CURVE('',#2660,#2627,#2662,.T.);
#2660 = VERTEX_POINT('',#2661);
#2661 = CARTESIAN_POINT('',(17.9014375,-4.3,-3.827028125));
#2662 = SURFACE_CURVE('',#2663,(#2668,#2676),.PCURVE_S1.);
#2663 = B_SPLINE_CURVE_WITH_KNOTS('',3,(#2664,#2665,#2666,#2667),
  .UNSPECIFIED.,.F.,.F.,(4,4),(0.,1.),.PIECEWISE_BEZIER_KNOTS.);
#2664 = CARTESIAN_POINT('',(17.9014375,-4.3,-3.827028125));
#2665 = CARTESIAN_POINT('',(18.358799163062,-4.3,-3.400754097406));
#2666 = CARTESIAN_POINT('',(19.150236080313,-4.3,-3.550552069813));
#2667 = CARTESIAN_POINT('',(19.75166875,-4.3,-3.426978125));
#2668 = PCURVE('',#1352,#2669);
#2669 = DEFINITIONAL_REPRESENTATION('',(#2670),#2675);
#2670 = B_SPLINE_CURVE_WITH_KNOTS('',3,(#2671,#2672,#2673,#2674),
  .UNSPECIFIED.,.F.,.F.,(4,4),(0.,1.),.PIECEWISE_BEZIER_KNOTS.);
#2671 = CARTESIAN_POINT('',(-3.393942245067,0.203782067396));
#2672 = CARTESIAN_POINT('',(-2.967668217473,0.661143730459));
#2673 = CARTESIAN_POINT('',(-3.117466189879,1.452580647709));
#2674 = CARTESIAN_POINT('',(-2.993892245067,2.054013317396));
#2675 = ( GEOMETRIC_REPRESENTATION_CONTEXT(2) 
PARAMETRIC_REPRESENTATION_CONTEXT() REPRESENTATION_CONTEXT('2D SPACE',''
  ) );
#2676 = PCURVE('',#2677,#2685);
#2677 = SURFACE_OF_LINEAR_EXTRUSION('',#2678,#2683);
#2678 = B_SPLINE_CURVE_WITH_KNOTS('',3,(#2679,#2680,#2681,#2682),
  .UNSPECIFIED.,.F.,.F.,(4,4),(0.,1.),.PIECEWISE_BEZIER_KNOTS.);
#2679 = CARTESIAN_POINT('',(17.9014375,-4.5,-3.827028125));
#2680 = CARTESIAN_POINT('',(18.358799163062,-4.5,-3.400754097406));
#2681 = CARTESIAN_POINT('',(19.150236080313,-4.5,-3.550552069812));
#2682 = CARTESIAN_POINT('',(19.75166875,-4.5,-3.426978125));
#2683 = VECTOR('',#2684,1.);
#2684 = DIRECTION('',(0.,-1.,-2.230669073875E-16));
#2685 = DEFINITIONAL_REPRESENTATION('',(#2686),#2690);
#2686 = LINE('',#2687,#2688);
#2687 = CARTESIAN_POINT('',(0.,-0.2));
#2688 = VECTOR('',#2689,1.);
#2689 = DIRECTION('',(1.,0.));
#2690 = ( GEOMETRIC_REPRESENTATION_CONTEXT(2) 
PARAMETRIC_REPRESENTATION_CONTEXT() REPRESENTATION_CONTEXT('2D SPACE',''
  ) );
#2691 = ORIENTED_EDGE('',*,*,#2692,.F.);
#2692 = EDGE_CURVE('',#2693,#2660,#2695,.T.);
#2693 = VERTEX_POINT('',#2694);
#2694 = CARTESIAN_POINT('',(18.726540625,-4.3,-6.927415625));
#2695 = SURFACE_CURVE('',#2696,(#2701,#2709),.PCURVE_S1.);
#2696 = B_SPLINE_CURVE_WITH_KNOTS('',3,(#2697,#2698,#2699,#2700),
  .UNSPECIFIED.,.F.,.F.,(4,4),(0.,1.),.PIECEWISE_BEZIER_KNOTS.);
#2697 = CARTESIAN_POINT('',(18.726540625,-4.3,-6.927415625));
#2698 = CARTESIAN_POINT('',(18.184726656719,-4.3,-6.003828191));
#2699 = CARTESIAN_POINT('',(17.688526389438,-4.3,-4.918868838031));
#2700 = CARTESIAN_POINT('',(17.9014375,-4.3,-3.827028125));
#2701 = PCURVE('',#1352,#2702);
#2702 = DEFINITIONAL_REPRESENTATION('',(#2703),#2708);
#2703 = B_SPLINE_CURVE_WITH_KNOTS('',3,(#2704,#2705,#2706,#2707),
  .UNSPECIFIED.,.F.,.F.,(4,4),(0.,1.),.PIECEWISE_BEZIER_KNOTS.);
#2704 = CARTESIAN_POINT('',(-6.494329745067,1.028885192396));
#2705 = CARTESIAN_POINT('',(-5.570742311067,0.487071224115));
#2706 = CARTESIAN_POINT('',(-4.485782958098,-9.129043166478E-03));
#2707 = CARTESIAN_POINT('',(-3.393942245067,0.203782067396));
#2708 = ( GEOMETRIC_REPRESENTATION_CONTEXT(2) 
PARAMETRIC_REPRESENTATION_CONTEXT() REPRESENTATION_CONTEXT('2D SPACE',''
  ) );
#2709 = PCURVE('',#2710,#2718);
#2710 = SURFACE_OF_LINEAR_EXTRUSION('',#2711,#2716);
#2711 = B_SPLINE_CURVE_WITH_KNOTS('',3,(#2712,#2713,#2714,#2715),
  .UNSPECIFIED.,.F.,.F.,(4,4),(0.,1.),.PIECEWISE_BEZIER_KNOTS.);
#2712 = CARTESIAN_POINT('',(18.726540625,-4.5,-6.927415625));
#2713 = CARTESIAN_POINT('',(18.184726656719,-4.5,-6.003828191));
#2714 = CARTESIAN_POINT('',(17.688526389438,-4.5,-4.918868838031));
#2715 = CARTESIAN_POINT('',(17.9014375,-4.5,-3.827028125));
#2716 = VECTOR('',#2717,1.);
#2717 = DIRECTION('',(0.,-1.,-2.230669073875E-16));
#2718 = DEFINITIONAL_REPRESENTATION('',(#2719),#2723);
#2719 = LINE('',#2720,#2721);
#2720 = CARTESIAN_POINT('',(0.,-0.2));
#2721 = VECTOR('',#2722,1.);
#2722 = DIRECTION('',(1.,0.));
#2723 = ( GEOMETRIC_REPRESENTATION_CONTEXT(2) 
PARAMETRIC_REPRESENTATION_CONTEXT() REPRESENTATION_CONTEXT('2D SPACE',''
  ) );
#2724 = ORIENTED_EDGE('',*,*,#2725,.F.);
#2725 = EDGE_CURVE('',#2062,#2693,#2726,.T.);
#2726 = SURFACE_CURVE('',#2727,(#2732,#2740),.PCURVE_S1.);
#2727 = B_SPLINE_CURVE_WITH_KNOTS('',3,(#2728,#2729,#2730,#2731),
  .UNSPECIFIED.,.F.,.F.,(4,4),(0.,1.),.PIECEWISE_BEZIER_KNOTS.);
#2728 = CARTESIAN_POINT('',(20.526765625,-4.3,-9.7027625));
#2729 = CARTESIAN_POINT('',(20.008858144656,-4.3,-8.731113559063));
#2730 = CARTESIAN_POINT('',(19.365335464375,-4.3,-7.827866667313));
#2731 = CARTESIAN_POINT('',(18.726540625,-4.3,-6.927415625));
#2732 = PCURVE('',#1352,#2733);
#2733 = DEFINITIONAL_REPRESENTATION('',(#2734),#2739);
#2734 = B_SPLINE_CURVE_WITH_KNOTS('',3,(#2735,#2736,#2737,#2738),
  .UNSPECIFIED.,.F.,.F.,(4,4),(0.,1.),.PIECEWISE_BEZIER_KNOTS.);
#2735 = CARTESIAN_POINT('',(-9.269676620067,2.829110192396));
#2736 = CARTESIAN_POINT('',(-8.298027679129,2.311202712052));
#2737 = CARTESIAN_POINT('',(-7.394780787379,1.667680031771));
#2738 = CARTESIAN_POINT('',(-6.494329745067,1.028885192396));
#2739 = ( GEOMETRIC_REPRESENTATION_CONTEXT(2) 
PARAMETRIC_REPRESENTATION_CONTEXT() REPRESENTATION_CONTEXT('2D SPACE',''
  ) );
#2740 = PCURVE('',#2741,#2749);
#2741 = SURFACE_OF_LINEAR_EXTRUSION('',#2742,#2747);
#2742 = B_SPLINE_CURVE_WITH_KNOTS('',3,(#2743,#2744,#2745,#2746),
  .UNSPECIFIED.,.F.,.F.,(4,4),(0.,1.),.PIECEWISE_BEZIER_KNOTS.);
#2743 = CARTESIAN_POINT('',(20.526765625,-4.5,-9.7027625));
#2744 = CARTESIAN_POINT('',(20.008858144656,-4.5,-8.731113559063));
#2745 = CARTESIAN_POINT('',(19.365335464375,-4.5,-7.827866667313));
#2746 = CARTESIAN_POINT('',(18.726540625,-4.5,-6.927415625));
#2747 = VECTOR('',#2748,1.);
#2748 = DIRECTION('',(0.,-1.,-2.230669073875E-16));
#2749 = DEFINITIONAL_REPRESENTATION('',(#2750),#2754);
#2750 = LINE('',#2751,#2752);
#2751 = CARTESIAN_POINT('',(0.,-0.2));
#2752 = VECTOR('',#2753,1.);
#2753 = DIRECTION('',(1.,0.));
#2754 = ( GEOMETRIC_REPRESENTATION_CONTEXT(2) 
PARAMETRIC_REPRESENTATION_CONTEXT() REPRESENTATION_CONTEXT('2D SPACE',''
  ) );
#2755 = ORIENTED_EDGE('',*,*,#2061,.F.);
#2756 = ORIENTED_EDGE('',*,*,#2757,.F.);
#2757 = EDGE_CURVE('',#2758,#2034,#2760,.T.);
#2758 = VERTEX_POINT('',#2759);
#2759 = CARTESIAN_POINT('',(9.425378125,-4.3,-4.35209375));
#2760 = SURFACE_CURVE('',#2761,(#2766,#2774),.PCURVE_S1.);
#2761 = B_SPLINE_CURVE_WITH_KNOTS('',3,(#2762,#2763,#2764,#2765),
  .UNSPECIFIED.,.F.,.F.,(4,4),(0.,1.),.PIECEWISE_BEZIER_KNOTS.);
#2762 = CARTESIAN_POINT('',(9.425378125,-4.3,-4.35209375));
#2763 = CARTESIAN_POINT('',(9.704540765969,-4.3,-5.691929958594));
#2764 = CARTESIAN_POINT('',(10.048471751969,-4.3,-7.031690907781));
#2765 = CARTESIAN_POINT('',(10.675534375,-4.3,-8.25258125));
#2766 = PCURVE('',#1352,#2767);
#2767 = DEFINITIONAL_REPRESENTATION('',(#2768),#2773);
#2768 = B_SPLINE_CURVE_WITH_KNOTS('',3,(#2769,#2770,#2771,#2772),
  .UNSPECIFIED.,.F.,.F.,(4,4),(0.,1.),.PIECEWISE_BEZIER_KNOTS.);
#2769 = CARTESIAN_POINT('',(-3.919007870067,-8.272277307604));
#2770 = CARTESIAN_POINT('',(-5.25884407866,-7.993114666635));
#2771 = CARTESIAN_POINT('',(-6.598605027848,-7.649183680635));
#2772 = CARTESIAN_POINT('',(-7.819495370067,-7.022121057604));
#2773 = ( GEOMETRIC_REPRESENTATION_CONTEXT(2) 
PARAMETRIC_REPRESENTATION_CONTEXT() REPRESENTATION_CONTEXT('2D SPACE',''
  ) );
#2774 = PCURVE('',#2775,#2783);
#2775 = SURFACE_OF_LINEAR_EXTRUSION('',#2776,#2781);
#2776 = B_SPLINE_CURVE_WITH_KNOTS('',3,(#2777,#2778,#2779,#2780),
  .UNSPECIFIED.,.F.,.F.,(4,4),(0.,1.),.PIECEWISE_BEZIER_KNOTS.);
#2777 = CARTESIAN_POINT('',(9.425378125,-4.5,-4.35209375));
#2778 = CARTESIAN_POINT('',(9.704540765969,-4.5,-5.691929958594));
#2779 = CARTESIAN_POINT('',(10.048471751969,-4.5,-7.031690907781));
#2780 = CARTESIAN_POINT('',(10.675534375,-4.5,-8.25258125));
#2781 = VECTOR('',#2782,1.);
#2782 = DIRECTION('',(0.,-1.,-2.230669073875E-16));
#2783 = DEFINITIONAL_REPRESENTATION('',(#2784),#2788);
#2784 = LINE('',#2785,#2786);
#2785 = CARTESIAN_POINT('',(0.,-0.2));
#2786 = VECTOR('',#2787,1.);
#2787 = DIRECTION('',(1.,0.));
#2788 = ( GEOMETRIC_REPRESENTATION_CONTEXT(2) 
PARAMETRIC_REPRESENTATION_CONTEXT() REPRESENTATION_CONTEXT('2D SPACE',''
  ) );
#2789 = ORIENTED_EDGE('',*,*,#2790,.F.);
#2790 = EDGE_CURVE('',#2791,#2758,#2793,.T.);
#2791 = VERTEX_POINT('',#2792);
#2792 = CARTESIAN_POINT('',(9.35036875,-4.3,1.24860625));
#2793 = SURFACE_CURVE('',#2794,(#2799,#2807),.PCURVE_S1.);
#2794 = B_SPLINE_CURVE_WITH_KNOTS('',3,(#2795,#2796,#2797,#2798),
  .UNSPECIFIED.,.F.,.F.,(4,4),(0.,1.),.PIECEWISE_BEZIER_KNOTS.);
#2795 = CARTESIAN_POINT('',(9.35036875,-4.3,1.24860625));
#2796 = CARTESIAN_POINT('',(9.018440514156,-4.3,-0.593783269906));
#2797 = CARTESIAN_POINT('',(9.054682043781,-4.3,-2.519196166438));
#2798 = CARTESIAN_POINT('',(9.425378125,-4.3,-4.35209375));
#2799 = PCURVE('',#1352,#2800);
#2800 = DEFINITIONAL_REPRESENTATION('',(#2801),#2806);
#2801 = B_SPLINE_CURVE_WITH_KNOTS('',3,(#2802,#2803,#2804,#2805),
  .UNSPECIFIED.,.F.,.F.,(4,4),(0.,1.),.PIECEWISE_BEZIER_KNOTS.);
#2802 = CARTESIAN_POINT('',(1.681692129933,-8.347286682604));
#2803 = CARTESIAN_POINT('',(-0.160697389973,-8.679214918448));
#2804 = CARTESIAN_POINT('',(-2.086110286504,-8.642973388823));
#2805 = CARTESIAN_POINT('',(-3.919007870067,-8.272277307604));
#2806 = ( GEOMETRIC_REPRESENTATION_CONTEXT(2) 
PARAMETRIC_REPRESENTATION_CONTEXT() REPRESENTATION_CONTEXT('2D SPACE',''
  ) );
#2807 = PCURVE('',#2808,#2816);
#2808 = SURFACE_OF_LINEAR_EXTRUSION('',#2809,#2814);
#2809 = B_SPLINE_CURVE_WITH_KNOTS('',3,(#2810,#2811,#2812,#2813),
  .UNSPECIFIED.,.F.,.F.,(4,4),(0.,1.),.PIECEWISE_BEZIER_KNOTS.);
#2810 = CARTESIAN_POINT('',(9.35036875,-4.5,1.24860625));
#2811 = CARTESIAN_POINT('',(9.018440514156,-4.5,-0.593783269906));
#2812 = CARTESIAN_POINT('',(9.054682043781,-4.5,-2.519196166438));
#2813 = CARTESIAN_POINT('',(9.425378125,-4.5,-4.35209375));
#2814 = VECTOR('',#2815,1.);
#2815 = DIRECTION('',(0.,-1.,-2.230669073875E-16));
#2816 = DEFINITIONAL_REPRESENTATION('',(#2817),#2821);
#2817 = LINE('',#2818,#2819);
#2818 = CARTESIAN_POINT('',(0.,-0.2));
#2819 = VECTOR('',#2820,1.);
#2820 = DIRECTION('',(1.,0.));
#2821 = ( GEOMETRIC_REPRESENTATION_CONTEXT(2) 
PARAMETRIC_REPRESENTATION_CONTEXT() REPRESENTATION_CONTEXT('2D SPACE',''
  ) );
#2822 = ORIENTED_EDGE('',*,*,#2823,.F.);
#2823 = EDGE_CURVE('',#2403,#2791,#2824,.T.);
#2824 = SURFACE_CURVE('',#2825,(#2830,#2838),.PCURVE_S1.);
#2825 = B_SPLINE_CURVE_WITH_KNOTS('',3,(#2826,#2827,#2828,#2829),
  .UNSPECIFIED.,.F.,.F.,(4,4),(0.,1.),.PIECEWISE_BEZIER_KNOTS.);
#2826 = CARTESIAN_POINT('',(13.15084375,-4.3,7.224353125));
#2827 = CARTESIAN_POINT('',(11.105495613438,-4.3,5.884473160938));
#2828 = CARTESIAN_POINT('',(9.851776418125,-4.3,3.596843993031));
#2829 = CARTESIAN_POINT('',(9.35036875,-4.3,1.24860625));
#2830 = PCURVE('',#1352,#2831);
#2831 = DEFINITIONAL_REPRESENTATION('',(#2832),#2837);
#2832 = B_SPLINE_CURVE_WITH_KNOTS('',3,(#2833,#2834,#2835,#2836),
  .UNSPECIFIED.,.F.,.F.,(4,4),(0.,1.),.PIECEWISE_BEZIER_KNOTS.);
#2833 = CARTESIAN_POINT('',(7.657439004933,-4.546811682604));
#2834 = CARTESIAN_POINT('',(6.317559040871,-6.592159819166));
#2835 = CARTESIAN_POINT('',(4.029929872965,-7.845879014479));
#2836 = CARTESIAN_POINT('',(1.681692129933,-8.347286682604));
#2837 = ( GEOMETRIC_REPRESENTATION_CONTEXT(2) 
PARAMETRIC_REPRESENTATION_CONTEXT() REPRESENTATION_CONTEXT('2D SPACE',''
  ) );
#2838 = PCURVE('',#2839,#2847);
#2839 = SURFACE_OF_LINEAR_EXTRUSION('',#2840,#2845);
#2840 = B_SPLINE_CURVE_WITH_KNOTS('',3,(#2841,#2842,#2843,#2844),
  .UNSPECIFIED.,.F.,.F.,(4,4),(0.,1.),.PIECEWISE_BEZIER_KNOTS.);
#2841 = CARTESIAN_POINT('',(13.15084375,-4.5,7.224353125));
#2842 = CARTESIAN_POINT('',(11.105495613438,-4.5,5.884473160938));
#2843 = CARTESIAN_POINT('',(9.851776418125,-4.5,3.596843993031));
#2844 = CARTESIAN_POINT('',(9.35036875,-4.5,1.24860625));
#2845 = VECTOR('',#2846,1.);
#2846 = DIRECTION('',(0.,-1.,-2.230669073875E-16));
#2847 = DEFINITIONAL_REPRESENTATION('',(#2848),#2852);
#2848 = LINE('',#2849,#2850);
#2849 = CARTESIAN_POINT('',(0.,-0.2));
#2850 = VECTOR('',#2851,1.);
#2851 = DIRECTION('',(1.,0.));
#2852 = ( GEOMETRIC_REPRESENTATION_CONTEXT(2) 
PARAMETRIC_REPRESENTATION_CONTEXT() REPRESENTATION_CONTEXT('2D SPACE',''
  ) );
#2853 = FACE_BOUND('',#2854,.F.);
#2854 = EDGE_LOOP('',(#2855,#2890,#2923,#2956,#2989,#3022,#3055,#3088,
    #3121,#3154,#3187,#3220,#3253,#3286,#3319,#3352,#3385,#3418,#3451,
    #3484,#3517,#3550,#3583,#3616,#3649,#3682,#3715,#3748,#3781,#3814,
    #3847,#3880,#3913,#3946,#3979,#4012,#4045,#4078,#4111,#4144,#4177,
    #4210,#4243,#4276,#4309,#4342,#4375,#4408,#4441,#4474,#4507,#4540,
    #4573,#4606,#4639,#4672,#4705,#4738,#4771,#4804));
#2855 = ORIENTED_EDGE('',*,*,#2856,.F.);
#2856 = EDGE_CURVE('',#2857,#2859,#2861,.T.);
#2857 = VERTEX_POINT('',#2858);
#2858 = CARTESIAN_POINT('',(12.8008,-4.3,5.24910625));
#2859 = VERTEX_POINT('',#2860);
#2860 = CARTESIAN_POINT('',(12.675784375,-4.3,5.44913125));
#2861 = SURFACE_CURVE('',#2862,(#2867,#2875),.PCURVE_S1.);
#2862 = B_SPLINE_CURVE_WITH_KNOTS('',3,(#2863,#2864,#2865,#2866),
  .UNSPECIFIED.,.F.,.F.,(4,4),(0.,1.),.PIECEWISE_BEZIER_KNOTS.);
#2863 = CARTESIAN_POINT('',(12.8008,-4.3,5.24910625));
#2864 = CARTESIAN_POINT('',(12.7629832735,-4.3,5.317042490969));
#2865 = CARTESIAN_POINT('',(12.701382074313,-4.3,5.377336776813));
#2866 = CARTESIAN_POINT('',(12.675784375,-4.3,5.44913125));
#2867 = PCURVE('',#1352,#2868);
#2868 = DEFINITIONAL_REPRESENTATION('',(#2869),#2874);
#2869 = B_SPLINE_CURVE_WITH_KNOTS('',3,(#2870,#2871,#2872,#2873),
  .UNSPECIFIED.,.F.,.F.,(4,4),(0.,1.),.PIECEWISE_BEZIER_KNOTS.);
#2870 = CARTESIAN_POINT('',(5.682192129933,-4.896855432604));
#2871 = CARTESIAN_POINT('',(5.750128370902,-4.934672159104));
#2872 = CARTESIAN_POINT('',(5.810422656746,-4.996273358291));
#2873 = CARTESIAN_POINT('',(5.882217129933,-5.021871057604));
#2874 = ( GEOMETRIC_REPRESENTATION_CONTEXT(2) 
PARAMETRIC_REPRESENTATION_CONTEXT() REPRESENTATION_CONTEXT('2D SPACE',''
  ) );
#2875 = PCURVE('',#2876,#2884);
#2876 = SURFACE_OF_LINEAR_EXTRUSION('',#2877,#2882);
#2877 = B_SPLINE_CURVE_WITH_KNOTS('',3,(#2878,#2879,#2880,#2881),
  .UNSPECIFIED.,.F.,.F.,(4,4),(0.,1.),.PIECEWISE_BEZIER_KNOTS.);
#2878 = CARTESIAN_POINT('',(12.8008,-4.5,5.24910625));
#2879 = CARTESIAN_POINT('',(12.7629832735,-4.5,5.317042490969));
#2880 = CARTESIAN_POINT('',(12.701382074313,-4.5,5.377336776813));
#2881 = CARTESIAN_POINT('',(12.675784375,-4.5,5.44913125));
#2882 = VECTOR('',#2883,1.);
#2883 = DIRECTION('',(0.,-1.,-2.230669073875E-16));
#2884 = DEFINITIONAL_REPRESENTATION('',(#2885),#2889);
#2885 = LINE('',#2886,#2887);
#2886 = CARTESIAN_POINT('',(0.,-0.2));
#2887 = VECTOR('',#2888,1.);
#2888 = DIRECTION('',(1.,0.));
#2889 = ( GEOMETRIC_REPRESENTATION_CONTEXT(2) 
PARAMETRIC_REPRESENTATION_CONTEXT() REPRESENTATION_CONTEXT('2D SPACE',''
  ) );
#2890 = ORIENTED_EDGE('',*,*,#2891,.F.);
#2891 = EDGE_CURVE('',#2892,#2857,#2894,.T.);
#2892 = VERTEX_POINT('',#2893);
#2893 = CARTESIAN_POINT('',(13.1008375,-4.3,4.774046875));
#2894 = SURFACE_CURVE('',#2895,(#2900,#2908),.PCURVE_S1.);
#2895 = B_SPLINE_CURVE_WITH_KNOTS('',3,(#2896,#2897,#2898,#2899),
  .UNSPECIFIED.,.F.,.F.,(4,4),(0.,1.),.PIECEWISE_BEZIER_KNOTS.);
#2896 = CARTESIAN_POINT('',(13.1008375,-4.3,4.774046875));
#2897 = CARTESIAN_POINT('',(13.006778244063,-4.3,4.934865974875));
#2898 = CARTESIAN_POINT('',(12.90837144475,-4.3,5.093884099656));
#2899 = CARTESIAN_POINT('',(12.8008,-4.3,5.24910625));
#2900 = PCURVE('',#1352,#2901);
#2901 = DEFINITIONAL_REPRESENTATION('',(#2902),#2907);
#2902 = B_SPLINE_CURVE_WITH_KNOTS('',3,(#2903,#2904,#2905,#2906),
  .UNSPECIFIED.,.F.,.F.,(4,4),(0.,1.),.PIECEWISE_BEZIER_KNOTS.);
#2903 = CARTESIAN_POINT('',(5.207132754933,-4.596817932604));
#2904 = CARTESIAN_POINT('',(5.367951854808,-4.690877188541));
#2905 = CARTESIAN_POINT('',(5.52696997959,-4.789283987854));
#2906 = CARTESIAN_POINT('',(5.682192129933,-4.896855432604));
#2907 = ( GEOMETRIC_REPRESENTATION_CONTEXT(2) 
PARAMETRIC_REPRESENTATION_CONTEXT() REPRESENTATION_CONTEXT('2D SPACE',''
  ) );
#2908 = PCURVE('',#2909,#2917);
#2909 = SURFACE_OF_LINEAR_EXTRUSION('',#2910,#2915);
#2910 = B_SPLINE_CURVE_WITH_KNOTS('',3,(#2911,#2912,#2913,#2914),
  .UNSPECIFIED.,.F.,.F.,(4,4),(0.,1.),.PIECEWISE_BEZIER_KNOTS.);
#2911 = CARTESIAN_POINT('',(13.1008375,-4.5,4.774046875));
#2912 = CARTESIAN_POINT('',(13.006778244063,-4.5,4.934865974875));
#2913 = CARTESIAN_POINT('',(12.90837144475,-4.5,5.093884099656));
#2914 = CARTESIAN_POINT('',(12.8008,-4.5,5.24910625));
#2915 = VECTOR('',#2916,1.);
#2916 = DIRECTION('',(0.,-1.,-2.230669073875E-16));
#2917 = DEFINITIONAL_REPRESENTATION('',(#2918),#2922);
#2918 = LINE('',#2919,#2920);
#2919 = CARTESIAN_POINT('',(0.,-0.2));
#2920 = VECTOR('',#2921,1.);
#2921 = DIRECTION('',(1.,0.));
#2922 = ( GEOMETRIC_REPRESENTATION_CONTEXT(2) 
PARAMETRIC_REPRESENTATION_CONTEXT() REPRESENTATION_CONTEXT('2D SPACE',''
  ) );
#2923 = ORIENTED_EDGE('',*,*,#2924,.F.);
#2924 = EDGE_CURVE('',#2925,#2892,#2927,.T.);
#2925 = VERTEX_POINT('',#2926);
#2926 = CARTESIAN_POINT('',(13.325865625,-4.3,4.2989875));
#2927 = SURFACE_CURVE('',#2928,(#2933,#2941),.PCURVE_S1.);
#2928 = B_SPLINE_CURVE_WITH_KNOTS('',3,(#2929,#2930,#2931,#2932),
  .UNSPECIFIED.,.F.,.F.,(4,4),(0.,1.),.PIECEWISE_BEZIER_KNOTS.);
#2929 = CARTESIAN_POINT('',(13.325865625,-4.3,4.2989875));
#2930 = CARTESIAN_POINT('',(13.2735030805,-4.3,4.466721214094));
#2931 = CARTESIAN_POINT('',(13.185799118875,-4.3,4.619816098563));
#2932 = CARTESIAN_POINT('',(13.1008375,-4.3,4.774046875));
#2933 = PCURVE('',#1352,#2934);
#2934 = DEFINITIONAL_REPRESENTATION('',(#2935),#2940);
#2935 = B_SPLINE_CURVE_WITH_KNOTS('',3,(#2936,#2937,#2938,#2939),
  .UNSPECIFIED.,.F.,.F.,(4,4),(0.,1.),.PIECEWISE_BEZIER_KNOTS.);
#2936 = CARTESIAN_POINT('',(4.732073379933,-4.371789807604));
#2937 = CARTESIAN_POINT('',(4.899807094027,-4.424152352104));
#2938 = CARTESIAN_POINT('',(5.052901978496,-4.511856313729));
#2939 = CARTESIAN_POINT('',(5.207132754933,-4.596817932604));
#2940 = ( GEOMETRIC_REPRESENTATION_CONTEXT(2) 
PARAMETRIC_REPRESENTATION_CONTEXT() REPRESENTATION_CONTEXT('2D SPACE',''
  ) );
#2941 = PCURVE('',#2942,#2950);
#2942 = SURFACE_OF_LINEAR_EXTRUSION('',#2943,#2948);
#2943 = B_SPLINE_CURVE_WITH_KNOTS('',3,(#2944,#2945,#2946,#2947),
  .UNSPECIFIED.,.F.,.F.,(4,4),(0.,1.),.PIECEWISE_BEZIER_KNOTS.);
#2944 = CARTESIAN_POINT('',(13.325865625,-4.5,4.2989875));
#2945 = CARTESIAN_POINT('',(13.2735030805,-4.5,4.466721214094));
#2946 = CARTESIAN_POINT('',(13.185799118875,-4.5,4.619816098563));
#2947 = CARTESIAN_POINT('',(13.1008375,-4.5,4.774046875));
#2948 = VECTOR('',#2949,1.);
#2949 = DIRECTION('',(0.,-1.,-2.230669073875E-16));
#2950 = DEFINITIONAL_REPRESENTATION('',(#2951),#2955);
#2951 = LINE('',#2952,#2953);
#2952 = CARTESIAN_POINT('',(0.,-0.2));
#2953 = VECTOR('',#2954,1.);
#2954 = DIRECTION('',(1.,0.));
#2955 = ( GEOMETRIC_REPRESENTATION_CONTEXT(2) 
PARAMETRIC_REPRESENTATION_CONTEXT() REPRESENTATION_CONTEXT('2D SPACE',''
  ) );
#2956 = ORIENTED_EDGE('',*,*,#2957,.F.);
#2957 = EDGE_CURVE('',#2958,#2925,#2960,.T.);
#2958 = VERTEX_POINT('',#2959);
#2959 = CARTESIAN_POINT('',(13.475884375,-4.3,3.871482318531));
#2960 = SURFACE_CURVE('',#2961,(#2966,#2974),.PCURVE_S1.);
#2961 = B_SPLINE_CURVE_WITH_KNOTS('',3,(#2962,#2963,#2964,#2965),
  .UNSPECIFIED.,.F.,.F.,(4,4),(0.,1.),.PIECEWISE_BEZIER_KNOTS.);
#2962 = CARTESIAN_POINT('',(13.475884375,-4.3,3.871482318531));
#2963 = CARTESIAN_POINT('',(13.437540082563,-4.3,4.018814732781));
#2964 = CARTESIAN_POINT('',(13.395640095719,-4.3,4.164674212938));
#2965 = CARTESIAN_POINT('',(13.325865625,-4.3,4.2989875));
#2966 = PCURVE('',#1352,#2967);
#2967 = DEFINITIONAL_REPRESENTATION('',(#2968),#2973);
#2968 = B_SPLINE_CURVE_WITH_KNOTS('',3,(#2969,#2970,#2971,#2972),
  .UNSPECIFIED.,.F.,.F.,(4,4),(0.,1.),.PIECEWISE_BEZIER_KNOTS.);
#2969 = CARTESIAN_POINT('',(4.304568198465,-4.221771057604));
#2970 = CARTESIAN_POINT('',(4.451900612715,-4.260115350041));
#2971 = CARTESIAN_POINT('',(4.597760092871,-4.302015336885));
#2972 = CARTESIAN_POINT('',(4.732073379933,-4.371789807604));
#2973 = ( GEOMETRIC_REPRESENTATION_CONTEXT(2) 
PARAMETRIC_REPRESENTATION_CONTEXT() REPRESENTATION_CONTEXT('2D SPACE',''
  ) );
#2974 = PCURVE('',#2975,#2983);
#2975 = SURFACE_OF_LINEAR_EXTRUSION('',#2976,#2981);
#2976 = B_SPLINE_CURVE_WITH_KNOTS('',3,(#2977,#2978,#2979,#2980),
  .UNSPECIFIED.,.F.,.F.,(4,4),(0.,1.),.PIECEWISE_BEZIER_KNOTS.);
#2977 = CARTESIAN_POINT('',(13.475884375,-4.5,3.871482318531));
#2978 = CARTESIAN_POINT('',(13.437540082563,-4.5,4.018814732781));
#2979 = CARTESIAN_POINT('',(13.395640095719,-4.5,4.164674212938));
#2980 = CARTESIAN_POINT('',(13.325865625,-4.5,4.2989875));
#2981 = VECTOR('',#2982,1.);
#2982 = DIRECTION('',(0.,-1.,-2.230669073875E-16));
#2983 = DEFINITIONAL_REPRESENTATION('',(#2984),#2988);
#2984 = LINE('',#2985,#2986);
#2985 = CARTESIAN_POINT('',(0.,-0.2));
#2986 = VECTOR('',#2987,1.);
#2987 = DIRECTION('',(1.,0.));
#2988 = ( GEOMETRIC_REPRESENTATION_CONTEXT(2) 
PARAMETRIC_REPRESENTATION_CONTEXT() REPRESENTATION_CONTEXT('2D SPACE',''
  ) );
#2989 = ORIENTED_EDGE('',*,*,#2990,.F.);
#2990 = EDGE_CURVE('',#2991,#2958,#2993,.T.);
#2991 = VERTEX_POINT('',#2992);
#2992 = CARTESIAN_POINT('',(13.55089375,-4.3,3.523890625));
#2993 = SURFACE_CURVE('',#2994,(#2999,#3007),.PCURVE_S1.);
#2994 = B_SPLINE_CURVE_WITH_KNOTS('',3,(#2995,#2996,#2997,#2998),
  .UNSPECIFIED.,.F.,.F.,(4,4),(0.,1.),.PIECEWISE_BEZIER_KNOTS.);
#2995 = CARTESIAN_POINT('',(13.55089375,-4.3,3.523890625));
#2996 = CARTESIAN_POINT('',(13.509572335469,-4.3,3.632995261375));
#2997 = CARTESIAN_POINT('',(13.509558833781,-4.3,3.759210286281));
#2998 = CARTESIAN_POINT('',(13.475884375,-4.3,3.871482318531));
#2999 = PCURVE('',#1352,#3000);
#3000 = DEFINITIONAL_REPRESENTATION('',(#3001),#3006);
#3001 = B_SPLINE_CURVE_WITH_KNOTS('',3,(#3002,#3003,#3004,#3005),
  .UNSPECIFIED.,.F.,.F.,(4,4),(0.,1.),.PIECEWISE_BEZIER_KNOTS.);
#3002 = CARTESIAN_POINT('',(3.956976504933,-4.146761682604));
#3003 = CARTESIAN_POINT('',(4.066081141308,-4.188083097135));
#3004 = CARTESIAN_POINT('',(4.192296166215,-4.188096598823));
#3005 = CARTESIAN_POINT('',(4.304568198465,-4.221771057604));
#3006 = ( GEOMETRIC_REPRESENTATION_CONTEXT(2) 
PARAMETRIC_REPRESENTATION_CONTEXT() REPRESENTATION_CONTEXT('2D SPACE',''
  ) );
#3007 = PCURVE('',#3008,#3016);
#3008 = SURFACE_OF_LINEAR_EXTRUSION('',#3009,#3014);
#3009 = B_SPLINE_CURVE_WITH_KNOTS('',3,(#3010,#3011,#3012,#3013),
  .UNSPECIFIED.,.F.,.F.,(4,4),(0.,1.),.PIECEWISE_BEZIER_KNOTS.);
#3010 = CARTESIAN_POINT('',(13.55089375,-4.5,3.523890625));
#3011 = CARTESIAN_POINT('',(13.509572335469,-4.5,3.632995261375));
#3012 = CARTESIAN_POINT('',(13.509558833781,-4.5,3.759210286281));
#3013 = CARTESIAN_POINT('',(13.475884375,-4.5,3.871482318531));
#3014 = VECTOR('',#3015,1.);
#3015 = DIRECTION('',(0.,-1.,-2.230669073875E-16));
#3016 = DEFINITIONAL_REPRESENTATION('',(#3017),#3021);
#3017 = LINE('',#3018,#3019);
#3018 = CARTESIAN_POINT('',(0.,-0.2));
#3019 = VECTOR('',#3020,1.);
#3020 = DIRECTION('',(1.,0.));
#3021 = ( GEOMETRIC_REPRESENTATION_CONTEXT(2) 
PARAMETRIC_REPRESENTATION_CONTEXT() REPRESENTATION_CONTEXT('2D SPACE',''
  ) );
#3022 = ORIENTED_EDGE('',*,*,#3023,.F.);
#3023 = EDGE_CURVE('',#3024,#2991,#3026,.T.);
#3024 = VERTEX_POINT('',#3025);
#3025 = CARTESIAN_POINT('',(13.55089375,-4.3,2.573771875));
#3026 = SURFACE_CURVE('',#3027,(#3032,#3040),.PCURVE_S1.);
#3027 = B_SPLINE_CURVE_WITH_KNOTS('',3,(#3028,#3029,#3030,#3031),
  .UNSPECIFIED.,.F.,.F.,(4,4),(0.,1.),.PIECEWISE_BEZIER_KNOTS.);
#3028 = CARTESIAN_POINT('',(13.55089375,-4.3,2.573771875));
#3029 = CARTESIAN_POINT('',(13.55089375,-4.3,2.890478208344));
#3030 = CARTESIAN_POINT('',(13.55089375,-4.3,3.207184291656));
#3031 = CARTESIAN_POINT('',(13.55089375,-4.3,3.523890625));
#3032 = PCURVE('',#1352,#3033);
#3033 = DEFINITIONAL_REPRESENTATION('',(#3034),#3039);
#3034 = B_SPLINE_CURVE_WITH_KNOTS('',3,(#3035,#3036,#3037,#3038),
  .UNSPECIFIED.,.F.,.F.,(4,4),(0.,1.),.PIECEWISE_BEZIER_KNOTS.);
#3035 = CARTESIAN_POINT('',(3.006857754933,-4.146761682604));
#3036 = CARTESIAN_POINT('',(3.323564088277,-4.146761682604));
#3037 = CARTESIAN_POINT('',(3.64027017159,-4.146761682604));
#3038 = CARTESIAN_POINT('',(3.956976504933,-4.146761682604));
#3039 = ( GEOMETRIC_REPRESENTATION_CONTEXT(2) 
PARAMETRIC_REPRESENTATION_CONTEXT() REPRESENTATION_CONTEXT('2D SPACE',''
  ) );
#3040 = PCURVE('',#3041,#3049);
#3041 = SURFACE_OF_LINEAR_EXTRUSION('',#3042,#3047);
#3042 = B_SPLINE_CURVE_WITH_KNOTS('',3,(#3043,#3044,#3045,#3046),
  .UNSPECIFIED.,.F.,.F.,(4,4),(0.,1.),.PIECEWISE_BEZIER_KNOTS.);
#3043 = CARTESIAN_POINT('',(13.55089375,-4.5,2.573771875));
#3044 = CARTESIAN_POINT('',(13.55089375,-4.5,2.890478208344));
#3045 = CARTESIAN_POINT('',(13.55089375,-4.5,3.207184291656));
#3046 = CARTESIAN_POINT('',(13.55089375,-4.5,3.523890625));
#3047 = VECTOR('',#3048,1.);
#3048 = DIRECTION('',(0.,-1.,-2.230669073875E-16));
#3049 = DEFINITIONAL_REPRESENTATION('',(#3050),#3054);
#3050 = LINE('',#3051,#3052);
#3051 = CARTESIAN_POINT('',(0.,-0.2));
#3052 = VECTOR('',#3053,1.);
#3053 = DIRECTION('',(1.,0.));
#3054 = ( GEOMETRIC_REPRESENTATION_CONTEXT(2) 
PARAMETRIC_REPRESENTATION_CONTEXT() REPRESENTATION_CONTEXT('2D SPACE',''
  ) );
#3055 = ORIENTED_EDGE('',*,*,#3056,.F.);
#3056 = EDGE_CURVE('',#3057,#3024,#3059,.T.);
#3057 = VERTEX_POINT('',#3058);
#3058 = CARTESIAN_POINT('',(13.525890625,-4.3,2.273734375));
#3059 = SURFACE_CURVE('',#3060,(#3065,#3073),.PCURVE_S1.);
#3060 = B_SPLINE_CURVE_WITH_KNOTS('',3,(#3061,#3062,#3063,#3064),
  .UNSPECIFIED.,.F.,.F.,(4,4),(0.,1.),.PIECEWISE_BEZIER_KNOTS.);
#3061 = CARTESIAN_POINT('',(13.525890625,-4.3,2.273734375));
#3062 = CARTESIAN_POINT('',(13.515891875313,-4.3,2.381340824125));
#3063 = CARTESIAN_POINT('',(13.536260171031,-4.3,2.476368451094));
#3064 = CARTESIAN_POINT('',(13.55089375,-4.3,2.573771875));
#3065 = PCURVE('',#1352,#3066);
#3066 = DEFINITIONAL_REPRESENTATION('',(#3067),#3072);
#3067 = B_SPLINE_CURVE_WITH_KNOTS('',3,(#3068,#3069,#3070,#3071),
  .UNSPECIFIED.,.F.,.F.,(4,4),(0.,1.),.PIECEWISE_BEZIER_KNOTS.);
#3068 = CARTESIAN_POINT('',(2.706820254933,-4.171764807604));
#3069 = CARTESIAN_POINT('',(2.814426704058,-4.181763557291));
#3070 = CARTESIAN_POINT('',(2.909454331027,-4.161395261573));
#3071 = CARTESIAN_POINT('',(3.006857754933,-4.146761682604));
#3072 = ( GEOMETRIC_REPRESENTATION_CONTEXT(2) 
PARAMETRIC_REPRESENTATION_CONTEXT() REPRESENTATION_CONTEXT('2D SPACE',''
  ) );
#3073 = PCURVE('',#3074,#3082);
#3074 = SURFACE_OF_LINEAR_EXTRUSION('',#3075,#3080);
#3075 = B_SPLINE_CURVE_WITH_KNOTS('',3,(#3076,#3077,#3078,#3079),
  .UNSPECIFIED.,.F.,.F.,(4,4),(0.,1.),.PIECEWISE_BEZIER_KNOTS.);
#3076 = CARTESIAN_POINT('',(13.525890625,-4.5,2.273734375));
#3077 = CARTESIAN_POINT('',(13.515891875313,-4.5,2.381340824125));
#3078 = CARTESIAN_POINT('',(13.536260171031,-4.5,2.476368451094));
#3079 = CARTESIAN_POINT('',(13.55089375,-4.5,2.573771875));
#3080 = VECTOR('',#3081,1.);
#3081 = DIRECTION('',(0.,-1.,-2.230669073875E-16));
#3082 = DEFINITIONAL_REPRESENTATION('',(#3083),#3087);
#3083 = LINE('',#3084,#3085);
#3084 = CARTESIAN_POINT('',(0.,-0.2));
#3085 = VECTOR('',#3086,1.);
#3086 = DIRECTION('',(1.,0.));
#3087 = ( GEOMETRIC_REPRESENTATION_CONTEXT(2) 
PARAMETRIC_REPRESENTATION_CONTEXT() REPRESENTATION_CONTEXT('2D SPACE',''
  ) );
#3088 = ORIENTED_EDGE('',*,*,#3089,.F.);
#3089 = EDGE_CURVE('',#3090,#3057,#3092,.T.);
#3090 = VERTEX_POINT('',#3091);
#3091 = CARTESIAN_POINT('',(13.5008875,-4.3,1.973696875));
#3092 = SURFACE_CURVE('',#3093,(#3098,#3106),.PCURVE_S1.);
#3093 = B_SPLINE_CURVE_WITH_KNOTS('',3,(#3094,#3095,#3096,#3097),
  .UNSPECIFIED.,.F.,.F.,(4,4),(0.,1.),.PIECEWISE_BEZIER_KNOTS.);
#3094 = CARTESIAN_POINT('',(13.5008875,-4.3,1.973696875));
#3095 = CARTESIAN_POINT('',(13.490888750313,-4.3,2.081303324125));
#3096 = CARTESIAN_POINT('',(13.511257046031,-4.3,2.176330951094));
#3097 = CARTESIAN_POINT('',(13.525890625,-4.3,2.273734375));
#3098 = PCURVE('',#1352,#3099);
#3099 = DEFINITIONAL_REPRESENTATION('',(#3100),#3105);
#3100 = B_SPLINE_CURVE_WITH_KNOTS('',3,(#3101,#3102,#3103,#3104),
  .UNSPECIFIED.,.F.,.F.,(4,4),(0.,1.),.PIECEWISE_BEZIER_KNOTS.);
#3101 = CARTESIAN_POINT('',(2.406782754933,-4.196767932604));
#3102 = CARTESIAN_POINT('',(2.514389204058,-4.206766682291));
#3103 = CARTESIAN_POINT('',(2.609416831027,-4.186398386573));
#3104 = CARTESIAN_POINT('',(2.706820254933,-4.171764807604));
#3105 = ( GEOMETRIC_REPRESENTATION_CONTEXT(2) 
PARAMETRIC_REPRESENTATION_CONTEXT() REPRESENTATION_CONTEXT('2D SPACE',''
  ) );
#3106 = PCURVE('',#3107,#3115);
#3107 = SURFACE_OF_LINEAR_EXTRUSION('',#3108,#3113);
#3108 = B_SPLINE_CURVE_WITH_KNOTS('',3,(#3109,#3110,#3111,#3112),
  .UNSPECIFIED.,.F.,.F.,(4,4),(0.,1.),.PIECEWISE_BEZIER_KNOTS.);
#3109 = CARTESIAN_POINT('',(13.5008875,-4.5,1.973696875));
#3110 = CARTESIAN_POINT('',(13.490888750313,-4.5,2.081303324125));
#3111 = CARTESIAN_POINT('',(13.511257046031,-4.5,2.176330951094));
#3112 = CARTESIAN_POINT('',(13.525890625,-4.5,2.273734375));
#3113 = VECTOR('',#3114,1.);
#3114 = DIRECTION('',(0.,-1.,-2.230669073875E-16));
#3115 = DEFINITIONAL_REPRESENTATION('',(#3116),#3120);
#3116 = LINE('',#3117,#3118);
#3117 = CARTESIAN_POINT('',(0.,-0.2));
#3118 = VECTOR('',#3119,1.);
#3119 = DIRECTION('',(1.,0.));
#3120 = ( GEOMETRIC_REPRESENTATION_CONTEXT(2) 
PARAMETRIC_REPRESENTATION_CONTEXT() REPRESENTATION_CONTEXT('2D SPACE',''
  ) );
#3121 = ORIENTED_EDGE('',*,*,#3122,.F.);
#3122 = EDGE_CURVE('',#3123,#3090,#3125,.T.);
#3123 = VERTEX_POINT('',#3124);
#3124 = CARTESIAN_POINT('',(13.475884375,-4.3,1.573646875));
#3125 = SURFACE_CURVE('',#3126,(#3131,#3139),.PCURVE_S1.);
#3126 = B_SPLINE_CURVE_WITH_KNOTS('',3,(#3127,#3128,#3129,#3130),
  .UNSPECIFIED.,.F.,.F.,(4,4),(0.,1.),.PIECEWISE_BEZIER_KNOTS.);
#3127 = CARTESIAN_POINT('',(13.475884375,-4.3,1.573646875));
#3128 = CARTESIAN_POINT('',(13.480628467938,-4.3,1.708483977531));
#3129 = CARTESIAN_POINT('',(13.45996838575,-4.3,1.85384389525));
#3130 = CARTESIAN_POINT('',(13.5008875,-4.3,1.973696875));
#3131 = PCURVE('',#1352,#3132);
#3132 = DEFINITIONAL_REPRESENTATION('',(#3133),#3138);
#3133 = B_SPLINE_CURVE_WITH_KNOTS('',3,(#3134,#3135,#3136,#3137),
  .UNSPECIFIED.,.F.,.F.,(4,4),(0.,1.),.PIECEWISE_BEZIER_KNOTS.);
#3134 = CARTESIAN_POINT('',(2.006732754933,-4.221771057604));
#3135 = CARTESIAN_POINT('',(2.141569857465,-4.217026964666));
#3136 = CARTESIAN_POINT('',(2.286929775183,-4.237687046854));
#3137 = CARTESIAN_POINT('',(2.406782754933,-4.196767932604));
#3138 = ( GEOMETRIC_REPRESENTATION_CONTEXT(2) 
PARAMETRIC_REPRESENTATION_CONTEXT() REPRESENTATION_CONTEXT('2D SPACE',''
  ) );
#3139 = PCURVE('',#3140,#3148);
#3140 = SURFACE_OF_LINEAR_EXTRUSION('',#3141,#3146);
#3141 = B_SPLINE_CURVE_WITH_KNOTS('',3,(#3142,#3143,#3144,#3145),
  .UNSPECIFIED.,.F.,.F.,(4,4),(0.,1.),.PIECEWISE_BEZIER_KNOTS.);
#3142 = CARTESIAN_POINT('',(13.475884375,-4.5,1.573646875));
#3143 = CARTESIAN_POINT('',(13.480628467938,-4.5,1.708483977531));
#3144 = CARTESIAN_POINT('',(13.45996838575,-4.5,1.85384389525));
#3145 = CARTESIAN_POINT('',(13.5008875,-4.5,1.973696875));
#3146 = VECTOR('',#3147,1.);
#3147 = DIRECTION('',(0.,-1.,-2.230669073875E-16));
#3148 = DEFINITIONAL_REPRESENTATION('',(#3149),#3153);
#3149 = LINE('',#3150,#3151);
#3150 = CARTESIAN_POINT('',(0.,-0.2));
#3151 = VECTOR('',#3152,1.);
#3152 = DIRECTION('',(1.,0.));
#3153 = ( GEOMETRIC_REPRESENTATION_CONTEXT(2) 
PARAMETRIC_REPRESENTATION_CONTEXT() REPRESENTATION_CONTEXT('2D SPACE',''
  ) );
#3154 = ORIENTED_EDGE('',*,*,#3155,.F.);
#3155 = EDGE_CURVE('',#3156,#3123,#3158,.T.);
#3156 = VERTEX_POINT('',#3157);
#3157 = CARTESIAN_POINT('',(13.45088125,-4.3,1.273609375));
#3158 = SURFACE_CURVE('',#3159,(#3164,#3172),.PCURVE_S1.);
#3159 = B_SPLINE_CURVE_WITH_KNOTS('',3,(#3160,#3161,#3162,#3163),
  .UNSPECIFIED.,.F.,.F.,(4,4),(0.,1.),.PIECEWISE_BEZIER_KNOTS.);
#3160 = CARTESIAN_POINT('',(13.45088125,-4.3,1.273609375));
#3161 = CARTESIAN_POINT('',(13.440882500313,-4.3,1.381215824125));
#3162 = CARTESIAN_POINT('',(13.461250796031,-4.3,1.476243451094));
#3163 = CARTESIAN_POINT('',(13.475884375,-4.3,1.573646875));
#3164 = PCURVE('',#1352,#3165);
#3165 = DEFINITIONAL_REPRESENTATION('',(#3166),#3171);
#3166 = B_SPLINE_CURVE_WITH_KNOTS('',3,(#3167,#3168,#3169,#3170),
  .UNSPECIFIED.,.F.,.F.,(4,4),(0.,1.),.PIECEWISE_BEZIER_KNOTS.);
#3167 = CARTESIAN_POINT('',(1.706695254933,-4.246774182604));
#3168 = CARTESIAN_POINT('',(1.814301704058,-4.256772932291));
#3169 = CARTESIAN_POINT('',(1.909329331027,-4.236404636573));
#3170 = CARTESIAN_POINT('',(2.006732754933,-4.221771057604));
#3171 = ( GEOMETRIC_REPRESENTATION_CONTEXT(2) 
PARAMETRIC_REPRESENTATION_CONTEXT() REPRESENTATION_CONTEXT('2D SPACE',''
  ) );
#3172 = PCURVE('',#3173,#3181);
#3173 = SURFACE_OF_LINEAR_EXTRUSION('',#3174,#3179);
#3174 = B_SPLINE_CURVE_WITH_KNOTS('',3,(#3175,#3176,#3177,#3178),
  .UNSPECIFIED.,.F.,.F.,(4,4),(0.,1.),.PIECEWISE_BEZIER_KNOTS.);
#3175 = CARTESIAN_POINT('',(13.45088125,-4.5,1.273609375));
#3176 = CARTESIAN_POINT('',(13.440882500313,-4.5,1.381215824125));
#3177 = CARTESIAN_POINT('',(13.461250796031,-4.5,1.476243451094));
#3178 = CARTESIAN_POINT('',(13.475884375,-4.5,1.573646875));
#3179 = VECTOR('',#3180,1.);
#3180 = DIRECTION('',(0.,-1.,-2.230669073875E-16));
#3181 = DEFINITIONAL_REPRESENTATION('',(#3182),#3186);
#3182 = LINE('',#3183,#3184);
#3183 = CARTESIAN_POINT('',(0.,-0.2));
#3184 = VECTOR('',#3185,1.);
#3185 = DIRECTION('',(1.,0.));
#3186 = ( GEOMETRIC_REPRESENTATION_CONTEXT(2) 
PARAMETRIC_REPRESENTATION_CONTEXT() REPRESENTATION_CONTEXT('2D SPACE',''
  ) );
#3187 = ORIENTED_EDGE('',*,*,#3188,.F.);
#3188 = EDGE_CURVE('',#3189,#3156,#3191,.T.);
#3189 = VERTEX_POINT('',#3190);
#3190 = CARTESIAN_POINT('',(13.475884375,-4.3,0.923565625));
#3191 = SURFACE_CURVE('',#3192,(#3197,#3205),.PCURVE_S1.);
#3192 = B_SPLINE_CURVE_WITH_KNOTS('',3,(#3193,#3194,#3195,#3196),
  .UNSPECIFIED.,.F.,.F.,(4,4),(0.,1.),.PIECEWISE_BEZIER_KNOTS.);
#3193 = CARTESIAN_POINT('',(13.475884375,-4.3,0.923565625));
#3194 = CARTESIAN_POINT('',(13.482497451531,-4.3,1.046438232156));
#3195 = CARTESIAN_POINT('',(13.4335310815,-4.3,1.146289211969));
#3196 = CARTESIAN_POINT('',(13.45088125,-4.3,1.273609375));
#3197 = PCURVE('',#1352,#3198);
#3198 = DEFINITIONAL_REPRESENTATION('',(#3199),#3204);
#3199 = B_SPLINE_CURVE_WITH_KNOTS('',3,(#3200,#3201,#3202,#3203),
  .UNSPECIFIED.,.F.,.F.,(4,4),(0.,1.),.PIECEWISE_BEZIER_KNOTS.);
#3200 = CARTESIAN_POINT('',(1.356651504933,-4.221771057604));
#3201 = CARTESIAN_POINT('',(1.47952411209,-4.215157981073));
#3202 = CARTESIAN_POINT('',(1.579375091902,-4.264124351104));
#3203 = CARTESIAN_POINT('',(1.706695254933,-4.246774182604));
#3204 = ( GEOMETRIC_REPRESENTATION_CONTEXT(2) 
PARAMETRIC_REPRESENTATION_CONTEXT() REPRESENTATION_CONTEXT('2D SPACE',''
  ) );
#3205 = PCURVE('',#3206,#3214);
#3206 = SURFACE_OF_LINEAR_EXTRUSION('',#3207,#3212);
#3207 = B_SPLINE_CURVE_WITH_KNOTS('',3,(#3208,#3209,#3210,#3211),
  .UNSPECIFIED.,.F.,.F.,(4,4),(0.,1.),.PIECEWISE_BEZIER_KNOTS.);
#3208 = CARTESIAN_POINT('',(13.475884375,-4.5,0.923565625));
#3209 = CARTESIAN_POINT('',(13.482497451531,-4.5,1.046438232156));
#3210 = CARTESIAN_POINT('',(13.4335310815,-4.5,1.146289211969));
#3211 = CARTESIAN_POINT('',(13.45088125,-4.5,1.273609375));
#3212 = VECTOR('',#3213,1.);
#3213 = DIRECTION('',(0.,-1.,-2.230669073875E-16));
#3214 = DEFINITIONAL_REPRESENTATION('',(#3215),#3219);
#3215 = LINE('',#3216,#3217);
#3216 = CARTESIAN_POINT('',(0.,-0.2));
#3217 = VECTOR('',#3218,1.);
#3218 = DIRECTION('',(1.,0.));
#3219 = ( GEOMETRIC_REPRESENTATION_CONTEXT(2) 
PARAMETRIC_REPRESENTATION_CONTEXT() REPRESENTATION_CONTEXT('2D SPACE',''
  ) );
#3220 = ORIENTED_EDGE('',*,*,#3221,.F.);
#3221 = EDGE_CURVE('',#3222,#3189,#3224,.T.);
#3222 = VERTEX_POINT('',#3223);
#3223 = CARTESIAN_POINT('',(13.5008875,-4.3,0.573521875));
#3224 = SURFACE_CURVE('',#3225,(#3230,#3238),.PCURVE_S1.);
#3225 = B_SPLINE_CURVE_WITH_KNOTS('',3,(#3226,#3227,#3228,#3229),
  .UNSPECIFIED.,.F.,.F.,(4,4),(0.,1.),.PIECEWISE_BEZIER_KNOTS.);
#3226 = CARTESIAN_POINT('',(13.5008875,-4.3,0.573521875));
#3227 = CARTESIAN_POINT('',(13.507500576531,-4.3,0.696394482156));
#3228 = CARTESIAN_POINT('',(13.4585342065,-4.3,0.796245461969));
#3229 = CARTESIAN_POINT('',(13.475884375,-4.3,0.923565625));
#3230 = PCURVE('',#1352,#3231);
#3231 = DEFINITIONAL_REPRESENTATION('',(#3232),#3237);
#3232 = B_SPLINE_CURVE_WITH_KNOTS('',3,(#3233,#3234,#3235,#3236),
  .UNSPECIFIED.,.F.,.F.,(4,4),(0.,1.),.PIECEWISE_BEZIER_KNOTS.);
#3233 = CARTESIAN_POINT('',(1.006607754933,-4.196767932604));
#3234 = CARTESIAN_POINT('',(1.12948036209,-4.190154856073));
#3235 = CARTESIAN_POINT('',(1.229331341902,-4.239121226104));
#3236 = CARTESIAN_POINT('',(1.356651504933,-4.221771057604));
#3237 = ( GEOMETRIC_REPRESENTATION_CONTEXT(2) 
PARAMETRIC_REPRESENTATION_CONTEXT() REPRESENTATION_CONTEXT('2D SPACE',''
  ) );
#3238 = PCURVE('',#3239,#3247);
#3239 = SURFACE_OF_LINEAR_EXTRUSION('',#3240,#3245);
#3240 = B_SPLINE_CURVE_WITH_KNOTS('',3,(#3241,#3242,#3243,#3244),
  .UNSPECIFIED.,.F.,.F.,(4,4),(0.,1.),.PIECEWISE_BEZIER_KNOTS.);
#3241 = CARTESIAN_POINT('',(13.5008875,-4.5,0.573521875));
#3242 = CARTESIAN_POINT('',(13.507500576531,-4.5,0.696394482156));
#3243 = CARTESIAN_POINT('',(13.4585342065,-4.5,0.796245461969));
#3244 = CARTESIAN_POINT('',(13.475884375,-4.5,0.923565625));
#3245 = VECTOR('',#3246,1.);
#3246 = DIRECTION('',(0.,-1.,-2.230669073875E-16));
#3247 = DEFINITIONAL_REPRESENTATION('',(#3248),#3252);
#3248 = LINE('',#3249,#3250);
#3249 = CARTESIAN_POINT('',(0.,-0.2));
#3250 = VECTOR('',#3251,1.);
#3251 = DIRECTION('',(1.,0.));
#3252 = ( GEOMETRIC_REPRESENTATION_CONTEXT(2) 
PARAMETRIC_REPRESENTATION_CONTEXT() REPRESENTATION_CONTEXT('2D SPACE',''
  ) );
#3253 = ORIENTED_EDGE('',*,*,#3254,.F.);
#3254 = EDGE_CURVE('',#3255,#3222,#3257,.T.);
#3255 = VERTEX_POINT('',#3256);
#3256 = CARTESIAN_POINT('',(13.575896875,-4.3,0.223478125));
#3257 = SURFACE_CURVE('',#3258,(#3263,#3271),.PCURVE_S1.);
#3258 = B_SPLINE_CURVE_WITH_KNOTS('',3,(#3259,#3260,#3261,#3262),
  .UNSPECIFIED.,.F.,.F.,(4,4),(0.,1.),.PIECEWISE_BEZIER_KNOTS.);
#3259 = CARTESIAN_POINT('',(13.575896875,-4.3,0.223478125));
#3260 = CARTESIAN_POINT('',(13.535117528219,-4.3,0.333624641594));
#3261 = CARTESIAN_POINT('',(13.539101776188,-4.3,0.462312975625));
#3262 = CARTESIAN_POINT('',(13.5008875,-4.3,0.573521875));
#3263 = PCURVE('',#1352,#3264);
#3264 = DEFINITIONAL_REPRESENTATION('',(#3265),#3270);
#3265 = B_SPLINE_CURVE_WITH_KNOTS('',3,(#3266,#3267,#3268,#3269),
  .UNSPECIFIED.,.F.,.F.,(4,4),(0.,1.),.PIECEWISE_BEZIER_KNOTS.);
#3266 = CARTESIAN_POINT('',(0.656564004933,-4.121758557604));
#3267 = CARTESIAN_POINT('',(0.766710521527,-4.162537904385));
#3268 = CARTESIAN_POINT('',(0.895398855558,-4.158553656416));
#3269 = CARTESIAN_POINT('',(1.006607754933,-4.196767932604));
#3270 = ( GEOMETRIC_REPRESENTATION_CONTEXT(2) 
PARAMETRIC_REPRESENTATION_CONTEXT() REPRESENTATION_CONTEXT('2D SPACE',''
  ) );
#3271 = PCURVE('',#3272,#3280);
#3272 = SURFACE_OF_LINEAR_EXTRUSION('',#3273,#3278);
#3273 = B_SPLINE_CURVE_WITH_KNOTS('',3,(#3274,#3275,#3276,#3277),
  .UNSPECIFIED.,.F.,.F.,(4,4),(0.,1.),.PIECEWISE_BEZIER_KNOTS.);
#3274 = CARTESIAN_POINT('',(13.575896875,-4.5,0.223478125));
#3275 = CARTESIAN_POINT('',(13.535117528219,-4.5,0.333624641594));
#3276 = CARTESIAN_POINT('',(13.539101776188,-4.5,0.462312975625));
#3277 = CARTESIAN_POINT('',(13.5008875,-4.5,0.573521875));
#3278 = VECTOR('',#3279,1.);
#3279 = DIRECTION('',(0.,-1.,-2.230669073875E-16));
#3280 = DEFINITIONAL_REPRESENTATION('',(#3281),#3285);
#3281 = LINE('',#3282,#3283);
#3282 = CARTESIAN_POINT('',(0.,-0.2));
#3283 = VECTOR('',#3284,1.);
#3284 = DIRECTION('',(1.,0.));
#3285 = ( GEOMETRIC_REPRESENTATION_CONTEXT(2) 
PARAMETRIC_REPRESENTATION_CONTEXT() REPRESENTATION_CONTEXT('2D SPACE',''
  ) );
#3286 = ORIENTED_EDGE('',*,*,#3287,.F.);
#3287 = EDGE_CURVE('',#3288,#3255,#3290,.T.);
#3288 = VERTEX_POINT('',#3289);
#3289 = CARTESIAN_POINT('',(13.7009125,-4.3,-0.201575));
#3290 = SURFACE_CURVE('',#3291,(#3296,#3304),.PCURVE_S1.);
#3291 = B_SPLINE_CURVE_WITH_KNOTS('',3,(#3292,#3293,#3294,#3295),
  .UNSPECIFIED.,.F.,.F.,(4,4),(0.,1.),.PIECEWISE_BEZIER_KNOTS.);
#3292 = CARTESIAN_POINT('',(13.7009125,-4.3,-0.201575));
#3293 = CARTESIAN_POINT('',(13.656341179281,-4.3,-6.109169178125E-02));
#3294 = CARTESIAN_POINT('',(13.600465195656,-4.3,7.470928121875E-02));
#3295 = CARTESIAN_POINT('',(13.575896875,-4.3,0.223478125));
#3296 = PCURVE('',#1352,#3297);
#3297 = DEFINITIONAL_REPRESENTATION('',(#3298),#3303);
#3298 = B_SPLINE_CURVE_WITH_KNOTS('',3,(#3299,#3300,#3301,#3302),
  .UNSPECIFIED.,.F.,.F.,(4,4),(0.,1.),.PIECEWISE_BEZIER_KNOTS.);
#3299 = CARTESIAN_POINT('',(0.231510879933,-3.996742932604));
#3300 = CARTESIAN_POINT('',(0.371994188152,-4.041314253323));
#3301 = CARTESIAN_POINT('',(0.507795161152,-4.097190236948));
#3302 = CARTESIAN_POINT('',(0.656564004933,-4.121758557604));
#3303 = ( GEOMETRIC_REPRESENTATION_CONTEXT(2) 
PARAMETRIC_REPRESENTATION_CONTEXT() REPRESENTATION_CONTEXT('2D SPACE',''
  ) );
#3304 = PCURVE('',#3305,#3313);
#3305 = SURFACE_OF_LINEAR_EXTRUSION('',#3306,#3311);
#3306 = B_SPLINE_CURVE_WITH_KNOTS('',3,(#3307,#3308,#3309,#3310),
  .UNSPECIFIED.,.F.,.F.,(4,4),(0.,1.),.PIECEWISE_BEZIER_KNOTS.);
#3307 = CARTESIAN_POINT('',(13.7009125,-4.5,-0.201575));
#3308 = CARTESIAN_POINT('',(13.656341179281,-4.5,-6.109169178125E-02));
#3309 = CARTESIAN_POINT('',(13.600465195656,-4.5,7.470928121875E-02));
#3310 = CARTESIAN_POINT('',(13.575896875,-4.5,0.223478125));
#3311 = VECTOR('',#3312,1.);
#3312 = DIRECTION('',(0.,-1.,-2.230669073875E-16));
#3313 = DEFINITIONAL_REPRESENTATION('',(#3314),#3318);
#3314 = LINE('',#3315,#3316);
#3315 = CARTESIAN_POINT('',(0.,-0.2));
#3316 = VECTOR('',#3317,1.);
#3317 = DIRECTION('',(1.,0.));
#3318 = ( GEOMETRIC_REPRESENTATION_CONTEXT(2) 
PARAMETRIC_REPRESENTATION_CONTEXT() REPRESENTATION_CONTEXT('2D SPACE',''
  ) );
#3319 = ORIENTED_EDGE('',*,*,#3320,.F.);
#3320 = EDGE_CURVE('',#3321,#3288,#3323,.T.);
#3321 = VERTEX_POINT('',#3322);
#3322 = CARTESIAN_POINT('',(13.925940625,-4.3,-0.676634375));
#3323 = SURFACE_CURVE('',#3324,(#3329,#3337),.PCURVE_S1.);
#3324 = B_SPLINE_CURVE_WITH_KNOTS('',3,(#3325,#3326,#3327,#3328),
  .UNSPECIFIED.,.F.,.F.,(4,4),(0.,1.),.PIECEWISE_BEZIER_KNOTS.);
#3325 = CARTESIAN_POINT('',(13.925940625,-4.3,-0.676634375));
#3326 = CARTESIAN_POINT('',(13.8353092975,-4.3,-0.524752142094));
#3327 = CARTESIAN_POINT('',(13.762542952844,-4.3,-0.365469734281));
#3328 = CARTESIAN_POINT('',(13.7009125,-4.3,-0.201575));
#3329 = PCURVE('',#1352,#3330);
#3330 = DEFINITIONAL_REPRESENTATION('',(#3331),#3336);
#3331 = B_SPLINE_CURVE_WITH_KNOTS('',3,(#3332,#3333,#3334,#3335),
  .UNSPECIFIED.,.F.,.F.,(4,4),(0.,1.),.PIECEWISE_BEZIER_KNOTS.);
#3332 = CARTESIAN_POINT('',(-0.243548495067,-3.771714807604));
#3333 = CARTESIAN_POINT('',(-9.166626216034E-02,-3.862346135104));
#3334 = CARTESIAN_POINT('',(6.761614565216E-02,-3.93511247976));
#3335 = CARTESIAN_POINT('',(0.231510879933,-3.996742932604));
#3336 = ( GEOMETRIC_REPRESENTATION_CONTEXT(2) 
PARAMETRIC_REPRESENTATION_CONTEXT() REPRESENTATION_CONTEXT('2D SPACE',''
  ) );
#3337 = PCURVE('',#3338,#3346);
#3338 = SURFACE_OF_LINEAR_EXTRUSION('',#3339,#3344);
#3339 = B_SPLINE_CURVE_WITH_KNOTS('',3,(#3340,#3341,#3342,#3343),
  .UNSPECIFIED.,.F.,.F.,(4,4),(0.,1.),.PIECEWISE_BEZIER_KNOTS.);
#3340 = CARTESIAN_POINT('',(13.925940625,-4.5,-0.676634375));
#3341 = CARTESIAN_POINT('',(13.8353092975,-4.5,-0.524752142094));
#3342 = CARTESIAN_POINT('',(13.762542952844,-4.5,-0.365469734281));
#3343 = CARTESIAN_POINT('',(13.7009125,-4.5,-0.201575));
#3344 = VECTOR('',#3345,1.);
#3345 = DIRECTION('',(0.,-1.,-2.230669073875E-16));
#3346 = DEFINITIONAL_REPRESENTATION('',(#3347),#3351);
#3347 = LINE('',#3348,#3349);
#3348 = CARTESIAN_POINT('',(0.,-0.2));
#3349 = VECTOR('',#3350,1.);
#3350 = DIRECTION('',(1.,0.));
#3351 = ( GEOMETRIC_REPRESENTATION_CONTEXT(2) 
PARAMETRIC_REPRESENTATION_CONTEXT() REPRESENTATION_CONTEXT('2D SPACE',''
  ) );
#3352 = ORIENTED_EDGE('',*,*,#3353,.F.);
#3353 = EDGE_CURVE('',#3354,#3321,#3356,.T.);
#3354 = VERTEX_POINT('',#3355);
#3355 = CARTESIAN_POINT('',(14.210032132,-4.3,-1.110744632));
#3356 = SURFACE_CURVE('',#3357,(#3362,#3370),.PCURVE_S1.);
#3357 = B_SPLINE_CURVE_WITH_KNOTS('',3,(#3358,#3359,#3360,#3361),
  .UNSPECIFIED.,.F.,.F.,(4,4),(0.,1.),.PIECEWISE_BEZIER_KNOTS.);
#3358 = CARTESIAN_POINT('',(14.210032132,-4.3,-1.110744632));
#3359 = CARTESIAN_POINT('',(14.095074764125,-4.3,-0.974433095187));
#3360 = CARTESIAN_POINT('',(14.007346299438,-4.3,-0.82684314875));
#3361 = CARTESIAN_POINT('',(13.925940625,-4.3,-0.676634375));
#3362 = PCURVE('',#1352,#3363);
#3363 = DEFINITIONAL_REPRESENTATION('',(#3364),#3369);
#3364 = B_SPLINE_CURVE_WITH_KNOTS('',3,(#3365,#3366,#3367,#3368),
  .UNSPECIFIED.,.F.,.F.,(4,4),(0.,1.),.PIECEWISE_BEZIER_KNOTS.);
#3365 = CARTESIAN_POINT('',(-0.677658752067,-3.487623300604));
#3366 = CARTESIAN_POINT('',(-0.541347215254,-3.602580668479));
#3367 = CARTESIAN_POINT('',(-0.393757268817,-3.690309133166));
#3368 = CARTESIAN_POINT('',(-0.243548495067,-3.771714807604));
#3369 = ( GEOMETRIC_REPRESENTATION_CONTEXT(2) 
PARAMETRIC_REPRESENTATION_CONTEXT() REPRESENTATION_CONTEXT('2D SPACE',''
  ) );
#3370 = PCURVE('',#3371,#3379);
#3371 = SURFACE_OF_LINEAR_EXTRUSION('',#3372,#3377);
#3372 = B_SPLINE_CURVE_WITH_KNOTS('',3,(#3373,#3374,#3375,#3376),
  .UNSPECIFIED.,.F.,.F.,(4,4),(0.,1.),.PIECEWISE_BEZIER_KNOTS.);
#3373 = CARTESIAN_POINT('',(14.210032132,-4.5,-1.110744632));
#3374 = CARTESIAN_POINT('',(14.095074764125,-4.5,-0.974433095187));
#3375 = CARTESIAN_POINT('',(14.007346299438,-4.5,-0.82684314875));
#3376 = CARTESIAN_POINT('',(13.925940625,-4.5,-0.676634375));
#3377 = VECTOR('',#3378,1.);
#3378 = DIRECTION('',(0.,-1.,-2.230669073875E-16));
#3379 = DEFINITIONAL_REPRESENTATION('',(#3380),#3384);
#3380 = LINE('',#3381,#3382);
#3381 = CARTESIAN_POINT('',(0.,-0.2));
#3382 = VECTOR('',#3383,1.);
#3383 = DIRECTION('',(1.,0.));
#3384 = ( GEOMETRIC_REPRESENTATION_CONTEXT(2) 
PARAMETRIC_REPRESENTATION_CONTEXT() REPRESENTATION_CONTEXT('2D SPACE',''
  ) );
#3385 = ORIENTED_EDGE('',*,*,#3386,.F.);
#3386 = EDGE_CURVE('',#3387,#3354,#3389,.T.);
#3387 = VERTEX_POINT('',#3388);
#3388 = CARTESIAN_POINT('',(14.676034375,-4.3,-1.626753125));
#3389 = SURFACE_CURVE('',#3390,(#3395,#3403),.PCURVE_S1.);
#3390 = B_SPLINE_CURVE_WITH_KNOTS('',3,(#3391,#3392,#3393,#3394),
  .UNSPECIFIED.,.F.,.F.,(4,4),(0.,1.),.PIECEWISE_BEZIER_KNOTS.);
#3391 = CARTESIAN_POINT('',(14.676034375,-4.3,-1.626753125));
#3392 = CARTESIAN_POINT('',(14.503826601719,-4.3,-1.461739500875));
#3393 = CARTESIAN_POINT('',(14.344083636344,-4.3,-1.291562981469));
#3394 = CARTESIAN_POINT('',(14.210032132,-4.3,-1.110744632));
#3395 = PCURVE('',#1352,#3396);
#3396 = DEFINITIONAL_REPRESENTATION('',(#3397),#3402);
#3397 = B_SPLINE_CURVE_WITH_KNOTS('',3,(#3398,#3399,#3400,#3401),
  .UNSPECIFIED.,.F.,.F.,(4,4),(0.,1.),.PIECEWISE_BEZIER_KNOTS.);
#3398 = CARTESIAN_POINT('',(-1.193667245067,-3.021621057604));
#3399 = CARTESIAN_POINT('',(-1.028653620942,-3.193828830885));
#3400 = CARTESIAN_POINT('',(-0.858477101535,-3.35357179626));
#3401 = CARTESIAN_POINT('',(-0.677658752067,-3.487623300604));
#3402 = ( GEOMETRIC_REPRESENTATION_CONTEXT(2) 
PARAMETRIC_REPRESENTATION_CONTEXT() REPRESENTATION_CONTEXT('2D SPACE',''
  ) );
#3403 = PCURVE('',#3404,#3412);
#3404 = SURFACE_OF_LINEAR_EXTRUSION('',#3405,#3410);
#3405 = B_SPLINE_CURVE_WITH_KNOTS('',3,(#3406,#3407,#3408,#3409),
  .UNSPECIFIED.,.F.,.F.,(4,4),(0.,1.),.PIECEWISE_BEZIER_KNOTS.);
#3406 = CARTESIAN_POINT('',(14.676034375,-4.5,-1.626753125));
#3407 = CARTESIAN_POINT('',(14.503826601719,-4.5,-1.461739500875));
#3408 = CARTESIAN_POINT('',(14.344083636344,-4.5,-1.291562981469));
#3409 = CARTESIAN_POINT('',(14.210032132,-4.5,-1.110744632));
#3410 = VECTOR('',#3411,1.);
#3411 = DIRECTION('',(0.,-1.,-2.230669073875E-16));
#3412 = DEFINITIONAL_REPRESENTATION('',(#3413),#3417);
#3413 = LINE('',#3414,#3415);
#3414 = CARTESIAN_POINT('',(0.,-0.2));
#3415 = VECTOR('',#3416,1.);
#3416 = DIRECTION('',(1.,0.));
#3417 = ( GEOMETRIC_REPRESENTATION_CONTEXT(2) 
PARAMETRIC_REPRESENTATION_CONTEXT() REPRESENTATION_CONTEXT('2D SPACE',''
  ) );
#3418 = ORIENTED_EDGE('',*,*,#3419,.F.);
#3419 = EDGE_CURVE('',#3420,#3387,#3422,.T.);
#3420 = VERTEX_POINT('',#3421);
#3421 = CARTESIAN_POINT('',(15.026078125,-4.3,-1.9017875));
#3422 = SURFACE_CURVE('',#3423,(#3428,#3436),.PCURVE_S1.);
#3423 = B_SPLINE_CURVE_WITH_KNOTS('',3,(#3424,#3425,#3426,#3427),
  .UNSPECIFIED.,.F.,.F.,(4,4),(0.,1.),.PIECEWISE_BEZIER_KNOTS.);
#3424 = CARTESIAN_POINT('',(15.026078125,-4.3,-1.9017875));
#3425 = CARTESIAN_POINT('',(14.911708330563,-4.3,-1.80452934425));
#3426 = CARTESIAN_POINT('',(14.796055625781,-4.3,-1.7103675755));
#3427 = CARTESIAN_POINT('',(14.676034375,-4.3,-1.626753125));
#3428 = PCURVE('',#1352,#3429);
#3429 = DEFINITIONAL_REPRESENTATION('',(#3430),#3435);
#3430 = B_SPLINE_CURVE_WITH_KNOTS('',3,(#3431,#3432,#3433,#3434),
  .UNSPECIFIED.,.F.,.F.,(4,4),(0.,1.),.PIECEWISE_BEZIER_KNOTS.);
#3431 = CARTESIAN_POINT('',(-1.468701620067,-2.671577307604));
#3432 = CARTESIAN_POINT('',(-1.371443464317,-2.785947102041));
#3433 = CARTESIAN_POINT('',(-1.277281695567,-2.901599806823));
#3434 = CARTESIAN_POINT('',(-1.193667245067,-3.021621057604));
#3435 = ( GEOMETRIC_REPRESENTATION_CONTEXT(2) 
PARAMETRIC_REPRESENTATION_CONTEXT() REPRESENTATION_CONTEXT('2D SPACE',''
  ) );
#3436 = PCURVE('',#3437,#3445);
#3437 = SURFACE_OF_LINEAR_EXTRUSION('',#3438,#3443);
#3438 = B_SPLINE_CURVE_WITH_KNOTS('',3,(#3439,#3440,#3441,#3442),
  .UNSPECIFIED.,.F.,.F.,(4,4),(0.,1.),.PIECEWISE_BEZIER_KNOTS.);
#3439 = CARTESIAN_POINT('',(15.026078125,-4.5,-1.9017875));
#3440 = CARTESIAN_POINT('',(14.911708330563,-4.5,-1.80452934425));
#3441 = CARTESIAN_POINT('',(14.796055625781,-4.5,-1.7103675755));
#3442 = CARTESIAN_POINT('',(14.676034375,-4.5,-1.626753125));
#3443 = VECTOR('',#3444,1.);
#3444 = DIRECTION('',(0.,-1.,-2.230669073875E-16));
#3445 = DEFINITIONAL_REPRESENTATION('',(#3446),#3450);
#3446 = LINE('',#3447,#3448);
#3447 = CARTESIAN_POINT('',(0.,-0.2));
#3448 = VECTOR('',#3449,1.);
#3449 = DIRECTION('',(1.,0.));
#3450 = ( GEOMETRIC_REPRESENTATION_CONTEXT(2) 
PARAMETRIC_REPRESENTATION_CONTEXT() REPRESENTATION_CONTEXT('2D SPACE',''
  ) );
#3451 = ORIENTED_EDGE('',*,*,#3452,.F.);
#3452 = EDGE_CURVE('',#3453,#3420,#3455,.T.);
#3453 = VERTEX_POINT('',#3454);
#3454 = CARTESIAN_POINT('',(15.5011375,-4.3,-2.176821875));
#3455 = SURFACE_CURVE('',#3456,(#3461,#3469),.PCURVE_S1.);
#3456 = B_SPLINE_CURVE_WITH_KNOTS('',3,(#3457,#3458,#3459,#3460),
  .UNSPECIFIED.,.F.,.F.,(4,4),(0.,1.),.PIECEWISE_BEZIER_KNOTS.);
#3457 = CARTESIAN_POINT('',(15.5011375,-4.3,-2.176821875));
#3458 = CARTESIAN_POINT('',(15.34050342325,-4.3,-2.090650604938));
#3459 = CARTESIAN_POINT('',(15.18714025525,-4.3,-1.986925640937));
#3460 = CARTESIAN_POINT('',(15.026078125,-4.3,-1.9017875));
#3461 = PCURVE('',#1352,#3462);
#3462 = DEFINITIONAL_REPRESENTATION('',(#3463),#3468);
#3463 = B_SPLINE_CURVE_WITH_KNOTS('',3,(#3464,#3465,#3466,#3467),
  .UNSPECIFIED.,.F.,.F.,(4,4),(0.,1.),.PIECEWISE_BEZIER_KNOTS.);
#3464 = CARTESIAN_POINT('',(-1.743735995067,-2.196517932604));
#3465 = CARTESIAN_POINT('',(-1.657564725004,-2.357152009354));
#3466 = CARTESIAN_POINT('',(-1.553839761004,-2.510515177354));
#3467 = CARTESIAN_POINT('',(-1.468701620067,-2.671577307604));
#3468 = ( GEOMETRIC_REPRESENTATION_CONTEXT(2) 
PARAMETRIC_REPRESENTATION_CONTEXT() REPRESENTATION_CONTEXT('2D SPACE',''
  ) );
#3469 = PCURVE('',#3470,#3478);
#3470 = SURFACE_OF_LINEAR_EXTRUSION('',#3471,#3476);
#3471 = B_SPLINE_CURVE_WITH_KNOTS('',3,(#3472,#3473,#3474,#3475),
  .UNSPECIFIED.,.F.,.F.,(4,4),(0.,1.),.PIECEWISE_BEZIER_KNOTS.);
#3472 = CARTESIAN_POINT('',(15.5011375,-4.5,-2.176821875));
#3473 = CARTESIAN_POINT('',(15.34050342325,-4.5,-2.090650604938));
#3474 = CARTESIAN_POINT('',(15.18714025525,-4.5,-1.986925640937));
#3475 = CARTESIAN_POINT('',(15.026078125,-4.5,-1.9017875));
#3476 = VECTOR('',#3477,1.);
#3477 = DIRECTION('',(0.,-1.,-2.230669073875E-16));
#3478 = DEFINITIONAL_REPRESENTATION('',(#3479),#3483);
#3479 = LINE('',#3480,#3481);
#3480 = CARTESIAN_POINT('',(0.,-0.2));
#3481 = VECTOR('',#3482,1.);
#3482 = DIRECTION('',(1.,0.));
#3483 = ( GEOMETRIC_REPRESENTATION_CONTEXT(2) 
PARAMETRIC_REPRESENTATION_CONTEXT() REPRESENTATION_CONTEXT('2D SPACE',''
  ) );
#3484 = ORIENTED_EDGE('',*,*,#3485,.F.);
#3485 = EDGE_CURVE('',#3486,#3453,#3488,.T.);
#3486 = VERTEX_POINT('',#3487);
#3487 = CARTESIAN_POINT('',(15.976196875,-4.3,-2.376846875));
#3488 = SURFACE_CURVE('',#3489,(#3494,#3502),.PCURVE_S1.);
#3489 = B_SPLINE_CURVE_WITH_KNOTS('',3,(#3490,#3491,#3492,#3493),
  .UNSPECIFIED.,.F.,.F.,(4,4),(0.,1.),.PIECEWISE_BEZIER_KNOTS.);
#3490 = CARTESIAN_POINT('',(15.976196875,-4.3,-2.376846875));
#3491 = CARTESIAN_POINT('',(15.810041858219,-4.3,-2.329007145781));
#3492 = CARTESIAN_POINT('',(15.659199755313,-4.3,-2.244199296125));
#3493 = CARTESIAN_POINT('',(15.5011375,-4.3,-2.176821875));
#3494 = PCURVE('',#1352,#3495);
#3495 = DEFINITIONAL_REPRESENTATION('',(#3496),#3501);
#3496 = B_SPLINE_CURVE_WITH_KNOTS('',3,(#3497,#3498,#3499,#3500),
  .UNSPECIFIED.,.F.,.F.,(4,4),(0.,1.),.PIECEWISE_BEZIER_KNOTS.);
#3497 = CARTESIAN_POINT('',(-1.943760995067,-1.721458557604));
#3498 = CARTESIAN_POINT('',(-1.895921265848,-1.887613574385));
#3499 = CARTESIAN_POINT('',(-1.811113416192,-2.038455677291));
#3500 = CARTESIAN_POINT('',(-1.743735995067,-2.196517932604));
#3501 = ( GEOMETRIC_REPRESENTATION_CONTEXT(2) 
PARAMETRIC_REPRESENTATION_CONTEXT() REPRESENTATION_CONTEXT('2D SPACE',''
  ) );
#3502 = PCURVE('',#3503,#3511);
#3503 = SURFACE_OF_LINEAR_EXTRUSION('',#3504,#3509);
#3504 = B_SPLINE_CURVE_WITH_KNOTS('',3,(#3505,#3506,#3507,#3508),
  .UNSPECIFIED.,.F.,.F.,(4,4),(0.,1.),.PIECEWISE_BEZIER_KNOTS.);
#3505 = CARTESIAN_POINT('',(15.976196875,-4.5,-2.376846875));
#3506 = CARTESIAN_POINT('',(15.810041858219,-4.5,-2.329007145781));
#3507 = CARTESIAN_POINT('',(15.659199755313,-4.5,-2.244199296125));
#3508 = CARTESIAN_POINT('',(15.5011375,-4.5,-2.176821875));
#3509 = VECTOR('',#3510,1.);
#3510 = DIRECTION('',(0.,-1.,-2.230669073875E-16));
#3511 = DEFINITIONAL_REPRESENTATION('',(#3512),#3516);
#3512 = LINE('',#3513,#3514);
#3513 = CARTESIAN_POINT('',(0.,-0.2));
#3514 = VECTOR('',#3515,1.);
#3515 = DIRECTION('',(1.,0.));
#3516 = ( GEOMETRIC_REPRESENTATION_CONTEXT(2) 
PARAMETRIC_REPRESENTATION_CONTEXT() REPRESENTATION_CONTEXT('2D SPACE',''
  ) );
#3517 = ORIENTED_EDGE('',*,*,#3518,.F.);
#3518 = EDGE_CURVE('',#3519,#3486,#3521,.T.);
#3519 = VERTEX_POINT('',#3520);
#3520 = CARTESIAN_POINT('',(16.426253125,-4.3,-2.526865625));
#3521 = SURFACE_CURVE('',#3522,(#3527,#3535),.PCURVE_S1.);
#3522 = B_SPLINE_CURVE_WITH_KNOTS('',3,(#3523,#3524,#3525,#3526),
  .UNSPECIFIED.,.F.,.F.,(4,4),(0.,1.),.PIECEWISE_BEZIER_KNOTS.);
#3523 = CARTESIAN_POINT('',(16.426253125,-4.3,-2.526865625));
#3524 = CARTESIAN_POINT('',(16.272525661469,-4.3,-2.485813244094));
#3525 = CARTESIAN_POINT('',(16.121110987,-4.3,-2.439177165313));
#3526 = CARTESIAN_POINT('',(15.976196875,-4.3,-2.376846875));
#3527 = PCURVE('',#1352,#3528);
#3528 = DEFINITIONAL_REPRESENTATION('',(#3529),#3534);
#3529 = B_SPLINE_CURVE_WITH_KNOTS('',3,(#3530,#3531,#3532,#3533),
  .UNSPECIFIED.,.F.,.F.,(4,4),(0.,1.),.PIECEWISE_BEZIER_KNOTS.);
#3530 = CARTESIAN_POINT('',(-2.093779745067,-1.271402307604));
#3531 = CARTESIAN_POINT('',(-2.05272736416,-1.425129771135));
#3532 = CARTESIAN_POINT('',(-2.006091285379,-1.576544445604));
#3533 = CARTESIAN_POINT('',(-1.943760995067,-1.721458557604));
#3534 = ( GEOMETRIC_REPRESENTATION_CONTEXT(2) 
PARAMETRIC_REPRESENTATION_CONTEXT() REPRESENTATION_CONTEXT('2D SPACE',''
  ) );
#3535 = PCURVE('',#3536,#3544);
#3536 = SURFACE_OF_LINEAR_EXTRUSION('',#3537,#3542);
#3537 = B_SPLINE_CURVE_WITH_KNOTS('',3,(#3538,#3539,#3540,#3541),
  .UNSPECIFIED.,.F.,.F.,(4,4),(0.,1.),.PIECEWISE_BEZIER_KNOTS.);
#3538 = CARTESIAN_POINT('',(16.426253125,-4.5,-2.526865625));
#3539 = CARTESIAN_POINT('',(16.272525661469,-4.5,-2.485813244094));
#3540 = CARTESIAN_POINT('',(16.121110987,-4.5,-2.439177165313));
#3541 = CARTESIAN_POINT('',(15.976196875,-4.5,-2.376846875));
#3542 = VECTOR('',#3543,1.);
#3543 = DIRECTION('',(0.,-1.,-2.230669073875E-16));
#3544 = DEFINITIONAL_REPRESENTATION('',(#3545),#3549);
#3545 = LINE('',#3546,#3547);
#3546 = CARTESIAN_POINT('',(0.,-0.2));
#3547 = VECTOR('',#3548,1.);
#3548 = DIRECTION('',(1.,0.));
#3549 = ( GEOMETRIC_REPRESENTATION_CONTEXT(2) 
PARAMETRIC_REPRESENTATION_CONTEXT() REPRESENTATION_CONTEXT('2D SPACE',''
  ) );
#3550 = ORIENTED_EDGE('',*,*,#3551,.F.);
#3551 = EDGE_CURVE('',#3552,#3519,#3554,.T.);
#3552 = VERTEX_POINT('',#3553);
#3553 = CARTESIAN_POINT('',(16.803752056469,-4.3,-2.626878125));
#3554 = SURFACE_CURVE('',#3555,(#3560,#3568),.PCURVE_S1.);
#3555 = B_SPLINE_CURVE_WITH_KNOTS('',3,(#3556,#3557,#3558,#3559),
  .UNSPECIFIED.,.F.,.F.,(4,4),(0.,1.),.PIECEWISE_BEZIER_KNOTS.);
#3556 = CARTESIAN_POINT('',(16.803752056469,-4.3,-2.626878125));
#3557 = CARTESIAN_POINT('',(16.680043844875,-4.3,-2.588411067219));
#3558 = CARTESIAN_POINT('',(16.548961961688,-4.3,-2.567745484344));
#3559 = CARTESIAN_POINT('',(16.426253125,-4.3,-2.526865625));
#3560 = PCURVE('',#1352,#3561);
#3561 = DEFINITIONAL_REPRESENTATION('',(#3562),#3567);
#3562 = B_SPLINE_CURVE_WITH_KNOTS('',3,(#3563,#3564,#3565,#3566),
  .UNSPECIFIED.,.F.,.F.,(4,4),(0.,1.),.PIECEWISE_BEZIER_KNOTS.);
#3563 = CARTESIAN_POINT('',(-2.193792245067,-0.893903376135));
#3564 = CARTESIAN_POINT('',(-2.155325187285,-1.017611587729));
#3565 = CARTESIAN_POINT('',(-2.13465960441,-1.148693470916));
#3566 = CARTESIAN_POINT('',(-2.093779745067,-1.271402307604));
#3567 = ( GEOMETRIC_REPRESENTATION_CONTEXT(2) 
PARAMETRIC_REPRESENTATION_CONTEXT() REPRESENTATION_CONTEXT('2D SPACE',''
  ) );
#3568 = PCURVE('',#3569,#3577);
#3569 = SURFACE_OF_LINEAR_EXTRUSION('',#3570,#3575);
#3570 = B_SPLINE_CURVE_WITH_KNOTS('',3,(#3571,#3572,#3573,#3574),
  .UNSPECIFIED.,.F.,.F.,(4,4),(0.,1.),.PIECEWISE_BEZIER_KNOTS.);
#3571 = CARTESIAN_POINT('',(16.803752056469,-4.5,-2.626878125));
#3572 = CARTESIAN_POINT('',(16.680043844875,-4.5,-2.588411067219));
#3573 = CARTESIAN_POINT('',(16.548961961688,-4.5,-2.567745484344));
#3574 = CARTESIAN_POINT('',(16.426253125,-4.5,-2.526865625));
#3575 = VECTOR('',#3576,1.);
#3576 = DIRECTION('',(0.,-1.,-2.230669073875E-16));
#3577 = DEFINITIONAL_REPRESENTATION('',(#3578),#3582);
#3578 = LINE('',#3579,#3580);
#3579 = CARTESIAN_POINT('',(0.,-0.2));
#3580 = VECTOR('',#3581,1.);
#3581 = DIRECTION('',(1.,0.));
#3582 = ( GEOMETRIC_REPRESENTATION_CONTEXT(2) 
PARAMETRIC_REPRESENTATION_CONTEXT() REPRESENTATION_CONTEXT('2D SPACE',''
  ) );
#3583 = ORIENTED_EDGE('',*,*,#3584,.F.);
#3584 = EDGE_CURVE('',#3585,#3552,#3587,.T.);
#3585 = VERTEX_POINT('',#3586);
#3586 = CARTESIAN_POINT('',(17.15134375,-4.3,-2.7018875));
#3587 = SURFACE_CURVE('',#3588,(#3593,#3601),.PCURVE_S1.);
#3588 = B_SPLINE_CURVE_WITH_KNOTS('',3,(#3589,#3590,#3591,#3592),
  .UNSPECIFIED.,.F.,.F.,(4,4),(0.,1.),.PIECEWISE_BEZIER_KNOTS.);
#3589 = CARTESIAN_POINT('',(17.15134375,-4.3,-2.7018875));
#3590 = CARTESIAN_POINT('',(17.0421020965,-4.3,-2.660896626781));
#3591 = CARTESIAN_POINT('',(16.921772557188,-4.3,-2.646674849281));
#3592 = CARTESIAN_POINT('',(16.803752056469,-4.3,-2.626878125));
#3593 = PCURVE('',#1352,#3594);
#3594 = DEFINITIONAL_REPRESENTATION('',(#3595),#3600);
#3595 = B_SPLINE_CURVE_WITH_KNOTS('',3,(#3596,#3597,#3598,#3599),
  .UNSPECIFIED.,.F.,.F.,(4,4),(0.,1.),.PIECEWISE_BEZIER_KNOTS.);
#3596 = CARTESIAN_POINT('',(-2.268801620067,-0.546311682604));
#3597 = CARTESIAN_POINT('',(-2.227810746848,-0.655553336104));
#3598 = CARTESIAN_POINT('',(-2.213588969348,-0.775882875416));
#3599 = CARTESIAN_POINT('',(-2.193792245067,-0.893903376135));
#3600 = ( GEOMETRIC_REPRESENTATION_CONTEXT(2) 
PARAMETRIC_REPRESENTATION_CONTEXT() REPRESENTATION_CONTEXT('2D SPACE',''
  ) );
#3601 = PCURVE('',#3602,#3610);
#3602 = SURFACE_OF_LINEAR_EXTRUSION('',#3603,#3608);
#3603 = B_SPLINE_CURVE_WITH_KNOTS('',3,(#3604,#3605,#3606,#3607),
  .UNSPECIFIED.,.F.,.F.,(4,4),(0.,1.),.PIECEWISE_BEZIER_KNOTS.);
#3604 = CARTESIAN_POINT('',(17.15134375,-4.5,-2.7018875));
#3605 = CARTESIAN_POINT('',(17.0421020965,-4.5,-2.660896626781));
#3606 = CARTESIAN_POINT('',(16.921772557188,-4.5,-2.646674849281));
#3607 = CARTESIAN_POINT('',(16.803752056469,-4.5,-2.626878125));
#3608 = VECTOR('',#3609,1.);
#3609 = DIRECTION('',(0.,-1.,-2.230669073875E-16));
#3610 = DEFINITIONAL_REPRESENTATION('',(#3611),#3615);
#3611 = LINE('',#3612,#3613);
#3612 = CARTESIAN_POINT('',(0.,-0.2));
#3613 = VECTOR('',#3614,1.);
#3614 = DIRECTION('',(1.,0.));
#3615 = ( GEOMETRIC_REPRESENTATION_CONTEXT(2) 
PARAMETRIC_REPRESENTATION_CONTEXT() REPRESENTATION_CONTEXT('2D SPACE',''
  ) );
#3616 = ORIENTED_EDGE('',*,*,#3617,.F.);
#3617 = EDGE_CURVE('',#3618,#3585,#3620,.T.);
#3618 = VERTEX_POINT('',#3619);
#3619 = CARTESIAN_POINT('',(17.476384375,-4.3,-2.726890625));
#3620 = SURFACE_CURVE('',#3621,(#3626,#3634),.PCURVE_S1.);
#3621 = B_SPLINE_CURVE_WITH_KNOTS('',3,(#3622,#3623,#3624,#3625),
  .UNSPECIFIED.,.F.,.F.,(4,4),(0.,1.),.PIECEWISE_BEZIER_KNOTS.);
#3622 = CARTESIAN_POINT('',(17.476384375,-4.3,-2.726890625));
#3623 = CARTESIAN_POINT('',(17.358111842781,-4.3,-2.742518828281));
#3624 = CARTESIAN_POINT('',(17.26922048275,-4.3,-2.687214666125));
#3625 = CARTESIAN_POINT('',(17.15134375,-4.3,-2.7018875));
#3626 = PCURVE('',#1352,#3627);
#3627 = DEFINITIONAL_REPRESENTATION('',(#3628),#3633);
#3628 = B_SPLINE_CURVE_WITH_KNOTS('',3,(#3629,#3630,#3631,#3632),
  .UNSPECIFIED.,.F.,.F.,(4,4),(0.,1.),.PIECEWISE_BEZIER_KNOTS.);
#3629 = CARTESIAN_POINT('',(-2.293804745067,-0.221271057604));
#3630 = CARTESIAN_POINT('',(-2.309432948348,-0.339543589823));
#3631 = CARTESIAN_POINT('',(-2.254128786192,-0.428434949854));
#3632 = CARTESIAN_POINT('',(-2.268801620067,-0.546311682604));
#3633 = ( GEOMETRIC_REPRESENTATION_CONTEXT(2) 
PARAMETRIC_REPRESENTATION_CONTEXT() REPRESENTATION_CONTEXT('2D SPACE',''
  ) );
#3634 = PCURVE('',#3635,#3643);
#3635 = SURFACE_OF_LINEAR_EXTRUSION('',#3636,#3641);
#3636 = B_SPLINE_CURVE_WITH_KNOTS('',3,(#3637,#3638,#3639,#3640),
  .UNSPECIFIED.,.F.,.F.,(4,4),(0.,1.),.PIECEWISE_BEZIER_KNOTS.);
#3637 = CARTESIAN_POINT('',(17.476384375,-4.5,-2.726890625));
#3638 = CARTESIAN_POINT('',(17.358111842781,-4.5,-2.742518828281));
#3639 = CARTESIAN_POINT('',(17.26922048275,-4.5,-2.687214666125));
#3640 = CARTESIAN_POINT('',(17.15134375,-4.5,-2.7018875));
#3641 = VECTOR('',#3642,1.);
#3642 = DIRECTION('',(0.,-1.,-2.230669073875E-16));
#3643 = DEFINITIONAL_REPRESENTATION('',(#3644),#3648);
#3644 = LINE('',#3645,#3646);
#3645 = CARTESIAN_POINT('',(0.,-0.2));
#3646 = VECTOR('',#3647,1.);
#3647 = DIRECTION('',(1.,0.));
#3648 = ( GEOMETRIC_REPRESENTATION_CONTEXT(2) 
PARAMETRIC_REPRESENTATION_CONTEXT() REPRESENTATION_CONTEXT('2D SPACE',''
  ) );
#3649 = ORIENTED_EDGE('',*,*,#3650,.F.);
#3650 = EDGE_CURVE('',#3651,#3618,#3653,.T.);
#3651 = VERTEX_POINT('',#3652);
#3652 = CARTESIAN_POINT('',(17.776421875,-4.3,-2.776896875));
#3653 = SURFACE_CURVE('',#3654,(#3659,#3667),.PCURVE_S1.);
#3654 = B_SPLINE_CURVE_WITH_KNOTS('',3,(#3655,#3656,#3657,#3658),
  .UNSPECIFIED.,.F.,.F.,(4,4),(0.,1.),.PIECEWISE_BEZIER_KNOTS.);
#3655 = CARTESIAN_POINT('',(17.776421875,-4.3,-2.776896875));
#3656 = CARTESIAN_POINT('',(17.694694410344,-4.3,-2.716084024344));
#3657 = CARTESIAN_POINT('',(17.55875667025,-4.3,-2.786146531063));
#3658 = CARTESIAN_POINT('',(17.476384375,-4.3,-2.726890625));
#3659 = PCURVE('',#1352,#3660);
#3660 = DEFINITIONAL_REPRESENTATION('',(#3661),#3666);
#3661 = B_SPLINE_CURVE_WITH_KNOTS('',3,(#3662,#3663,#3664,#3665),
  .UNSPECIFIED.,.F.,.F.,(4,4),(0.,1.),.PIECEWISE_BEZIER_KNOTS.);
#3662 = CARTESIAN_POINT('',(-2.343810995067,7.876644239602E-02));
#3663 = CARTESIAN_POINT('',(-2.28299814441,-2.96102226023E-03));
#3664 = CARTESIAN_POINT('',(-2.353060651129,-0.138898762354));
#3665 = CARTESIAN_POINT('',(-2.293804745067,-0.221271057604));
#3666 = ( GEOMETRIC_REPRESENTATION_CONTEXT(2) 
PARAMETRIC_REPRESENTATION_CONTEXT() REPRESENTATION_CONTEXT('2D SPACE',''
  ) );
#3667 = PCURVE('',#3668,#3676);
#3668 = SURFACE_OF_LINEAR_EXTRUSION('',#3669,#3674);
#3669 = B_SPLINE_CURVE_WITH_KNOTS('',3,(#3670,#3671,#3672,#3673),
  .UNSPECIFIED.,.F.,.F.,(4,4),(0.,1.),.PIECEWISE_BEZIER_KNOTS.);
#3670 = CARTESIAN_POINT('',(17.776421875,-4.5,-2.776896875));
#3671 = CARTESIAN_POINT('',(17.694694410344,-4.5,-2.716084024344));
#3672 = CARTESIAN_POINT('',(17.55875667025,-4.5,-2.786146531063));
#3673 = CARTESIAN_POINT('',(17.476384375,-4.5,-2.726890625));
#3674 = VECTOR('',#3675,1.);
#3675 = DIRECTION('',(0.,-1.,-2.230669073875E-16));
#3676 = DEFINITIONAL_REPRESENTATION('',(#3677),#3681);
#3677 = LINE('',#3678,#3679);
#3678 = CARTESIAN_POINT('',(0.,-0.2));
#3679 = VECTOR('',#3680,1.);
#3680 = DIRECTION('',(1.,0.));
#3681 = ( GEOMETRIC_REPRESENTATION_CONTEXT(2) 
PARAMETRIC_REPRESENTATION_CONTEXT() REPRESENTATION_CONTEXT('2D SPACE',''
  ) );
#3682 = ORIENTED_EDGE('',*,*,#3683,.F.);
#3683 = EDGE_CURVE('',#3684,#3651,#3686,.T.);
#3684 = VERTEX_POINT('',#3685);
#3685 = CARTESIAN_POINT('',(18.201475,-4.3,-2.8019));
#3686 = SURFACE_CURVE('',#3687,(#3692,#3700),.PCURVE_S1.);
#3687 = B_SPLINE_CURVE_WITH_KNOTS('',3,(#3688,#3689,#3690,#3691),
  .UNSPECIFIED.,.F.,.F.,(4,4),(0.,1.),.PIECEWISE_BEZIER_KNOTS.);
#3688 = CARTESIAN_POINT('',(18.201475,-4.3,-2.8019));
#3689 = CARTESIAN_POINT('',(18.07822959625,-4.3,-2.749050144594));
#3690 = CARTESIAN_POINT('',(17.916263603031,-4.3,-2.789679972687));
#3691 = CARTESIAN_POINT('',(17.776421875,-4.3,-2.776896875));
#3692 = PCURVE('',#1352,#3693);
#3693 = DEFINITIONAL_REPRESENTATION('',(#3694),#3699);
#3694 = B_SPLINE_CURVE_WITH_KNOTS('',3,(#3695,#3696,#3697,#3698),
  .UNSPECIFIED.,.F.,.F.,(4,4),(0.,1.),.PIECEWISE_BEZIER_KNOTS.);
#3695 = CARTESIAN_POINT('',(-2.368814120067,0.503819567396));
#3696 = CARTESIAN_POINT('',(-2.31596426466,0.380574163646));
#3697 = CARTESIAN_POINT('',(-2.356594092754,0.218608170427));
#3698 = CARTESIAN_POINT('',(-2.343810995067,7.876644239602E-02));
#3699 = ( GEOMETRIC_REPRESENTATION_CONTEXT(2) 
PARAMETRIC_REPRESENTATION_CONTEXT() REPRESENTATION_CONTEXT('2D SPACE',''
  ) );
#3700 = PCURVE('',#3701,#3709);
#3701 = SURFACE_OF_LINEAR_EXTRUSION('',#3702,#3707);
#3702 = B_SPLINE_CURVE_WITH_KNOTS('',3,(#3703,#3704,#3705,#3706),
  .UNSPECIFIED.,.F.,.F.,(4,4),(0.,1.),.PIECEWISE_BEZIER_KNOTS.);
#3703 = CARTESIAN_POINT('',(18.201475,-4.5,-2.8019));
#3704 = CARTESIAN_POINT('',(18.07822959625,-4.5,-2.749050144594));
#3705 = CARTESIAN_POINT('',(17.916263603031,-4.5,-2.789679972687));
#3706 = CARTESIAN_POINT('',(17.776421875,-4.5,-2.776896875));
#3707 = VECTOR('',#3708,1.);
#3708 = DIRECTION('',(0.,-1.,-2.230669073875E-16));
#3709 = DEFINITIONAL_REPRESENTATION('',(#3710),#3714);
#3710 = LINE('',#3711,#3712);
#3711 = CARTESIAN_POINT('',(0.,-0.2));
#3712 = VECTOR('',#3713,1.);
#3713 = DIRECTION('',(1.,0.));
#3714 = ( GEOMETRIC_REPRESENTATION_CONTEXT(2) 
PARAMETRIC_REPRESENTATION_CONTEXT() REPRESENTATION_CONTEXT('2D SPACE',''
  ) );
#3715 = ORIENTED_EDGE('',*,*,#3716,.F.);
#3716 = EDGE_CURVE('',#3717,#3684,#3719,.T.);
#3717 = VERTEX_POINT('',#3718);
#3718 = CARTESIAN_POINT('',(18.976571875,-4.3,-2.8019));
#3719 = SURFACE_CURVE('',#3720,(#3725,#3733),.PCURVE_S1.);
#3720 = B_SPLINE_CURVE_WITH_KNOTS('',3,(#3721,#3722,#3723,#3724),
  .UNSPECIFIED.,.F.,.F.,(4,4),(0.,1.),.PIECEWISE_BEZIER_KNOTS.);
#3721 = CARTESIAN_POINT('',(18.976571875,-4.3,-2.8019));
#3722 = CARTESIAN_POINT('',(18.718206333344,-4.3,-2.8019));
#3723 = CARTESIAN_POINT('',(18.459840541656,-4.3,-2.8019));
#3724 = CARTESIAN_POINT('',(18.201475,-4.3,-2.8019));
#3725 = PCURVE('',#1352,#3726);
#3726 = DEFINITIONAL_REPRESENTATION('',(#3727),#3732);
#3727 = B_SPLINE_CURVE_WITH_KNOTS('',3,(#3728,#3729,#3730,#3731),
  .UNSPECIFIED.,.F.,.F.,(4,4),(0.,1.),.PIECEWISE_BEZIER_KNOTS.);
#3728 = CARTESIAN_POINT('',(-2.368814120067,1.278916442396));
#3729 = CARTESIAN_POINT('',(-2.368814120067,1.02055090074));
#3730 = CARTESIAN_POINT('',(-2.368814120067,0.762185109052));
#3731 = CARTESIAN_POINT('',(-2.368814120067,0.503819567396));
#3732 = ( GEOMETRIC_REPRESENTATION_CONTEXT(2) 
PARAMETRIC_REPRESENTATION_CONTEXT() REPRESENTATION_CONTEXT('2D SPACE',''
  ) );
#3733 = PCURVE('',#3734,#3742);
#3734 = SURFACE_OF_LINEAR_EXTRUSION('',#3735,#3740);
#3735 = B_SPLINE_CURVE_WITH_KNOTS('',3,(#3736,#3737,#3738,#3739),
  .UNSPECIFIED.,.F.,.F.,(4,4),(0.,1.),.PIECEWISE_BEZIER_KNOTS.);
#3736 = CARTESIAN_POINT('',(18.976571875,-4.5,-2.8019));
#3737 = CARTESIAN_POINT('',(18.718206333344,-4.5,-2.8019));
#3738 = CARTESIAN_POINT('',(18.459840541656,-4.5,-2.8019));
#3739 = CARTESIAN_POINT('',(18.201475,-4.5,-2.8019));
#3740 = VECTOR('',#3741,1.);
#3741 = DIRECTION('',(0.,-1.,-2.230669073875E-16));
#3742 = DEFINITIONAL_REPRESENTATION('',(#3743),#3747);
#3743 = LINE('',#3744,#3745);
#3744 = CARTESIAN_POINT('',(0.,-0.2));
#3745 = VECTOR('',#3746,1.);
#3746 = DIRECTION('',(1.,0.));
#3747 = ( GEOMETRIC_REPRESENTATION_CONTEXT(2) 
PARAMETRIC_REPRESENTATION_CONTEXT() REPRESENTATION_CONTEXT('2D SPACE',''
  ) );
#3748 = ORIENTED_EDGE('',*,*,#3749,.F.);
#3749 = EDGE_CURVE('',#3750,#3717,#3752,.T.);
#3750 = VERTEX_POINT('',#3751);
#3751 = CARTESIAN_POINT('',(19.326615625,-4.3,-2.776896875));
#3752 = SURFACE_CURVE('',#3753,(#3758,#3766),.PCURVE_S1.);
#3753 = B_SPLINE_CURVE_WITH_KNOTS('',3,(#3754,#3755,#3756,#3757),
  .UNSPECIFIED.,.F.,.F.,(4,4),(0.,1.),.PIECEWISE_BEZIER_KNOTS.);
#3754 = CARTESIAN_POINT('',(19.326615625,-4.3,-2.776896875));
#3755 = CARTESIAN_POINT('',(19.204184573031,-4.3,-2.77135018175));
#3756 = CARTESIAN_POINT('',(19.086934668625,-4.3,-2.778312051875));
#3757 = CARTESIAN_POINT('',(18.976571875,-4.3,-2.8019));
#3758 = PCURVE('',#1352,#3759);
#3759 = DEFINITIONAL_REPRESENTATION('',(#3760),#3765);
#3760 = B_SPLINE_CURVE_WITH_KNOTS('',3,(#3761,#3762,#3763,#3764),
  .UNSPECIFIED.,.F.,.F.,(4,4),(0.,1.),.PIECEWISE_BEZIER_KNOTS.);
#3761 = CARTESIAN_POINT('',(-2.343810995067,1.628960192396));
#3762 = CARTESIAN_POINT('',(-2.338264301817,1.506529140427));
#3763 = CARTESIAN_POINT('',(-2.345226171942,1.389279236021));
#3764 = CARTESIAN_POINT('',(-2.368814120067,1.278916442396));
#3765 = ( GEOMETRIC_REPRESENTATION_CONTEXT(2) 
PARAMETRIC_REPRESENTATION_CONTEXT() REPRESENTATION_CONTEXT('2D SPACE',''
  ) );
#3766 = PCURVE('',#3767,#3775);
#3767 = SURFACE_OF_LINEAR_EXTRUSION('',#3768,#3773);
#3768 = B_SPLINE_CURVE_WITH_KNOTS('',3,(#3769,#3770,#3771,#3772),
  .UNSPECIFIED.,.F.,.F.,(4,4),(0.,1.),.PIECEWISE_BEZIER_KNOTS.);
#3769 = CARTESIAN_POINT('',(19.326615625,-4.5,-2.776896875));
#3770 = CARTESIAN_POINT('',(19.204184573031,-4.5,-2.77135018175));
#3771 = CARTESIAN_POINT('',(19.086934668625,-4.5,-2.778312051875));
#3772 = CARTESIAN_POINT('',(18.976571875,-4.5,-2.8019));
#3773 = VECTOR('',#3774,1.);
#3774 = DIRECTION('',(0.,-1.,-2.230669073875E-16));
#3775 = DEFINITIONAL_REPRESENTATION('',(#3776),#3780);
#3776 = LINE('',#3777,#3778);
#3777 = CARTESIAN_POINT('',(0.,-0.2));
#3778 = VECTOR('',#3779,1.);
#3779 = DIRECTION('',(1.,0.));
#3780 = ( GEOMETRIC_REPRESENTATION_CONTEXT(2) 
PARAMETRIC_REPRESENTATION_CONTEXT() REPRESENTATION_CONTEXT('2D SPACE',''
  ) );
#3781 = ORIENTED_EDGE('',*,*,#3782,.F.);
#3782 = EDGE_CURVE('',#3783,#3750,#3785,.T.);
#3783 = VERTEX_POINT('',#3784);
#3784 = CARTESIAN_POINT('',(19.726665625,-4.3,-2.75189375));
#3785 = SURFACE_CURVE('',#3786,(#3791,#3799),.PCURVE_S1.);
#3786 = B_SPLINE_CURVE_WITH_KNOTS('',3,(#3787,#3788,#3789,#3790),
  .UNSPECIFIED.,.F.,.F.,(4,4),(0.,1.),.PIECEWISE_BEZIER_KNOTS.);
#3787 = CARTESIAN_POINT('',(19.726665625,-4.3,-2.75189375));
#3788 = CARTESIAN_POINT('',(19.583978291313,-4.3,-2.737685474188));
#3789 = CARTESIAN_POINT('',(19.470340338344,-4.3,-2.793609213781));
#3790 = CARTESIAN_POINT('',(19.326615625,-4.3,-2.776896875));
#3791 = PCURVE('',#1352,#3792);
#3792 = DEFINITIONAL_REPRESENTATION('',(#3793),#3798);
#3793 = B_SPLINE_CURVE_WITH_KNOTS('',3,(#3794,#3795,#3796,#3797),
  .UNSPECIFIED.,.F.,.F.,(4,4),(0.,1.),.PIECEWISE_BEZIER_KNOTS.);
#3794 = CARTESIAN_POINT('',(-2.318807870067,2.029010192396));
#3795 = CARTESIAN_POINT('',(-2.304599594254,1.886322858709));
#3796 = CARTESIAN_POINT('',(-2.360523333848,1.77268490574));
#3797 = CARTESIAN_POINT('',(-2.343810995067,1.628960192396));
#3798 = ( GEOMETRIC_REPRESENTATION_CONTEXT(2) 
PARAMETRIC_REPRESENTATION_CONTEXT() REPRESENTATION_CONTEXT('2D SPACE',''
  ) );
#3799 = PCURVE('',#3800,#3808);
#3800 = SURFACE_OF_LINEAR_EXTRUSION('',#3801,#3806);
#3801 = B_SPLINE_CURVE_WITH_KNOTS('',3,(#3802,#3803,#3804,#3805),
  .UNSPECIFIED.,.F.,.F.,(4,4),(0.,1.),.PIECEWISE_BEZIER_KNOTS.);
#3802 = CARTESIAN_POINT('',(19.726665625,-4.5,-2.75189375));
#3803 = CARTESIAN_POINT('',(19.583978291313,-4.5,-2.737685474188));
#3804 = CARTESIAN_POINT('',(19.470340338344,-4.5,-2.793609213781));
#3805 = CARTESIAN_POINT('',(19.326615625,-4.5,-2.776896875));
#3806 = VECTOR('',#3807,1.);
#3807 = DIRECTION('',(0.,-1.,-2.230669073875E-16));
#3808 = DEFINITIONAL_REPRESENTATION('',(#3809),#3813);
#3809 = LINE('',#3810,#3811);
#3810 = CARTESIAN_POINT('',(0.,-0.2));
#3811 = VECTOR('',#3812,1.);
#3812 = DIRECTION('',(1.,0.));
#3813 = ( GEOMETRIC_REPRESENTATION_CONTEXT(2) 
PARAMETRIC_REPRESENTATION_CONTEXT() REPRESENTATION_CONTEXT('2D SPACE',''
  ) );
#3814 = ORIENTED_EDGE('',*,*,#3815,.F.);
#3815 = EDGE_CURVE('',#3816,#3783,#3818,.T.);
#3816 = VERTEX_POINT('',#3817);
#3817 = CARTESIAN_POINT('',(20.029155181469,-4.3,-2.7018875));
#3818 = SURFACE_CURVE('',#3819,(#3824,#3832),.PCURVE_S1.);
#3819 = B_SPLINE_CURVE_WITH_KNOTS('',3,(#3820,#3821,#3822,#3823),
  .UNSPECIFIED.,.F.,.F.,(4,4),(0.,1.),.PIECEWISE_BEZIER_KNOTS.);
#3820 = CARTESIAN_POINT('',(20.029155181469,-4.3,-2.7018875));
#3821 = CARTESIAN_POINT('',(19.939415215375,-4.3,-2.745329429563));
#3822 = CARTESIAN_POINT('',(19.817600740469,-4.3,-2.711336931031));
#3823 = CARTESIAN_POINT('',(19.726665625,-4.3,-2.75189375));
#3824 = PCURVE('',#1352,#3825);
#3825 = DEFINITIONAL_REPRESENTATION('',(#3826),#3831);
#3826 = B_SPLINE_CURVE_WITH_KNOTS('',3,(#3827,#3828,#3829,#3830),
  .UNSPECIFIED.,.F.,.F.,(4,4),(0.,1.),.PIECEWISE_BEZIER_KNOTS.);
#3827 = CARTESIAN_POINT('',(-2.268801620067,2.331499748865));
#3828 = CARTESIAN_POINT('',(-2.312243549629,2.241759782771));
#3829 = CARTESIAN_POINT('',(-2.278251051098,2.119945307865));
#3830 = CARTESIAN_POINT('',(-2.318807870067,2.029010192396));
#3831 = ( GEOMETRIC_REPRESENTATION_CONTEXT(2) 
PARAMETRIC_REPRESENTATION_CONTEXT() REPRESENTATION_CONTEXT('2D SPACE',''
  ) );
#3832 = PCURVE('',#3833,#3841);
#3833 = SURFACE_OF_LINEAR_EXTRUSION('',#3834,#3839);
#3834 = B_SPLINE_CURVE_WITH_KNOTS('',3,(#3835,#3836,#3837,#3838),
  .UNSPECIFIED.,.F.,.F.,(4,4),(0.,1.),.PIECEWISE_BEZIER_KNOTS.);
#3835 = CARTESIAN_POINT('',(20.029155181469,-4.5,-2.7018875));
#3836 = CARTESIAN_POINT('',(19.939415215375,-4.5,-2.745329429563));
#3837 = CARTESIAN_POINT('',(19.817600740469,-4.5,-2.711336931031));
#3838 = CARTESIAN_POINT('',(19.726665625,-4.5,-2.75189375));
#3839 = VECTOR('',#3840,1.);
#3840 = DIRECTION('',(0.,-1.,-2.230669073875E-16));
#3841 = DEFINITIONAL_REPRESENTATION('',(#3842),#3846);
#3842 = LINE('',#3843,#3844);
#3843 = CARTESIAN_POINT('',(0.,-0.2));
#3844 = VECTOR('',#3845,1.);
#3845 = DIRECTION('',(1.,0.));
#3846 = ( GEOMETRIC_REPRESENTATION_CONTEXT(2) 
PARAMETRIC_REPRESENTATION_CONTEXT() REPRESENTATION_CONTEXT('2D SPACE',''
  ) );
#3847 = ORIENTED_EDGE('',*,*,#3848,.F.);
#3848 = EDGE_CURVE('',#3849,#3816,#3851,.T.);
#3849 = VERTEX_POINT('',#3850);
#3850 = CARTESIAN_POINT('',(20.126715625,-4.3,-2.55186875));
#3851 = SURFACE_CURVE('',#3852,(#3857,#3865),.PCURVE_S1.);
#3852 = B_SPLINE_CURVE_WITH_KNOTS('',3,(#3853,#3854,#3855,#3856),
  .UNSPECIFIED.,.F.,.F.,(4,4),(0.,1.),.PIECEWISE_BEZIER_KNOTS.);
#3853 = CARTESIAN_POINT('',(20.126715625,-4.3,-2.55186875));
#3854 = CARTESIAN_POINT('',(20.324513096594,-4.3,-2.624591589219));
#3855 = CARTESIAN_POINT('',(20.178721624938,-4.3,-2.722479073625));
#3856 = CARTESIAN_POINT('',(20.029155181469,-4.3,-2.7018875));
#3857 = PCURVE('',#1352,#3858);
#3858 = DEFINITIONAL_REPRESENTATION('',(#3859),#3864);
#3859 = B_SPLINE_CURVE_WITH_KNOTS('',3,(#3860,#3861,#3862,#3863),
  .UNSPECIFIED.,.F.,.F.,(4,4),(0.,1.),.PIECEWISE_BEZIER_KNOTS.);
#3860 = CARTESIAN_POINT('',(-2.118782870067,2.429060192396));
#3861 = CARTESIAN_POINT('',(-2.191505709285,2.62685766399));
#3862 = CARTESIAN_POINT('',(-2.289393193692,2.481066192334));
#3863 = CARTESIAN_POINT('',(-2.268801620067,2.331499748865));
#3864 = ( GEOMETRIC_REPRESENTATION_CONTEXT(2) 
PARAMETRIC_REPRESENTATION_CONTEXT() REPRESENTATION_CONTEXT('2D SPACE',''
  ) );
#3865 = PCURVE('',#3866,#3874);
#3866 = SURFACE_OF_LINEAR_EXTRUSION('',#3867,#3872);
#3867 = B_SPLINE_CURVE_WITH_KNOTS('',3,(#3868,#3869,#3870,#3871),
  .UNSPECIFIED.,.F.,.F.,(4,4),(0.,1.),.PIECEWISE_BEZIER_KNOTS.);
#3868 = CARTESIAN_POINT('',(20.126715625,-4.5,-2.55186875));
#3869 = CARTESIAN_POINT('',(20.324513096594,-4.5,-2.624591589219));
#3870 = CARTESIAN_POINT('',(20.178721624938,-4.5,-2.722479073625));
#3871 = CARTESIAN_POINT('',(20.029155181469,-4.5,-2.7018875));
#3872 = VECTOR('',#3873,1.);
#3873 = DIRECTION('',(0.,-1.,-2.230669073875E-16));
#3874 = DEFINITIONAL_REPRESENTATION('',(#3875),#3879);
#3875 = LINE('',#3876,#3877);
#3876 = CARTESIAN_POINT('',(0.,-0.2));
#3877 = VECTOR('',#3878,1.);
#3878 = DIRECTION('',(1.,0.));
#3879 = ( GEOMETRIC_REPRESENTATION_CONTEXT(2) 
PARAMETRIC_REPRESENTATION_CONTEXT() REPRESENTATION_CONTEXT('2D SPACE',''
  ) );
#3880 = ORIENTED_EDGE('',*,*,#3881,.F.);
#3881 = EDGE_CURVE('',#3882,#3849,#3884,.T.);
#3882 = VERTEX_POINT('',#3883);
#3883 = CARTESIAN_POINT('',(19.776671875,-4.3,-2.176821875));
#3884 = SURFACE_CURVE('',#3885,(#3890,#3898),.PCURVE_S1.);
#3885 = B_SPLINE_CURVE_WITH_KNOTS('',3,(#3886,#3887,#3888,#3889),
  .UNSPECIFIED.,.F.,.F.,(4,4),(0.,1.),.PIECEWISE_BEZIER_KNOTS.);
#3886 = CARTESIAN_POINT('',(19.776671875,-4.3,-2.176821875));
#3887 = CARTESIAN_POINT('',(19.912155808375,-4.3,-2.294049276594));
#3888 = CARTESIAN_POINT('',(19.9971194275,-4.3,-2.432202793625));
#3889 = CARTESIAN_POINT('',(20.126715625,-4.3,-2.55186875));
#3890 = PCURVE('',#1352,#3891);
#3891 = DEFINITIONAL_REPRESENTATION('',(#3892),#3897);
#3892 = B_SPLINE_CURVE_WITH_KNOTS('',3,(#3893,#3894,#3895,#3896),
  .UNSPECIFIED.,.F.,.F.,(4,4),(0.,1.),.PIECEWISE_BEZIER_KNOTS.);
#3893 = CARTESIAN_POINT('',(-1.743735995067,2.079016442396));
#3894 = CARTESIAN_POINT('',(-1.86096339666,2.214500375771));
#3895 = CARTESIAN_POINT('',(-1.999116913692,2.299463994896));
#3896 = CARTESIAN_POINT('',(-2.118782870067,2.429060192396));
#3897 = ( GEOMETRIC_REPRESENTATION_CONTEXT(2) 
PARAMETRIC_REPRESENTATION_CONTEXT() REPRESENTATION_CONTEXT('2D SPACE',''
  ) );
#3898 = PCURVE('',#3899,#3907);
#3899 = SURFACE_OF_LINEAR_EXTRUSION('',#3900,#3905);
#3900 = B_SPLINE_CURVE_WITH_KNOTS('',3,(#3901,#3902,#3903,#3904),
  .UNSPECIFIED.,.F.,.F.,(4,4),(0.,1.),.PIECEWISE_BEZIER_KNOTS.);
#3901 = CARTESIAN_POINT('',(19.776671875,-4.5,-2.176821875));
#3902 = CARTESIAN_POINT('',(19.912155808375,-4.5,-2.294049276594));
#3903 = CARTESIAN_POINT('',(19.9971194275,-4.5,-2.432202793625));
#3904 = CARTESIAN_POINT('',(20.126715625,-4.5,-2.55186875));
#3905 = VECTOR('',#3906,1.);
#3906 = DIRECTION('',(0.,-1.,-2.230669073875E-16));
#3907 = DEFINITIONAL_REPRESENTATION('',(#3908),#3912);
#3908 = LINE('',#3909,#3910);
#3909 = CARTESIAN_POINT('',(0.,-0.2));
#3910 = VECTOR('',#3911,1.);
#3911 = DIRECTION('',(1.,0.));
#3912 = ( GEOMETRIC_REPRESENTATION_CONTEXT(2) 
PARAMETRIC_REPRESENTATION_CONTEXT() REPRESENTATION_CONTEXT('2D SPACE',''
  ) );
#3913 = ORIENTED_EDGE('',*,*,#3914,.F.);
#3914 = EDGE_CURVE('',#3915,#3882,#3917,.T.);
#3915 = VERTEX_POINT('',#3916);
#3916 = CARTESIAN_POINT('',(19.55164375,-4.3,-1.801775));
#3917 = SURFACE_CURVE('',#3918,(#3923,#3931),.PCURVE_S1.);
#3918 = B_SPLINE_CURVE_WITH_KNOTS('',3,(#3919,#3920,#3921,#3922),
  .UNSPECIFIED.,.F.,.F.,(4,4),(0.,1.),.PIECEWISE_BEZIER_KNOTS.);
#3919 = CARTESIAN_POINT('',(19.55164375,-4.3,-1.801775));
#3920 = CARTESIAN_POINT('',(19.580499606531,-4.3,-1.945908014375));
#3921 = CARTESIAN_POINT('',(19.664278327563,-4.3,-2.067291185375));
#3922 = CARTESIAN_POINT('',(19.776671875,-4.3,-2.176821875));
#3923 = PCURVE('',#1352,#3924);
#3924 = DEFINITIONAL_REPRESENTATION('',(#3925),#3930);
#3925 = B_SPLINE_CURVE_WITH_KNOTS('',3,(#3926,#3927,#3928,#3929),
  .UNSPECIFIED.,.F.,.F.,(4,4),(0.,1.),.PIECEWISE_BEZIER_KNOTS.);
#3926 = CARTESIAN_POINT('',(-1.368689120067,1.853988317396));
#3927 = CARTESIAN_POINT('',(-1.512822134442,1.882844173927));
#3928 = CARTESIAN_POINT('',(-1.634205305442,1.966622894959));
#3929 = CARTESIAN_POINT('',(-1.743735995067,2.079016442396));
#3930 = ( GEOMETRIC_REPRESENTATION_CONTEXT(2) 
PARAMETRIC_REPRESENTATION_CONTEXT() REPRESENTATION_CONTEXT('2D SPACE',''
  ) );
#3931 = PCURVE('',#3932,#3940);
#3932 = SURFACE_OF_LINEAR_EXTRUSION('',#3933,#3938);
#3933 = B_SPLINE_CURVE_WITH_KNOTS('',3,(#3934,#3935,#3936,#3937),
  .UNSPECIFIED.,.F.,.F.,(4,4),(0.,1.),.PIECEWISE_BEZIER_KNOTS.);
#3934 = CARTESIAN_POINT('',(19.55164375,-4.5,-1.801775));
#3935 = CARTESIAN_POINT('',(19.580499606531,-4.5,-1.945908014375));
#3936 = CARTESIAN_POINT('',(19.664278327563,-4.5,-2.067291185375));
#3937 = CARTESIAN_POINT('',(19.776671875,-4.5,-2.176821875));
#3938 = VECTOR('',#3939,1.);
#3939 = DIRECTION('',(0.,-1.,-2.230669073875E-16));
#3940 = DEFINITIONAL_REPRESENTATION('',(#3941),#3945);
#3941 = LINE('',#3942,#3943);
#3942 = CARTESIAN_POINT('',(0.,-0.2));
#3943 = VECTOR('',#3944,1.);
#3944 = DIRECTION('',(1.,0.));
#3945 = ( GEOMETRIC_REPRESENTATION_CONTEXT(2) 
PARAMETRIC_REPRESENTATION_CONTEXT() REPRESENTATION_CONTEXT('2D SPACE',''
  ) );
#3946 = ORIENTED_EDGE('',*,*,#3947,.F.);
#3947 = EDGE_CURVE('',#3948,#3915,#3950,.T.);
#3948 = VERTEX_POINT('',#3949);
#3949 = CARTESIAN_POINT('',(19.60165,-4.3,-1.426728125));
#3950 = SURFACE_CURVE('',#3951,(#3956,#3964),.PCURVE_S1.);
#3951 = B_SPLINE_CURVE_WITH_KNOTS('',3,(#3952,#3953,#3954,#3955),
  .UNSPECIFIED.,.F.,.F.,(4,4),(0.,1.),.PIECEWISE_BEZIER_KNOTS.);
#3952 = CARTESIAN_POINT('',(19.60165,-4.3,-1.426728125));
#3953 = CARTESIAN_POINT('',(19.547435974094,-4.3,-1.539126673062));
#3954 = CARTESIAN_POINT('',(19.494392844531,-4.3,-1.673927021));
#3955 = CARTESIAN_POINT('',(19.55164375,-4.3,-1.801775));
#3956 = PCURVE('',#1352,#3957);
#3957 = DEFINITIONAL_REPRESENTATION('',(#3958),#3963);
#3958 = B_SPLINE_CURVE_WITH_KNOTS('',3,(#3959,#3960,#3961,#3962),
  .UNSPECIFIED.,.F.,.F.,(4,4),(0.,1.),.PIECEWISE_BEZIER_KNOTS.);
#3959 = CARTESIAN_POINT('',(-0.993642245067,1.903994567396));
#3960 = CARTESIAN_POINT('',(-1.106040793129,1.84978054149));
#3961 = CARTESIAN_POINT('',(-1.240841141067,1.796737411927));
#3962 = CARTESIAN_POINT('',(-1.368689120067,1.853988317396));
#3963 = ( GEOMETRIC_REPRESENTATION_CONTEXT(2) 
PARAMETRIC_REPRESENTATION_CONTEXT() REPRESENTATION_CONTEXT('2D SPACE',''
  ) );
#3964 = PCURVE('',#3965,#3973);
#3965 = SURFACE_OF_LINEAR_EXTRUSION('',#3966,#3971);
#3966 = B_SPLINE_CURVE_WITH_KNOTS('',3,(#3967,#3968,#3969,#3970),
  .UNSPECIFIED.,.F.,.F.,(4,4),(0.,1.),.PIECEWISE_BEZIER_KNOTS.);
#3967 = CARTESIAN_POINT('',(19.60165,-4.5,-1.426728125));
#3968 = CARTESIAN_POINT('',(19.547435974094,-4.5,-1.539126673062));
#3969 = CARTESIAN_POINT('',(19.494392844531,-4.5,-1.673927021));
#3970 = CARTESIAN_POINT('',(19.55164375,-4.5,-1.801775));
#3971 = VECTOR('',#3972,1.);
#3972 = DIRECTION('',(0.,-1.,-2.230669073875E-16));
#3973 = DEFINITIONAL_REPRESENTATION('',(#3974),#3978);
#3974 = LINE('',#3975,#3976);
#3975 = CARTESIAN_POINT('',(0.,-0.2));
#3976 = VECTOR('',#3977,1.);
#3977 = DIRECTION('',(1.,0.));
#3978 = ( GEOMETRIC_REPRESENTATION_CONTEXT(2) 
PARAMETRIC_REPRESENTATION_CONTEXT() REPRESENTATION_CONTEXT('2D SPACE',''
  ) );
#3979 = ORIENTED_EDGE('',*,*,#3980,.F.);
#3980 = EDGE_CURVE('',#3981,#3948,#3983,.T.);
#3981 = VERTEX_POINT('',#3982);
#3982 = CARTESIAN_POINT('',(20.235785257,-4.3,-0.767589743));
#3983 = SURFACE_CURVE('',#3984,(#3989,#3997),.PCURVE_S1.);
#3984 = B_SPLINE_CURVE_WITH_KNOTS('',3,(#3985,#3986,#3987,#3988),
  .UNSPECIFIED.,.F.,.F.,(4,4),(0.,1.),.PIECEWISE_BEZIER_KNOTS.);
#3985 = CARTESIAN_POINT('',(20.235785257,-4.3,-0.767589743));
#3986 = CARTESIAN_POINT('',(20.026590860969,-4.3,-0.98820731675));
#3987 = CARTESIAN_POINT('',(19.78285864825,-4.3,-1.194518602437));
#3988 = CARTESIAN_POINT('',(19.60165,-4.3,-1.426728125));
#3989 = PCURVE('',#1352,#3990);
#3990 = DEFINITIONAL_REPRESENTATION('',(#3991),#3996);
#3991 = B_SPLINE_CURVE_WITH_KNOTS('',3,(#3992,#3993,#3994,#3995),
  .UNSPECIFIED.,.F.,.F.,(4,4),(0.,1.),.PIECEWISE_BEZIER_KNOTS.);
#3992 = CARTESIAN_POINT('',(-0.334503863067,2.538129824396));
#3993 = CARTESIAN_POINT('',(-0.555121436817,2.328935428365));
#3994 = CARTESIAN_POINT('',(-0.761432722504,2.085203215646));
#3995 = CARTESIAN_POINT('',(-0.993642245067,1.903994567396));
#3996 = ( GEOMETRIC_REPRESENTATION_CONTEXT(2) 
PARAMETRIC_REPRESENTATION_CONTEXT() REPRESENTATION_CONTEXT('2D SPACE',''
  ) );
#3997 = PCURVE('',#3998,#4006);
#3998 = SURFACE_OF_LINEAR_EXTRUSION('',#3999,#4004);
#3999 = B_SPLINE_CURVE_WITH_KNOTS('',3,(#4000,#4001,#4002,#4003),
  .UNSPECIFIED.,.F.,.F.,(4,4),(0.,1.),.PIECEWISE_BEZIER_KNOTS.);
#4000 = CARTESIAN_POINT('',(20.235785257,-4.5,-0.767589743));
#4001 = CARTESIAN_POINT('',(20.026590860969,-4.5,-0.98820731675));
#4002 = CARTESIAN_POINT('',(19.78285864825,-4.5,-1.194518602437));
#4003 = CARTESIAN_POINT('',(19.60165,-4.5,-1.426728125));
#4004 = VECTOR('',#4005,1.);
#4005 = DIRECTION('',(0.,-1.,-2.230669073875E-16));
#4006 = DEFINITIONAL_REPRESENTATION('',(#4007),#4011);
#4007 = LINE('',#4008,#4009);
#4008 = CARTESIAN_POINT('',(0.,-0.2));
#4009 = VECTOR('',#4010,1.);
#4010 = DIRECTION('',(1.,0.));
#4011 = ( GEOMETRIC_REPRESENTATION_CONTEXT(2) 
PARAMETRIC_REPRESENTATION_CONTEXT() REPRESENTATION_CONTEXT('2D SPACE',''
  ) );
#4012 = ORIENTED_EDGE('',*,*,#4013,.F.);
#4013 = EDGE_CURVE('',#4014,#3981,#4016,.T.);
#4014 = VERTEX_POINT('',#4015);
#4015 = CARTESIAN_POINT('',(20.276734375,-4.3,-0.376596875));
#4016 = SURFACE_CURVE('',#4017,(#4022,#4030),.PCURVE_S1.);
#4017 = B_SPLINE_CURVE_WITH_KNOTS('',3,(#4018,#4019,#4020,#4021),
  .UNSPECIFIED.,.F.,.F.,(4,4),(0.,1.),.PIECEWISE_BEZIER_KNOTS.);
#4018 = CARTESIAN_POINT('',(20.276734375,-4.3,-0.376596875));
#4019 = CARTESIAN_POINT('',(20.342282067438,-4.3,-0.498953917719));
#4020 = CARTESIAN_POINT('',(20.3527878805,-4.3,-0.66611105975));
#4021 = CARTESIAN_POINT('',(20.235785257,-4.3,-0.767589743));
#4022 = PCURVE('',#1352,#4023);
#4023 = DEFINITIONAL_REPRESENTATION('',(#4024),#4029);
#4024 = B_SPLINE_CURVE_WITH_KNOTS('',3,(#4025,#4026,#4027,#4028),
  .UNSPECIFIED.,.F.,.F.,(4,4),(0.,1.),.PIECEWISE_BEZIER_KNOTS.);
#4025 = CARTESIAN_POINT('',(5.648900493341E-02,2.579078942396));
#4026 = CARTESIAN_POINT('',(-6.586803778534E-02,2.644626634834));
#4027 = CARTESIAN_POINT('',(-0.233025179817,2.655132447896));
#4028 = CARTESIAN_POINT('',(-0.334503863067,2.538129824396));
#4029 = ( GEOMETRIC_REPRESENTATION_CONTEXT(2) 
PARAMETRIC_REPRESENTATION_CONTEXT() REPRESENTATION_CONTEXT('2D SPACE',''
  ) );
#4030 = PCURVE('',#4031,#4039);
#4031 = SURFACE_OF_LINEAR_EXTRUSION('',#4032,#4037);
#4032 = B_SPLINE_CURVE_WITH_KNOTS('',3,(#4033,#4034,#4035,#4036),
  .UNSPECIFIED.,.F.,.F.,(4,4),(0.,1.),.PIECEWISE_BEZIER_KNOTS.);
#4033 = CARTESIAN_POINT('',(20.276734375,-4.5,-0.376596875));
#4034 = CARTESIAN_POINT('',(20.342282067438,-4.5,-0.498953917719));
#4035 = CARTESIAN_POINT('',(20.3527878805,-4.5,-0.66611105975));
#4036 = CARTESIAN_POINT('',(20.235785257,-4.5,-0.767589743));
#4037 = VECTOR('',#4038,1.);
#4038 = DIRECTION('',(0.,-1.,-2.230669073875E-16));
#4039 = DEFINITIONAL_REPRESENTATION('',(#4040),#4044);
#4040 = LINE('',#4041,#4042);
#4041 = CARTESIAN_POINT('',(0.,-0.2));
#4042 = VECTOR('',#4043,1.);
#4043 = DIRECTION('',(1.,0.));
#4044 = ( GEOMETRIC_REPRESENTATION_CONTEXT(2) 
PARAMETRIC_REPRESENTATION_CONTEXT() REPRESENTATION_CONTEXT('2D SPACE',''
  ) );
#4045 = ORIENTED_EDGE('',*,*,#4046,.F.);
#4046 = EDGE_CURVE('',#4047,#4014,#4049,.T.);
#4047 = VERTEX_POINT('',#4048);
#4048 = CARTESIAN_POINT('',(19.976696875,-4.3,2.3453125E-02));
#4049 = SURFACE_CURVE('',#4050,(#4055,#4063),.PCURVE_S1.);
#4050 = B_SPLINE_CURVE_WITH_KNOTS('',3,(#4051,#4052,#4053,#4054),
  .UNSPECIFIED.,.F.,.F.,(4,4),(0.,1.),.PIECEWISE_BEZIER_KNOTS.);
#4051 = CARTESIAN_POINT('',(19.976696875,-4.3,2.3453125E-02));
#4052 = CARTESIAN_POINT('',(20.104940403438,-4.3,-9.8203080125E-02));
#4053 = CARTESIAN_POINT('',(20.181941527375,-4.3,-0.241084688094));
#4054 = CARTESIAN_POINT('',(20.276734375,-4.3,-0.376596875));
#4055 = PCURVE('',#1352,#4056);
#4056 = DEFINITIONAL_REPRESENTATION('',(#4057),#4062);
#4057 = B_SPLINE_CURVE_WITH_KNOTS('',3,(#4058,#4059,#4060,#4061),
  .UNSPECIFIED.,.F.,.F.,(4,4),(0.,1.),.PIECEWISE_BEZIER_KNOTS.);
#4058 = CARTESIAN_POINT('',(0.456539004933,2.279041442396));
#4059 = CARTESIAN_POINT('',(0.334882799808,2.407284970834));
#4060 = CARTESIAN_POINT('',(0.19200119184,2.484286094771));
#4061 = CARTESIAN_POINT('',(5.648900493341E-02,2.579078942396));
#4062 = ( GEOMETRIC_REPRESENTATION_CONTEXT(2) 
PARAMETRIC_REPRESENTATION_CONTEXT() REPRESENTATION_CONTEXT('2D SPACE',''
  ) );
#4063 = PCURVE('',#4064,#4072);
#4064 = SURFACE_OF_LINEAR_EXTRUSION('',#4065,#4070);
#4065 = B_SPLINE_CURVE_WITH_KNOTS('',3,(#4066,#4067,#4068,#4069),
  .UNSPECIFIED.,.F.,.F.,(4,4),(0.,1.),.PIECEWISE_BEZIER_KNOTS.);
#4066 = CARTESIAN_POINT('',(19.976696875,-4.5,2.3453125E-02));
#4067 = CARTESIAN_POINT('',(20.104940403438,-4.5,-9.8203080125E-02));
#4068 = CARTESIAN_POINT('',(20.181941527375,-4.5,-0.241084688094));
#4069 = CARTESIAN_POINT('',(20.276734375,-4.5,-0.376596875));
#4070 = VECTOR('',#4071,1.);
#4071 = DIRECTION('',(0.,-1.,-2.230669073875E-16));
#4072 = DEFINITIONAL_REPRESENTATION('',(#4073),#4077);
#4073 = LINE('',#4074,#4075);
#4074 = CARTESIAN_POINT('',(0.,-0.2));
#4075 = VECTOR('',#4076,1.);
#4076 = DIRECTION('',(1.,0.));
#4077 = ( GEOMETRIC_REPRESENTATION_CONTEXT(2) 
PARAMETRIC_REPRESENTATION_CONTEXT() REPRESENTATION_CONTEXT('2D SPACE',''
  ) );
#4078 = ORIENTED_EDGE('',*,*,#4079,.F.);
#4079 = EDGE_CURVE('',#4080,#4047,#4082,.T.);
#4080 = VERTEX_POINT('',#4081);
#4081 = CARTESIAN_POINT('',(19.65165625,-4.3,0.34849375));
#4082 = SURFACE_CURVE('',#4083,(#4088,#4096),.PCURVE_S1.);
#4083 = B_SPLINE_CURVE_WITH_KNOTS('',3,(#4084,#4085,#4086,#4087),
  .UNSPECIFIED.,.F.,.F.,(4,4),(0.,1.),.PIECEWISE_BEZIER_KNOTS.);
#4084 = CARTESIAN_POINT('',(19.65165625,-4.3,0.34849375));
#4085 = CARTESIAN_POINT('',(19.784276575469,-4.3,0.278014441187));
#4086 = CARTESIAN_POINT('',(19.8763443325,-4.3,0.130582014438));
#4087 = CARTESIAN_POINT('',(19.976696875,-4.3,2.3453125E-02));
#4088 = PCURVE('',#1352,#4089);
#4089 = DEFINITIONAL_REPRESENTATION('',(#4090),#4095);
#4090 = B_SPLINE_CURVE_WITH_KNOTS('',3,(#4091,#4092,#4093,#4094),
  .UNSPECIFIED.,.F.,.F.,(4,4),(0.,1.),.PIECEWISE_BEZIER_KNOTS.);
#4091 = CARTESIAN_POINT('',(0.781579629933,1.954000817396));
#4092 = CARTESIAN_POINT('',(0.711100321121,2.086621142865));
#4093 = CARTESIAN_POINT('',(0.563667894371,2.178688899896));
#4094 = CARTESIAN_POINT('',(0.456539004933,2.279041442396));
#4095 = ( GEOMETRIC_REPRESENTATION_CONTEXT(2) 
PARAMETRIC_REPRESENTATION_CONTEXT() REPRESENTATION_CONTEXT('2D SPACE',''
  ) );
#4096 = PCURVE('',#4097,#4105);
#4097 = SURFACE_OF_LINEAR_EXTRUSION('',#4098,#4103);
#4098 = B_SPLINE_CURVE_WITH_KNOTS('',3,(#4099,#4100,#4101,#4102),
  .UNSPECIFIED.,.F.,.F.,(4,4),(0.,1.),.PIECEWISE_BEZIER_KNOTS.);
#4099 = CARTESIAN_POINT('',(19.65165625,-4.5,0.34849375));
#4100 = CARTESIAN_POINT('',(19.784276575469,-4.5,0.278014441187));
#4101 = CARTESIAN_POINT('',(19.8763443325,-4.5,0.130582014438));
#4102 = CARTESIAN_POINT('',(19.976696875,-4.5,2.3453125E-02));
#4103 = VECTOR('',#4104,1.);
#4104 = DIRECTION('',(0.,-1.,-2.230669073875E-16));
#4105 = DEFINITIONAL_REPRESENTATION('',(#4106),#4110);
#4106 = LINE('',#4107,#4108);
#4107 = CARTESIAN_POINT('',(0.,-0.2));
#4108 = VECTOR('',#4109,1.);
#4109 = DIRECTION('',(1.,0.));
#4110 = ( GEOMETRIC_REPRESENTATION_CONTEXT(2) 
PARAMETRIC_REPRESENTATION_CONTEXT() REPRESENTATION_CONTEXT('2D SPACE',''
  ) );
#4111 = ORIENTED_EDGE('',*,*,#4112,.F.);
#4112 = EDGE_CURVE('',#4113,#4080,#4115,.T.);
#4113 = VERTEX_POINT('',#4114);
#4114 = CARTESIAN_POINT('',(19.3016125,-4.3,0.64853125));
#4115 = SURFACE_CURVE('',#4116,(#4121,#4129),.PCURVE_S1.);
#4116 = B_SPLINE_CURVE_WITH_KNOTS('',3,(#4117,#4118,#4119,#4120),
  .UNSPECIFIED.,.F.,.F.,(4,4),(0.,1.),.PIECEWISE_BEZIER_KNOTS.);
#4117 = CARTESIAN_POINT('',(19.3016125,-4.3,0.64853125));
#4118 = CARTESIAN_POINT('',(19.423883531969,-4.3,0.562013686656));
#4119 = CARTESIAN_POINT('',(19.542438099438,-4.3,0.466524001938));
#4120 = CARTESIAN_POINT('',(19.65165625,-4.3,0.34849375));
#4121 = PCURVE('',#1352,#4122);
#4122 = DEFINITIONAL_REPRESENTATION('',(#4123),#4128);
#4123 = B_SPLINE_CURVE_WITH_KNOTS('',3,(#4124,#4125,#4126,#4127),
  .UNSPECIFIED.,.F.,.F.,(4,4),(0.,1.),.PIECEWISE_BEZIER_KNOTS.);
#4124 = CARTESIAN_POINT('',(1.081617129933,1.603957067396));
#4125 = CARTESIAN_POINT('',(0.99509956659,1.726228099365));
#4126 = CARTESIAN_POINT('',(0.899609881871,1.844782666834));
#4127 = CARTESIAN_POINT('',(0.781579629933,1.954000817396));
#4128 = ( GEOMETRIC_REPRESENTATION_CONTEXT(2) 
PARAMETRIC_REPRESENTATION_CONTEXT() REPRESENTATION_CONTEXT('2D SPACE',''
  ) );
#4129 = PCURVE('',#4130,#4138);
#4130 = SURFACE_OF_LINEAR_EXTRUSION('',#4131,#4136);
#4131 = B_SPLINE_CURVE_WITH_KNOTS('',3,(#4132,#4133,#4134,#4135),
  .UNSPECIFIED.,.F.,.F.,(4,4),(0.,1.),.PIECEWISE_BEZIER_KNOTS.);
#4132 = CARTESIAN_POINT('',(19.3016125,-4.5,0.64853125));
#4133 = CARTESIAN_POINT('',(19.423883531969,-4.5,0.562013686656));
#4134 = CARTESIAN_POINT('',(19.542438099438,-4.5,0.466524001938));
#4135 = CARTESIAN_POINT('',(19.65165625,-4.5,0.34849375));
#4136 = VECTOR('',#4137,1.);
#4137 = DIRECTION('',(0.,-1.,-2.230669073875E-16));
#4138 = DEFINITIONAL_REPRESENTATION('',(#4139),#4143);
#4139 = LINE('',#4140,#4141);
#4140 = CARTESIAN_POINT('',(0.,-0.2));
#4141 = VECTOR('',#4142,1.);
#4142 = DIRECTION('',(1.,0.));
#4143 = ( GEOMETRIC_REPRESENTATION_CONTEXT(2) 
PARAMETRIC_REPRESENTATION_CONTEXT() REPRESENTATION_CONTEXT('2D SPACE',''
  ) );
#4144 = ORIENTED_EDGE('',*,*,#4145,.F.);
#4145 = EDGE_CURVE('',#4146,#4113,#4148,.T.);
#4146 = VERTEX_POINT('',#4147);
#4147 = CARTESIAN_POINT('',(18.9015625,-4.3,0.94856875));
#4148 = SURFACE_CURVE('',#4149,(#4154,#4162),.PCURVE_S1.);
#4149 = B_SPLINE_CURVE_WITH_KNOTS('',3,(#4150,#4151,#4152,#4153),
  .UNSPECIFIED.,.F.,.F.,(4,4),(0.,1.),.PIECEWISE_BEZIER_KNOTS.);
#4150 = CARTESIAN_POINT('',(18.9015625,-4.3,0.94856875));
#4151 = CARTESIAN_POINT('',(19.033327968625,-4.3,0.844730771875));
#4152 = CARTESIAN_POINT('',(19.172015552406,-4.3,0.757604382438));
#4153 = CARTESIAN_POINT('',(19.3016125,-4.3,0.64853125));
#4154 = PCURVE('',#1352,#4155);
#4155 = DEFINITIONAL_REPRESENTATION('',(#4156),#4161);
#4156 = B_SPLINE_CURVE_WITH_KNOTS('',3,(#4157,#4158,#4159,#4160),
  .UNSPECIFIED.,.F.,.F.,(4,4),(0.,1.),.PIECEWISE_BEZIER_KNOTS.);
#4157 = CARTESIAN_POINT('',(1.381654629933,1.203907067396));
#4158 = CARTESIAN_POINT('',(1.277816651808,1.335672536021));
#4159 = CARTESIAN_POINT('',(1.190690262371,1.474360119802));
#4160 = CARTESIAN_POINT('',(1.081617129933,1.603957067396));
#4161 = ( GEOMETRIC_REPRESENTATION_CONTEXT(2) 
PARAMETRIC_REPRESENTATION_CONTEXT() REPRESENTATION_CONTEXT('2D SPACE',''
  ) );
#4162 = PCURVE('',#4163,#4171);
#4163 = SURFACE_OF_LINEAR_EXTRUSION('',#4164,#4169);
#4164 = B_SPLINE_CURVE_WITH_KNOTS('',3,(#4165,#4166,#4167,#4168),
  .UNSPECIFIED.,.F.,.F.,(4,4),(0.,1.),.PIECEWISE_BEZIER_KNOTS.);
#4165 = CARTESIAN_POINT('',(18.9015625,-4.5,0.94856875));
#4166 = CARTESIAN_POINT('',(19.033327968625,-4.5,0.844730771875));
#4167 = CARTESIAN_POINT('',(19.172015552406,-4.5,0.757604382438));
#4168 = CARTESIAN_POINT('',(19.3016125,-4.5,0.64853125));
#4169 = VECTOR('',#4170,1.);
#4170 = DIRECTION('',(0.,-1.,-2.230669073875E-16));
#4171 = DEFINITIONAL_REPRESENTATION('',(#4172),#4176);
#4172 = LINE('',#4173,#4174);
#4173 = CARTESIAN_POINT('',(0.,-0.2));
#4174 = VECTOR('',#4175,1.);
#4175 = DIRECTION('',(1.,0.));
#4176 = ( GEOMETRIC_REPRESENTATION_CONTEXT(2) 
PARAMETRIC_REPRESENTATION_CONTEXT() REPRESENTATION_CONTEXT('2D SPACE',''
  ) );
#4177 = ORIENTED_EDGE('',*,*,#4178,.F.);
#4178 = EDGE_CURVE('',#4179,#4146,#4181,.T.);
#4179 = VERTEX_POINT('',#4180);
#4180 = CARTESIAN_POINT('',(18.45150625,-4.3,1.24860625));
#4181 = SURFACE_CURVE('',#4182,(#4187,#4195),.PCURVE_S1.);
#4182 = B_SPLINE_CURVE_WITH_KNOTS('',3,(#4183,#4184,#4185,#4186),
  .UNSPECIFIED.,.F.,.F.,(4,4),(0.,1.),.PIECEWISE_BEZIER_KNOTS.);
#4183 = CARTESIAN_POINT('',(18.45150625,-4.3,1.24860625));
#4184 = CARTESIAN_POINT('',(18.602943677313,-4.3,1.152018678063));
#4185 = CARTESIAN_POINT('',(18.749543249969,-4.3,1.043751646375));
#4186 = CARTESIAN_POINT('',(18.9015625,-4.3,0.94856875));
#4187 = PCURVE('',#1352,#4188);
#4188 = DEFINITIONAL_REPRESENTATION('',(#4189),#4194);
#4189 = B_SPLINE_CURVE_WITH_KNOTS('',3,(#4190,#4191,#4192,#4193),
  .UNSPECIFIED.,.F.,.F.,(4,4),(0.,1.),.PIECEWISE_BEZIER_KNOTS.);
#4190 = CARTESIAN_POINT('',(1.681692129933,0.753850817396));
#4191 = CARTESIAN_POINT('',(1.585104557996,0.905288244709));
#4192 = CARTESIAN_POINT('',(1.476837526308,1.051887817365));
#4193 = CARTESIAN_POINT('',(1.381654629933,1.203907067396));
#4194 = ( GEOMETRIC_REPRESENTATION_CONTEXT(2) 
PARAMETRIC_REPRESENTATION_CONTEXT() REPRESENTATION_CONTEXT('2D SPACE',''
  ) );
#4195 = PCURVE('',#4196,#4204);
#4196 = SURFACE_OF_LINEAR_EXTRUSION('',#4197,#4202);
#4197 = B_SPLINE_CURVE_WITH_KNOTS('',3,(#4198,#4199,#4200,#4201),
  .UNSPECIFIED.,.F.,.F.,(4,4),(0.,1.),.PIECEWISE_BEZIER_KNOTS.);
#4198 = CARTESIAN_POINT('',(18.45150625,-4.5,1.24860625));
#4199 = CARTESIAN_POINT('',(18.602943677313,-4.5,1.152018678063));
#4200 = CARTESIAN_POINT('',(18.749543249969,-4.5,1.043751646375));
#4201 = CARTESIAN_POINT('',(18.9015625,-4.5,0.94856875));
#4202 = VECTOR('',#4203,1.);
#4203 = DIRECTION('',(0.,-1.,-2.230669073875E-16));
#4204 = DEFINITIONAL_REPRESENTATION('',(#4205),#4209);
#4205 = LINE('',#4206,#4207);
#4206 = CARTESIAN_POINT('',(0.,-0.2));
#4207 = VECTOR('',#4208,1.);
#4208 = DIRECTION('',(1.,0.));
#4209 = ( GEOMETRIC_REPRESENTATION_CONTEXT(2) 
PARAMETRIC_REPRESENTATION_CONTEXT() REPRESENTATION_CONTEXT('2D SPACE',''
  ) );
#4210 = ORIENTED_EDGE('',*,*,#4211,.F.);
#4211 = EDGE_CURVE('',#4212,#4179,#4214,.T.);
#4212 = VERTEX_POINT('',#4213);
#4213 = CARTESIAN_POINT('',(18.00145,-4.3,1.54864375));
#4214 = SURFACE_CURVE('',#4215,(#4220,#4228),.PCURVE_S1.);
#4215 = B_SPLINE_CURVE_WITH_KNOTS('',3,(#4216,#4217,#4218,#4219),
  .UNSPECIFIED.,.F.,.F.,(4,4),(0.,1.),.PIECEWISE_BEZIER_KNOTS.);
#4216 = CARTESIAN_POINT('',(18.00145,-4.3,1.54864375));
#4217 = CARTESIAN_POINT('',(18.146544884594,-4.3,1.436744264312));
#4218 = CARTESIAN_POINT('',(18.300274348375,-4.3,1.345689883938));
#4219 = CARTESIAN_POINT('',(18.45150625,-4.3,1.24860625));
#4220 = PCURVE('',#1352,#4221);
#4221 = DEFINITIONAL_REPRESENTATION('',(#4222),#4227);
#4222 = B_SPLINE_CURVE_WITH_KNOTS('',3,(#4223,#4224,#4225,#4226),
  .UNSPECIFIED.,.F.,.F.,(4,4),(0.,1.),.PIECEWISE_BEZIER_KNOTS.);
#4223 = CARTESIAN_POINT('',(1.981729629933,0.303794567396));
#4224 = CARTESIAN_POINT('',(1.869830144246,0.44888945199));
#4225 = CARTESIAN_POINT('',(1.778775763871,0.602618915771));
#4226 = CARTESIAN_POINT('',(1.681692129933,0.753850817396));
#4227 = ( GEOMETRIC_REPRESENTATION_CONTEXT(2) 
PARAMETRIC_REPRESENTATION_CONTEXT() REPRESENTATION_CONTEXT('2D SPACE',''
  ) );
#4228 = PCURVE('',#4229,#4237);
#4229 = SURFACE_OF_LINEAR_EXTRUSION('',#4230,#4235);
#4230 = B_SPLINE_CURVE_WITH_KNOTS('',3,(#4231,#4232,#4233,#4234),
  .UNSPECIFIED.,.F.,.F.,(4,4),(0.,1.),.PIECEWISE_BEZIER_KNOTS.);
#4231 = CARTESIAN_POINT('',(18.00145,-4.5,1.54864375));
#4232 = CARTESIAN_POINT('',(18.146544884594,-4.5,1.436744264313));
#4233 = CARTESIAN_POINT('',(18.300274348375,-4.5,1.345689883938));
#4234 = CARTESIAN_POINT('',(18.45150625,-4.5,1.24860625));
#4235 = VECTOR('',#4236,1.);
#4236 = DIRECTION('',(0.,-1.,-2.230669073875E-16));
#4237 = DEFINITIONAL_REPRESENTATION('',(#4238),#4242);
#4238 = LINE('',#4239,#4240);
#4239 = CARTESIAN_POINT('',(0.,-0.2));
#4240 = VECTOR('',#4241,1.);
#4241 = DIRECTION('',(1.,0.));
#4242 = ( GEOMETRIC_REPRESENTATION_CONTEXT(2) 
PARAMETRIC_REPRESENTATION_CONTEXT() REPRESENTATION_CONTEXT('2D SPACE',''
  ) );
#4243 = ORIENTED_EDGE('',*,*,#4244,.F.);
#4244 = EDGE_CURVE('',#4245,#4212,#4247,.T.);
#4245 = VERTEX_POINT('',#4246);
#4246 = CARTESIAN_POINT('',(17.626403125,-4.3,1.823678125));
#4247 = SURFACE_CURVE('',#4248,(#4253,#4261),.PCURVE_S1.);
#4248 = B_SPLINE_CURVE_WITH_KNOTS('',3,(#4249,#4250,#4251,#4252),
  .UNSPECIFIED.,.F.,.F.,(4,4),(0.,1.),.PIECEWISE_BEZIER_KNOTS.);
#4249 = CARTESIAN_POINT('',(17.626403125,-4.3,1.823678125));
#4250 = CARTESIAN_POINT('',(17.755952566656,-4.3,1.742945784719));
#4251 = CARTESIAN_POINT('',(17.872363116156,-4.3,1.630493229906));
#4252 = CARTESIAN_POINT('',(18.00145,-4.3,1.54864375));
#4253 = PCURVE('',#1352,#4254);
#4254 = DEFINITIONAL_REPRESENTATION('',(#4255),#4260);
#4255 = B_SPLINE_CURVE_WITH_KNOTS('',3,(#4256,#4257,#4258,#4259),
  .UNSPECIFIED.,.F.,.F.,(4,4),(0.,1.),.PIECEWISE_BEZIER_KNOTS.);
#4256 = CARTESIAN_POINT('',(2.256764004933,-7.125230760398E-02));
#4257 = CARTESIAN_POINT('',(2.176031664652,5.829713405227E-02));
#4258 = CARTESIAN_POINT('',(2.06357910984,0.174707683552));
#4259 = CARTESIAN_POINT('',(1.981729629933,0.303794567396));
#4260 = ( GEOMETRIC_REPRESENTATION_CONTEXT(2) 
PARAMETRIC_REPRESENTATION_CONTEXT() REPRESENTATION_CONTEXT('2D SPACE',''
  ) );
#4261 = PCURVE('',#4262,#4270);
#4262 = SURFACE_OF_LINEAR_EXTRUSION('',#4263,#4268);
#4263 = B_SPLINE_CURVE_WITH_KNOTS('',3,(#4264,#4265,#4266,#4267),
  .UNSPECIFIED.,.F.,.F.,(4,4),(0.,1.),.PIECEWISE_BEZIER_KNOTS.);
#4264 = CARTESIAN_POINT('',(17.626403125,-4.5,1.823678125));
#4265 = CARTESIAN_POINT('',(17.755952566656,-4.5,1.742945784719));
#4266 = CARTESIAN_POINT('',(17.872363116156,-4.5,1.630493229906));
#4267 = CARTESIAN_POINT('',(18.00145,-4.5,1.54864375));
#4268 = VECTOR('',#4269,1.);
#4269 = DIRECTION('',(0.,-1.,-2.230669073875E-16));
#4270 = DEFINITIONAL_REPRESENTATION('',(#4271),#4275);
#4271 = LINE('',#4272,#4273);
#4272 = CARTESIAN_POINT('',(0.,-0.2));
#4273 = VECTOR('',#4274,1.);
#4274 = DIRECTION('',(1.,0.));
#4275 = ( GEOMETRIC_REPRESENTATION_CONTEXT(2) 
PARAMETRIC_REPRESENTATION_CONTEXT() REPRESENTATION_CONTEXT('2D SPACE',''
  ) );
#4276 = ORIENTED_EDGE('',*,*,#4277,.F.);
#4277 = EDGE_CURVE('',#4278,#4245,#4280,.T.);
#4278 = VERTEX_POINT('',#4279);
#4279 = CARTESIAN_POINT('',(17.15134375,-4.3,2.34874375));
#4280 = SURFACE_CURVE('',#4281,(#4286,#4294),.PCURVE_S1.);
#4281 = B_SPLINE_CURVE_WITH_KNOTS('',3,(#4282,#4283,#4284,#4285),
  .UNSPECIFIED.,.F.,.F.,(4,4),(0.,1.),.PIECEWISE_BEZIER_KNOTS.);
#4282 = CARTESIAN_POINT('',(17.15134375,-4.3,2.34874375));
#4283 = CARTESIAN_POINT('',(17.275140972719,-4.3,2.159408336031));
#4284 = CARTESIAN_POINT('',(17.457099214656,-4.3,1.994163933063));
#4285 = CARTESIAN_POINT('',(17.626403125,-4.3,1.823678125));
#4286 = PCURVE('',#1352,#4287);
#4287 = DEFINITIONAL_REPRESENTATION('',(#4288),#4293);
#4288 = B_SPLINE_CURVE_WITH_KNOTS('',3,(#4289,#4290,#4291,#4292),
  .UNSPECIFIED.,.F.,.F.,(4,4),(0.,1.),.PIECEWISE_BEZIER_KNOTS.);
#4289 = CARTESIAN_POINT('',(2.781829629933,-0.546311682604));
#4290 = CARTESIAN_POINT('',(2.592494215965,-0.422514459885));
#4291 = CARTESIAN_POINT('',(2.427249812996,-0.240556217948));
#4292 = CARTESIAN_POINT('',(2.256764004933,-7.125230760398E-02));
#4293 = ( GEOMETRIC_REPRESENTATION_CONTEXT(2) 
PARAMETRIC_REPRESENTATION_CONTEXT() REPRESENTATION_CONTEXT('2D SPACE',''
  ) );
#4294 = PCURVE('',#4295,#4303);
#4295 = SURFACE_OF_LINEAR_EXTRUSION('',#4296,#4301);
#4296 = B_SPLINE_CURVE_WITH_KNOTS('',3,(#4297,#4298,#4299,#4300),
  .UNSPECIFIED.,.F.,.F.,(4,4),(0.,1.),.PIECEWISE_BEZIER_KNOTS.);
#4297 = CARTESIAN_POINT('',(17.15134375,-4.5,2.34874375));
#4298 = CARTESIAN_POINT('',(17.275140972719,-4.5,2.159408336031));
#4299 = CARTESIAN_POINT('',(17.457099214656,-4.5,1.994163933063));
#4300 = CARTESIAN_POINT('',(17.626403125,-4.5,1.823678125));
#4301 = VECTOR('',#4302,1.);
#4302 = DIRECTION('',(0.,-1.,-2.230669073875E-16));
#4303 = DEFINITIONAL_REPRESENTATION('',(#4304),#4308);
#4304 = LINE('',#4305,#4306);
#4305 = CARTESIAN_POINT('',(0.,-0.2));
#4306 = VECTOR('',#4307,1.);
#4307 = DIRECTION('',(1.,0.));
#4308 = ( GEOMETRIC_REPRESENTATION_CONTEXT(2) 
PARAMETRIC_REPRESENTATION_CONTEXT() REPRESENTATION_CONTEXT('2D SPACE',''
  ) );
#4309 = ORIENTED_EDGE('',*,*,#4310,.F.);
#4310 = EDGE_CURVE('',#4311,#4278,#4313,.T.);
#4311 = VERTEX_POINT('',#4312);
#4312 = CARTESIAN_POINT('',(16.876309375,-4.3,2.7988));
#4313 = SURFACE_CURVE('',#4314,(#4319,#4327),.PCURVE_S1.);
#4314 = B_SPLINE_CURVE_WITH_KNOTS('',3,(#4315,#4316,#4317,#4318),
  .UNSPECIFIED.,.F.,.F.,(4,4),(0.,1.),.PIECEWISE_BEZIER_KNOTS.);
#4315 = CARTESIAN_POINT('',(16.876309375,-4.3,2.7988));
#4316 = CARTESIAN_POINT('',(16.943599285188,-4.3,2.638679487438));
#4317 = CARTESIAN_POINT('',(17.041006209531,-4.3,2.491033534));
#4318 = CARTESIAN_POINT('',(17.15134375,-4.3,2.34874375));
#4319 = PCURVE('',#1352,#4320);
#4320 = DEFINITIONAL_REPRESENTATION('',(#4321),#4326);
#4321 = B_SPLINE_CURVE_WITH_KNOTS('',3,(#4322,#4323,#4324,#4325),
  .UNSPECIFIED.,.F.,.F.,(4,4),(0.,1.),.PIECEWISE_BEZIER_KNOTS.);
#4322 = CARTESIAN_POINT('',(3.231885879933,-0.821346057604));
#4323 = CARTESIAN_POINT('',(3.071765367371,-0.754056147416));
#4324 = CARTESIAN_POINT('',(2.924119413933,-0.656649223073));
#4325 = CARTESIAN_POINT('',(2.781829629933,-0.546311682604));
#4326 = ( GEOMETRIC_REPRESENTATION_CONTEXT(2) 
PARAMETRIC_REPRESENTATION_CONTEXT() REPRESENTATION_CONTEXT('2D SPACE',''
  ) );
#4327 = PCURVE('',#4328,#4336);
#4328 = SURFACE_OF_LINEAR_EXTRUSION('',#4329,#4334);
#4329 = B_SPLINE_CURVE_WITH_KNOTS('',3,(#4330,#4331,#4332,#4333),
  .UNSPECIFIED.,.F.,.F.,(4,4),(0.,1.),.PIECEWISE_BEZIER_KNOTS.);
#4330 = CARTESIAN_POINT('',(16.876309375,-4.5,2.7988));
#4331 = CARTESIAN_POINT('',(16.943599285188,-4.5,2.638679487438));
#4332 = CARTESIAN_POINT('',(17.041006209531,-4.5,2.491033534));
#4333 = CARTESIAN_POINT('',(17.15134375,-4.5,2.34874375));
#4334 = VECTOR('',#4335,1.);
#4335 = DIRECTION('',(0.,-1.,-2.230669073875E-16));
#4336 = DEFINITIONAL_REPRESENTATION('',(#4337),#4341);
#4337 = LINE('',#4338,#4339);
#4338 = CARTESIAN_POINT('',(0.,-0.2));
#4339 = VECTOR('',#4340,1.);
#4340 = DIRECTION('',(1.,0.));
#4341 = ( GEOMETRIC_REPRESENTATION_CONTEXT(2) 
PARAMETRIC_REPRESENTATION_CONTEXT() REPRESENTATION_CONTEXT('2D SPACE',''
  ) );
#4342 = ORIENTED_EDGE('',*,*,#4343,.F.);
#4343 = EDGE_CURVE('',#4344,#4311,#4346,.T.);
#4344 = VERTEX_POINT('',#4345);
#4345 = CARTESIAN_POINT('',(16.676284375,-4.3,3.273859375));
#4346 = SURFACE_CURVE('',#4347,(#4352,#4360),.PCURVE_S1.);
#4347 = B_SPLINE_CURVE_WITH_KNOTS('',3,(#4348,#4349,#4350,#4351),
  .UNSPECIFIED.,.F.,.F.,(4,4),(0.,1.),.PIECEWISE_BEZIER_KNOTS.);
#4348 = CARTESIAN_POINT('',(16.676284375,-4.3,3.273859375));
#4349 = CARTESIAN_POINT('',(16.751045468969,-4.3,3.118855751969));
#4350 = CARTESIAN_POINT('',(16.778208863969,-4.3,2.94413616475));
#4351 = CARTESIAN_POINT('',(16.876309375,-4.3,2.7988));
#4352 = PCURVE('',#1352,#4353);
#4353 = DEFINITIONAL_REPRESENTATION('',(#4354),#4359);
#4354 = B_SPLINE_CURVE_WITH_KNOTS('',3,(#4355,#4356,#4357,#4358),
  .UNSPECIFIED.,.F.,.F.,(4,4),(0.,1.),.PIECEWISE_BEZIER_KNOTS.);
#4355 = CARTESIAN_POINT('',(3.706945254933,-1.021371057604));
#4356 = CARTESIAN_POINT('',(3.551941631902,-0.946609963635));
#4357 = CARTESIAN_POINT('',(3.377222044683,-0.919446568635));
#4358 = CARTESIAN_POINT('',(3.231885879933,-0.821346057604));
#4359 = ( GEOMETRIC_REPRESENTATION_CONTEXT(2) 
PARAMETRIC_REPRESENTATION_CONTEXT() REPRESENTATION_CONTEXT('2D SPACE',''
  ) );
#4360 = PCURVE('',#4361,#4369);
#4361 = SURFACE_OF_LINEAR_EXTRUSION('',#4362,#4367);
#4362 = B_SPLINE_CURVE_WITH_KNOTS('',3,(#4363,#4364,#4365,#4366),
  .UNSPECIFIED.,.F.,.F.,(4,4),(0.,1.),.PIECEWISE_BEZIER_KNOTS.);
#4363 = CARTESIAN_POINT('',(16.676284375,-4.5,3.273859375));
#4364 = CARTESIAN_POINT('',(16.751045468969,-4.5,3.118855751969));
#4365 = CARTESIAN_POINT('',(16.778208863969,-4.5,2.94413616475));
#4366 = CARTESIAN_POINT('',(16.876309375,-4.5,2.7988));
#4367 = VECTOR('',#4368,1.);
#4368 = DIRECTION('',(0.,-1.,-2.230669073875E-16));
#4369 = DEFINITIONAL_REPRESENTATION('',(#4370),#4374);
#4370 = LINE('',#4371,#4372);
#4371 = CARTESIAN_POINT('',(0.,-0.2));
#4372 = VECTOR('',#4373,1.);
#4373 = DIRECTION('',(1.,0.));
#4374 = ( GEOMETRIC_REPRESENTATION_CONTEXT(2) 
PARAMETRIC_REPRESENTATION_CONTEXT() REPRESENTATION_CONTEXT('2D SPACE',''
  ) );
#4375 = ORIENTED_EDGE('',*,*,#4376,.F.);
#4376 = EDGE_CURVE('',#4377,#4344,#4379,.T.);
#4377 = VERTEX_POINT('',#4378);
#4378 = CARTESIAN_POINT('',(16.626278125,-4.3,3.5989));
#4379 = SURFACE_CURVE('',#4380,(#4385,#4393),.PCURVE_S1.);
#4380 = B_SPLINE_CURVE_WITH_KNOTS('',3,(#4381,#4382,#4383,#4384),
  .UNSPECIFIED.,.F.,.F.,(4,4),(0.,1.),.PIECEWISE_BEZIER_KNOTS.);
#4381 = CARTESIAN_POINT('',(16.626278125,-4.3,3.5989));
#4382 = CARTESIAN_POINT('',(16.617748308906,-4.3,3.480115653813));
#4383 = CARTESIAN_POINT('',(16.675454771313,-4.3,3.388766986656));
#4384 = CARTESIAN_POINT('',(16.676284375,-4.3,3.273859375));
#4385 = PCURVE('',#1352,#4386);
#4386 = DEFINITIONAL_REPRESENTATION('',(#4387),#4392);
#4387 = B_SPLINE_CURVE_WITH_KNOTS('',3,(#4388,#4389,#4390,#4391),
  .UNSPECIFIED.,.F.,.F.,(4,4),(0.,1.),.PIECEWISE_BEZIER_KNOTS.);
#4388 = CARTESIAN_POINT('',(4.031985879933,-1.071377307604));
#4389 = CARTESIAN_POINT('',(3.913201533746,-1.079907123698));
#4390 = CARTESIAN_POINT('',(3.82185286659,-1.022200661291));
#4391 = CARTESIAN_POINT('',(3.706945254933,-1.021371057604));
#4392 = ( GEOMETRIC_REPRESENTATION_CONTEXT(2) 
PARAMETRIC_REPRESENTATION_CONTEXT() REPRESENTATION_CONTEXT('2D SPACE',''
  ) );
#4393 = PCURVE('',#4394,#4402);
#4394 = SURFACE_OF_LINEAR_EXTRUSION('',#4395,#4400);
#4395 = B_SPLINE_CURVE_WITH_KNOTS('',3,(#4396,#4397,#4398,#4399),
  .UNSPECIFIED.,.F.,.F.,(4,4),(0.,1.),.PIECEWISE_BEZIER_KNOTS.);
#4396 = CARTESIAN_POINT('',(16.626278125,-4.5,3.5989));
#4397 = CARTESIAN_POINT('',(16.617748308906,-4.5,3.480115653813));
#4398 = CARTESIAN_POINT('',(16.675454771313,-4.5,3.388766986656));
#4399 = CARTESIAN_POINT('',(16.676284375,-4.5,3.273859375));
#4400 = VECTOR('',#4401,1.);
#4401 = DIRECTION('',(0.,-1.,-2.230669073875E-16));
#4402 = DEFINITIONAL_REPRESENTATION('',(#4403),#4407);
#4403 = LINE('',#4404,#4405);
#4404 = CARTESIAN_POINT('',(0.,-0.2));
#4405 = VECTOR('',#4406,1.);
#4406 = DIRECTION('',(1.,0.));
#4407 = ( GEOMETRIC_REPRESENTATION_CONTEXT(2) 
PARAMETRIC_REPRESENTATION_CONTEXT() REPRESENTATION_CONTEXT('2D SPACE',''
  ) );
#4408 = ORIENTED_EDGE('',*,*,#4409,.F.);
#4409 = EDGE_CURVE('',#4410,#4377,#4412,.T.);
#4410 = VERTEX_POINT('',#4411);
#4411 = CARTESIAN_POINT('',(16.601275,-4.3,4.051408306469));
#4412 = SURFACE_CURVE('',#4413,(#4418,#4426),.PCURVE_S1.);
#4413 = B_SPLINE_CURVE_WITH_KNOTS('',3,(#4414,#4415,#4416,#4417),
  .UNSPECIFIED.,.F.,.F.,(4,4),(0.,1.),.PIECEWISE_BEZIER_KNOTS.);
#4414 = CARTESIAN_POINT('',(16.601275,-4.3,4.051408306469));
#4415 = CARTESIAN_POINT('',(16.607795064906,-4.3,3.899820610375));
#4416 = CARTESIAN_POINT('',(16.582591414844,-4.3,3.735092521938));
#4417 = CARTESIAN_POINT('',(16.626278125,-4.3,3.5989));
#4418 = PCURVE('',#1352,#4419);
#4419 = DEFINITIONAL_REPRESENTATION('',(#4420),#4425);
#4420 = B_SPLINE_CURVE_WITH_KNOTS('',3,(#4421,#4422,#4423,#4424),
  .UNSPECIFIED.,.F.,.F.,(4,4),(0.,1.),.PIECEWISE_BEZIER_KNOTS.);
#4421 = CARTESIAN_POINT('',(4.484494186402,-1.096380432604));
#4422 = CARTESIAN_POINT('',(4.332906490308,-1.089860367698));
#4423 = CARTESIAN_POINT('',(4.168178401871,-1.11506401776));
#4424 = CARTESIAN_POINT('',(4.031985879933,-1.071377307604));
#4425 = ( GEOMETRIC_REPRESENTATION_CONTEXT(2) 
PARAMETRIC_REPRESENTATION_CONTEXT() REPRESENTATION_CONTEXT('2D SPACE',''
  ) );
#4426 = PCURVE('',#4427,#4435);
#4427 = SURFACE_OF_LINEAR_EXTRUSION('',#4428,#4433);
#4428 = B_SPLINE_CURVE_WITH_KNOTS('',3,(#4429,#4430,#4431,#4432),
  .UNSPECIFIED.,.F.,.F.,(4,4),(0.,1.),.PIECEWISE_BEZIER_KNOTS.);
#4429 = CARTESIAN_POINT('',(16.601275,-4.5,4.051408306469));
#4430 = CARTESIAN_POINT('',(16.607795064906,-4.5,3.899820610375));
#4431 = CARTESIAN_POINT('',(16.582591414844,-4.5,3.735092521938));
#4432 = CARTESIAN_POINT('',(16.626278125,-4.5,3.5989));
#4433 = VECTOR('',#4434,1.);
#4434 = DIRECTION('',(0.,-1.,-2.230669073875E-16));
#4435 = DEFINITIONAL_REPRESENTATION('',(#4436),#4440);
#4436 = LINE('',#4437,#4438);
#4437 = CARTESIAN_POINT('',(0.,-0.2));
#4438 = VECTOR('',#4439,1.);
#4439 = DIRECTION('',(1.,0.));
#4440 = ( GEOMETRIC_REPRESENTATION_CONTEXT(2) 
PARAMETRIC_REPRESENTATION_CONTEXT() REPRESENTATION_CONTEXT('2D SPACE',''
  ) );
#4441 = ORIENTED_EDGE('',*,*,#4442,.F.);
#4442 = EDGE_CURVE('',#4443,#4410,#4445,.T.);
#4443 = VERTEX_POINT('',#4444);
#4444 = CARTESIAN_POINT('',(16.65128125,-4.3,4.373996875));
#4445 = SURFACE_CURVE('',#4446,(#4451,#4459),.PCURVE_S1.);
#4446 = B_SPLINE_CURVE_WITH_KNOTS('',3,(#4447,#4448,#4449,#4450),
  .UNSPECIFIED.,.F.,.F.,(4,4),(0.,1.),.PIECEWISE_BEZIER_KNOTS.);
#4447 = CARTESIAN_POINT('',(16.65128125,-4.3,4.373996875));
#4448 = CARTESIAN_POINT('',(16.624174362063,-4.3,4.270790975875));
#4449 = CARTESIAN_POINT('',(16.612314129719,-4.3,4.161269537406));
#4450 = CARTESIAN_POINT('',(16.601275,-4.3,4.051408306469));
#4451 = PCURVE('',#1352,#4452);
#4452 = DEFINITIONAL_REPRESENTATION('',(#4453),#4458);
#4453 = B_SPLINE_CURVE_WITH_KNOTS('',3,(#4454,#4455,#4456,#4457),
  .UNSPECIFIED.,.F.,.F.,(4,4),(0.,1.),.PIECEWISE_BEZIER_KNOTS.);
#4454 = CARTESIAN_POINT('',(4.807082754933,-1.046374182604));
#4455 = CARTESIAN_POINT('',(4.703876855808,-1.073481070541));
#4456 = CARTESIAN_POINT('',(4.59435541734,-1.085341302885));
#4457 = CARTESIAN_POINT('',(4.484494186402,-1.096380432604));
#4458 = ( GEOMETRIC_REPRESENTATION_CONTEXT(2) 
PARAMETRIC_REPRESENTATION_CONTEXT() REPRESENTATION_CONTEXT('2D SPACE',''
  ) );
#4459 = PCURVE('',#4460,#4468);
#4460 = SURFACE_OF_LINEAR_EXTRUSION('',#4461,#4466);
#4461 = B_SPLINE_CURVE_WITH_KNOTS('',3,(#4462,#4463,#4464,#4465),
  .UNSPECIFIED.,.F.,.F.,(4,4),(0.,1.),.PIECEWISE_BEZIER_KNOTS.);
#4462 = CARTESIAN_POINT('',(16.65128125,-4.5,4.373996875));
#4463 = CARTESIAN_POINT('',(16.624174362063,-4.5,4.270790975875));
#4464 = CARTESIAN_POINT('',(16.612314129719,-4.5,4.161269537406));
#4465 = CARTESIAN_POINT('',(16.601275,-4.5,4.051408306469));
#4466 = VECTOR('',#4467,1.);
#4467 = DIRECTION('',(0.,-1.,-2.230669073875E-16));
#4468 = DEFINITIONAL_REPRESENTATION('',(#4469),#4473);
#4469 = LINE('',#4470,#4471);
#4470 = CARTESIAN_POINT('',(0.,-0.2));
#4471 = VECTOR('',#4472,1.);
#4472 = DIRECTION('',(1.,0.));
#4473 = ( GEOMETRIC_REPRESENTATION_CONTEXT(2) 
PARAMETRIC_REPRESENTATION_CONTEXT() REPRESENTATION_CONTEXT('2D SPACE',''
  ) );
#4474 = ORIENTED_EDGE('',*,*,#4475,.F.);
#4475 = EDGE_CURVE('',#4476,#4443,#4478,.T.);
#4476 = VERTEX_POINT('',#4477);
#4477 = CARTESIAN_POINT('',(16.40125,-4.3,4.674034375));
#4478 = SURFACE_CURVE('',#4479,(#4484,#4492),.PCURVE_S1.);
#4479 = B_SPLINE_CURVE_WITH_KNOTS('',3,(#4480,#4481,#4482,#4483),
  .UNSPECIFIED.,.F.,.F.,(4,4),(0.,1.),.PIECEWISE_BEZIER_KNOTS.);
#4480 = CARTESIAN_POINT('',(16.40125,-4.3,4.674034375));
#4481 = CARTESIAN_POINT('',(16.530259124125,-4.3,4.570385920562));
#4482 = CARTESIAN_POINT('',(16.776550156656,-4.3,4.581593571344));
#4483 = CARTESIAN_POINT('',(16.65128125,-4.3,4.373996875));
#4484 = PCURVE('',#1352,#4485);
#4485 = DEFINITIONAL_REPRESENTATION('',(#4486),#4491);
#4486 = B_SPLINE_CURVE_WITH_KNOTS('',3,(#4487,#4488,#4489,#4490),
  .UNSPECIFIED.,.F.,.F.,(4,4),(0.,1.),.PIECEWISE_BEZIER_KNOTS.);
#4487 = CARTESIAN_POINT('',(5.107120254933,-1.296405432604));
#4488 = CARTESIAN_POINT('',(5.003471800496,-1.167396308479));
#4489 = CARTESIAN_POINT('',(5.014679451277,-0.921105275948));
#4490 = CARTESIAN_POINT('',(4.807082754933,-1.046374182604));
#4491 = ( GEOMETRIC_REPRESENTATION_CONTEXT(2) 
PARAMETRIC_REPRESENTATION_CONTEXT() REPRESENTATION_CONTEXT('2D SPACE',''
  ) );
#4492 = PCURVE('',#4493,#4501);
#4493 = SURFACE_OF_LINEAR_EXTRUSION('',#4494,#4499);
#4494 = B_SPLINE_CURVE_WITH_KNOTS('',3,(#4495,#4496,#4497,#4498),
  .UNSPECIFIED.,.F.,.F.,(4,4),(0.,1.),.PIECEWISE_BEZIER_KNOTS.);
#4495 = CARTESIAN_POINT('',(16.40125,-4.5,4.674034375));
#4496 = CARTESIAN_POINT('',(16.530259124125,-4.5,4.570385920562));
#4497 = CARTESIAN_POINT('',(16.776550156656,-4.5,4.581593571344));
#4498 = CARTESIAN_POINT('',(16.65128125,-4.5,4.373996875));
#4499 = VECTOR('',#4500,1.);
#4500 = DIRECTION('',(0.,-1.,-2.230669073875E-16));
#4501 = DEFINITIONAL_REPRESENTATION('',(#4502),#4506);
#4502 = LINE('',#4503,#4504);
#4503 = CARTESIAN_POINT('',(0.,-0.2));
#4504 = VECTOR('',#4505,1.);
#4505 = DIRECTION('',(1.,0.));
#4506 = ( GEOMETRIC_REPRESENTATION_CONTEXT(2) 
PARAMETRIC_REPRESENTATION_CONTEXT() REPRESENTATION_CONTEXT('2D SPACE',''
  ) );
#4507 = ORIENTED_EDGE('',*,*,#4508,.F.);
#4508 = EDGE_CURVE('',#4509,#4476,#4511,.T.);
#4509 = VERTEX_POINT('',#4510);
#4510 = CARTESIAN_POINT('',(15.926190625,-4.3,4.84905625));
#4511 = SURFACE_CURVE('',#4512,(#4517,#4525),.PCURVE_S1.);
#4512 = B_SPLINE_CURVE_WITH_KNOTS('',3,(#4513,#4514,#4515,#4516),
  .UNSPECIFIED.,.F.,.F.,(4,4),(0.,1.),.PIECEWISE_BEZIER_KNOTS.);
#4513 = CARTESIAN_POINT('',(15.926190625,-4.3,4.84905625));
#4514 = CARTESIAN_POINT('',(16.089528789719,-4.3,4.802750712531));
#4515 = CARTESIAN_POINT('',(16.234851702813,-4.3,4.712952239125));
#4516 = CARTESIAN_POINT('',(16.40125,-4.3,4.674034375));
#4517 = PCURVE('',#1352,#4518);
#4518 = DEFINITIONAL_REPRESENTATION('',(#4519),#4524);
#4519 = B_SPLINE_CURVE_WITH_KNOTS('',3,(#4520,#4521,#4522,#4523),
  .UNSPECIFIED.,.F.,.F.,(4,4),(0.,1.),.PIECEWISE_BEZIER_KNOTS.);
#4520 = CARTESIAN_POINT('',(5.282142129933,-1.771464807604));
#4521 = CARTESIAN_POINT('',(5.235836592465,-1.608126642885));
#4522 = CARTESIAN_POINT('',(5.146038119058,-1.462803729791));
#4523 = CARTESIAN_POINT('',(5.107120254933,-1.296405432604));
#4524 = ( GEOMETRIC_REPRESENTATION_CONTEXT(2) 
PARAMETRIC_REPRESENTATION_CONTEXT() REPRESENTATION_CONTEXT('2D SPACE',''
  ) );
#4525 = PCURVE('',#4526,#4534);
#4526 = SURFACE_OF_LINEAR_EXTRUSION('',#4527,#4532);
#4527 = B_SPLINE_CURVE_WITH_KNOTS('',3,(#4528,#4529,#4530,#4531),
  .UNSPECIFIED.,.F.,.F.,(4,4),(0.,1.),.PIECEWISE_BEZIER_KNOTS.);
#4528 = CARTESIAN_POINT('',(15.926190625,-4.5,4.84905625));
#4529 = CARTESIAN_POINT('',(16.089528789719,-4.5,4.802750712531));
#4530 = CARTESIAN_POINT('',(16.234851702813,-4.5,4.712952239125));
#4531 = CARTESIAN_POINT('',(16.40125,-4.5,4.674034375));
#4532 = VECTOR('',#4533,1.);
#4533 = DIRECTION('',(0.,-1.,-2.230669073875E-16));
#4534 = DEFINITIONAL_REPRESENTATION('',(#4535),#4539);
#4535 = LINE('',#4536,#4537);
#4536 = CARTESIAN_POINT('',(0.,-0.2));
#4537 = VECTOR('',#4538,1.);
#4538 = DIRECTION('',(1.,0.));
#4539 = ( GEOMETRIC_REPRESENTATION_CONTEXT(2) 
PARAMETRIC_REPRESENTATION_CONTEXT() REPRESENTATION_CONTEXT('2D SPACE',''
  ) );
#4540 = ORIENTED_EDGE('',*,*,#4541,.F.);
#4541 = EDGE_CURVE('',#4542,#4509,#4544,.T.);
#4542 = VERTEX_POINT('',#4543);
#4543 = CARTESIAN_POINT('',(15.476134375,-4.3,4.999075));
#4544 = SURFACE_CURVE('',#4545,(#4550,#4558),.PCURVE_S1.);
#4545 = B_SPLINE_CURVE_WITH_KNOTS('',3,(#4546,#4547,#4548,#4549),
  .UNSPECIFIED.,.F.,.F.,(4,4),(0.,1.),.PIECEWISE_BEZIER_KNOTS.);
#4546 = CARTESIAN_POINT('',(15.476134375,-4.3,4.999075));
#4547 = CARTESIAN_POINT('',(15.632780453313,-4.3,4.96506874975));
#4548 = CARTESIAN_POINT('',(15.774096365594,-4.3,4.894052123781));
#4549 = CARTESIAN_POINT('',(15.926190625,-4.3,4.84905625));
#4550 = PCURVE('',#1352,#4551);
#4551 = DEFINITIONAL_REPRESENTATION('',(#4552),#4557);
#4552 = B_SPLINE_CURVE_WITH_KNOTS('',3,(#4553,#4554,#4555,#4556),
  .UNSPECIFIED.,.F.,.F.,(4,4),(0.,1.),.PIECEWISE_BEZIER_KNOTS.);
#4553 = CARTESIAN_POINT('',(5.432160879933,-2.221521057604));
#4554 = CARTESIAN_POINT('',(5.398154629683,-2.064874979291));
#4555 = CARTESIAN_POINT('',(5.327138003715,-1.92355906701));
#4556 = CARTESIAN_POINT('',(5.282142129933,-1.771464807604));
#4557 = ( GEOMETRIC_REPRESENTATION_CONTEXT(2) 
PARAMETRIC_REPRESENTATION_CONTEXT() REPRESENTATION_CONTEXT('2D SPACE',''
  ) );
#4558 = PCURVE('',#4559,#4567);
#4559 = SURFACE_OF_LINEAR_EXTRUSION('',#4560,#4565);
#4560 = B_SPLINE_CURVE_WITH_KNOTS('',3,(#4561,#4562,#4563,#4564),
  .UNSPECIFIED.,.F.,.F.,(4,4),(0.,1.),.PIECEWISE_BEZIER_KNOTS.);
#4561 = CARTESIAN_POINT('',(15.476134375,-4.5,4.999075));
#4562 = CARTESIAN_POINT('',(15.632780453313,-4.5,4.96506874975));
#4563 = CARTESIAN_POINT('',(15.774096365594,-4.5,4.894052123781));
#4564 = CARTESIAN_POINT('',(15.926190625,-4.5,4.84905625));
#4565 = VECTOR('',#4566,1.);
#4566 = DIRECTION('',(0.,-1.,-2.230669073875E-16));
#4567 = DEFINITIONAL_REPRESENTATION('',(#4568),#4572);
#4568 = LINE('',#4569,#4570);
#4569 = CARTESIAN_POINT('',(0.,-0.2));
#4570 = VECTOR('',#4571,1.);
#4571 = DIRECTION('',(1.,0.));
#4572 = ( GEOMETRIC_REPRESENTATION_CONTEXT(2) 
PARAMETRIC_REPRESENTATION_CONTEXT() REPRESENTATION_CONTEXT('2D SPACE',''
  ) );
#4573 = ORIENTED_EDGE('',*,*,#4574,.F.);
#4574 = EDGE_CURVE('',#4575,#4542,#4577,.T.);
#4575 = VERTEX_POINT('',#4576);
#4576 = CARTESIAN_POINT('',(15.05108125,-4.3,5.124090625));
#4577 = SURFACE_CURVE('',#4578,(#4583,#4591),.PCURVE_S1.);
#4578 = B_SPLINE_CURVE_WITH_KNOTS('',3,(#4579,#4580,#4581,#4582),
  .UNSPECIFIED.,.F.,.F.,(4,4),(0.,1.),.PIECEWISE_BEZIER_KNOTS.);
#4579 = CARTESIAN_POINT('',(15.05108125,-4.3,5.124090625));
#4580 = CARTESIAN_POINT('',(15.197077997313,-4.3,5.092829717875));
#4581 = CARTESIAN_POINT('',(15.336469669094,-4.3,5.045622567719));
#4582 = CARTESIAN_POINT('',(15.476134375,-4.3,4.999075));
#4583 = PCURVE('',#1352,#4584);
#4584 = DEFINITIONAL_REPRESENTATION('',(#4585),#4590);
#4585 = B_SPLINE_CURVE_WITH_KNOTS('',3,(#4586,#4587,#4588,#4589),
  .UNSPECIFIED.,.F.,.F.,(4,4),(0.,1.),.PIECEWISE_BEZIER_KNOTS.);
#4586 = CARTESIAN_POINT('',(5.557176504933,-2.646574182604));
#4587 = CARTESIAN_POINT('',(5.525915597808,-2.500577435291));
#4588 = CARTESIAN_POINT('',(5.478708447652,-2.36118576351));
#4589 = CARTESIAN_POINT('',(5.432160879933,-2.221521057604));
#4590 = ( GEOMETRIC_REPRESENTATION_CONTEXT(2) 
PARAMETRIC_REPRESENTATION_CONTEXT() REPRESENTATION_CONTEXT('2D SPACE',''
  ) );
#4591 = PCURVE('',#4592,#4600);
#4592 = SURFACE_OF_LINEAR_EXTRUSION('',#4593,#4598);
#4593 = B_SPLINE_CURVE_WITH_KNOTS('',3,(#4594,#4595,#4596,#4597),
  .UNSPECIFIED.,.F.,.F.,(4,4),(0.,1.),.PIECEWISE_BEZIER_KNOTS.);
#4594 = CARTESIAN_POINT('',(15.05108125,-4.5,5.124090625));
#4595 = CARTESIAN_POINT('',(15.197077997313,-4.5,5.092829717875));
#4596 = CARTESIAN_POINT('',(15.336469669094,-4.5,5.045622567719));
#4597 = CARTESIAN_POINT('',(15.476134375,-4.5,4.999075));
#4598 = VECTOR('',#4599,1.);
#4599 = DIRECTION('',(0.,-1.,-2.230669073875E-16));
#4600 = DEFINITIONAL_REPRESENTATION('',(#4601),#4605);
#4601 = LINE('',#4602,#4603);
#4602 = CARTESIAN_POINT('',(0.,-0.2));
#4603 = VECTOR('',#4604,1.);
#4604 = DIRECTION('',(1.,0.));
#4605 = ( GEOMETRIC_REPRESENTATION_CONTEXT(2) 
PARAMETRIC_REPRESENTATION_CONTEXT() REPRESENTATION_CONTEXT('2D SPACE',''
  ) );
#4606 = ORIENTED_EDGE('',*,*,#4607,.F.);
#4607 = EDGE_CURVE('',#4608,#4575,#4610,.T.);
#4608 = VERTEX_POINT('',#4609);
#4609 = CARTESIAN_POINT('',(14.673582318531,-4.3,5.224103125));
#4610 = SURFACE_CURVE('',#4611,(#4616,#4624),.PCURVE_S1.);
#4611 = B_SPLINE_CURVE_WITH_KNOTS('',3,(#4612,#4613,#4614,#4615),
  .UNSPECIFIED.,.F.,.F.,(4,4),(0.,1.),.PIECEWISE_BEZIER_KNOTS.);
#4612 = CARTESIAN_POINT('',(14.673582318531,-4.3,5.224103125));
#4613 = CARTESIAN_POINT('',(14.797290530125,-4.3,5.185636067219));
#4614 = CARTESIAN_POINT('',(14.928372413313,-4.3,5.164970484344));
#4615 = CARTESIAN_POINT('',(15.05108125,-4.3,5.124090625));
#4616 = PCURVE('',#1352,#4617);
#4617 = DEFINITIONAL_REPRESENTATION('',(#4618),#4623);
#4618 = B_SPLINE_CURVE_WITH_KNOTS('',3,(#4619,#4620,#4621,#4622),
  .UNSPECIFIED.,.F.,.F.,(4,4),(0.,1.),.PIECEWISE_BEZIER_KNOTS.);
#4619 = CARTESIAN_POINT('',(5.657189004933,-3.024073114073));
#4620 = CARTESIAN_POINT('',(5.618721947152,-2.900364902479));
#4621 = CARTESIAN_POINT('',(5.598056364277,-2.769283019291));
#4622 = CARTESIAN_POINT('',(5.557176504933,-2.646574182604));
#4623 = ( GEOMETRIC_REPRESENTATION_CONTEXT(2) 
PARAMETRIC_REPRESENTATION_CONTEXT() REPRESENTATION_CONTEXT('2D SPACE',''
  ) );
#4624 = PCURVE('',#4625,#4633);
#4625 = SURFACE_OF_LINEAR_EXTRUSION('',#4626,#4631);
#4626 = B_SPLINE_CURVE_WITH_KNOTS('',3,(#4627,#4628,#4629,#4630),
  .UNSPECIFIED.,.F.,.F.,(4,4),(0.,1.),.PIECEWISE_BEZIER_KNOTS.);
#4627 = CARTESIAN_POINT('',(14.673582318531,-4.5,5.224103125));
#4628 = CARTESIAN_POINT('',(14.797290530125,-4.5,5.185636067219));
#4629 = CARTESIAN_POINT('',(14.928372413313,-4.5,5.164970484344));
#4630 = CARTESIAN_POINT('',(15.05108125,-4.5,5.124090625));
#4631 = VECTOR('',#4632,1.);
#4632 = DIRECTION('',(0.,-1.,-2.230669073875E-16));
#4633 = DEFINITIONAL_REPRESENTATION('',(#4634),#4638);
#4634 = LINE('',#4635,#4636);
#4635 = CARTESIAN_POINT('',(0.,-0.2));
#4636 = VECTOR('',#4637,1.);
#4637 = DIRECTION('',(1.,0.));
#4638 = ( GEOMETRIC_REPRESENTATION_CONTEXT(2) 
PARAMETRIC_REPRESENTATION_CONTEXT() REPRESENTATION_CONTEXT('2D SPACE',''
  ) );
#4639 = ORIENTED_EDGE('',*,*,#4640,.F.);
#4640 = EDGE_CURVE('',#4641,#4608,#4643,.T.);
#4641 = VERTEX_POINT('',#4642);
#4642 = CARTESIAN_POINT('',(14.325990625,-4.3,5.2991125));
#4643 = SURFACE_CURVE('',#4644,(#4649,#4657),.PCURVE_S1.);
#4644 = B_SPLINE_CURVE_WITH_KNOTS('',3,(#4645,#4646,#4647,#4648),
  .UNSPECIFIED.,.F.,.F.,(4,4),(0.,1.),.PIECEWISE_BEZIER_KNOTS.);
#4645 = CARTESIAN_POINT('',(14.325990625,-4.3,5.2991125));
#4646 = CARTESIAN_POINT('',(14.438264907531,-4.3,5.265443291875));
#4647 = CARTESIAN_POINT('',(14.555694084344,-4.3,5.244219139188));
#4648 = CARTESIAN_POINT('',(14.673582318531,-4.3,5.224103125));
#4649 = PCURVE('',#1352,#4650);
#4650 = DEFINITIONAL_REPRESENTATION('',(#4651),#4656);
#4651 = B_SPLINE_CURVE_WITH_KNOTS('',3,(#4652,#4653,#4654,#4655),
  .UNSPECIFIED.,.F.,.F.,(4,4),(0.,1.),.PIECEWISE_BEZIER_KNOTS.);
#4652 = CARTESIAN_POINT('',(5.732198379933,-3.371664807604));
#4653 = CARTESIAN_POINT('',(5.698529171808,-3.259390525073));
#4654 = CARTESIAN_POINT('',(5.677305019121,-3.14196134826));
#4655 = CARTESIAN_POINT('',(5.657189004933,-3.024073114073));
#4656 = ( GEOMETRIC_REPRESENTATION_CONTEXT(2) 
PARAMETRIC_REPRESENTATION_CONTEXT() REPRESENTATION_CONTEXT('2D SPACE',''
  ) );
#4657 = PCURVE('',#4658,#4666);
#4658 = SURFACE_OF_LINEAR_EXTRUSION('',#4659,#4664);
#4659 = B_SPLINE_CURVE_WITH_KNOTS('',3,(#4660,#4661,#4662,#4663),
  .UNSPECIFIED.,.F.,.F.,(4,4),(0.,1.),.PIECEWISE_BEZIER_KNOTS.);
#4660 = CARTESIAN_POINT('',(14.325990625,-4.5,5.2991125));
#4661 = CARTESIAN_POINT('',(14.438264907531,-4.5,5.265443291875));
#4662 = CARTESIAN_POINT('',(14.555694084344,-4.5,5.244219139188));
#4663 = CARTESIAN_POINT('',(14.673582318531,-4.5,5.224103125));
#4664 = VECTOR('',#4665,1.);
#4665 = DIRECTION('',(0.,-1.,-2.230669073875E-16));
#4666 = DEFINITIONAL_REPRESENTATION('',(#4667),#4671);
#4667 = LINE('',#4668,#4669);
#4668 = CARTESIAN_POINT('',(0.,-0.2));
#4669 = VECTOR('',#4670,1.);
#4670 = DIRECTION('',(1.,0.));
#4671 = ( GEOMETRIC_REPRESENTATION_CONTEXT(2) 
PARAMETRIC_REPRESENTATION_CONTEXT() REPRESENTATION_CONTEXT('2D SPACE',''
  ) );
#4672 = ORIENTED_EDGE('',*,*,#4673,.F.);
#4673 = EDGE_CURVE('',#4674,#4641,#4676,.T.);
#4674 = VERTEX_POINT('',#4675);
#4675 = CARTESIAN_POINT('',(14.00095,-4.3,5.34911875));
#4676 = SURFACE_CURVE('',#4677,(#4682,#4690),.PCURVE_S1.);
#4677 = B_SPLINE_CURVE_WITH_KNOTS('',3,(#4678,#4679,#4680,#4681),
  .UNSPECIFIED.,.F.,.F.,(4,4),(0.,1.),.PIECEWISE_BEZIER_KNOTS.);
#4678 = CARTESIAN_POINT('',(14.00095,-4.3,5.34911875));
#4679 = CARTESIAN_POINT('',(14.110639459469,-4.3,5.335691321781));
#4680 = CARTESIAN_POINT('',(14.211165773688,-4.3,5.300141878656));
#4681 = CARTESIAN_POINT('',(14.325990625,-4.3,5.2991125));
#4682 = PCURVE('',#1352,#4683);
#4683 = DEFINITIONAL_REPRESENTATION('',(#4684),#4689);
#4684 = B_SPLINE_CURVE_WITH_KNOTS('',3,(#4685,#4686,#4687,#4688),
  .UNSPECIFIED.,.F.,.F.,(4,4),(0.,1.),.PIECEWISE_BEZIER_KNOTS.);
#4685 = CARTESIAN_POINT('',(5.782204629933,-3.696705432604));
#4686 = CARTESIAN_POINT('',(5.768777201715,-3.587015973135));
#4687 = CARTESIAN_POINT('',(5.73322775859,-3.486489658916));
#4688 = CARTESIAN_POINT('',(5.732198379933,-3.371664807604));
#4689 = ( GEOMETRIC_REPRESENTATION_CONTEXT(2) 
PARAMETRIC_REPRESENTATION_CONTEXT() REPRESENTATION_CONTEXT('2D SPACE',''
  ) );
#4690 = PCURVE('',#4691,#4699);
#4691 = SURFACE_OF_LINEAR_EXTRUSION('',#4692,#4697);
#4692 = B_SPLINE_CURVE_WITH_KNOTS('',3,(#4693,#4694,#4695,#4696),
  .UNSPECIFIED.,.F.,.F.,(4,4),(0.,1.),.PIECEWISE_BEZIER_KNOTS.);
#4693 = CARTESIAN_POINT('',(14.00095,-4.5,5.34911875));
#4694 = CARTESIAN_POINT('',(14.110639459469,-4.5,5.335691321781));
#4695 = CARTESIAN_POINT('',(14.211165773688,-4.5,5.300141878656));
#4696 = CARTESIAN_POINT('',(14.325990625,-4.5,5.2991125));
#4697 = VECTOR('',#4698,1.);
#4698 = DIRECTION('',(0.,-1.,-2.230669073875E-16));
#4699 = DEFINITIONAL_REPRESENTATION('',(#4700),#4704);
#4700 = LINE('',#4701,#4702);
#4701 = CARTESIAN_POINT('',(0.,-0.2));
#4702 = VECTOR('',#4703,1.);
#4703 = DIRECTION('',(1.,0.));
#4704 = ( GEOMETRIC_REPRESENTATION_CONTEXT(2) 
PARAMETRIC_REPRESENTATION_CONTEXT() REPRESENTATION_CONTEXT('2D SPACE',''
  ) );
#4705 = ORIENTED_EDGE('',*,*,#4706,.F.);
#4706 = EDGE_CURVE('',#4707,#4674,#4709,.T.);
#4707 = VERTEX_POINT('',#4708);
#4708 = CARTESIAN_POINT('',(13.7009125,-4.3,5.399125));
#4709 = SURFACE_CURVE('',#4710,(#4715,#4723),.PCURVE_S1.);
#4710 = B_SPLINE_CURVE_WITH_KNOTS('',3,(#4711,#4712,#4713,#4714),
  .UNSPECIFIED.,.F.,.F.,(4,4),(0.,1.),.PIECEWISE_BEZIER_KNOTS.);
#4711 = CARTESIAN_POINT('',(13.7009125,-4.3,5.399125));
#4712 = CARTESIAN_POINT('',(13.79416615525,-4.3,5.366139127281));
#4713 = CARTESIAN_POINT('',(13.898456939969,-4.3,5.359798584813));
#4714 = CARTESIAN_POINT('',(14.00095,-4.3,5.34911875));
#4715 = PCURVE('',#1352,#4716);
#4716 = DEFINITIONAL_REPRESENTATION('',(#4717),#4722);
#4717 = B_SPLINE_CURVE_WITH_KNOTS('',3,(#4718,#4719,#4720,#4721),
  .UNSPECIFIED.,.F.,.F.,(4,4),(0.,1.),.PIECEWISE_BEZIER_KNOTS.);
#4718 = CARTESIAN_POINT('',(5.832210879933,-3.996742932604));
#4719 = CARTESIAN_POINT('',(5.799225007215,-3.903489277354));
#4720 = CARTESIAN_POINT('',(5.792884464746,-3.799198492635));
#4721 = CARTESIAN_POINT('',(5.782204629933,-3.696705432604));
#4722 = ( GEOMETRIC_REPRESENTATION_CONTEXT(2) 
PARAMETRIC_REPRESENTATION_CONTEXT() REPRESENTATION_CONTEXT('2D SPACE',''
  ) );
#4723 = PCURVE('',#4724,#4732);
#4724 = SURFACE_OF_LINEAR_EXTRUSION('',#4725,#4730);
#4725 = B_SPLINE_CURVE_WITH_KNOTS('',3,(#4726,#4727,#4728,#4729),
  .UNSPECIFIED.,.F.,.F.,(4,4),(0.,1.),.PIECEWISE_BEZIER_KNOTS.);
#4726 = CARTESIAN_POINT('',(13.7009125,-4.5,5.399125));
#4727 = CARTESIAN_POINT('',(13.79416615525,-4.5,5.366139127281));
#4728 = CARTESIAN_POINT('',(13.898456939969,-4.5,5.359798584813));
#4729 = CARTESIAN_POINT('',(14.00095,-4.5,5.34911875));
#4730 = VECTOR('',#4731,1.);
#4731 = DIRECTION('',(0.,-1.,-2.230669073875E-16));
#4732 = DEFINITIONAL_REPRESENTATION('',(#4733),#4737);
#4733 = LINE('',#4734,#4735);
#4734 = CARTESIAN_POINT('',(0.,-0.2));
#4735 = VECTOR('',#4736,1.);
#4736 = DIRECTION('',(1.,0.));
#4737 = ( GEOMETRIC_REPRESENTATION_CONTEXT(2) 
PARAMETRIC_REPRESENTATION_CONTEXT() REPRESENTATION_CONTEXT('2D SPACE',''
  ) );
#4738 = ORIENTED_EDGE('',*,*,#4739,.F.);
#4739 = EDGE_CURVE('',#4740,#4707,#4742,.T.);
#4740 = VERTEX_POINT('',#4741);
#4741 = CARTESIAN_POINT('',(13.3008625,-4.3,5.424128125));
#4742 = SURFACE_CURVE('',#4743,(#4748,#4756),.PCURVE_S1.);
#4743 = B_SPLINE_CURVE_WITH_KNOTS('',3,(#4744,#4745,#4746,#4747),
  .UNSPECIFIED.,.F.,.F.,(4,4),(0.,1.),.PIECEWISE_BEZIER_KNOTS.);
#4744 = CARTESIAN_POINT('',(13.3008625,-4.3,5.424128125));
#4745 = CARTESIAN_POINT('',(13.443551083844,-4.3,5.438339401188));
#4746 = CARTESIAN_POINT('',(13.557186036438,-4.3,5.382408410687));
#4747 = CARTESIAN_POINT('',(13.7009125,-4.3,5.399125));
#4748 = PCURVE('',#1352,#4749);
#4749 = DEFINITIONAL_REPRESENTATION('',(#4750),#4755);
#4750 = B_SPLINE_CURVE_WITH_KNOTS('',3,(#4751,#4752,#4753,#4754),
  .UNSPECIFIED.,.F.,.F.,(4,4),(0.,1.),.PIECEWISE_BEZIER_KNOTS.);
#4751 = CARTESIAN_POINT('',(5.857214004933,-4.396792932604));
#4752 = CARTESIAN_POINT('',(5.871425281121,-4.25410434876));
#4753 = CARTESIAN_POINT('',(5.815494290621,-4.140469396166));
#4754 = CARTESIAN_POINT('',(5.832210879933,-3.996742932604));
#4755 = ( GEOMETRIC_REPRESENTATION_CONTEXT(2) 
PARAMETRIC_REPRESENTATION_CONTEXT() REPRESENTATION_CONTEXT('2D SPACE',''
  ) );
#4756 = PCURVE('',#4757,#4765);
#4757 = SURFACE_OF_LINEAR_EXTRUSION('',#4758,#4763);
#4758 = B_SPLINE_CURVE_WITH_KNOTS('',3,(#4759,#4760,#4761,#4762),
  .UNSPECIFIED.,.F.,.F.,(4,4),(0.,1.),.PIECEWISE_BEZIER_KNOTS.);
#4759 = CARTESIAN_POINT('',(13.3008625,-4.5,5.424128125));
#4760 = CARTESIAN_POINT('',(13.443551083844,-4.5,5.438339401188));
#4761 = CARTESIAN_POINT('',(13.557186036438,-4.5,5.382408410687));
#4762 = CARTESIAN_POINT('',(13.7009125,-4.5,5.399125));
#4763 = VECTOR('',#4764,1.);
#4764 = DIRECTION('',(0.,-1.,-2.230669073875E-16));
#4765 = DEFINITIONAL_REPRESENTATION('',(#4766),#4770);
#4766 = LINE('',#4767,#4768);
#4767 = CARTESIAN_POINT('',(0.,-0.2));
#4768 = VECTOR('',#4769,1.);
#4769 = DIRECTION('',(1.,0.));
#4770 = ( GEOMETRIC_REPRESENTATION_CONTEXT(2) 
PARAMETRIC_REPRESENTATION_CONTEXT() REPRESENTATION_CONTEXT('2D SPACE',''
  ) );
#4771 = ORIENTED_EDGE('',*,*,#4772,.F.);
#4772 = EDGE_CURVE('',#4773,#4740,#4775,.T.);
#4773 = VERTEX_POINT('',#4774);
#4774 = CARTESIAN_POINT('',(12.95081875,-4.3,5.44913125));
#4775 = SURFACE_CURVE('',#4776,(#4781,#4789),.PCURVE_S1.);
#4776 = B_SPLINE_CURVE_WITH_KNOTS('',3,(#4777,#4778,#4779,#4780),
  .UNSPECIFIED.,.F.,.F.,(4,4),(0.,1.),.PIECEWISE_BEZIER_KNOTS.);
#4777 = CARTESIAN_POINT('',(12.95081875,-4.3,5.44913125));
#4778 = CARTESIAN_POINT('',(13.069929386969,-4.3,5.44666094125));
#4779 = CARTESIAN_POINT('',(13.196162914188,-4.3,5.461388782));
#4780 = CARTESIAN_POINT('',(13.3008625,-4.3,5.424128125));
#4781 = PCURVE('',#1352,#4782);
#4782 = DEFINITIONAL_REPRESENTATION('',(#4783),#4788);
#4783 = B_SPLINE_CURVE_WITH_KNOTS('',3,(#4784,#4785,#4786,#4787),
  .UNSPECIFIED.,.F.,.F.,(4,4),(0.,1.),.PIECEWISE_BEZIER_KNOTS.);
#4784 = CARTESIAN_POINT('',(5.882217129933,-4.746836682604));
#4785 = CARTESIAN_POINT('',(5.879746821183,-4.627726045635));
#4786 = CARTESIAN_POINT('',(5.894474661933,-4.501492518416));
#4787 = CARTESIAN_POINT('',(5.857214004933,-4.396792932604));
#4788 = ( GEOMETRIC_REPRESENTATION_CONTEXT(2) 
PARAMETRIC_REPRESENTATION_CONTEXT() REPRESENTATION_CONTEXT('2D SPACE',''
  ) );
#4789 = PCURVE('',#4790,#4798);
#4790 = SURFACE_OF_LINEAR_EXTRUSION('',#4791,#4796);
#4791 = B_SPLINE_CURVE_WITH_KNOTS('',3,(#4792,#4793,#4794,#4795),
  .UNSPECIFIED.,.F.,.F.,(4,4),(0.,1.),.PIECEWISE_BEZIER_KNOTS.);
#4792 = CARTESIAN_POINT('',(12.95081875,-4.5,5.44913125));
#4793 = CARTESIAN_POINT('',(13.069929386969,-4.5,5.44666094125));
#4794 = CARTESIAN_POINT('',(13.196162914188,-4.5,5.461388782));
#4795 = CARTESIAN_POINT('',(13.3008625,-4.5,5.424128125));
#4796 = VECTOR('',#4797,1.);
#4797 = DIRECTION('',(0.,-1.,-2.230669073875E-16));
#4798 = DEFINITIONAL_REPRESENTATION('',(#4799),#4803);
#4799 = LINE('',#4800,#4801);
#4800 = CARTESIAN_POINT('',(0.,-0.2));
#4801 = VECTOR('',#4802,1.);
#4802 = DIRECTION('',(1.,0.));
#4803 = ( GEOMETRIC_REPRESENTATION_CONTEXT(2) 
PARAMETRIC_REPRESENTATION_CONTEXT() REPRESENTATION_CONTEXT('2D SPACE',''
  ) );
#4804 = ORIENTED_EDGE('',*,*,#4805,.F.);
#4805 = EDGE_CURVE('',#2859,#4773,#4806,.T.);
#4806 = SURFACE_CURVE('',#4807,(#4812,#4820),.PCURVE_S1.);
#4807 = B_SPLINE_CURVE_WITH_KNOTS('',3,(#4808,#4809,#4810,#4811),
  .UNSPECIFIED.,.F.,.F.,(4,4),(0.,1.),.PIECEWISE_BEZIER_KNOTS.);
#4808 = CARTESIAN_POINT('',(12.675784375,-4.3,5.44913125));
#4809 = CARTESIAN_POINT('',(12.738234930344,-4.3,5.460702446219));
#4810 = CARTESIAN_POINT('',(12.857851630563,-4.3,5.441667567156));
#4811 = CARTESIAN_POINT('',(12.95081875,-4.3,5.44913125));
#4812 = PCURVE('',#1352,#4813);
#4813 = DEFINITIONAL_REPRESENTATION('',(#4814),#4819);
#4814 = B_SPLINE_CURVE_WITH_KNOTS('',3,(#4815,#4816,#4817,#4818),
  .UNSPECIFIED.,.F.,.F.,(4,4),(0.,1.),.PIECEWISE_BEZIER_KNOTS.);
#4815 = CARTESIAN_POINT('',(5.882217129933,-5.021871057604));
#4816 = CARTESIAN_POINT('',(5.893788326152,-4.95942050226));
#4817 = CARTESIAN_POINT('',(5.87475344709,-4.839803802041));
#4818 = CARTESIAN_POINT('',(5.882217129933,-4.746836682604));
#4819 = ( GEOMETRIC_REPRESENTATION_CONTEXT(2) 
PARAMETRIC_REPRESENTATION_CONTEXT() REPRESENTATION_CONTEXT('2D SPACE',''
  ) );
#4820 = PCURVE('',#4821,#4829);
#4821 = SURFACE_OF_LINEAR_EXTRUSION('',#4822,#4827);
#4822 = B_SPLINE_CURVE_WITH_KNOTS('',3,(#4823,#4824,#4825,#4826),
  .UNSPECIFIED.,.F.,.F.,(4,4),(0.,1.),.PIECEWISE_BEZIER_KNOTS.);
#4823 = CARTESIAN_POINT('',(12.675784375,-4.5,5.44913125));
#4824 = CARTESIAN_POINT('',(12.738234930344,-4.5,5.460702446219));
#4825 = CARTESIAN_POINT('',(12.857851630563,-4.5,5.441667567156));
#4826 = CARTESIAN_POINT('',(12.95081875,-4.5,5.44913125));
#4827 = VECTOR('',#4828,1.);
#4828 = DIRECTION('',(0.,-1.,-2.230669073875E-16));
#4829 = DEFINITIONAL_REPRESENTATION('',(#4830),#4834);
#4830 = LINE('',#4831,#4832);
#4831 = CARTESIAN_POINT('',(0.,-0.2));
#4832 = VECTOR('',#4833,1.);
#4833 = DIRECTION('',(1.,0.));
#4834 = ( GEOMETRIC_REPRESENTATION_CONTEXT(2) 
PARAMETRIC_REPRESENTATION_CONTEXT() REPRESENTATION_CONTEXT('2D SPACE',''
  ) );
#4835 = FACE_BOUND('',#4836,.F.);
#4836 = EDGE_LOOP('',(#4837,#4872,#4905,#4938,#4971,#5004,#5037,#5070,
    #5103,#5136,#5169,#5202,#5235,#5268,#5301,#5334,#5367,#5400,#5433,
    #5466,#5499,#5532,#5565,#5598,#5631,#5664,#5697,#5730,#5763,#5796,
    #5829,#5862,#5895,#5928,#5961,#5994));
#4837 = ORIENTED_EDGE('',*,*,#4838,.F.);
#4838 = EDGE_CURVE('',#4839,#4841,#4843,.T.);
#4839 = VERTEX_POINT('',#4840);
#4840 = CARTESIAN_POINT('',(17.826428125,-4.3,3.798925));
#4841 = VERTEX_POINT('',#4842);
#4842 = CARTESIAN_POINT('',(17.876434375,-4.3,3.923940625));
#4843 = SURFACE_CURVE('',#4844,(#4849,#4857),.PCURVE_S1.);
#4844 = B_SPLINE_CURVE_WITH_KNOTS('',3,(#4845,#4846,#4847,#4848),
  .UNSPECIFIED.,.F.,.F.,(4,4),(0.,1.),.PIECEWISE_BEZIER_KNOTS.);
#4845 = CARTESIAN_POINT('',(17.826428125,-4.3,3.798925));
#4846 = CARTESIAN_POINT('',(17.819485007219,-4.3,3.849397558281));
#4847 = CARTESIAN_POINT('',(17.848919686094,-4.3,3.886925748719));
#4848 = CARTESIAN_POINT('',(17.876434375,-4.3,3.923940625));
#4849 = PCURVE('',#1352,#4850);
#4850 = DEFINITIONAL_REPRESENTATION('',(#4851),#4856);
#4851 = B_SPLINE_CURVE_WITH_KNOTS('',3,(#4852,#4853,#4854,#4855),
  .UNSPECIFIED.,.F.,.F.,(4,4),(0.,1.),.PIECEWISE_BEZIER_KNOTS.);
#4852 = CARTESIAN_POINT('',(4.232010879933,0.128772692396));
#4853 = CARTESIAN_POINT('',(4.282483438215,0.121829574615));
#4854 = CARTESIAN_POINT('',(4.320011628652,0.15126425349));
#4855 = CARTESIAN_POINT('',(4.357026504933,0.178778942396));
#4856 = ( GEOMETRIC_REPRESENTATION_CONTEXT(2) 
PARAMETRIC_REPRESENTATION_CONTEXT() REPRESENTATION_CONTEXT('2D SPACE',''
  ) );
#4857 = PCURVE('',#4858,#4866);
#4858 = SURFACE_OF_LINEAR_EXTRUSION('',#4859,#4864);
#4859 = B_SPLINE_CURVE_WITH_KNOTS('',3,(#4860,#4861,#4862,#4863),
  .UNSPECIFIED.,.F.,.F.,(4,4),(0.,1.),.PIECEWISE_BEZIER_KNOTS.);
#4860 = CARTESIAN_POINT('',(17.826428125,-4.5,3.798925));
#4861 = CARTESIAN_POINT('',(17.819485007219,-4.5,3.849397558281));
#4862 = CARTESIAN_POINT('',(17.848919686094,-4.5,3.886925748719));
#4863 = CARTESIAN_POINT('',(17.876434375,-4.5,3.923940625));
#4864 = VECTOR('',#4865,1.);
#4865 = DIRECTION('',(0.,-1.,-2.230669073875E-16));
#4866 = DEFINITIONAL_REPRESENTATION('',(#4867),#4871);
#4867 = LINE('',#4868,#4869);
#4868 = CARTESIAN_POINT('',(0.,-0.2));
#4869 = VECTOR('',#4870,1.);
#4870 = DIRECTION('',(1.,0.));
#4871 = ( GEOMETRIC_REPRESENTATION_CONTEXT(2) 
PARAMETRIC_REPRESENTATION_CONTEXT() REPRESENTATION_CONTEXT('2D SPACE',''
  ) );
#4872 = ORIENTED_EDGE('',*,*,#4873,.F.);
#4873 = EDGE_CURVE('',#4874,#4839,#4876,.T.);
#4874 = VERTEX_POINT('',#4875);
#4875 = CARTESIAN_POINT('',(17.75141875,-4.3,3.580800737875));
#4876 = SURFACE_CURVE('',#4877,(#4882,#4890),.PCURVE_S1.);
#4877 = B_SPLINE_CURVE_WITH_KNOTS('',3,(#4878,#4879,#4880,#4881),
  .UNSPECIFIED.,.F.,.F.,(4,4),(0.,1.),.PIECEWISE_BEZIER_KNOTS.);
#4878 = CARTESIAN_POINT('',(17.75141875,-4.3,3.580800737875));
#4879 = CARTESIAN_POINT('',(17.766767668375,-4.3,3.657606837438));
#4880 = CARTESIAN_POINT('',(17.788963192469,-4.3,3.731220788031));
#4881 = CARTESIAN_POINT('',(17.826428125,-4.3,3.798925));
#4882 = PCURVE('',#1352,#4883);
#4883 = DEFINITIONAL_REPRESENTATION('',(#4884),#4889);
#4884 = B_SPLINE_CURVE_WITH_KNOTS('',3,(#4885,#4886,#4887,#4888),
  .UNSPECIFIED.,.F.,.F.,(4,4),(0.,1.),.PIECEWISE_BEZIER_KNOTS.);
#4885 = CARTESIAN_POINT('',(4.013886617808,5.376331739602E-02));
#4886 = CARTESIAN_POINT('',(4.090692717371,6.911223577102E-02));
#4887 = CARTESIAN_POINT('',(4.164306667965,9.130775986477E-02));
#4888 = CARTESIAN_POINT('',(4.232010879933,0.128772692396));
#4889 = ( GEOMETRIC_REPRESENTATION_CONTEXT(2) 
PARAMETRIC_REPRESENTATION_CONTEXT() REPRESENTATION_CONTEXT('2D SPACE',''
  ) );
#4890 = PCURVE('',#4891,#4899);
#4891 = SURFACE_OF_LINEAR_EXTRUSION('',#4892,#4897);
#4892 = B_SPLINE_CURVE_WITH_KNOTS('',3,(#4893,#4894,#4895,#4896),
  .UNSPECIFIED.,.F.,.F.,(4,4),(0.,1.),.PIECEWISE_BEZIER_KNOTS.);
#4893 = CARTESIAN_POINT('',(17.75141875,-4.5,3.580800737875));
#4894 = CARTESIAN_POINT('',(17.766767668375,-4.5,3.657606837438));
#4895 = CARTESIAN_POINT('',(17.788963192469,-4.5,3.731220788031));
#4896 = CARTESIAN_POINT('',(17.826428125,-4.5,3.798925));
#4897 = VECTOR('',#4898,1.);
#4898 = DIRECTION('',(0.,-1.,-2.230669073875E-16));
#4899 = DEFINITIONAL_REPRESENTATION('',(#4900),#4904);
#4900 = LINE('',#4901,#4902);
#4901 = CARTESIAN_POINT('',(0.,-0.2));
#4902 = VECTOR('',#4903,1.);
#4903 = DIRECTION('',(1.,0.));
#4904 = ( GEOMETRIC_REPRESENTATION_CONTEXT(2) 
PARAMETRIC_REPRESENTATION_CONTEXT() REPRESENTATION_CONTEXT('2D SPACE',''
  ) );
#4905 = ORIENTED_EDGE('',*,*,#4906,.F.);
#4906 = EDGE_CURVE('',#4907,#4874,#4909,.T.);
#4907 = VERTEX_POINT('',#4908);
#4908 = CARTESIAN_POINT('',(17.7014125,-4.3,3.398875));
#4909 = SURFACE_CURVE('',#4910,(#4915,#4923),.PCURVE_S1.);
#4910 = B_SPLINE_CURVE_WITH_KNOTS('',3,(#4911,#4912,#4913,#4914),
  .UNSPECIFIED.,.F.,.F.,(4,4),(0.,1.),.PIECEWISE_BEZIER_KNOTS.);
#4911 = CARTESIAN_POINT('',(17.7014125,-4.3,3.398875));
#4912 = CARTESIAN_POINT('',(17.745162718094,-4.3,3.448556709437));
#4913 = CARTESIAN_POINT('',(17.71546425625,-4.3,3.528064646688));
#4914 = CARTESIAN_POINT('',(17.75141875,-4.3,3.580800737875));
#4915 = PCURVE('',#1352,#4916);
#4916 = DEFINITIONAL_REPRESENTATION('',(#4917),#4922);
#4917 = B_SPLINE_CURVE_WITH_KNOTS('',3,(#4918,#4919,#4920,#4921),
  .UNSPECIFIED.,.F.,.F.,(4,4),(0.,1.),.PIECEWISE_BEZIER_KNOTS.);
#4918 = CARTESIAN_POINT('',(3.831960879933,3.757067396023E-03));
#4919 = CARTESIAN_POINT('',(3.881642589371,4.750728548977E-02));
#4920 = CARTESIAN_POINT('',(3.961150526621,1.780882364602E-02));
#4921 = CARTESIAN_POINT('',(4.013886617808,5.376331739602E-02));
#4922 = ( GEOMETRIC_REPRESENTATION_CONTEXT(2) 
PARAMETRIC_REPRESENTATION_CONTEXT() REPRESENTATION_CONTEXT('2D SPACE',''
  ) );
#4923 = PCURVE('',#4924,#4932);
#4924 = SURFACE_OF_LINEAR_EXTRUSION('',#4925,#4930);
#4925 = B_SPLINE_CURVE_WITH_KNOTS('',3,(#4926,#4927,#4928,#4929),
  .UNSPECIFIED.,.F.,.F.,(4,4),(0.,1.),.PIECEWISE_BEZIER_KNOTS.);
#4926 = CARTESIAN_POINT('',(17.7014125,-4.5,3.398875));
#4927 = CARTESIAN_POINT('',(17.745162718094,-4.5,3.448556709437));
#4928 = CARTESIAN_POINT('',(17.71546425625,-4.5,3.528064646688));
#4929 = CARTESIAN_POINT('',(17.75141875,-4.5,3.580800737875));
#4930 = VECTOR('',#4931,1.);
#4931 = DIRECTION('',(0.,-1.,-2.230669073875E-16));
#4932 = DEFINITIONAL_REPRESENTATION('',(#4933),#4937);
#4933 = LINE('',#4934,#4935);
#4934 = CARTESIAN_POINT('',(0.,-0.2));
#4935 = VECTOR('',#4936,1.);
#4936 = DIRECTION('',(1.,0.));
#4937 = ( GEOMETRIC_REPRESENTATION_CONTEXT(2) 
PARAMETRIC_REPRESENTATION_CONTEXT() REPRESENTATION_CONTEXT('2D SPACE',''
  ) );
#4938 = ORIENTED_EDGE('',*,*,#4939,.F.);
#4939 = EDGE_CURVE('',#4940,#4907,#4942,.T.);
#4940 = VERTEX_POINT('',#4941);
#4941 = CARTESIAN_POINT('',(17.7014125,-4.3,3.155747612875));
#4942 = SURFACE_CURVE('',#4943,(#4948,#4956),.PCURVE_S1.);
#4943 = B_SPLINE_CURVE_WITH_KNOTS('',3,(#4944,#4945,#4946,#4947),
  .UNSPECIFIED.,.F.,.F.,(4,4),(0.,1.),.PIECEWISE_BEZIER_KNOTS.);
#4944 = CARTESIAN_POINT('',(17.7014125,-4.3,3.155747612875));
#4945 = CARTESIAN_POINT('',(17.7015125125,-4.3,3.236744986281));
#4946 = CARTESIAN_POINT('',(17.70126248125,-4.3,3.318206417688));
#4947 = CARTESIAN_POINT('',(17.7014125,-4.3,3.398875));
#4948 = PCURVE('',#1352,#4949);
#4949 = DEFINITIONAL_REPRESENTATION('',(#4950),#4955);
#4950 = B_SPLINE_CURVE_WITH_KNOTS('',3,(#4951,#4952,#4953,#4954),
  .UNSPECIFIED.,.F.,.F.,(4,4),(0.,1.),.PIECEWISE_BEZIER_KNOTS.);
#4951 = CARTESIAN_POINT('',(3.588833492808,3.757067396023E-03));
#4952 = CARTESIAN_POINT('',(3.669830866215,3.857079896022E-03));
#4953 = CARTESIAN_POINT('',(3.751292297621,3.607048646021E-03));
#4954 = CARTESIAN_POINT('',(3.831960879933,3.757067396023E-03));
#4955 = ( GEOMETRIC_REPRESENTATION_CONTEXT(2) 
PARAMETRIC_REPRESENTATION_CONTEXT() REPRESENTATION_CONTEXT('2D SPACE',''
  ) );
#4956 = PCURVE('',#4957,#4965);
#4957 = SURFACE_OF_LINEAR_EXTRUSION('',#4958,#4963);
#4958 = B_SPLINE_CURVE_WITH_KNOTS('',3,(#4959,#4960,#4961,#4962),
  .UNSPECIFIED.,.F.,.F.,(4,4),(0.,1.),.PIECEWISE_BEZIER_KNOTS.);
#4959 = CARTESIAN_POINT('',(17.7014125,-4.5,3.155747612875));
#4960 = CARTESIAN_POINT('',(17.7015125125,-4.5,3.236744986281));
#4961 = CARTESIAN_POINT('',(17.70126248125,-4.5,3.318206417688));
#4962 = CARTESIAN_POINT('',(17.7014125,-4.5,3.398875));
#4963 = VECTOR('',#4964,1.);
#4964 = DIRECTION('',(0.,-1.,-2.230669073875E-16));
#4965 = DEFINITIONAL_REPRESENTATION('',(#4966),#4970);
#4966 = LINE('',#4967,#4968);
#4967 = CARTESIAN_POINT('',(0.,-0.2));
#4968 = VECTOR('',#4969,1.);
#4969 = DIRECTION('',(1.,0.));
#4970 = ( GEOMETRIC_REPRESENTATION_CONTEXT(2) 
PARAMETRIC_REPRESENTATION_CONTEXT() REPRESENTATION_CONTEXT('2D SPACE',''
  ) );
#4971 = ORIENTED_EDGE('',*,*,#4972,.F.);
#4972 = EDGE_CURVE('',#4973,#4940,#4975,.T.);
#4973 = VERTEX_POINT('',#4974);
#4974 = CARTESIAN_POINT('',(17.726415625,-4.3,2.998825));
#4975 = SURFACE_CURVE('',#4976,(#4981,#4989),.PCURVE_S1.);
#4976 = B_SPLINE_CURVE_WITH_KNOTS('',3,(#4977,#4978,#4979,#4980),
  .UNSPECIFIED.,.F.,.F.,(4,4),(0.,1.),.PIECEWISE_BEZIER_KNOTS.);
#4977 = CARTESIAN_POINT('',(17.726415625,-4.3,2.998825));
#4978 = CARTESIAN_POINT('',(17.7353087365,-4.3,3.058309934688));
#4979 = CARTESIAN_POINT('',(17.715666531531,-4.3,3.106129911437));
#4980 = CARTESIAN_POINT('',(17.7014125,-4.3,3.155747612875));
#4981 = PCURVE('',#1352,#4982);
#4982 = DEFINITIONAL_REPRESENTATION('',(#4983),#4988);
#4983 = B_SPLINE_CURVE_WITH_KNOTS('',3,(#4984,#4985,#4986,#4987),
  .UNSPECIFIED.,.F.,.F.,(4,4),(0.,1.),.PIECEWISE_BEZIER_KNOTS.);
#4984 = CARTESIAN_POINT('',(3.431910879933,2.876019239602E-02));
#4985 = CARTESIAN_POINT('',(3.491395814621,3.765330389602E-02));
#4986 = CARTESIAN_POINT('',(3.539215791371,1.801109892727E-02));
#4987 = CARTESIAN_POINT('',(3.588833492808,3.757067396023E-03));
#4988 = ( GEOMETRIC_REPRESENTATION_CONTEXT(2) 
PARAMETRIC_REPRESENTATION_CONTEXT() REPRESENTATION_CONTEXT('2D SPACE',''
  ) );
#4989 = PCURVE('',#4990,#4998);
#4990 = SURFACE_OF_LINEAR_EXTRUSION('',#4991,#4996);
#4991 = B_SPLINE_CURVE_WITH_KNOTS('',3,(#4992,#4993,#4994,#4995),
  .UNSPECIFIED.,.F.,.F.,(4,4),(0.,1.),.PIECEWISE_BEZIER_KNOTS.);
#4992 = CARTESIAN_POINT('',(17.726415625,-4.5,2.998825));
#4993 = CARTESIAN_POINT('',(17.7353087365,-4.5,3.058309934688));
#4994 = CARTESIAN_POINT('',(17.715666531531,-4.5,3.106129911437));
#4995 = CARTESIAN_POINT('',(17.7014125,-4.5,3.155747612875));
#4996 = VECTOR('',#4997,1.);
#4997 = DIRECTION('',(0.,-1.,-2.230669073875E-16));
#4998 = DEFINITIONAL_REPRESENTATION('',(#4999),#5003);
#4999 = LINE('',#5000,#5001);
#5000 = CARTESIAN_POINT('',(0.,-0.2));
#5001 = VECTOR('',#5002,1.);
#5002 = DIRECTION('',(1.,0.));
#5003 = ( GEOMETRIC_REPRESENTATION_CONTEXT(2) 
PARAMETRIC_REPRESENTATION_CONTEXT() REPRESENTATION_CONTEXT('2D SPACE',''
  ) );
#5004 = ORIENTED_EDGE('',*,*,#5005,.F.);
#5005 = EDGE_CURVE('',#5006,#4973,#5008,.T.);
#5006 = VERTEX_POINT('',#5007);
#5007 = CARTESIAN_POINT('',(17.8139265625,-4.3,2.7612953125));
#5008 = SURFACE_CURVE('',#5009,(#5014,#5022),.PCURVE_S1.);
#5009 = B_SPLINE_CURVE_WITH_KNOTS('',3,(#5010,#5011,#5012,#5013),
  .UNSPECIFIED.,.F.,.F.,(4,4),(0.,1.),.PIECEWISE_BEZIER_KNOTS.);
#5010 = CARTESIAN_POINT('',(17.8139265625,-4.3,2.7612953125));
#5011 = CARTESIAN_POINT('',(17.771895809313,-4.3,2.835682359719));
#5012 = CARTESIAN_POINT('',(17.756455129469,-4.3,2.919953892344));
#5013 = CARTESIAN_POINT('',(17.726415625,-4.3,2.998825));
#5014 = PCURVE('',#1352,#5015);
#5015 = DEFINITIONAL_REPRESENTATION('',(#5016),#5021);
#5016 = B_SPLINE_CURVE_WITH_KNOTS('',3,(#5017,#5018,#5019,#5020),
  .UNSPECIFIED.,.F.,.F.,(4,4),(0.,1.),.PIECEWISE_BEZIER_KNOTS.);
#5017 = CARTESIAN_POINT('',(3.194381192433,0.116271129896));
#5018 = CARTESIAN_POINT('',(3.268768239652,7.424037670852E-02));
#5019 = CARTESIAN_POINT('',(3.353039772277,5.879969686477E-02));
#5020 = CARTESIAN_POINT('',(3.431910879933,2.876019239602E-02));
#5021 = ( GEOMETRIC_REPRESENTATION_CONTEXT(2) 
PARAMETRIC_REPRESENTATION_CONTEXT() REPRESENTATION_CONTEXT('2D SPACE',''
  ) );
#5022 = PCURVE('',#5023,#5031);
#5023 = SURFACE_OF_LINEAR_EXTRUSION('',#5024,#5029);
#5024 = B_SPLINE_CURVE_WITH_KNOTS('',3,(#5025,#5026,#5027,#5028),
  .UNSPECIFIED.,.F.,.F.,(4,4),(0.,1.),.PIECEWISE_BEZIER_KNOTS.);
#5025 = CARTESIAN_POINT('',(17.8139265625,-4.5,2.7612953125));
#5026 = CARTESIAN_POINT('',(17.771895809313,-4.5,2.835682359719));
#5027 = CARTESIAN_POINT('',(17.756455129469,-4.5,2.919953892344));
#5028 = CARTESIAN_POINT('',(17.726415625,-4.5,2.998825));
#5029 = VECTOR('',#5030,1.);
#5030 = DIRECTION('',(0.,-1.,-2.230669073875E-16));
#5031 = DEFINITIONAL_REPRESENTATION('',(#5032),#5036);
#5032 = LINE('',#5033,#5034);
#5033 = CARTESIAN_POINT('',(0.,-0.2));
#5034 = VECTOR('',#5035,1.);
#5035 = DIRECTION('',(1.,0.));
#5036 = ( GEOMETRIC_REPRESENTATION_CONTEXT(2) 
PARAMETRIC_REPRESENTATION_CONTEXT() REPRESENTATION_CONTEXT('2D SPACE',''
  ) );
#5037 = ORIENTED_EDGE('',*,*,#5038,.F.);
#5038 = EDGE_CURVE('',#5039,#5006,#5041,.T.);
#5039 = VERTEX_POINT('',#5040);
#5040 = CARTESIAN_POINT('',(17.95144375,-4.3,2.523765625));
#5041 = SURFACE_CURVE('',#5042,(#5047,#5055),.PCURVE_S1.);
#5042 = B_SPLINE_CURVE_WITH_KNOTS('',3,(#5043,#5044,#5045,#5046),
  .UNSPECIFIED.,.F.,.F.,(4,4),(0.,1.),.PIECEWISE_BEZIER_KNOTS.);
#5043 = CARTESIAN_POINT('',(17.95144375,-4.3,2.523765625));
#5044 = CARTESIAN_POINT('',(17.918871428969,-4.3,2.608533719688));
#5045 = CARTESIAN_POINT('',(17.84324022625,-4.3,2.67500252725));
#5046 = CARTESIAN_POINT('',(17.8139265625,-4.3,2.7612953125));
#5047 = PCURVE('',#1352,#5048);
#5048 = DEFINITIONAL_REPRESENTATION('',(#5049),#5054);
#5049 = B_SPLINE_CURVE_WITH_KNOTS('',3,(#5050,#5051,#5052,#5053),
  .UNSPECIFIED.,.F.,.F.,(4,4),(0.,1.),.PIECEWISE_BEZIER_KNOTS.);
#5050 = CARTESIAN_POINT('',(2.956851504933,0.253788317396));
#5051 = CARTESIAN_POINT('',(3.041619599621,0.221215996365));
#5052 = CARTESIAN_POINT('',(3.108088407183,0.145584793646));
#5053 = CARTESIAN_POINT('',(3.194381192433,0.116271129896));
#5054 = ( GEOMETRIC_REPRESENTATION_CONTEXT(2) 
PARAMETRIC_REPRESENTATION_CONTEXT() REPRESENTATION_CONTEXT('2D SPACE',''
  ) );
#5055 = PCURVE('',#5056,#5064);
#5056 = SURFACE_OF_LINEAR_EXTRUSION('',#5057,#5062);
#5057 = B_SPLINE_CURVE_WITH_KNOTS('',3,(#5058,#5059,#5060,#5061),
  .UNSPECIFIED.,.F.,.F.,(4,4),(0.,1.),.PIECEWISE_BEZIER_KNOTS.);
#5058 = CARTESIAN_POINT('',(17.95144375,-4.5,2.523765625));
#5059 = CARTESIAN_POINT('',(17.918871428969,-4.5,2.608533719688));
#5060 = CARTESIAN_POINT('',(17.84324022625,-4.5,2.67500252725));
#5061 = CARTESIAN_POINT('',(17.8139265625,-4.5,2.7612953125));
#5062 = VECTOR('',#5063,1.);
#5063 = DIRECTION('',(0.,-1.,-2.230669073875E-16));
#5064 = DEFINITIONAL_REPRESENTATION('',(#5065),#5069);
#5065 = LINE('',#5066,#5067);
#5066 = CARTESIAN_POINT('',(0.,-0.2));
#5067 = VECTOR('',#5068,1.);
#5068 = DIRECTION('',(1.,0.));
#5069 = ( GEOMETRIC_REPRESENTATION_CONTEXT(2) 
PARAMETRIC_REPRESENTATION_CONTEXT() REPRESENTATION_CONTEXT('2D SPACE',''
  ) );
#5070 = ORIENTED_EDGE('',*,*,#5071,.F.);
#5071 = EDGE_CURVE('',#5072,#5039,#5074,.T.);
#5072 = VERTEX_POINT('',#5073);
#5073 = CARTESIAN_POINT('',(18.111821544719,-4.3,2.363389080438));
#5074 = SURFACE_CURVE('',#5075,(#5080,#5088),.PCURVE_S1.);
#5075 = B_SPLINE_CURVE_WITH_KNOTS('',3,(#5076,#5077,#5078,#5079),
  .UNSPECIFIED.,.F.,.F.,(4,4),(0.,1.),.PIECEWISE_BEZIER_KNOTS.);
#5076 = CARTESIAN_POINT('',(18.111821544719,-4.3,2.363389080437));
#5077 = CARTESIAN_POINT('',(18.05843912275,-4.3,2.416913520156));
#5078 = CARTESIAN_POINT('',(18.004724659281,-4.3,2.470283440562));
#5079 = CARTESIAN_POINT('',(17.95144375,-4.3,2.523765625));
#5080 = PCURVE('',#1352,#5081);
#5081 = DEFINITIONAL_REPRESENTATION('',(#5082),#5087);
#5082 = B_SPLINE_CURVE_WITH_KNOTS('',3,(#5083,#5084,#5085,#5086),
  .UNSPECIFIED.,.F.,.F.,(4,4),(0.,1.),.PIECEWISE_BEZIER_KNOTS.);
#5083 = CARTESIAN_POINT('',(2.796474960371,0.414166112115));
#5084 = CARTESIAN_POINT('',(2.84999940009,0.360783690146));
#5085 = CARTESIAN_POINT('',(2.903369320496,0.307069226677));
#5086 = CARTESIAN_POINT('',(2.956851504933,0.253788317396));
#5087 = ( GEOMETRIC_REPRESENTATION_CONTEXT(2) 
PARAMETRIC_REPRESENTATION_CONTEXT() REPRESENTATION_CONTEXT('2D SPACE',''
  ) );
#5088 = PCURVE('',#5089,#5097);
#5089 = SURFACE_OF_LINEAR_EXTRUSION('',#5090,#5095);
#5090 = B_SPLINE_CURVE_WITH_KNOTS('',3,(#5091,#5092,#5093,#5094),
  .UNSPECIFIED.,.F.,.F.,(4,4),(0.,1.),.PIECEWISE_BEZIER_KNOTS.);
#5091 = CARTESIAN_POINT('',(18.111821544719,-4.5,2.363389080438));
#5092 = CARTESIAN_POINT('',(18.05843912275,-4.5,2.416913520156));
#5093 = CARTESIAN_POINT('',(18.004724659281,-4.5,2.470283440562));
#5094 = CARTESIAN_POINT('',(17.95144375,-4.5,2.523765625));
#5095 = VECTOR('',#5096,1.);
#5096 = DIRECTION('',(0.,-1.,-2.230669073875E-16));
#5097 = DEFINITIONAL_REPRESENTATION('',(#5098),#5102);
#5098 = LINE('',#5099,#5100);
#5099 = CARTESIAN_POINT('',(0.,-0.2));
#5100 = VECTOR('',#5101,1.);
#5101 = DIRECTION('',(1.,0.));
#5102 = ( GEOMETRIC_REPRESENTATION_CONTEXT(2) 
PARAMETRIC_REPRESENTATION_CONTEXT() REPRESENTATION_CONTEXT('2D SPACE',''
  ) );
#5103 = ORIENTED_EDGE('',*,*,#5104,.F.);
#5104 = EDGE_CURVE('',#5105,#5072,#5107,.T.);
#5105 = VERTEX_POINT('',#5106);
#5106 = CARTESIAN_POINT('',(18.241719029875,-4.3,2.258494720281));
#5107 = SURFACE_CURVE('',#5108,(#5113,#5121),.PCURVE_S1.);
#5108 = B_SPLINE_CURVE_WITH_KNOTS('',3,(#5109,#5110,#5111,#5112),
  .UNSPECIFIED.,.F.,.F.,(4,4),(0.,1.),.PIECEWISE_BEZIER_KNOTS.);
#5109 = CARTESIAN_POINT('',(18.241719029875,-4.3,2.258494720281));
#5110 = CARTESIAN_POINT('',(18.201983563563,-4.3,2.301668116281));
#5111 = CARTESIAN_POINT('',(18.148598141219,-4.3,2.312967528531));
#5112 = CARTESIAN_POINT('',(18.111821544719,-4.3,2.363389080437));
#5113 = PCURVE('',#1352,#5114);
#5114 = DEFINITIONAL_REPRESENTATION('',(#5115),#5120);
#5115 = B_SPLINE_CURVE_WITH_KNOTS('',3,(#5116,#5117,#5118,#5119),
  .UNSPECIFIED.,.F.,.F.,(4,4),(0.,1.),.PIECEWISE_BEZIER_KNOTS.);
#5116 = CARTESIAN_POINT('',(2.691580600215,0.544063597271));
#5117 = CARTESIAN_POINT('',(2.734753996215,0.504328130959));
#5118 = CARTESIAN_POINT('',(2.746053408465,0.450942708615));
#5119 = CARTESIAN_POINT('',(2.796474960371,0.414166112115));
#5120 = ( GEOMETRIC_REPRESENTATION_CONTEXT(2) 
PARAMETRIC_REPRESENTATION_CONTEXT() REPRESENTATION_CONTEXT('2D SPACE',''
  ) );
#5121 = PCURVE('',#5122,#5130);
#5122 = SURFACE_OF_LINEAR_EXTRUSION('',#5123,#5128);
#5123 = B_SPLINE_CURVE_WITH_KNOTS('',3,(#5124,#5125,#5126,#5127),
  .UNSPECIFIED.,.F.,.F.,(4,4),(0.,1.),.PIECEWISE_BEZIER_KNOTS.);
#5124 = CARTESIAN_POINT('',(18.241719029875,-4.5,2.258494720281));
#5125 = CARTESIAN_POINT('',(18.201983563563,-4.5,2.301668116281));
#5126 = CARTESIAN_POINT('',(18.148598141219,-4.5,2.312967528531));
#5127 = CARTESIAN_POINT('',(18.111821544719,-4.5,2.363389080438));
#5128 = VECTOR('',#5129,1.);
#5129 = DIRECTION('',(0.,-1.,-2.230669073875E-16));
#5130 = DEFINITIONAL_REPRESENTATION('',(#5131),#5135);
#5131 = LINE('',#5132,#5133);
#5132 = CARTESIAN_POINT('',(0.,-0.2));
#5133 = VECTOR('',#5134,1.);
#5134 = DIRECTION('',(1.,0.));
#5135 = ( GEOMETRIC_REPRESENTATION_CONTEXT(2) 
PARAMETRIC_REPRESENTATION_CONTEXT() REPRESENTATION_CONTEXT('2D SPACE',''
  ) );
#5136 = ORIENTED_EDGE('',*,*,#5137,.F.);
#5137 = EDGE_CURVE('',#5138,#5105,#5140,.T.);
#5138 = VERTEX_POINT('',#5139);
#5139 = CARTESIAN_POINT('',(18.414002812656,-4.3,2.137717375));
#5140 = SURFACE_CURVE('',#5141,(#5146,#5154),.PCURVE_S1.);
#5141 = B_SPLINE_CURVE_WITH_KNOTS('',3,(#5142,#5143,#5144,#5145),
  .UNSPECIFIED.,.F.,.F.,(4,4),(0.,1.),.PIECEWISE_BEZIER_KNOTS.);
#5142 = CARTESIAN_POINT('',(18.414002812656,-4.3,2.137717375));
#5143 = CARTESIAN_POINT('',(18.352302351063,-4.3,2.16979938475));
#5144 = CARTESIAN_POINT('',(18.293259471625,-4.3,2.203723374719));
#5145 = CARTESIAN_POINT('',(18.241719029875,-4.3,2.258494720281));
#5146 = PCURVE('',#1352,#5147);
#5147 = DEFINITIONAL_REPRESENTATION('',(#5148),#5153);
#5148 = B_SPLINE_CURVE_WITH_KNOTS('',3,(#5149,#5150,#5151,#5152),
  .UNSPECIFIED.,.F.,.F.,(4,4),(0.,1.),.PIECEWISE_BEZIER_KNOTS.);
#5149 = CARTESIAN_POINT('',(2.570803254933,0.716347380052));
#5150 = CARTESIAN_POINT('',(2.602885264683,0.654646918459));
#5151 = CARTESIAN_POINT('',(2.636809254652,0.595604039021));
#5152 = CARTESIAN_POINT('',(2.691580600215,0.544063597271));
#5153 = ( GEOMETRIC_REPRESENTATION_CONTEXT(2) 
PARAMETRIC_REPRESENTATION_CONTEXT() REPRESENTATION_CONTEXT('2D SPACE',''
  ) );
#5154 = PCURVE('',#5155,#5163);
#5155 = SURFACE_OF_LINEAR_EXTRUSION('',#5156,#5161);
#5156 = B_SPLINE_CURVE_WITH_KNOTS('',3,(#5157,#5158,#5159,#5160),
  .UNSPECIFIED.,.F.,.F.,(4,4),(0.,1.),.PIECEWISE_BEZIER_KNOTS.);
#5157 = CARTESIAN_POINT('',(18.414002812656,-4.5,2.137717375));
#5158 = CARTESIAN_POINT('',(18.352302351063,-4.5,2.16979938475));
#5159 = CARTESIAN_POINT('',(18.293259471625,-4.5,2.203723374719));
#5160 = CARTESIAN_POINT('',(18.241719029875,-4.5,2.258494720281));
#5161 = VECTOR('',#5162,1.);
#5162 = DIRECTION('',(0.,-1.,-2.230669073875E-16));
#5163 = DEFINITIONAL_REPRESENTATION('',(#5164),#5168);
#5164 = LINE('',#5165,#5166);
#5165 = CARTESIAN_POINT('',(0.,-0.2));
#5166 = VECTOR('',#5167,1.);
#5167 = DIRECTION('',(1.,0.));
#5168 = ( GEOMETRIC_REPRESENTATION_CONTEXT(2) 
PARAMETRIC_REPRESENTATION_CONTEXT() REPRESENTATION_CONTEXT('2D SPACE',''
  ) );
#5169 = ORIENTED_EDGE('',*,*,#5170,.F.);
#5170 = EDGE_CURVE('',#5171,#5138,#5173,.T.);
#5171 = VERTEX_POINT('',#5172);
#5172 = CARTESIAN_POINT('',(18.651532500156,-4.3,1.9987));
#5173 = SURFACE_CURVE('',#5174,(#5179,#5187),.PCURVE_S1.);
#5174 = B_SPLINE_CURVE_WITH_KNOTS('',3,(#5175,#5176,#5177,#5178),
  .UNSPECIFIED.,.F.,.F.,(4,4),(0.,1.),.PIECEWISE_BEZIER_KNOTS.);
#5175 = CARTESIAN_POINT('',(18.651532500156,-4.3,1.9987));
#5176 = CARTESIAN_POINT('',(18.578337601938,-4.3,2.058911775531));
#5177 = CARTESIAN_POINT('',(18.482099073625,-4.3,2.067419338844));
#5178 = CARTESIAN_POINT('',(18.414002812656,-4.3,2.137717375));
#5179 = PCURVE('',#1352,#5180);
#5180 = DEFINITIONAL_REPRESENTATION('',(#5181),#5186);
#5181 = B_SPLINE_CURVE_WITH_KNOTS('',3,(#5182,#5183,#5184,#5185),
  .UNSPECIFIED.,.F.,.F.,(4,4),(0.,1.),.PIECEWISE_BEZIER_KNOTS.);
#5182 = CARTESIAN_POINT('',(2.431785879933,0.953877067552));
#5183 = CARTESIAN_POINT('',(2.491997655465,0.880682169334));
#5184 = CARTESIAN_POINT('',(2.500505218777,0.784443641021));
#5185 = CARTESIAN_POINT('',(2.570803254933,0.716347380052));
#5186 = ( GEOMETRIC_REPRESENTATION_CONTEXT(2) 
PARAMETRIC_REPRESENTATION_CONTEXT() REPRESENTATION_CONTEXT('2D SPACE',''
  ) );
#5187 = PCURVE('',#5188,#5196);
#5188 = SURFACE_OF_LINEAR_EXTRUSION('',#5189,#5194);
#5189 = B_SPLINE_CURVE_WITH_KNOTS('',3,(#5190,#5191,#5192,#5193),
  .UNSPECIFIED.,.F.,.F.,(4,4),(0.,1.),.PIECEWISE_BEZIER_KNOTS.);
#5190 = CARTESIAN_POINT('',(18.651532500156,-4.5,1.9987));
#5191 = CARTESIAN_POINT('',(18.578337601938,-4.5,2.058911775531));
#5192 = CARTESIAN_POINT('',(18.482099073625,-4.5,2.067419338844));
#5193 = CARTESIAN_POINT('',(18.414002812656,-4.5,2.137717375));
#5194 = VECTOR('',#5195,1.);
#5195 = DIRECTION('',(0.,-1.,-2.230669073875E-16));
#5196 = DEFINITIONAL_REPRESENTATION('',(#5197),#5201);
#5197 = LINE('',#5198,#5199);
#5198 = CARTESIAN_POINT('',(0.,-0.2));
#5199 = VECTOR('',#5200,1.);
#5200 = DIRECTION('',(1.,0.));
#5201 = ( GEOMETRIC_REPRESENTATION_CONTEXT(2) 
PARAMETRIC_REPRESENTATION_CONTEXT() REPRESENTATION_CONTEXT('2D SPACE',''
  ) );
#5202 = ORIENTED_EDGE('',*,*,#5203,.F.);
#5203 = EDGE_CURVE('',#5204,#5171,#5206,.T.);
#5204 = VERTEX_POINT('',#5205);
#5205 = CARTESIAN_POINT('',(18.889062187656,-4.3,1.900281449219));
#5206 = SURFACE_CURVE('',#5207,(#5212,#5220),.PCURVE_S1.);
#5207 = B_SPLINE_CURVE_WITH_KNOTS('',3,(#5208,#5209,#5210,#5211),
  .UNSPECIFIED.,.F.,.F.,(4,4),(0.,1.),.PIECEWISE_BEZIER_KNOTS.);
#5208 = CARTESIAN_POINT('',(18.889062187656,-4.3,1.900281449219));
#5209 = CARTESIAN_POINT('',(18.800722146531,-4.3,1.905932905563));
#5210 = CARTESIAN_POINT('',(18.736722397563,-4.3,1.981457094906));
#5211 = CARTESIAN_POINT('',(18.651532500156,-4.3,1.9987));
#5212 = PCURVE('',#1352,#5213);
#5213 = DEFINITIONAL_REPRESENTATION('',(#5214),#5219);
#5214 = B_SPLINE_CURVE_WITH_KNOTS('',3,(#5215,#5216,#5217,#5218),
  .UNSPECIFIED.,.F.,.F.,(4,4),(0.,1.),.PIECEWISE_BEZIER_KNOTS.);
#5215 = CARTESIAN_POINT('',(2.333367329152,1.191406755052));
#5216 = CARTESIAN_POINT('',(2.339018785496,1.103066713927));
#5217 = CARTESIAN_POINT('',(2.41454297484,1.039066964959));
#5218 = CARTESIAN_POINT('',(2.431785879933,0.953877067552));
#5219 = ( GEOMETRIC_REPRESENTATION_CONTEXT(2) 
PARAMETRIC_REPRESENTATION_CONTEXT() REPRESENTATION_CONTEXT('2D SPACE',''
  ) );
#5220 = PCURVE('',#5221,#5229);
#5221 = SURFACE_OF_LINEAR_EXTRUSION('',#5222,#5227);
#5222 = B_SPLINE_CURVE_WITH_KNOTS('',3,(#5223,#5224,#5225,#5226),
  .UNSPECIFIED.,.F.,.F.,(4,4),(0.,1.),.PIECEWISE_BEZIER_KNOTS.);
#5223 = CARTESIAN_POINT('',(18.889062187656,-4.5,1.900281449219));
#5224 = CARTESIAN_POINT('',(18.800722146531,-4.5,1.905932905563));
#5225 = CARTESIAN_POINT('',(18.736722397563,-4.5,1.981457094906));
#5226 = CARTESIAN_POINT('',(18.651532500156,-4.5,1.9987));
#5227 = VECTOR('',#5228,1.);
#5228 = DIRECTION('',(0.,-1.,-2.230669073875E-16));
#5229 = DEFINITIONAL_REPRESENTATION('',(#5230),#5234);
#5230 = LINE('',#5231,#5232);
#5231 = CARTESIAN_POINT('',(0.,-0.2));
#5232 = VECTOR('',#5233,1.);
#5233 = DIRECTION('',(1.,0.));
#5234 = ( GEOMETRIC_REPRESENTATION_CONTEXT(2) 
PARAMETRIC_REPRESENTATION_CONTEXT() REPRESENTATION_CONTEXT('2D SPACE',''
  ) );
#5235 = ORIENTED_EDGE('',*,*,#5236,.F.);
#5236 = EDGE_CURVE('',#5237,#5204,#5239,.T.);
#5237 = VERTEX_POINT('',#5238);
#5238 = CARTESIAN_POINT('',(19.112784149406,-4.3,1.823678125));
#5239 = SURFACE_CURVE('',#5240,(#5245,#5253),.PCURVE_S1.);
#5240 = B_SPLINE_CURVE_WITH_KNOTS('',3,(#5241,#5242,#5243,#5244),
  .UNSPECIFIED.,.F.,.F.,(4,4),(0.,1.),.PIECEWISE_BEZIER_KNOTS.);
#5241 = CARTESIAN_POINT('',(19.112784149406,-4.3,1.823678125));
#5242 = CARTESIAN_POINT('',(19.035455984594,-4.3,1.84319456425));
#5243 = CARTESIAN_POINT('',(18.96135597325,-4.3,1.865897901813));
#5244 = CARTESIAN_POINT('',(18.889062187656,-4.3,1.900281449219));
#5245 = PCURVE('',#1352,#5246);
#5246 = DEFINITIONAL_REPRESENTATION('',(#5247),#5252);
#5247 = B_SPLINE_CURVE_WITH_KNOTS('',3,(#5248,#5249,#5250,#5251),
  .UNSPECIFIED.,.F.,.F.,(4,4),(0.,1.),.PIECEWISE_BEZIER_KNOTS.);
#5248 = CARTESIAN_POINT('',(2.256764004933,1.415128716802));
#5249 = CARTESIAN_POINT('',(2.276280444183,1.33780055199));
#5250 = CARTESIAN_POINT('',(2.298983781746,1.263700540646));
#5251 = CARTESIAN_POINT('',(2.333367329152,1.191406755052));
#5252 = ( GEOMETRIC_REPRESENTATION_CONTEXT(2) 
PARAMETRIC_REPRESENTATION_CONTEXT() REPRESENTATION_CONTEXT('2D SPACE',''
  ) );
#5253 = PCURVE('',#5254,#5262);
#5254 = SURFACE_OF_LINEAR_EXTRUSION('',#5255,#5260);
#5255 = B_SPLINE_CURVE_WITH_KNOTS('',3,(#5256,#5257,#5258,#5259),
  .UNSPECIFIED.,.F.,.F.,(4,4),(0.,1.),.PIECEWISE_BEZIER_KNOTS.);
#5256 = CARTESIAN_POINT('',(19.112784149406,-4.5,1.823678125));
#5257 = CARTESIAN_POINT('',(19.035455984594,-4.5,1.84319456425));
#5258 = CARTESIAN_POINT('',(18.96135597325,-4.5,1.865897901813));
#5259 = CARTESIAN_POINT('',(18.889062187656,-4.5,1.900281449219));
#5260 = VECTOR('',#5261,1.);
#5261 = DIRECTION('',(0.,-1.,-2.230669073875E-16));
#5262 = DEFINITIONAL_REPRESENTATION('',(#5263),#5267);
#5263 = LINE('',#5264,#5265);
#5264 = CARTESIAN_POINT('',(0.,-0.2));
#5265 = VECTOR('',#5266,1.);
#5266 = DIRECTION('',(1.,0.));
#5267 = ( GEOMETRIC_REPRESENTATION_CONTEXT(2) 
PARAMETRIC_REPRESENTATION_CONTEXT() REPRESENTATION_CONTEXT('2D SPACE',''
  ) );
#5268 = ORIENTED_EDGE('',*,*,#5269,.F.);
#5269 = EDGE_CURVE('',#5270,#5237,#5272,.T.);
#5270 = VERTEX_POINT('',#5271);
#5271 = CARTESIAN_POINT('',(19.269706762281,-4.3,1.798675));
#5272 = SURFACE_CURVE('',#5273,(#5278,#5286),.PCURVE_S1.);
#5273 = B_SPLINE_CURVE_WITH_KNOTS('',3,(#5274,#5275,#5276,#5277),
  .UNSPECIFIED.,.F.,.F.,(4,4),(0.,1.),.PIECEWISE_BEZIER_KNOTS.);
#5274 = CARTESIAN_POINT('',(19.269706762281,-4.3,1.798675));
#5275 = CARTESIAN_POINT('',(19.208941167531,-4.3,1.786571737281));
#5276 = CARTESIAN_POINT('',(19.165811276969,-4.3,1.817711129219));
#5277 = CARTESIAN_POINT('',(19.112784149406,-4.3,1.823678125));
#5278 = PCURVE('',#1352,#5279);
#5279 = DEFINITIONAL_REPRESENTATION('',(#5280),#5285);
#5280 = B_SPLINE_CURVE_WITH_KNOTS('',3,(#5281,#5282,#5283,#5284),
  .UNSPECIFIED.,.F.,.F.,(4,4),(0.,1.),.PIECEWISE_BEZIER_KNOTS.);
#5281 = CARTESIAN_POINT('',(2.231760879933,1.572051329677));
#5282 = CARTESIAN_POINT('',(2.219657617215,1.511285734927));
#5283 = CARTESIAN_POINT('',(2.250797009152,1.468155844365));
#5284 = CARTESIAN_POINT('',(2.256764004933,1.415128716802));
#5285 = ( GEOMETRIC_REPRESENTATION_CONTEXT(2) 
PARAMETRIC_REPRESENTATION_CONTEXT() REPRESENTATION_CONTEXT('2D SPACE',''
  ) );
#5286 = PCURVE('',#5287,#5295);
#5287 = SURFACE_OF_LINEAR_EXTRUSION('',#5288,#5293);
#5288 = B_SPLINE_CURVE_WITH_KNOTS('',3,(#5289,#5290,#5291,#5292),
  .UNSPECIFIED.,.F.,.F.,(4,4),(0.,1.),.PIECEWISE_BEZIER_KNOTS.);
#5289 = CARTESIAN_POINT('',(19.269706762281,-4.5,1.798675));
#5290 = CARTESIAN_POINT('',(19.208941167531,-4.5,1.786571737281));
#5291 = CARTESIAN_POINT('',(19.165811276969,-4.5,1.817711129219));
#5292 = CARTESIAN_POINT('',(19.112784149406,-4.5,1.823678125));
#5293 = VECTOR('',#5294,1.);
#5294 = DIRECTION('',(0.,-1.,-2.230669073875E-16));
#5295 = DEFINITIONAL_REPRESENTATION('',(#5296),#5300);
#5296 = LINE('',#5297,#5298);
#5297 = CARTESIAN_POINT('',(0.,-0.2));
#5298 = VECTOR('',#5299,1.);
#5299 = DIRECTION('',(1.,0.));
#5300 = ( GEOMETRIC_REPRESENTATION_CONTEXT(2) 
PARAMETRIC_REPRESENTATION_CONTEXT() REPRESENTATION_CONTEXT('2D SPACE',''
  ) );
#5301 = ORIENTED_EDGE('',*,*,#5302,.F.);
#5302 = EDGE_CURVE('',#5303,#5270,#5305,.T.);
#5303 = VERTEX_POINT('',#5304);
#5304 = CARTESIAN_POINT('',(19.426629375156,-4.3,1.773671875));
#5305 = SURFACE_CURVE('',#5306,(#5311,#5319),.PCURVE_S1.);
#5306 = B_SPLINE_CURVE_WITH_KNOTS('',3,(#5307,#5308,#5309,#5310),
  .UNSPECIFIED.,.F.,.F.,(4,4),(0.,1.),.PIECEWISE_BEZIER_KNOTS.);
#5307 = CARTESIAN_POINT('',(19.426629375156,-4.3,1.773671875));
#5308 = CARTESIAN_POINT('',(19.367144440469,-4.3,1.7647787635));
#5309 = CARTESIAN_POINT('',(19.319324463719,-4.3,1.784420968469));
#5310 = CARTESIAN_POINT('',(19.269706762281,-4.3,1.798675));
#5311 = PCURVE('',#1352,#5312);
#5312 = DEFINITIONAL_REPRESENTATION('',(#5313),#5318);
#5313 = B_SPLINE_CURVE_WITH_KNOTS('',3,(#5314,#5315,#5316,#5317),
  .UNSPECIFIED.,.F.,.F.,(4,4),(0.,1.),.PIECEWISE_BEZIER_KNOTS.);
#5314 = CARTESIAN_POINT('',(2.206757754933,1.728973942552));
#5315 = CARTESIAN_POINT('',(2.197864643433,1.669489007865));
#5316 = CARTESIAN_POINT('',(2.217506848402,1.621669031115));
#5317 = CARTESIAN_POINT('',(2.231760879933,1.572051329677));
#5318 = ( GEOMETRIC_REPRESENTATION_CONTEXT(2) 
PARAMETRIC_REPRESENTATION_CONTEXT() REPRESENTATION_CONTEXT('2D SPACE',''
  ) );
#5319 = PCURVE('',#5320,#5328);
#5320 = SURFACE_OF_LINEAR_EXTRUSION('',#5321,#5326);
#5321 = B_SPLINE_CURVE_WITH_KNOTS('',3,(#5322,#5323,#5324,#5325),
  .UNSPECIFIED.,.F.,.F.,(4,4),(0.,1.),.PIECEWISE_BEZIER_KNOTS.);
#5322 = CARTESIAN_POINT('',(19.426629375156,-4.5,1.773671875));
#5323 = CARTESIAN_POINT('',(19.367144440469,-4.5,1.7647787635));
#5324 = CARTESIAN_POINT('',(19.319324463719,-4.5,1.784420968469));
#5325 = CARTESIAN_POINT('',(19.269706762281,-4.5,1.798675));
#5326 = VECTOR('',#5327,1.);
#5327 = DIRECTION('',(0.,-1.,-2.230669073875E-16));
#5328 = DEFINITIONAL_REPRESENTATION('',(#5329),#5333);
#5329 = LINE('',#5330,#5331);
#5330 = CARTESIAN_POINT('',(0.,-0.2));
#5331 = VECTOR('',#5332,1.);
#5332 = DIRECTION('',(1.,0.));
#5333 = ( GEOMETRIC_REPRESENTATION_CONTEXT(2) 
PARAMETRIC_REPRESENTATION_CONTEXT() REPRESENTATION_CONTEXT('2D SPACE',''
  ) );
#5334 = ORIENTED_EDGE('',*,*,#5335,.F.);
#5335 = EDGE_CURVE('',#5336,#5303,#5338,.T.);
#5336 = VERTEX_POINT('',#5337);
#5337 = CARTESIAN_POINT('',(19.564146562656,-4.3,1.7861734375));
#5338 = SURFACE_CURVE('',#5339,(#5344,#5352),.PCURVE_S1.);
#5339 = B_SPLINE_CURVE_WITH_KNOTS('',3,(#5340,#5341,#5342,#5343),
  .UNSPECIFIED.,.F.,.F.,(4,4),(0.,1.),.PIECEWISE_BEZIER_KNOTS.);
#5340 = CARTESIAN_POINT('',(19.564146562656,-4.3,1.7861734375));
#5341 = CARTESIAN_POINT('',(19.527168190938,-4.3,1.760251947719));
#5342 = CARTESIAN_POINT('',(19.471979543219,-4.3,1.779691377344));
#5343 = CARTESIAN_POINT('',(19.426629375156,-4.3,1.773671875));
#5344 = PCURVE('',#1352,#5345);
#5345 = DEFINITIONAL_REPRESENTATION('',(#5346),#5351);
#5346 = B_SPLINE_CURVE_WITH_KNOTS('',3,(#5347,#5348,#5349,#5350),
  .UNSPECIFIED.,.F.,.F.,(4,4),(0.,1.),.PIECEWISE_BEZIER_KNOTS.);
#5347 = CARTESIAN_POINT('',(2.219259317433,1.866491130052));
#5348 = CARTESIAN_POINT('',(2.193337827652,1.829512758334));
#5349 = CARTESIAN_POINT('',(2.212777257277,1.774324110615));
#5350 = CARTESIAN_POINT('',(2.206757754933,1.728973942552));
#5351 = ( GEOMETRIC_REPRESENTATION_CONTEXT(2) 
PARAMETRIC_REPRESENTATION_CONTEXT() REPRESENTATION_CONTEXT('2D SPACE',''
  ) );
#5352 = PCURVE('',#5353,#5361);
#5353 = SURFACE_OF_LINEAR_EXTRUSION('',#5354,#5359);
#5354 = B_SPLINE_CURVE_WITH_KNOTS('',3,(#5355,#5356,#5357,#5358),
  .UNSPECIFIED.,.F.,.F.,(4,4),(0.,1.),.PIECEWISE_BEZIER_KNOTS.);
#5355 = CARTESIAN_POINT('',(19.564146562656,-4.5,1.7861734375));
#5356 = CARTESIAN_POINT('',(19.527168190938,-4.5,1.760251947719));
#5357 = CARTESIAN_POINT('',(19.471979543219,-4.5,1.779691377344));
#5358 = CARTESIAN_POINT('',(19.426629375156,-4.5,1.773671875));
#5359 = VECTOR('',#5360,1.);
#5360 = DIRECTION('',(0.,-1.,-2.230669073875E-16));
#5361 = DEFINITIONAL_REPRESENTATION('',(#5362),#5366);
#5362 = LINE('',#5363,#5364);
#5363 = CARTESIAN_POINT('',(0.,-0.2));
#5364 = VECTOR('',#5365,1.);
#5365 = DIRECTION('',(1.,0.));
#5366 = ( GEOMETRIC_REPRESENTATION_CONTEXT(2) 
PARAMETRIC_REPRESENTATION_CONTEXT() REPRESENTATION_CONTEXT('2D SPACE',''
  ) );
#5367 = ORIENTED_EDGE('',*,*,#5368,.F.);
#5368 = EDGE_CURVE('',#5369,#5336,#5371,.T.);
#5369 = VERTEX_POINT('',#5370);
#5370 = CARTESIAN_POINT('',(19.726666875156,-4.3,1.823678125));
#5371 = SURFACE_CURVE('',#5372,(#5377,#5385),.PCURVE_S1.);
#5372 = B_SPLINE_CURVE_WITH_KNOTS('',3,(#5373,#5374,#5375,#5376),
  .UNSPECIFIED.,.F.,.F.,(4,4),(0.,1.),.PIECEWISE_BEZIER_KNOTS.);
#5373 = CARTESIAN_POINT('',(19.726666875156,-4.3,1.823678125));
#5374 = CARTESIAN_POINT('',(19.690109306031,-4.3,1.7675711125));
#5375 = CARTESIAN_POINT('',(19.608248074656,-4.3,1.823753134375));
#5376 = CARTESIAN_POINT('',(19.564146562656,-4.3,1.7861734375));
#5377 = PCURVE('',#1352,#5378);
#5378 = DEFINITIONAL_REPRESENTATION('',(#5379),#5384);
#5379 = B_SPLINE_CURVE_WITH_KNOTS('',3,(#5380,#5381,#5382,#5383),
  .UNSPECIFIED.,.F.,.F.,(4,4),(0.,1.),.PIECEWISE_BEZIER_KNOTS.);
#5380 = CARTESIAN_POINT('',(2.256764004933,2.029011442552));
#5381 = CARTESIAN_POINT('',(2.200656992433,1.992453873427));
#5382 = CARTESIAN_POINT('',(2.256839014308,1.910592642052));
#5383 = CARTESIAN_POINT('',(2.219259317433,1.866491130052));
#5384 = ( GEOMETRIC_REPRESENTATION_CONTEXT(2) 
PARAMETRIC_REPRESENTATION_CONTEXT() REPRESENTATION_CONTEXT('2D SPACE',''
  ) );
#5385 = PCURVE('',#5386,#5394);
#5386 = SURFACE_OF_LINEAR_EXTRUSION('',#5387,#5392);
#5387 = B_SPLINE_CURVE_WITH_KNOTS('',3,(#5388,#5389,#5390,#5391),
  .UNSPECIFIED.,.F.,.F.,(4,4),(0.,1.),.PIECEWISE_BEZIER_KNOTS.);
#5388 = CARTESIAN_POINT('',(19.726666875156,-4.5,1.823678125));
#5389 = CARTESIAN_POINT('',(19.690109306031,-4.5,1.7675711125));
#5390 = CARTESIAN_POINT('',(19.608248074656,-4.5,1.823753134375));
#5391 = CARTESIAN_POINT('',(19.564146562656,-4.5,1.7861734375));
#5392 = VECTOR('',#5393,1.);
#5393 = DIRECTION('',(0.,-1.,-2.230669073875E-16));
#5394 = DEFINITIONAL_REPRESENTATION('',(#5395),#5399);
#5395 = LINE('',#5396,#5397);
#5396 = CARTESIAN_POINT('',(0.,-0.2));
#5397 = VECTOR('',#5398,1.);
#5398 = DIRECTION('',(1.,0.));
#5399 = ( GEOMETRIC_REPRESENTATION_CONTEXT(2) 
PARAMETRIC_REPRESENTATION_CONTEXT() REPRESENTATION_CONTEXT('2D SPACE',''
  ) );
#5400 = ORIENTED_EDGE('',*,*,#5401,.F.);
#5401 = EDGE_CURVE('',#5402,#5369,#5404,.T.);
#5402 = VERTEX_POINT('',#5403);
#5403 = CARTESIAN_POINT('',(19.964196562656,-4.3,1.9111890625));
#5404 = SURFACE_CURVE('',#5405,(#5410,#5418),.PCURVE_S1.);
#5405 = B_SPLINE_CURVE_WITH_KNOTS('',3,(#5406,#5407,#5408,#5409),
  .UNSPECIFIED.,.F.,.F.,(4,4),(0.,1.),.PIECEWISE_BEZIER_KNOTS.);
#5406 = CARTESIAN_POINT('',(19.964196562656,-4.3,1.9111890625));
#5407 = CARTESIAN_POINT('',(19.887927030156,-4.3,1.874024917562));
#5408 = CARTESIAN_POINT('',(19.814831644375,-4.3,1.829982662969));
#5409 = CARTESIAN_POINT('',(19.726666875156,-4.3,1.823678125));
#5410 = PCURVE('',#1352,#5411);
#5411 = DEFINITIONAL_REPRESENTATION('',(#5412),#5417);
#5412 = B_SPLINE_CURVE_WITH_KNOTS('',3,(#5413,#5414,#5415,#5416),
  .UNSPECIFIED.,.F.,.F.,(4,4),(0.,1.),.PIECEWISE_BEZIER_KNOTS.);
#5413 = CARTESIAN_POINT('',(2.344274942433,2.266541130052));
#5414 = CARTESIAN_POINT('',(2.307110797496,2.190271597552));
#5415 = CARTESIAN_POINT('',(2.263068542902,2.117176211771));
#5416 = CARTESIAN_POINT('',(2.256764004933,2.029011442552));
#5417 = ( GEOMETRIC_REPRESENTATION_CONTEXT(2) 
PARAMETRIC_REPRESENTATION_CONTEXT() REPRESENTATION_CONTEXT('2D SPACE',''
  ) );
#5418 = PCURVE('',#5419,#5427);
#5419 = SURFACE_OF_LINEAR_EXTRUSION('',#5420,#5425);
#5420 = B_SPLINE_CURVE_WITH_KNOTS('',3,(#5421,#5422,#5423,#5424),
  .UNSPECIFIED.,.F.,.F.,(4,4),(0.,1.),.PIECEWISE_BEZIER_KNOTS.);
#5421 = CARTESIAN_POINT('',(19.964196562656,-4.5,1.9111890625));
#5422 = CARTESIAN_POINT('',(19.887927030156,-4.5,1.874024917562));
#5423 = CARTESIAN_POINT('',(19.814831644375,-4.5,1.829982662969));
#5424 = CARTESIAN_POINT('',(19.726666875156,-4.5,1.823678125));
#5425 = VECTOR('',#5426,1.);
#5426 = DIRECTION('',(0.,-1.,-2.230669073875E-16));
#5427 = DEFINITIONAL_REPRESENTATION('',(#5428),#5432);
#5428 = LINE('',#5429,#5430);
#5429 = CARTESIAN_POINT('',(0.,-0.2));
#5430 = VECTOR('',#5431,1.);
#5431 = DIRECTION('',(1.,0.));
#5432 = ( GEOMETRIC_REPRESENTATION_CONTEXT(2) 
PARAMETRIC_REPRESENTATION_CONTEXT() REPRESENTATION_CONTEXT('2D SPACE',''
  ) );
#5433 = ORIENTED_EDGE('',*,*,#5434,.F.);
#5434 = EDGE_CURVE('',#5435,#5402,#5437,.T.);
#5435 = VERTEX_POINT('',#5436);
#5436 = CARTESIAN_POINT('',(20.201726250156,-4.3,2.04870625));
#5437 = SURFACE_CURVE('',#5438,(#5443,#5451),.PCURVE_S1.);
#5438 = B_SPLINE_CURVE_WITH_KNOTS('',3,(#5439,#5440,#5441,#5442),
  .UNSPECIFIED.,.F.,.F.,(4,4),(0.,1.),.PIECEWISE_BEZIER_KNOTS.);
#5439 = CARTESIAN_POINT('',(20.201726250156,-4.3,2.04870625));
#5440 = CARTESIAN_POINT('',(20.134005536125,-4.3,1.975904900969));
#5441 = CARTESIAN_POINT('',(20.042384084875,-4.3,1.959291574563));
#5442 = CARTESIAN_POINT('',(19.964196562656,-4.3,1.9111890625));
#5443 = PCURVE('',#1352,#5444);
#5444 = DEFINITIONAL_REPRESENTATION('',(#5445),#5450);
#5445 = B_SPLINE_CURVE_WITH_KNOTS('',3,(#5446,#5447,#5448,#5449),
  .UNSPECIFIED.,.F.,.F.,(4,4),(0.,1.),.PIECEWISE_BEZIER_KNOTS.);
#5446 = CARTESIAN_POINT('',(2.481792129933,2.504070817552));
#5447 = CARTESIAN_POINT('',(2.408990780902,2.436350103521));
#5448 = CARTESIAN_POINT('',(2.392377454496,2.344728652271));
#5449 = CARTESIAN_POINT('',(2.344274942433,2.266541130052));
#5450 = ( GEOMETRIC_REPRESENTATION_CONTEXT(2) 
PARAMETRIC_REPRESENTATION_CONTEXT() REPRESENTATION_CONTEXT('2D SPACE',''
  ) );
#5451 = PCURVE('',#5452,#5460);
#5452 = SURFACE_OF_LINEAR_EXTRUSION('',#5453,#5458);
#5453 = B_SPLINE_CURVE_WITH_KNOTS('',3,(#5454,#5455,#5456,#5457),
  .UNSPECIFIED.,.F.,.F.,(4,4),(0.,1.),.PIECEWISE_BEZIER_KNOTS.);
#5454 = CARTESIAN_POINT('',(20.201726250156,-4.5,2.04870625));
#5455 = CARTESIAN_POINT('',(20.134005536125,-4.5,1.975904900969));
#5456 = CARTESIAN_POINT('',(20.042384084875,-4.5,1.959291574563));
#5457 = CARTESIAN_POINT('',(19.964196562656,-4.5,1.9111890625));
#5458 = VECTOR('',#5459,1.);
#5459 = DIRECTION('',(0.,-1.,-2.230669073875E-16));
#5460 = DEFINITIONAL_REPRESENTATION('',(#5461),#5465);
#5461 = LINE('',#5462,#5463);
#5462 = CARTESIAN_POINT('',(0.,-0.2));
#5463 = VECTOR('',#5464,1.);
#5464 = DIRECTION('',(1.,0.));
#5465 = ( GEOMETRIC_REPRESENTATION_CONTEXT(2) 
PARAMETRIC_REPRESENTATION_CONTEXT() REPRESENTATION_CONTEXT('2D SPACE',''
  ) );
#5466 = ORIENTED_EDGE('',*,*,#5467,.F.);
#5467 = EDGE_CURVE('',#5468,#5435,#5470,.T.);
#5468 = VERTEX_POINT('',#5469);
#5469 = CARTESIAN_POINT('',(20.376748125156,-4.3,2.173721875));
#5470 = SURFACE_CURVE('',#5471,(#5476,#5484),.PCURVE_S1.);
#5471 = B_SPLINE_CURVE_WITH_KNOTS('',3,(#5472,#5473,#5474,#5475),
  .UNSPECIFIED.,.F.,.F.,(4,4),(0.,1.),.PIECEWISE_BEZIER_KNOTS.);
#5472 = CARTESIAN_POINT('',(20.376748125156,-4.3,2.173721875));
#5473 = CARTESIAN_POINT('',(20.320693619219,-4.3,2.130195184844));
#5474 = CARTESIAN_POINT('',(20.265655240281,-4.3,2.075981158938));
#5475 = CARTESIAN_POINT('',(20.201726250156,-4.3,2.04870625));
#5476 = PCURVE('',#1352,#5477);
#5477 = DEFINITIONAL_REPRESENTATION('',(#5478),#5483);
#5478 = B_SPLINE_CURVE_WITH_KNOTS('',3,(#5479,#5480,#5481,#5482),
  .UNSPECIFIED.,.F.,.F.,(4,4),(0.,1.),.PIECEWISE_BEZIER_KNOTS.);
#5479 = CARTESIAN_POINT('',(2.606807754933,2.679092692552));
#5480 = CARTESIAN_POINT('',(2.563281064777,2.623038186615));
#5481 = CARTESIAN_POINT('',(2.509067038871,2.567999807677));
#5482 = CARTESIAN_POINT('',(2.481792129933,2.504070817552));
#5483 = ( GEOMETRIC_REPRESENTATION_CONTEXT(2) 
PARAMETRIC_REPRESENTATION_CONTEXT() REPRESENTATION_CONTEXT('2D SPACE',''
  ) );
#5484 = PCURVE('',#5485,#5493);
#5485 = SURFACE_OF_LINEAR_EXTRUSION('',#5486,#5491);
#5486 = B_SPLINE_CURVE_WITH_KNOTS('',3,(#5487,#5488,#5489,#5490),
  .UNSPECIFIED.,.F.,.F.,(4,4),(0.,1.),.PIECEWISE_BEZIER_KNOTS.);
#5487 = CARTESIAN_POINT('',(20.376748125156,-4.5,2.173721875));
#5488 = CARTESIAN_POINT('',(20.320693619219,-4.5,2.130195184844));
#5489 = CARTESIAN_POINT('',(20.265655240281,-4.5,2.075981158938));
#5490 = CARTESIAN_POINT('',(20.201726250156,-4.5,2.04870625));
#5491 = VECTOR('',#5492,1.);
#5492 = DIRECTION('',(0.,-1.,-2.230669073875E-16));
#5493 = DEFINITIONAL_REPRESENTATION('',(#5494),#5498);
#5494 = LINE('',#5495,#5496);
#5495 = CARTESIAN_POINT('',(0.,-0.2));
#5496 = VECTOR('',#5497,1.);
#5497 = DIRECTION('',(1.,0.));
#5498 = ( GEOMETRIC_REPRESENTATION_CONTEXT(2) 
PARAMETRIC_REPRESENTATION_CONTEXT() REPRESENTATION_CONTEXT('2D SPACE',''
  ) );
#5499 = ORIENTED_EDGE('',*,*,#5500,.F.);
#5500 = EDGE_CURVE('',#5501,#5468,#5503,.T.);
#5501 = VERTEX_POINT('',#5502);
#5502 = CARTESIAN_POINT('',(20.031586235313,-4.3,2.518883764844));
#5503 = SURFACE_CURVE('',#5504,(#5509,#5517),.PCURVE_S1.);
#5504 = B_SPLINE_CURVE_WITH_KNOTS('',3,(#5505,#5506,#5507,#5508),
  .UNSPECIFIED.,.F.,.F.,(4,4),(0.,1.),.PIECEWISE_BEZIER_KNOTS.);
#5505 = CARTESIAN_POINT('',(20.031586235313,-4.3,2.518883764844));
#5506 = CARTESIAN_POINT('',(20.146475594688,-4.3,2.403894392969));
#5507 = CARTESIAN_POINT('',(20.262557103062,-4.3,2.288048414031));
#5508 = CARTESIAN_POINT('',(20.376748125156,-4.3,2.173721875));
#5509 = PCURVE('',#1352,#5510);
#5510 = DEFINITIONAL_REPRESENTATION('',(#5511),#5516);
#5511 = B_SPLINE_CURVE_WITH_KNOTS('',3,(#5512,#5513,#5514,#5515),
  .UNSPECIFIED.,.F.,.F.,(4,4),(0.,1.),.PIECEWISE_BEZIER_KNOTS.);
#5512 = CARTESIAN_POINT('',(2.951969644777,2.333930802709));
#5513 = CARTESIAN_POINT('',(2.836980272902,2.448820162084));
#5514 = CARTESIAN_POINT('',(2.721134293965,2.564901670459));
#5515 = CARTESIAN_POINT('',(2.606807754933,2.679092692552));
#5516 = ( GEOMETRIC_REPRESENTATION_CONTEXT(2) 
PARAMETRIC_REPRESENTATION_CONTEXT() REPRESENTATION_CONTEXT('2D SPACE',''
  ) );
#5517 = PCURVE('',#5518,#5526);
#5518 = SURFACE_OF_LINEAR_EXTRUSION('',#5519,#5524);
#5519 = B_SPLINE_CURVE_WITH_KNOTS('',3,(#5520,#5521,#5522,#5523),
  .UNSPECIFIED.,.F.,.F.,(4,4),(0.,1.),.PIECEWISE_BEZIER_KNOTS.);
#5520 = CARTESIAN_POINT('',(20.031586235313,-4.5,2.518883764844));
#5521 = CARTESIAN_POINT('',(20.146475594688,-4.5,2.403894392969));
#5522 = CARTESIAN_POINT('',(20.262557103062,-4.5,2.288048414031));
#5523 = CARTESIAN_POINT('',(20.376748125156,-4.5,2.173721875));
#5524 = VECTOR('',#5525,1.);
#5525 = DIRECTION('',(0.,-1.,-2.230669073875E-16));
#5526 = DEFINITIONAL_REPRESENTATION('',(#5527),#5531);
#5527 = LINE('',#5528,#5529);
#5528 = CARTESIAN_POINT('',(0.,-0.2));
#5529 = VECTOR('',#5530,1.);
#5530 = DIRECTION('',(1.,0.));
#5531 = ( GEOMETRIC_REPRESENTATION_CONTEXT(2) 
PARAMETRIC_REPRESENTATION_CONTEXT() REPRESENTATION_CONTEXT('2D SPACE',''
  ) );
#5532 = ORIENTED_EDGE('',*,*,#5533,.F.);
#5533 = EDGE_CURVE('',#5534,#5501,#5536,.T.);
#5534 = VERTEX_POINT('',#5535);
#5535 = CARTESIAN_POINT('',(19.901688750156,-4.3,2.473759375));
#5536 = SURFACE_CURVE('',#5537,(#5542,#5550),.PCURVE_S1.);
#5537 = B_SPLINE_CURVE_WITH_KNOTS('',3,(#5538,#5539,#5540,#5541),
  .UNSPECIFIED.,.F.,.F.,(4,4),(0.,1.),.PIECEWISE_BEZIER_KNOTS.);
#5538 = CARTESIAN_POINT('',(19.901688750156,-4.3,2.473759375));
#5539 = CARTESIAN_POINT('',(19.940070047219,-4.3,2.505033033719));
#5540 = CARTESIAN_POINT('',(19.9877262535,-4.3,2.594675987687));
#5541 = CARTESIAN_POINT('',(20.031586235313,-4.3,2.518883764844));
#5542 = PCURVE('',#1352,#5543);
#5543 = DEFINITIONAL_REPRESENTATION('',(#5544),#5549);
#5544 = B_SPLINE_CURVE_WITH_KNOTS('',3,(#5545,#5546,#5547,#5548),
  .UNSPECIFIED.,.F.,.F.,(4,4),(0.,1.),.PIECEWISE_BEZIER_KNOTS.);
#5545 = CARTESIAN_POINT('',(2.906845254933,2.204033317552));
#5546 = CARTESIAN_POINT('',(2.938118913652,2.242414614615));
#5547 = CARTESIAN_POINT('',(3.027761867621,2.290070820896));
#5548 = CARTESIAN_POINT('',(2.951969644777,2.333930802709));
#5549 = ( GEOMETRIC_REPRESENTATION_CONTEXT(2) 
PARAMETRIC_REPRESENTATION_CONTEXT() REPRESENTATION_CONTEXT('2D SPACE',''
  ) );
#5550 = PCURVE('',#5551,#5559);
#5551 = SURFACE_OF_LINEAR_EXTRUSION('',#5552,#5557);
#5552 = B_SPLINE_CURVE_WITH_KNOTS('',3,(#5553,#5554,#5555,#5556),
  .UNSPECIFIED.,.F.,.F.,(4,4),(0.,1.),.PIECEWISE_BEZIER_KNOTS.);
#5553 = CARTESIAN_POINT('',(19.901688750156,-4.5,2.473759375));
#5554 = CARTESIAN_POINT('',(19.940070047219,-4.5,2.505033033719));
#5555 = CARTESIAN_POINT('',(19.9877262535,-4.5,2.594675987687));
#5556 = CARTESIAN_POINT('',(20.031586235313,-4.5,2.518883764844));
#5557 = VECTOR('',#5558,1.);
#5558 = DIRECTION('',(0.,-1.,-2.230669073875E-16));
#5559 = DEFINITIONAL_REPRESENTATION('',(#5560),#5564);
#5560 = LINE('',#5561,#5562);
#5561 = CARTESIAN_POINT('',(0.,-0.2));
#5562 = VECTOR('',#5563,1.);
#5563 = DIRECTION('',(1.,0.));
#5564 = ( GEOMETRIC_REPRESENTATION_CONTEXT(2) 
PARAMETRIC_REPRESENTATION_CONTEXT() REPRESENTATION_CONTEXT('2D SPACE',''
  ) );
#5565 = ORIENTED_EDGE('',*,*,#5566,.F.);
#5566 = EDGE_CURVE('',#5567,#5534,#5569,.T.);
#5567 = VERTEX_POINT('',#5568);
#5568 = CARTESIAN_POINT('',(19.664159062656,-4.3,2.3362421875));
#5569 = SURFACE_CURVE('',#5570,(#5575,#5583),.PCURVE_S1.);
#5570 = B_SPLINE_CURVE_WITH_KNOTS('',3,(#5571,#5572,#5573,#5574),
  .UNSPECIFIED.,.F.,.F.,(4,4),(0.,1.),.PIECEWISE_BEZIER_KNOTS.);
#5571 = CARTESIAN_POINT('',(19.664159062656,-4.3,2.3362421875));
#5572 = CARTESIAN_POINT('',(19.74669812875,-4.3,2.374207182531));
#5573 = CARTESIAN_POINT('',(19.826678125,-4.3,2.418242186219));
#5574 = CARTESIAN_POINT('',(19.901688750156,-4.3,2.473759375));
#5575 = PCURVE('',#1352,#5576);
#5576 = DEFINITIONAL_REPRESENTATION('',(#5577),#5582);
#5577 = B_SPLINE_CURVE_WITH_KNOTS('',3,(#5578,#5579,#5580,#5581),
  .UNSPECIFIED.,.F.,.F.,(4,4),(0.,1.),.PIECEWISE_BEZIER_KNOTS.);
#5578 = CARTESIAN_POINT('',(2.769328067433,1.966503630052));
#5579 = CARTESIAN_POINT('',(2.807293062465,2.049042696146));
#5580 = CARTESIAN_POINT('',(2.851328066152,2.129022692396));
#5581 = CARTESIAN_POINT('',(2.906845254933,2.204033317552));
#5582 = ( GEOMETRIC_REPRESENTATION_CONTEXT(2) 
PARAMETRIC_REPRESENTATION_CONTEXT() REPRESENTATION_CONTEXT('2D SPACE',''
  ) );
#5583 = PCURVE('',#5584,#5592);
#5584 = SURFACE_OF_LINEAR_EXTRUSION('',#5585,#5590);
#5585 = B_SPLINE_CURVE_WITH_KNOTS('',3,(#5586,#5587,#5588,#5589),
  .UNSPECIFIED.,.F.,.F.,(4,4),(0.,1.),.PIECEWISE_BEZIER_KNOTS.);
#5586 = CARTESIAN_POINT('',(19.664159062656,-4.5,2.3362421875));
#5587 = CARTESIAN_POINT('',(19.74669812875,-4.5,2.374207182531));
#5588 = CARTESIAN_POINT('',(19.826678125,-4.5,2.418242186219));
#5589 = CARTESIAN_POINT('',(19.901688750156,-4.5,2.473759375));
#5590 = VECTOR('',#5591,1.);
#5591 = DIRECTION('',(0.,-1.,-2.230669073875E-16));
#5592 = DEFINITIONAL_REPRESENTATION('',(#5593),#5597);
#5593 = LINE('',#5594,#5595);
#5594 = CARTESIAN_POINT('',(0.,-0.2));
#5595 = VECTOR('',#5596,1.);
#5596 = DIRECTION('',(1.,0.));
#5597 = ( GEOMETRIC_REPRESENTATION_CONTEXT(2) 
PARAMETRIC_REPRESENTATION_CONTEXT() REPRESENTATION_CONTEXT('2D SPACE',''
  ) );
#5598 = ORIENTED_EDGE('',*,*,#5599,.F.);
#5599 = EDGE_CURVE('',#5600,#5567,#5602,.T.);
#5600 = VERTEX_POINT('',#5601);
#5601 = CARTESIAN_POINT('',(19.465440225906,-4.3,2.273734375));
#5602 = SURFACE_CURVE('',#5603,(#5608,#5616),.PCURVE_S1.);
#5603 = B_SPLINE_CURVE_WITH_KNOTS('',3,(#5604,#5605,#5606,#5607),
  .UNSPECIFIED.,.F.,.F.,(4,4),(0.,1.),.PIECEWISE_BEZIER_KNOTS.);
#5604 = CARTESIAN_POINT('',(19.465440225906,-4.3,2.273734375));
#5605 = CARTESIAN_POINT('',(19.541234699031,-4.3,2.271779130625));
#5606 = CARTESIAN_POINT('',(19.600549112406,-4.3,2.308086168437));
#5607 = CARTESIAN_POINT('',(19.664159062656,-4.3,2.3362421875));
#5608 = PCURVE('',#1352,#5609);
#5609 = DEFINITIONAL_REPRESENTATION('',(#5610),#5615);
#5610 = B_SPLINE_CURVE_WITH_KNOTS('',3,(#5611,#5612,#5613,#5614),
  .UNSPECIFIED.,.F.,.F.,(4,4),(0.,1.),.PIECEWISE_BEZIER_KNOTS.);
#5611 = CARTESIAN_POINT('',(2.706820254933,1.767784793302));
#5612 = CARTESIAN_POINT('',(2.704865010558,1.843579266427));
#5613 = CARTESIAN_POINT('',(2.741172048371,1.902893679802));
#5614 = CARTESIAN_POINT('',(2.769328067433,1.966503630052));
#5615 = ( GEOMETRIC_REPRESENTATION_CONTEXT(2) 
PARAMETRIC_REPRESENTATION_CONTEXT() REPRESENTATION_CONTEXT('2D SPACE',''
  ) );
#5616 = PCURVE('',#5617,#5625);
#5617 = SURFACE_OF_LINEAR_EXTRUSION('',#5618,#5623);
#5618 = B_SPLINE_CURVE_WITH_KNOTS('',3,(#5619,#5620,#5621,#5622),
  .UNSPECIFIED.,.F.,.F.,(4,4),(0.,1.),.PIECEWISE_BEZIER_KNOTS.);
#5619 = CARTESIAN_POINT('',(19.465440225906,-4.5,2.273734375));
#5620 = CARTESIAN_POINT('',(19.541234699031,-4.5,2.271779130625));
#5621 = CARTESIAN_POINT('',(19.600549112406,-4.5,2.308086168438));
#5622 = CARTESIAN_POINT('',(19.664159062656,-4.5,2.3362421875));
#5623 = VECTOR('',#5624,1.);
#5624 = DIRECTION('',(0.,-1.,-2.230669073875E-16));
#5625 = DEFINITIONAL_REPRESENTATION('',(#5626),#5630);
#5626 = LINE('',#5627,#5628);
#5627 = CARTESIAN_POINT('',(0.,-0.2));
#5628 = VECTOR('',#5629,1.);
#5629 = DIRECTION('',(1.,0.));
#5630 = ( GEOMETRIC_REPRESENTATION_CONTEXT(2) 
PARAMETRIC_REPRESENTATION_CONTEXT() REPRESENTATION_CONTEXT('2D SPACE',''
  ) );
#5631 = ORIENTED_EDGE('',*,*,#5632,.F.);
#5632 = EDGE_CURVE('',#5633,#5600,#5635,.T.);
#5633 = VERTEX_POINT('',#5634);
#5634 = CARTESIAN_POINT('',(19.308517613031,-4.3,2.24873125));
#5635 = SURFACE_CURVE('',#5636,(#5641,#5649),.PCURVE_S1.);
#5636 = B_SPLINE_CURVE_WITH_KNOTS('',3,(#5637,#5638,#5639,#5640),
  .UNSPECIFIED.,.F.,.F.,(4,4),(0.,1.),.PIECEWISE_BEZIER_KNOTS.);
#5637 = CARTESIAN_POINT('',(19.308517613031,-4.3,2.24873125));
#5638 = CARTESIAN_POINT('',(19.369881532563,-4.3,2.234929274969));
#5639 = CARTESIAN_POINT('',(19.404633876063,-4.3,2.286272692094));
#5640 = CARTESIAN_POINT('',(19.465440225906,-4.3,2.273734375));
#5641 = PCURVE('',#1352,#5642);
#5642 = DEFINITIONAL_REPRESENTATION('',(#5643),#5648);
#5643 = B_SPLINE_CURVE_WITH_KNOTS('',3,(#5644,#5645,#5646,#5647),
  .UNSPECIFIED.,.F.,.F.,(4,4),(0.,1.),.PIECEWISE_BEZIER_KNOTS.);
#5644 = CARTESIAN_POINT('',(2.681817129933,1.610862180427));
#5645 = CARTESIAN_POINT('',(2.668015154902,1.672226099959));
#5646 = CARTESIAN_POINT('',(2.719358572027,1.706978443459));
#5647 = CARTESIAN_POINT('',(2.706820254933,1.767784793302));
#5648 = ( GEOMETRIC_REPRESENTATION_CONTEXT(2) 
PARAMETRIC_REPRESENTATION_CONTEXT() REPRESENTATION_CONTEXT('2D SPACE',''
  ) );
#5649 = PCURVE('',#5650,#5658);
#5650 = SURFACE_OF_LINEAR_EXTRUSION('',#5651,#5656);
#5651 = B_SPLINE_CURVE_WITH_KNOTS('',3,(#5652,#5653,#5654,#5655),
  .UNSPECIFIED.,.F.,.F.,(4,4),(0.,1.),.PIECEWISE_BEZIER_KNOTS.);
#5652 = CARTESIAN_POINT('',(19.308517613031,-4.5,2.24873125));
#5653 = CARTESIAN_POINT('',(19.369881532563,-4.5,2.234929274969));
#5654 = CARTESIAN_POINT('',(19.404633876063,-4.5,2.286272692094));
#5655 = CARTESIAN_POINT('',(19.465440225906,-4.5,2.273734375));
#5656 = VECTOR('',#5657,1.);
#5657 = DIRECTION('',(0.,-1.,-2.230669073875E-16));
#5658 = DEFINITIONAL_REPRESENTATION('',(#5659),#5663);
#5659 = LINE('',#5660,#5661);
#5660 = CARTESIAN_POINT('',(0.,-0.2));
#5661 = VECTOR('',#5662,1.);
#5662 = DIRECTION('',(1.,0.));
#5663 = ( GEOMETRIC_REPRESENTATION_CONTEXT(2) 
PARAMETRIC_REPRESENTATION_CONTEXT() REPRESENTATION_CONTEXT('2D SPACE',''
  ) );
#5664 = ORIENTED_EDGE('',*,*,#5665,.F.);
#5665 = EDGE_CURVE('',#5666,#5633,#5668,.T.);
#5666 = VERTEX_POINT('',#5667);
#5667 = CARTESIAN_POINT('',(19.151595000156,-4.3,2.273734375));
#5668 = SURFACE_CURVE('',#5669,(#5674,#5682),.PCURVE_S1.);
#5669 = B_SPLINE_CURVE_WITH_KNOTS('',3,(#5670,#5671,#5672,#5673),
  .UNSPECIFIED.,.F.,.F.,(4,4),(0.,1.),.PIECEWISE_BEZIER_KNOTS.);
#5670 = CARTESIAN_POINT('',(19.151595000156,-4.3,2.273734375));
#5671 = CARTESIAN_POINT('',(19.209211201281,-4.3,2.278733499813));
#5672 = CARTESIAN_POINT('',(19.24666363225,-4.3,2.233876643406));
#5673 = CARTESIAN_POINT('',(19.308517613031,-4.3,2.24873125));
#5674 = PCURVE('',#1352,#5675);
#5675 = DEFINITIONAL_REPRESENTATION('',(#5676),#5681);
#5676 = B_SPLINE_CURVE_WITH_KNOTS('',3,(#5677,#5678,#5679,#5680),
  .UNSPECIFIED.,.F.,.F.,(4,4),(0.,1.),.PIECEWISE_BEZIER_KNOTS.);
#5677 = CARTESIAN_POINT('',(2.706820254933,1.453939567552));
#5678 = CARTESIAN_POINT('',(2.711819379746,1.511555768677));
#5679 = CARTESIAN_POINT('',(2.66696252334,1.549008199646));
#5680 = CARTESIAN_POINT('',(2.681817129933,1.610862180427));
#5681 = ( GEOMETRIC_REPRESENTATION_CONTEXT(2) 
PARAMETRIC_REPRESENTATION_CONTEXT() REPRESENTATION_CONTEXT('2D SPACE',''
  ) );
#5682 = PCURVE('',#5683,#5691);
#5683 = SURFACE_OF_LINEAR_EXTRUSION('',#5684,#5689);
#5684 = B_SPLINE_CURVE_WITH_KNOTS('',3,(#5685,#5686,#5687,#5688),
  .UNSPECIFIED.,.F.,.F.,(4,4),(0.,1.),.PIECEWISE_BEZIER_KNOTS.);
#5685 = CARTESIAN_POINT('',(19.151595000156,-4.5,2.273734375));
#5686 = CARTESIAN_POINT('',(19.209211201281,-4.5,2.278733499813));
#5687 = CARTESIAN_POINT('',(19.24666363225,-4.5,2.233876643406));
#5688 = CARTESIAN_POINT('',(19.308517613031,-4.5,2.24873125));
#5689 = VECTOR('',#5690,1.);
#5690 = DIRECTION('',(0.,-1.,-2.230669073875E-16));
#5691 = DEFINITIONAL_REPRESENTATION('',(#5692),#5696);
#5692 = LINE('',#5693,#5694);
#5693 = CARTESIAN_POINT('',(0.,-0.2));
#5694 = VECTOR('',#5695,1.);
#5695 = DIRECTION('',(1.,0.));
#5696 = ( GEOMETRIC_REPRESENTATION_CONTEXT(2) 
PARAMETRIC_REPRESENTATION_CONTEXT() REPRESENTATION_CONTEXT('2D SPACE',''
  ) );
#5697 = ORIENTED_EDGE('',*,*,#5698,.F.);
#5698 = EDGE_CURVE('',#5699,#5666,#5701,.T.);
#5699 = VERTEX_POINT('',#5700);
#5700 = CARTESIAN_POINT('',(18.939068437656,-4.3,2.34874375));
#5701 = SURFACE_CURVE('',#5702,(#5707,#5715),.PCURVE_S1.);
#5702 = B_SPLINE_CURVE_WITH_KNOTS('',3,(#5703,#5704,#5705,#5706),
  .UNSPECIFIED.,.F.,.F.,(4,4),(0.,1.),.PIECEWISE_BEZIER_KNOTS.);
#5703 = CARTESIAN_POINT('',(18.939068437656,-4.3,2.34874375));
#5704 = CARTESIAN_POINT('',(19.007161948281,-4.3,2.316110171313));
#5705 = CARTESIAN_POINT('',(19.072290338313,-4.3,2.278125423813));
#5706 = CARTESIAN_POINT('',(19.151595000156,-4.3,2.273734375));
#5707 = PCURVE('',#1352,#5708);
#5708 = DEFINITIONAL_REPRESENTATION('',(#5709),#5714);
#5709 = B_SPLINE_CURVE_WITH_KNOTS('',3,(#5710,#5711,#5712,#5713),
  .UNSPECIFIED.,.F.,.F.,(4,4),(0.,1.),.PIECEWISE_BEZIER_KNOTS.);
#5710 = CARTESIAN_POINT('',(2.781829629933,1.241413005052));
#5711 = CARTESIAN_POINT('',(2.749196051246,1.309506515677));
#5712 = CARTESIAN_POINT('',(2.711211303746,1.374634905709));
#5713 = CARTESIAN_POINT('',(2.706820254933,1.453939567552));
#5714 = ( GEOMETRIC_REPRESENTATION_CONTEXT(2) 
PARAMETRIC_REPRESENTATION_CONTEXT() REPRESENTATION_CONTEXT('2D SPACE',''
  ) );
#5715 = PCURVE('',#5716,#5724);
#5716 = SURFACE_OF_LINEAR_EXTRUSION('',#5717,#5722);
#5717 = B_SPLINE_CURVE_WITH_KNOTS('',3,(#5718,#5719,#5720,#5721),
  .UNSPECIFIED.,.F.,.F.,(4,4),(0.,1.),.PIECEWISE_BEZIER_KNOTS.);
#5718 = CARTESIAN_POINT('',(18.939068437656,-4.5,2.34874375));
#5719 = CARTESIAN_POINT('',(19.007161948281,-4.5,2.316110171313));
#5720 = CARTESIAN_POINT('',(19.072290338313,-4.5,2.278125423813));
#5721 = CARTESIAN_POINT('',(19.151595000156,-4.5,2.273734375));
#5722 = VECTOR('',#5723,1.);
#5723 = DIRECTION('',(0.,-1.,-2.230669073875E-16));
#5724 = DEFINITIONAL_REPRESENTATION('',(#5725),#5729);
#5725 = LINE('',#5726,#5727);
#5726 = CARTESIAN_POINT('',(0.,-0.2));
#5727 = VECTOR('',#5728,1.);
#5728 = DIRECTION('',(1.,0.));
#5729 = ( GEOMETRIC_REPRESENTATION_CONTEXT(2) 
PARAMETRIC_REPRESENTATION_CONTEXT() REPRESENTATION_CONTEXT('2D SPACE',''
  ) );
#5730 = ORIENTED_EDGE('',*,*,#5731,.F.);
#5731 = EDGE_CURVE('',#5732,#5699,#5734,.T.);
#5732 = VERTEX_POINT('',#5733);
#5733 = CARTESIAN_POINT('',(18.786311595437,-4.3,2.463995904719));
#5734 = SURFACE_CURVE('',#5735,(#5740,#5748),.PCURVE_S1.);
#5735 = B_SPLINE_CURVE_WITH_KNOTS('',3,(#5736,#5737,#5738,#5739),
  .UNSPECIFIED.,.F.,.F.,(4,4),(0.,1.),.PIECEWISE_BEZIER_KNOTS.);
#5736 = CARTESIAN_POINT('',(18.786311595437,-4.3,2.463995904719));
#5737 = CARTESIAN_POINT('',(18.836326096469,-4.3,2.423405831594));
#5738 = CARTESIAN_POINT('',(18.888149073531,-4.3,2.387162301719));
#5739 = CARTESIAN_POINT('',(18.939068437656,-4.3,2.34874375));
#5740 = PCURVE('',#1352,#5741);
#5741 = DEFINITIONAL_REPRESENTATION('',(#5742),#5747);
#5742 = B_SPLINE_CURVE_WITH_KNOTS('',3,(#5743,#5744,#5745,#5746),
  .UNSPECIFIED.,.F.,.F.,(4,4),(0.,1.),.PIECEWISE_BEZIER_KNOTS.);
#5743 = CARTESIAN_POINT('',(2.897081784652,1.088656162834));
#5744 = CARTESIAN_POINT('',(2.856491711527,1.138670663865));
#5745 = CARTESIAN_POINT('',(2.820248181652,1.190493640927));
#5746 = CARTESIAN_POINT('',(2.781829629933,1.241413005052));
#5747 = ( GEOMETRIC_REPRESENTATION_CONTEXT(2) 
PARAMETRIC_REPRESENTATION_CONTEXT() REPRESENTATION_CONTEXT('2D SPACE',''
  ) );
#5748 = PCURVE('',#5749,#5757);
#5749 = SURFACE_OF_LINEAR_EXTRUSION('',#5750,#5755);
#5750 = B_SPLINE_CURVE_WITH_KNOTS('',3,(#5751,#5752,#5753,#5754),
  .UNSPECIFIED.,.F.,.F.,(4,4),(0.,1.),.PIECEWISE_BEZIER_KNOTS.);
#5751 = CARTESIAN_POINT('',(18.786311595437,-4.5,2.463995904719));
#5752 = CARTESIAN_POINT('',(18.836326096469,-4.5,2.423405831594));
#5753 = CARTESIAN_POINT('',(18.888149073531,-4.5,2.387162301719));
#5754 = CARTESIAN_POINT('',(18.939068437656,-4.5,2.34874375));
#5755 = VECTOR('',#5756,1.);
#5756 = DIRECTION('',(0.,-1.,-2.230669073875E-16));
#5757 = DEFINITIONAL_REPRESENTATION('',(#5758),#5762);
#5758 = LINE('',#5759,#5760);
#5759 = CARTESIAN_POINT('',(0.,-0.2));
#5760 = VECTOR('',#5761,1.);
#5761 = DIRECTION('',(1.,0.));
#5762 = ( GEOMETRIC_REPRESENTATION_CONTEXT(2) 
PARAMETRIC_REPRESENTATION_CONTEXT() REPRESENTATION_CONTEXT('2D SPACE',''
  ) );
#5763 = ORIENTED_EDGE('',*,*,#5764,.F.);
#5764 = EDGE_CURVE('',#5765,#5732,#5767,.T.);
#5765 = VERTEX_POINT('',#5766);
#5766 = CARTESIAN_POINT('',(18.664034062656,-4.3,2.6362796875));
#5767 = SURFACE_CURVE('',#5768,(#5773,#5781),.PCURVE_S1.);
#5768 = B_SPLINE_CURVE_WITH_KNOTS('',3,(#5769,#5770,#5771,#5772),
  .UNSPECIFIED.,.F.,.F.,(4,4),(0.,1.),.PIECEWISE_BEZIER_KNOTS.);
#5769 = CARTESIAN_POINT('',(18.664034062656,-4.3,2.6362796875));
#5770 = CARTESIAN_POINT('',(18.698597632563,-4.3,2.576183426406));
#5771 = CARTESIAN_POINT('',(18.730750651188,-4.3,2.51533457125));
#5772 = CARTESIAN_POINT('',(18.786311595437,-4.3,2.463995904719));
#5773 = PCURVE('',#1352,#5774);
#5774 = DEFINITIONAL_REPRESENTATION('',(#5775),#5780);
#5775 = B_SPLINE_CURVE_WITH_KNOTS('',3,(#5776,#5777,#5778,#5779),
  .UNSPECIFIED.,.F.,.F.,(4,4),(0.,1.),.PIECEWISE_BEZIER_KNOTS.);
#5776 = CARTESIAN_POINT('',(3.069365567433,0.966378630052));
#5777 = CARTESIAN_POINT('',(3.00926930634,1.000942199959));
#5778 = CARTESIAN_POINT('',(2.948420451183,1.033095218584));
#5779 = CARTESIAN_POINT('',(2.897081784652,1.088656162834));
#5780 = ( GEOMETRIC_REPRESENTATION_CONTEXT(2) 
PARAMETRIC_REPRESENTATION_CONTEXT() REPRESENTATION_CONTEXT('2D SPACE',''
  ) );
#5781 = PCURVE('',#5782,#5790);
#5782 = SURFACE_OF_LINEAR_EXTRUSION('',#5783,#5788);
#5783 = B_SPLINE_CURVE_WITH_KNOTS('',3,(#5784,#5785,#5786,#5787),
  .UNSPECIFIED.,.F.,.F.,(4,4),(0.,1.),.PIECEWISE_BEZIER_KNOTS.);
#5784 = CARTESIAN_POINT('',(18.664034062656,-4.5,2.6362796875));
#5785 = CARTESIAN_POINT('',(18.698597632563,-4.5,2.576183426406));
#5786 = CARTESIAN_POINT('',(18.730750651188,-4.5,2.51533457125));
#5787 = CARTESIAN_POINT('',(18.786311595437,-4.5,2.463995904719));
#5788 = VECTOR('',#5789,1.);
#5789 = DIRECTION('',(0.,-1.,-2.230669073875E-16));
#5790 = DEFINITIONAL_REPRESENTATION('',(#5791),#5795);
#5791 = LINE('',#5792,#5793);
#5792 = CARTESIAN_POINT('',(0.,-0.2));
#5793 = VECTOR('',#5794,1.);
#5794 = DIRECTION('',(1.,0.));
#5795 = ( GEOMETRIC_REPRESENTATION_CONTEXT(2) 
PARAMETRIC_REPRESENTATION_CONTEXT() REPRESENTATION_CONTEXT('2D SPACE',''
  ) );
#5796 = ORIENTED_EDGE('',*,*,#5797,.F.);
#5797 = EDGE_CURVE('',#5798,#5765,#5800,.T.);
#5798 = VERTEX_POINT('',#5799);
#5799 = CARTESIAN_POINT('',(18.576523125156,-4.3,2.84880625));
#5800 = SURFACE_CURVE('',#5801,(#5806,#5814),.PCURVE_S1.);
#5801 = B_SPLINE_CURVE_WITH_KNOTS('',3,(#5802,#5803,#5804,#5805),
  .UNSPECIFIED.,.F.,.F.,(4,4),(0.,1.),.PIECEWISE_BEZIER_KNOTS.);
#5802 = CARTESIAN_POINT('',(18.576523125156,-4.3,2.84880625));
#5803 = CARTESIAN_POINT('',(18.613067192594,-4.3,2.781014277062));
#5804 = CARTESIAN_POINT('',(18.615115448594,-4.3,2.699386574875));
#5805 = CARTESIAN_POINT('',(18.664034062656,-4.3,2.6362796875));
#5806 = PCURVE('',#1352,#5807);
#5807 = DEFINITIONAL_REPRESENTATION('',(#5808),#5813);
#5808 = B_SPLINE_CURVE_WITH_KNOTS('',3,(#5809,#5810,#5811,#5812),
  .UNSPECIFIED.,.F.,.F.,(4,4),(0.,1.),.PIECEWISE_BEZIER_KNOTS.);
#5809 = CARTESIAN_POINT('',(3.281892129933,0.878867692552));
#5810 = CARTESIAN_POINT('',(3.214100156996,0.91541175999));
#5811 = CARTESIAN_POINT('',(3.132472454808,0.91746001599));
#5812 = CARTESIAN_POINT('',(3.069365567433,0.966378630052));
#5813 = ( GEOMETRIC_REPRESENTATION_CONTEXT(2) 
PARAMETRIC_REPRESENTATION_CONTEXT() REPRESENTATION_CONTEXT('2D SPACE',''
  ) );
#5814 = PCURVE('',#5815,#5823);
#5815 = SURFACE_OF_LINEAR_EXTRUSION('',#5816,#5821);
#5816 = B_SPLINE_CURVE_WITH_KNOTS('',3,(#5817,#5818,#5819,#5820),
  .UNSPECIFIED.,.F.,.F.,(4,4),(0.,1.),.PIECEWISE_BEZIER_KNOTS.);
#5817 = CARTESIAN_POINT('',(18.576523125156,-4.5,2.84880625));
#5818 = CARTESIAN_POINT('',(18.613067192594,-4.5,2.781014277063));
#5819 = CARTESIAN_POINT('',(18.615115448594,-4.5,2.699386574875));
#5820 = CARTESIAN_POINT('',(18.664034062656,-4.5,2.6362796875));
#5821 = VECTOR('',#5822,1.);
#5822 = DIRECTION('',(0.,-1.,-2.230669073875E-16));
#5823 = DEFINITIONAL_REPRESENTATION('',(#5824),#5828);
#5824 = LINE('',#5825,#5826);
#5825 = CARTESIAN_POINT('',(0.,-0.2));
#5826 = VECTOR('',#5827,1.);
#5827 = DIRECTION('',(1.,0.));
#5828 = ( GEOMETRIC_REPRESENTATION_CONTEXT(2) 
PARAMETRIC_REPRESENTATION_CONTEXT() REPRESENTATION_CONTEXT('2D SPACE',''
  ) );
#5829 = ORIENTED_EDGE('',*,*,#5830,.F.);
#5830 = EDGE_CURVE('',#5831,#5798,#5833,.T.);
#5831 = VERTEX_POINT('',#5832);
#5832 = CARTESIAN_POINT('',(18.574927925781,-4.3,3.2113515625));
#5833 = SURFACE_CURVE('',#5834,(#5839,#5847),.PCURVE_S1.);
#5834 = B_SPLINE_CURVE_WITH_KNOTS('',3,(#5835,#5836,#5837,#5838),
  .UNSPECIFIED.,.F.,.F.,(4,4),(0.,1.),.PIECEWISE_BEZIER_KNOTS.);
#5835 = CARTESIAN_POINT('',(18.574927925781,-4.3,3.2113515625));
#5836 = CARTESIAN_POINT('',(18.578658392031,-4.3,3.090758990313));
#5837 = CARTESIAN_POINT('',(18.575415486719,-4.3,2.969233801563));
#5838 = CARTESIAN_POINT('',(18.576523125156,-4.3,2.84880625));
#5839 = PCURVE('',#1352,#5840);
#5840 = DEFINITIONAL_REPRESENTATION('',(#5841),#5846);
#5841 = B_SPLINE_CURVE_WITH_KNOTS('',3,(#5842,#5843,#5844,#5845),
  .UNSPECIFIED.,.F.,.F.,(4,4),(0.,1.),.PIECEWISE_BEZIER_KNOTS.);
#5842 = CARTESIAN_POINT('',(3.644437442433,0.877272493177));
#5843 = CARTESIAN_POINT('',(3.523844870246,0.881002959427));
#5844 = CARTESIAN_POINT('',(3.402319681496,0.877760054115));
#5845 = CARTESIAN_POINT('',(3.281892129933,0.878867692552));
#5846 = ( GEOMETRIC_REPRESENTATION_CONTEXT(2) 
PARAMETRIC_REPRESENTATION_CONTEXT() REPRESENTATION_CONTEXT('2D SPACE',''
  ) );
#5847 = PCURVE('',#5848,#5856);
#5848 = SURFACE_OF_LINEAR_EXTRUSION('',#5849,#5854);
#5849 = B_SPLINE_CURVE_WITH_KNOTS('',3,(#5850,#5851,#5852,#5853),
  .UNSPECIFIED.,.F.,.F.,(4,4),(0.,1.),.PIECEWISE_BEZIER_KNOTS.);
#5850 = CARTESIAN_POINT('',(18.574927925781,-4.5,3.2113515625));
#5851 = CARTESIAN_POINT('',(18.578658392031,-4.5,3.090758990313));
#5852 = CARTESIAN_POINT('',(18.575415486719,-4.5,2.969233801563));
#5853 = CARTESIAN_POINT('',(18.576523125156,-4.5,2.84880625));
#5854 = VECTOR('',#5855,1.);
#5855 = DIRECTION('',(0.,-1.,-2.230669073875E-16));
#5856 = DEFINITIONAL_REPRESENTATION('',(#5857),#5861);
#5857 = LINE('',#5858,#5859);
#5858 = CARTESIAN_POINT('',(0.,-0.2));
#5859 = VECTOR('',#5860,1.);
#5860 = DIRECTION('',(1.,0.));
#5861 = ( GEOMETRIC_REPRESENTATION_CONTEXT(2) 
PARAMETRIC_REPRESENTATION_CONTEXT() REPRESENTATION_CONTEXT('2D SPACE',''
  ) );
#5862 = ORIENTED_EDGE('',*,*,#5863,.F.);
#5863 = EDGE_CURVE('',#5864,#5831,#5866,.T.);
#5864 = VERTEX_POINT('',#5865);
#5865 = CARTESIAN_POINT('',(18.65153125,-4.3,3.423878125));
#5866 = SURFACE_CURVE('',#5867,(#5872,#5880),.PCURVE_S1.);
#5867 = B_SPLINE_CURVE_WITH_KNOTS('',3,(#5868,#5869,#5870,#5871),
  .UNSPECIFIED.,.F.,.F.,(4,4),(0.,1.),.PIECEWISE_BEZIER_KNOTS.);
#5868 = CARTESIAN_POINT('',(18.65153125,-4.3,3.423878125));
#5869 = CARTESIAN_POINT('',(18.599154953781,-4.3,3.363693852906));
#5870 = CARTESIAN_POINT('',(18.617582756969,-4.3,3.276591216437));
#5871 = CARTESIAN_POINT('',(18.574927925781,-4.3,3.2113515625));
#5872 = PCURVE('',#1352,#5873);
#5873 = DEFINITIONAL_REPRESENTATION('',(#5874),#5879);
#5874 = B_SPLINE_CURVE_WITH_KNOTS('',3,(#5875,#5876,#5877,#5878),
  .UNSPECIFIED.,.F.,.F.,(4,4),(0.,1.),.PIECEWISE_BEZIER_KNOTS.);
#5875 = CARTESIAN_POINT('',(3.856964004933,0.953875817396));
#5876 = CARTESIAN_POINT('',(3.79677973284,0.901499521177));
#5877 = CARTESIAN_POINT('',(3.709677096371,0.919927324365));
#5878 = CARTESIAN_POINT('',(3.644437442433,0.877272493177));
#5879 = ( GEOMETRIC_REPRESENTATION_CONTEXT(2) 
PARAMETRIC_REPRESENTATION_CONTEXT() REPRESENTATION_CONTEXT('2D SPACE',''
  ) );
#5880 = PCURVE('',#5881,#5889);
#5881 = SURFACE_OF_LINEAR_EXTRUSION('',#5882,#5887);
#5882 = B_SPLINE_CURVE_WITH_KNOTS('',3,(#5883,#5884,#5885,#5886),
  .UNSPECIFIED.,.F.,.F.,(4,4),(0.,1.),.PIECEWISE_BEZIER_KNOTS.);
#5883 = CARTESIAN_POINT('',(18.65153125,-4.5,3.423878125));
#5884 = CARTESIAN_POINT('',(18.599154953781,-4.5,3.363693852906));
#5885 = CARTESIAN_POINT('',(18.617582756969,-4.5,3.276591216437));
#5886 = CARTESIAN_POINT('',(18.574927925781,-4.5,3.2113515625));
#5887 = VECTOR('',#5888,1.);
#5888 = DIRECTION('',(0.,-1.,-2.230669073875E-16));
#5889 = DEFINITIONAL_REPRESENTATION('',(#5890),#5894);
#5890 = LINE('',#5891,#5892);
#5891 = CARTESIAN_POINT('',(0.,-0.2));
#5892 = VECTOR('',#5893,1.);
#5893 = DIRECTION('',(1.,0.));
#5894 = ( GEOMETRIC_REPRESENTATION_CONTEXT(2) 
PARAMETRIC_REPRESENTATION_CONTEXT() REPRESENTATION_CONTEXT('2D SPACE',''
  ) );
#5895 = ORIENTED_EDGE('',*,*,#5896,.F.);
#5896 = EDGE_CURVE('',#5897,#5864,#5899,.T.);
#5897 = VERTEX_POINT('',#5898);
#5898 = CARTESIAN_POINT('',(18.5890234375,-4.3,3.5628955));
#5899 = SURFACE_CURVE('',#5900,(#5905,#5913),.PCURVE_S1.);
#5900 = B_SPLINE_CURVE_WITH_KNOTS('',3,(#5901,#5902,#5903,#5904),
  .UNSPECIFIED.,.F.,.F.,(4,4),(0.,1.),.PIECEWISE_BEZIER_KNOTS.);
#5901 = CARTESIAN_POINT('',(18.5890234375,-4.3,3.5628955));
#5902 = CARTESIAN_POINT('',(18.643730024969,-4.3,3.51775985875));
#5903 = CARTESIAN_POINT('',(18.707558502531,-4.3,3.498771235469));
#5904 = CARTESIAN_POINT('',(18.65153125,-4.3,3.423878125));
#5905 = PCURVE('',#1352,#5906);
#5906 = DEFINITIONAL_REPRESENTATION('',(#5907),#5912);
#5907 = B_SPLINE_CURVE_WITH_KNOTS('',3,(#5908,#5909,#5910,#5911),
  .UNSPECIFIED.,.F.,.F.,(4,4),(0.,1.),.PIECEWISE_BEZIER_KNOTS.);
#5908 = CARTESIAN_POINT('',(3.995981379933,0.891368004896));
#5909 = CARTESIAN_POINT('',(3.950845738683,0.946074592365));
#5910 = CARTESIAN_POINT('',(3.931857115402,1.009903069927));
#5911 = CARTESIAN_POINT('',(3.856964004933,0.953875817396));
#5912 = ( GEOMETRIC_REPRESENTATION_CONTEXT(2) 
PARAMETRIC_REPRESENTATION_CONTEXT() REPRESENTATION_CONTEXT('2D SPACE',''
  ) );
#5913 = PCURVE('',#5914,#5922);
#5914 = SURFACE_OF_LINEAR_EXTRUSION('',#5915,#5920);
#5915 = B_SPLINE_CURVE_WITH_KNOTS('',3,(#5916,#5917,#5918,#5919),
  .UNSPECIFIED.,.F.,.F.,(4,4),(0.,1.),.PIECEWISE_BEZIER_KNOTS.);
#5916 = CARTESIAN_POINT('',(18.5890234375,-4.5,3.5628955));
#5917 = CARTESIAN_POINT('',(18.643730024969,-4.5,3.51775985875));
#5918 = CARTESIAN_POINT('',(18.707558502531,-4.5,3.498771235469));
#5919 = CARTESIAN_POINT('',(18.65153125,-4.5,3.423878125));
#5920 = VECTOR('',#5921,1.);
#5921 = DIRECTION('',(0.,-1.,-2.230669073875E-16));
#5922 = DEFINITIONAL_REPRESENTATION('',(#5923),#5927);
#5923 = LINE('',#5924,#5925);
#5924 = CARTESIAN_POINT('',(0.,-0.2));
#5925 = VECTOR('',#5926,1.);
#5926 = DIRECTION('',(1.,0.));
#5927 = ( GEOMETRIC_REPRESENTATION_CONTEXT(2) 
PARAMETRIC_REPRESENTATION_CONTEXT() REPRESENTATION_CONTEXT('2D SPACE',''
  ) );
#5928 = ORIENTED_EDGE('',*,*,#5929,.F.);
#5929 = EDGE_CURVE('',#5930,#5897,#5932,.T.);
#5930 = VERTEX_POINT('',#5931);
#5931 = CARTESIAN_POINT('',(18.35149375,-4.3,3.6989125));
#5932 = SURFACE_CURVE('',#5933,(#5938,#5946),.PCURVE_S1.);
#5933 = B_SPLINE_CURVE_WITH_KNOTS('',3,(#5934,#5935,#5936,#5937),
  .UNSPECIFIED.,.F.,.F.,(4,4),(0.,1.),.PIECEWISE_BEZIER_KNOTS.);
#5934 = CARTESIAN_POINT('',(18.35149375,-4.3,3.6989125));
#5935 = CARTESIAN_POINT('',(18.44200706275,-4.3,3.679891372656));
#5936 = CARTESIAN_POINT('',(18.503686021656,-4.3,3.595813364219));
#5937 = CARTESIAN_POINT('',(18.5890234375,-4.3,3.5628955));
#5938 = PCURVE('',#1352,#5939);
#5939 = DEFINITIONAL_REPRESENTATION('',(#5940),#5945);
#5940 = B_SPLINE_CURVE_WITH_KNOTS('',3,(#5941,#5942,#5943,#5944),
  .UNSPECIFIED.,.F.,.F.,(4,4),(0.,1.),.PIECEWISE_BEZIER_KNOTS.);
#5941 = CARTESIAN_POINT('',(4.131998379933,0.653838317396));
#5942 = CARTESIAN_POINT('',(4.11297725259,0.744351630146));
#5943 = CARTESIAN_POINT('',(4.028899244152,0.806030589052));
#5944 = CARTESIAN_POINT('',(3.995981379933,0.891368004896));
#5945 = ( GEOMETRIC_REPRESENTATION_CONTEXT(2) 
PARAMETRIC_REPRESENTATION_CONTEXT() REPRESENTATION_CONTEXT('2D SPACE',''
  ) );
#5946 = PCURVE('',#5947,#5955);
#5947 = SURFACE_OF_LINEAR_EXTRUSION('',#5948,#5953);
#5948 = B_SPLINE_CURVE_WITH_KNOTS('',3,(#5949,#5950,#5951,#5952),
  .UNSPECIFIED.,.F.,.F.,(4,4),(0.,1.),.PIECEWISE_BEZIER_KNOTS.);
#5949 = CARTESIAN_POINT('',(18.35149375,-4.5,3.6989125));
#5950 = CARTESIAN_POINT('',(18.44200706275,-4.5,3.679891372656));
#5951 = CARTESIAN_POINT('',(18.503686021656,-4.5,3.595813364219));
#5952 = CARTESIAN_POINT('',(18.5890234375,-4.5,3.5628955));
#5953 = VECTOR('',#5954,1.);
#5954 = DIRECTION('',(0.,-1.,-2.230669073875E-16));
#5955 = DEFINITIONAL_REPRESENTATION('',(#5956),#5960);
#5956 = LINE('',#5957,#5958);
#5957 = CARTESIAN_POINT('',(0.,-0.2));
#5958 = VECTOR('',#5959,1.);
#5959 = DIRECTION('',(1.,0.));
#5960 = ( GEOMETRIC_REPRESENTATION_CONTEXT(2) 
PARAMETRIC_REPRESENTATION_CONTEXT() REPRESENTATION_CONTEXT('2D SPACE',''
  ) );
#5961 = ORIENTED_EDGE('',*,*,#5962,.F.);
#5962 = EDGE_CURVE('',#5963,#5930,#5965,.T.);
#5963 = VERTEX_POINT('',#5964);
#5964 = CARTESIAN_POINT('',(18.1139640625,-4.3,3.84893125));
#5965 = SURFACE_CURVE('',#5966,(#5971,#5979),.PCURVE_S1.);
#5966 = B_SPLINE_CURVE_WITH_KNOTS('',3,(#5967,#5968,#5969,#5970),
  .UNSPECIFIED.,.F.,.F.,(4,4),(0.,1.),.PIECEWISE_BEZIER_KNOTS.);
#5967 = CARTESIAN_POINT('',(18.1139640625,-4.3,3.84893125));
#5968 = CARTESIAN_POINT('',(18.197406741531,-4.3,3.80879623375));
#5969 = CARTESIAN_POINT('',(18.279964559969,-4.3,3.767128025875));
#5970 = CARTESIAN_POINT('',(18.35149375,-4.3,3.6989125));
#5971 = PCURVE('',#1352,#5972);
#5972 = DEFINITIONAL_REPRESENTATION('',(#5973),#5978);
#5973 = B_SPLINE_CURVE_WITH_KNOTS('',3,(#5974,#5975,#5976,#5977),
  .UNSPECIFIED.,.F.,.F.,(4,4),(0.,1.),.PIECEWISE_BEZIER_KNOTS.);
#5974 = CARTESIAN_POINT('',(4.282017129933,0.416308629896));
#5975 = CARTESIAN_POINT('',(4.241882113683,0.499751308927));
#5976 = CARTESIAN_POINT('',(4.200213905808,0.582309127365));
#5977 = CARTESIAN_POINT('',(4.131998379933,0.653838317396));
#5978 = ( GEOMETRIC_REPRESENTATION_CONTEXT(2) 
PARAMETRIC_REPRESENTATION_CONTEXT() REPRESENTATION_CONTEXT('2D SPACE',''
  ) );
#5979 = PCURVE('',#5980,#5988);
#5980 = SURFACE_OF_LINEAR_EXTRUSION('',#5981,#5986);
#5981 = B_SPLINE_CURVE_WITH_KNOTS('',3,(#5982,#5983,#5984,#5985),
  .UNSPECIFIED.,.F.,.F.,(4,4),(0.,1.),.PIECEWISE_BEZIER_KNOTS.);
#5982 = CARTESIAN_POINT('',(18.1139640625,-4.5,3.84893125));
#5983 = CARTESIAN_POINT('',(18.197406741531,-4.5,3.80879623375));
#5984 = CARTESIAN_POINT('',(18.279964559969,-4.5,3.767128025875));
#5985 = CARTESIAN_POINT('',(18.35149375,-4.5,3.6989125));
#5986 = VECTOR('',#5987,1.);
#5987 = DIRECTION('',(0.,-1.,-2.230669073875E-16));
#5988 = DEFINITIONAL_REPRESENTATION('',(#5989),#5993);
#5989 = LINE('',#5990,#5991);
#5990 = CARTESIAN_POINT('',(0.,-0.2));
#5991 = VECTOR('',#5992,1.);
#5992 = DIRECTION('',(1.,0.));
#5993 = ( GEOMETRIC_REPRESENTATION_CONTEXT(2) 
PARAMETRIC_REPRESENTATION_CONTEXT() REPRESENTATION_CONTEXT('2D SPACE',''
  ) );
#5994 = ORIENTED_EDGE('',*,*,#5995,.F.);
#5995 = EDGE_CURVE('',#4841,#5963,#5996,.T.);
#5996 = SURFACE_CURVE('',#5997,(#6002,#6010),.PCURVE_S1.);
#5997 = B_SPLINE_CURVE_WITH_KNOTS('',3,(#5998,#5999,#6000,#6001),
  .UNSPECIFIED.,.F.,.F.,(4,4),(0.,1.),.PIECEWISE_BEZIER_KNOTS.);
#5998 = CARTESIAN_POINT('',(17.876434375,-4.3,3.923940625));
#5999 = CARTESIAN_POINT('',(17.954976941594,-4.3,3.994653463));
#6000 = CARTESIAN_POINT('',(18.043260725688,-4.3,3.880044388656));
#6001 = CARTESIAN_POINT('',(18.1139640625,-4.3,3.84893125));
#6002 = PCURVE('',#1352,#6003);
#6003 = DEFINITIONAL_REPRESENTATION('',(#6004),#6009);
#6004 = B_SPLINE_CURVE_WITH_KNOTS('',3,(#6005,#6006,#6007,#6008),
  .UNSPECIFIED.,.F.,.F.,(4,4),(0.,1.),.PIECEWISE_BEZIER_KNOTS.);
#6005 = CARTESIAN_POINT('',(4.357026504933,0.178778942396));
#6006 = CARTESIAN_POINT('',(4.427739342933,0.25732150899));
#6007 = CARTESIAN_POINT('',(4.31313026859,0.345605293084));
#6008 = CARTESIAN_POINT('',(4.282017129933,0.416308629896));
#6009 = ( GEOMETRIC_REPRESENTATION_CONTEXT(2) 
PARAMETRIC_REPRESENTATION_CONTEXT() REPRESENTATION_CONTEXT('2D SPACE',''
  ) );
#6010 = PCURVE('',#6011,#6019);
#6011 = SURFACE_OF_LINEAR_EXTRUSION('',#6012,#6017);
#6012 = B_SPLINE_CURVE_WITH_KNOTS('',3,(#6013,#6014,#6015,#6016),
  .UNSPECIFIED.,.F.,.F.,(4,4),(0.,1.),.PIECEWISE_BEZIER_KNOTS.);
#6013 = CARTESIAN_POINT('',(17.876434375,-4.5,3.923940625));
#6014 = CARTESIAN_POINT('',(17.954976941594,-4.5,3.994653463));
#6015 = CARTESIAN_POINT('',(18.043260725688,-4.5,3.880044388656));
#6016 = CARTESIAN_POINT('',(18.1139640625,-4.5,3.84893125));
#6017 = VECTOR('',#6018,1.);
#6018 = DIRECTION('',(0.,-1.,-2.230669073875E-16));
#6019 = DEFINITIONAL_REPRESENTATION('',(#6020),#6024);
#6020 = LINE('',#6021,#6022);
#6021 = CARTESIAN_POINT('',(0.,-0.2));
#6022 = VECTOR('',#6023,1.);
#6023 = DIRECTION('',(1.,0.));
#6024 = ( GEOMETRIC_REPRESENTATION_CONTEXT(2) 
PARAMETRIC_REPRESENTATION_CONTEXT() REPRESENTATION_CONTEXT('2D SPACE',''
  ) );
#6025 = ADVANCED_FACE('',(#6026),#1324,.F.);
#6026 = FACE_BOUND('',#6027,.F.);
#6027 = EDGE_LOOP('',(#6028,#6057,#6085,#6106));
#6028 = ORIENTED_EDGE('',*,*,#6029,.T.);
#6029 = EDGE_CURVE('',#1309,#6030,#6032,.T.);
#6030 = VERTEX_POINT('',#6031);
#6031 = CARTESIAN_POINT('',(13.254675353598,-4.5,7.3));
#6032 = SURFACE_CURVE('',#6033,(#6039,#6048),.PCURVE_S1.);
#6033 = B_SPLINE_CURVE_WITH_KNOTS('',4,(#6034,#6035,#6036,#6037,#6038),
  .UNSPECIFIED.,.F.,.F.,(5,5),(0.,1.),.PIECEWISE_BEZIER_KNOTS.);
#6034 = CARTESIAN_POINT('',(13.558054869277,-4.3,7.5));
#6035 = CARTESIAN_POINT('',(13.47908908053,-4.348290320195,
    7.451709679805));
#6036 = CARTESIAN_POINT('',(13.40220524412,-4.397778350751,
    7.402221649249));
#6037 = CARTESIAN_POINT('',(13.327406929301,-4.44837570988,7.35162429012
    ));
#6038 = CARTESIAN_POINT('',(13.254675353598,-4.5,7.3));
#6039 = PCURVE('',#1324,#6040);
#6040 = DEFINITIONAL_REPRESENTATION('',(#6041),#6047);
#6041 = B_SPLINE_CURVE_WITH_KNOTS('',4,(#6042,#6043,#6044,#6045,#6046),
  .UNSPECIFIED.,.F.,.F.,(5,5),(0.,1.),.PIECEWISE_BEZIER_KNOTS.);
#6042 = CARTESIAN_POINT('',(62.441945130723,0.141421356237));
#6043 = CARTESIAN_POINT('',(62.52091091947,7.31285304857E-02));
#6044 = CARTESIAN_POINT('',(62.59779475588,3.141886499416E-03));
#6045 = CARTESIAN_POINT('',(62.672593070699,-6.84135850013E-02));
#6046 = CARTESIAN_POINT('',(62.745324646402,-0.141421356237));
#6047 = ( GEOMETRIC_REPRESENTATION_CONTEXT(2) 
PARAMETRIC_REPRESENTATION_CONTEXT() REPRESENTATION_CONTEXT('2D SPACE',''
  ) );
#6048 = PCURVE('',#2420,#6049);
#6049 = DEFINITIONAL_REPRESENTATION('',(#6050),#6056);
#6050 = B_SPLINE_CURVE_WITH_KNOTS('',4,(#6051,#6052,#6053,#6054,#6055),
  .UNSPECIFIED.,.F.,.F.,(5,5),(0.,1.),.PIECEWISE_BEZIER_KNOTS.);
#6051 = CARTESIAN_POINT('',(0.861922344712,-0.199999999999));
#6052 = CARTESIAN_POINT('',(0.887973441911,-0.151709679804));
#6053 = CARTESIAN_POINT('',(0.913674617929,-0.10222164925));
#6054 = CARTESIAN_POINT('',(0.939024415549,-5.16242901211E-02));
#6055 = CARTESIAN_POINT('',(0.964025066848,-8.0733E-13));
#6056 = ( GEOMETRIC_REPRESENTATION_CONTEXT(2) 
PARAMETRIC_REPRESENTATION_CONTEXT() REPRESENTATION_CONTEXT('2D SPACE',''
  ) );
#6057 = ORIENTED_EDGE('',*,*,#6058,.T.);
#6058 = EDGE_CURVE('',#6030,#6059,#6061,.T.);
#6059 = VERTEX_POINT('',#6060);
#6060 = CARTESIAN_POINT('',(0.,-4.5,7.3));
#6061 = SURFACE_CURVE('',#6062,(#6066,#6073),.PCURVE_S1.);
#6062 = LINE('',#6063,#6064);
#6063 = CARTESIAN_POINT('',(76.,-4.5,7.3));
#6064 = VECTOR('',#6065,1.);
#6065 = DIRECTION('',(-1.,0.,0.));
#6066 = PCURVE('',#1324,#6067);
#6067 = DEFINITIONAL_REPRESENTATION('',(#6068),#6072);
#6068 = LINE('',#6069,#6070);
#6069 = CARTESIAN_POINT('',(0.,-0.141421356237));
#6070 = VECTOR('',#6071,1.);
#6071 = DIRECTION('',(1.,0.));
#6072 = ( GEOMETRIC_REPRESENTATION_CONTEXT(2) 
PARAMETRIC_REPRESENTATION_CONTEXT() REPRESENTATION_CONTEXT('2D SPACE',''
  ) );
#6073 = PCURVE('',#6074,#6079);
#6074 = PLANE('',#6075);
#6075 = AXIS2_PLACEMENT_3D('',#6076,#6077,#6078);
#6076 = CARTESIAN_POINT('',(38.,-4.5,-1.33226762955E-15));
#6077 = DIRECTION('',(0.,1.,1.130669073875E-16));
#6078 = DIRECTION('',(0.,-1.130669073875E-16,1.));
#6079 = DEFINITIONAL_REPRESENTATION('',(#6080),#6084);
#6080 = LINE('',#6081,#6082);
#6081 = CARTESIAN_POINT('',(7.3,38.));
#6082 = VECTOR('',#6083,1.);
#6083 = DIRECTION('',(-0.,-1.));
#6084 = ( GEOMETRIC_REPRESENTATION_CONTEXT(2) 
PARAMETRIC_REPRESENTATION_CONTEXT() REPRESENTATION_CONTEXT('2D SPACE',''
  ) );
#6085 = ORIENTED_EDGE('',*,*,#6086,.T.);
#6086 = EDGE_CURVE('',#6059,#1286,#6087,.T.);
#6087 = SURFACE_CURVE('',#6088,(#6092,#6099),.PCURVE_S1.);
#6088 = LINE('',#6089,#6090);
#6089 = CARTESIAN_POINT('',(0.,-4.4,7.4));
#6090 = VECTOR('',#6091,1.);
#6091 = DIRECTION('',(0.,0.707106781187,0.707106781187));
#6092 = PCURVE('',#1324,#6093);
#6093 = DEFINITIONAL_REPRESENTATION('',(#6094),#6098);
#6094 = LINE('',#6095,#6096);
#6095 = CARTESIAN_POINT('',(76.,0.));
#6096 = VECTOR('',#6097,1.);
#6097 = DIRECTION('',(0.,1.));
#6098 = ( GEOMETRIC_REPRESENTATION_CONTEXT(2) 
PARAMETRIC_REPRESENTATION_CONTEXT() REPRESENTATION_CONTEXT('2D SPACE',''
  ) );
#6099 = PCURVE('',#2212,#6100);
#6100 = DEFINITIONAL_REPRESENTATION('',(#6101),#6105);
#6101 = LINE('',#6102,#6103);
#6102 = CARTESIAN_POINT('',(-0.,-0.1));
#6103 = VECTOR('',#6104,1.);
#6104 = DIRECTION('',(-0.,1.));
#6105 = ( GEOMETRIC_REPRESENTATION_CONTEXT(2) 
PARAMETRIC_REPRESENTATION_CONTEXT() REPRESENTATION_CONTEXT('2D SPACE',''
  ) );
#6106 = ORIENTED_EDGE('',*,*,#1308,.F.);
#6107 = ADVANCED_FACE('',(#6108),#1460,.F.);
#6108 = FACE_BOUND('',#6109,.F.);
#6109 = EDGE_LOOP('',(#6110,#6138,#6159,#6160));
#6110 = ORIENTED_EDGE('',*,*,#6111,.F.);
#6111 = EDGE_CURVE('',#6112,#6112,#6114,.T.);
#6112 = VERTEX_POINT('',#6113);
#6113 = CARTESIAN_POINT('',(57.35,4.5,3.));
#6114 = SURFACE_CURVE('',#6115,(#6120,#6127),.PCURVE_S1.);
#6115 = CIRCLE('',#6116,1.35);
#6116 = AXIS2_PLACEMENT_3D('',#6117,#6118,#6119);
#6117 = CARTESIAN_POINT('',(56.,4.5,3.));
#6118 = DIRECTION('',(0.,3.330669073875E-16,-1.));
#6119 = DIRECTION('',(1.,0.,0.));
#6120 = PCURVE('',#1460,#6121);
#6121 = DEFINITIONAL_REPRESENTATION('',(#6122),#6126);
#6122 = LINE('',#6123,#6124);
#6123 = CARTESIAN_POINT('',(0.,0.));
#6124 = VECTOR('',#6125,1.);
#6125 = DIRECTION('',(1.,0.));
#6126 = ( GEOMETRIC_REPRESENTATION_CONTEXT(2) 
PARAMETRIC_REPRESENTATION_CONTEXT() REPRESENTATION_CONTEXT('2D SPACE',''
  ) );
#6127 = PCURVE('',#1691,#6128);
#6128 = DEFINITIONAL_REPRESENTATION('',(#6129),#6137);
#6129 = ( BOUNDED_CURVE() B_SPLINE_CURVE(2,(#6130,#6131,#6132,#6133,
#6134,#6135,#6136),.UNSPECIFIED.,.T.,.F.) B_SPLINE_CURVE_WITH_KNOTS((1,2
    ,2,2,2,1),(-2.094395102393,0.,2.094395102393,4.188790204786,
6.28318530718,8.377580409573),.UNSPECIFIED.) CURVE() 
GEOMETRIC_REPRESENTATION_ITEM() RATIONAL_B_SPLINE_CURVE((1.,0.5,1.,0.5,
1.,0.5,1.)) REPRESENTATION_ITEM('') );
#6130 = CARTESIAN_POINT('',(1.35,-6.217248937901E-15));
#6131 = CARTESIAN_POINT('',(1.35,-2.338268590218));
#6132 = CARTESIAN_POINT('',(-0.675,-1.169134295109));
#6133 = CARTESIAN_POINT('',(-2.7,-6.547903573671E-15));
#6134 = CARTESIAN_POINT('',(-0.675,1.169134295109));
#6135 = CARTESIAN_POINT('',(1.35,2.338268590218));
#6136 = CARTESIAN_POINT('',(1.35,-6.217248937901E-15));
#6137 = ( GEOMETRIC_REPRESENTATION_CONTEXT(2) 
PARAMETRIC_REPRESENTATION_CONTEXT() REPRESENTATION_CONTEXT('2D SPACE',''
  ) );
#6138 = ORIENTED_EDGE('',*,*,#6139,.T.);
#6139 = EDGE_CURVE('',#6112,#1444,#6140,.T.);
#6140 = SEAM_CURVE('',#6141,(#6145,#6152),.PCURVE_S1.);
#6141 = LINE('',#6142,#6143);
#6142 = CARTESIAN_POINT('',(57.35,4.5,3.));
#6143 = VECTOR('',#6144,1.);
#6144 = DIRECTION('',(0.,-3.330669073875E-16,1.));
#6145 = PCURVE('',#1460,#6146);
#6146 = DEFINITIONAL_REPRESENTATION('',(#6147),#6151);
#6147 = LINE('',#6148,#6149);
#6148 = CARTESIAN_POINT('',(6.28318530718,0.));
#6149 = VECTOR('',#6150,1.);
#6150 = DIRECTION('',(0.,-1.));
#6151 = ( GEOMETRIC_REPRESENTATION_CONTEXT(2) 
PARAMETRIC_REPRESENTATION_CONTEXT() REPRESENTATION_CONTEXT('2D SPACE',''
  ) );
#6152 = PCURVE('',#1460,#6153);
#6153 = DEFINITIONAL_REPRESENTATION('',(#6154),#6158);
#6154 = LINE('',#6155,#6156);
#6155 = CARTESIAN_POINT('',(0.,0.));
#6156 = VECTOR('',#6157,1.);
#6157 = DIRECTION('',(0.,-1.));
#6158 = ( GEOMETRIC_REPRESENTATION_CONTEXT(2) 
PARAMETRIC_REPRESENTATION_CONTEXT() REPRESENTATION_CONTEXT('2D SPACE',''
  ) );
#6159 = ORIENTED_EDGE('',*,*,#1443,.T.);
#6160 = ORIENTED_EDGE('',*,*,#6139,.F.);
#6161 = ADVANCED_FACE('',(#6162),#1492,.F.);
#6162 = FACE_BOUND('',#6163,.F.);
#6163 = EDGE_LOOP('',(#6164,#6187,#6210,#6231));
#6164 = ORIENTED_EDGE('',*,*,#6165,.T.);
#6165 = EDGE_CURVE('',#1475,#6166,#6168,.T.);
#6166 = VERTEX_POINT('',#6167);
#6167 = CARTESIAN_POINT('',(44.587713240272,7.250000000001,
    4.899999999999));
#6168 = SURFACE_CURVE('',#6169,(#6173,#6180),.PCURVE_S1.);
#6169 = LINE('',#6170,#6171);
#6170 = CARTESIAN_POINT('',(44.587713240272,7.250000000001,
    7.499999999999));
#6171 = VECTOR('',#6172,1.);
#6172 = DIRECTION('',(0.,4.430669073875E-16,-1.));
#6173 = PCURVE('',#1492,#6174);
#6174 = DEFINITIONAL_REPRESENTATION('',(#6175),#6179);
#6175 = LINE('',#6176,#6177);
#6176 = CARTESIAN_POINT('',(-0.,0.));
#6177 = VECTOR('',#6178,1.);
#6178 = DIRECTION('',(-7.55029E-29,-1.));
#6179 = ( GEOMETRIC_REPRESENTATION_CONTEXT(2) 
PARAMETRIC_REPRESENTATION_CONTEXT() REPRESENTATION_CONTEXT('2D SPACE',''
  ) );
#6180 = PCURVE('',#1630,#6181);
#6181 = DEFINITIONAL_REPRESENTATION('',(#6182),#6186);
#6182 = LINE('',#6183,#6184);
#6183 = CARTESIAN_POINT('',(3.175426480544,-3.998689189848E-17));
#6184 = VECTOR('',#6185,1.);
#6185 = DIRECTION('',(-4.737205583704E-18,-1.));
#6186 = ( GEOMETRIC_REPRESENTATION_CONTEXT(2) 
PARAMETRIC_REPRESENTATION_CONTEXT() REPRESENTATION_CONTEXT('2D SPACE',''
  ) );
#6187 = ORIENTED_EDGE('',*,*,#6188,.T.);
#6188 = EDGE_CURVE('',#6166,#6189,#6191,.T.);
#6189 = VERTEX_POINT('',#6190);
#6190 = CARTESIAN_POINT('',(41.412286759724,7.249999999999,
    4.899999999999));
#6191 = SURFACE_CURVE('',#6192,(#6196,#6203),.PCURVE_S1.);
#6192 = LINE('',#6193,#6194);
#6193 = CARTESIAN_POINT('',(44.587713240272,7.250000000001,
    4.899999999999));
#6194 = VECTOR('',#6195,1.);
#6195 = DIRECTION('',(-1.,-6.8639E-13,-2.286137945617E-28));
#6196 = PCURVE('',#1492,#6197);
#6197 = DEFINITIONAL_REPRESENTATION('',(#6198),#6202);
#6198 = LINE('',#6199,#6200);
#6199 = CARTESIAN_POINT('',(-2.133728749243E-28,-2.6));
#6200 = VECTOR('',#6201,1.);
#6201 = DIRECTION('',(1.,2.24207754292E-44));
#6202 = ( GEOMETRIC_REPRESENTATION_CONTEXT(2) 
PARAMETRIC_REPRESENTATION_CONTEXT() REPRESENTATION_CONTEXT('2D SPACE',''
  ) );
#6203 = PCURVE('',#1991,#6204);
#6204 = DEFINITIONAL_REPRESENTATION('',(#6205),#6209);
#6205 = LINE('',#6206,#6207);
#6206 = CARTESIAN_POINT('',(1.587713240272,2.750000000001));
#6207 = VECTOR('',#6208,1.);
#6208 = DIRECTION('',(-1.,-6.8639E-13));
#6209 = ( GEOMETRIC_REPRESENTATION_CONTEXT(2) 
PARAMETRIC_REPRESENTATION_CONTEXT() REPRESENTATION_CONTEXT('2D SPACE',''
  ) );
#6210 = ORIENTED_EDGE('',*,*,#6211,.F.);
#6211 = EDGE_CURVE('',#1477,#6189,#6212,.T.);
#6212 = SURFACE_CURVE('',#6213,(#6217,#6224),.PCURVE_S1.);
#6213 = LINE('',#6214,#6215);
#6214 = CARTESIAN_POINT('',(41.412286759724,7.249999999999,
    7.499999999999));
#6215 = VECTOR('',#6216,1.);
#6216 = DIRECTION('',(0.,4.430669073875E-16,-1.));
#6217 = PCURVE('',#1492,#6218);
#6218 = DEFINITIONAL_REPRESENTATION('',(#6219),#6223);
#6219 = LINE('',#6220,#6221);
#6220 = CARTESIAN_POINT('',(3.175426480548,4.839671399488E-28));
#6221 = VECTOR('',#6222,1.);
#6222 = DIRECTION('',(-7.55029E-29,-1.));
#6223 = ( GEOMETRIC_REPRESENTATION_CONTEXT(2) 
PARAMETRIC_REPRESENTATION_CONTEXT() REPRESENTATION_CONTEXT('2D SPACE',''
  ) );
#6224 = PCURVE('',#1520,#6225);
#6225 = DEFINITIONAL_REPRESENTATION('',(#6226),#6230);
#6226 = LINE('',#6227,#6228);
#6227 = CARTESIAN_POINT('',(-0.,0.));
#6228 = VECTOR('',#6229,1.);
#6229 = DIRECTION('',(4.737205583629E-18,-1.));
#6230 = ( GEOMETRIC_REPRESENTATION_CONTEXT(2) 
PARAMETRIC_REPRESENTATION_CONTEXT() REPRESENTATION_CONTEXT('2D SPACE',''
  ) );
#6231 = ORIENTED_EDGE('',*,*,#1474,.F.);
#6232 = ADVANCED_FACE('',(#6233),#1630,.F.);
#6233 = FACE_BOUND('',#6234,.F.);
#6234 = EDGE_LOOP('',(#6235,#6258,#6279,#6280));
#6235 = ORIENTED_EDGE('',*,*,#6236,.T.);
#6236 = EDGE_CURVE('',#1589,#6237,#6239,.T.);
#6237 = VERTEX_POINT('',#6238);
#6238 = CARTESIAN_POINT('',(46.175426480544,4.499999999999,
    4.899999999999));
#6239 = SURFACE_CURVE('',#6240,(#6244,#6251),.PCURVE_S1.);
#6240 = LINE('',#6241,#6242);
#6241 = CARTESIAN_POINT('',(46.175426480544,4.499999999999,
    7.499999999999));
#6242 = VECTOR('',#6243,1.);
#6243 = DIRECTION('',(0.,4.430669073875E-16,-1.));
#6244 = PCURVE('',#1630,#6245);
#6245 = DEFINITIONAL_REPRESENTATION('',(#6246),#6250);
#6246 = LINE('',#6247,#6248);
#6247 = CARTESIAN_POINT('',(0.,0.));
#6248 = VECTOR('',#6249,1.);
#6249 = DIRECTION('',(-4.737205583704E-18,-1.));
#6250 = ( GEOMETRIC_REPRESENTATION_CONTEXT(2) 
PARAMETRIC_REPRESENTATION_CONTEXT() REPRESENTATION_CONTEXT('2D SPACE',''
  ) );
#6251 = PCURVE('',#1604,#6252);
#6252 = DEFINITIONAL_REPRESENTATION('',(#6253),#6257);
#6253 = LINE('',#6254,#6255);
#6254 = CARTESIAN_POINT('',(3.175426480544,-3.99868918983E-17));
#6255 = VECTOR('',#6256,1.);
#6256 = DIRECTION('',(-4.737205583732E-18,-1.));
#6257 = ( GEOMETRIC_REPRESENTATION_CONTEXT(2) 
PARAMETRIC_REPRESENTATION_CONTEXT() REPRESENTATION_CONTEXT('2D SPACE',''
  ) );
#6258 = ORIENTED_EDGE('',*,*,#6259,.T.);
#6259 = EDGE_CURVE('',#6237,#6166,#6260,.T.);
#6260 = SURFACE_CURVE('',#6261,(#6265,#6272),.PCURVE_S1.);
#6261 = LINE('',#6262,#6263);
#6262 = CARTESIAN_POINT('',(46.175426480544,4.499999999999,
    4.899999999999));
#6263 = VECTOR('',#6264,1.);
#6264 = DIRECTION('',(-0.5,0.866025403785,2.884444029576E-16));
#6265 = PCURVE('',#1630,#6266);
#6266 = DEFINITIONAL_REPRESENTATION('',(#6267),#6271);
#6267 = LINE('',#6268,#6269);
#6268 = CARTESIAN_POINT('',(9.21477609372E-18,-2.6));
#6269 = VECTOR('',#6270,1.);
#6270 = DIRECTION('',(1.,-1.E-16));
#6271 = ( GEOMETRIC_REPRESENTATION_CONTEXT(2) 
PARAMETRIC_REPRESENTATION_CONTEXT() REPRESENTATION_CONTEXT('2D SPACE',''
  ) );
#6272 = PCURVE('',#1991,#6273);
#6273 = DEFINITIONAL_REPRESENTATION('',(#6274),#6278);
#6274 = LINE('',#6275,#6276);
#6275 = CARTESIAN_POINT('',(3.175426480544,-3.952393967666E-13));
#6276 = VECTOR('',#6277,1.);
#6277 = DIRECTION('',(-0.5,0.866025403785));
#6278 = ( GEOMETRIC_REPRESENTATION_CONTEXT(2) 
PARAMETRIC_REPRESENTATION_CONTEXT() REPRESENTATION_CONTEXT('2D SPACE',''
  ) );
#6279 = ORIENTED_EDGE('',*,*,#6165,.F.);
#6280 = ORIENTED_EDGE('',*,*,#1616,.F.);
#6281 = ADVANCED_FACE('',(#6282),#1520,.F.);
#6282 = FACE_BOUND('',#6283,.F.);
#6283 = EDGE_LOOP('',(#6284,#6285,#6308,#6329));
#6284 = ORIENTED_EDGE('',*,*,#6211,.T.);
#6285 = ORIENTED_EDGE('',*,*,#6286,.T.);
#6286 = EDGE_CURVE('',#6189,#6287,#6289,.T.);
#6287 = VERTEX_POINT('',#6288);
#6288 = CARTESIAN_POINT('',(39.824573519456,4.499999999995,
    4.899999999999));
#6289 = SURFACE_CURVE('',#6290,(#6294,#6301),.PCURVE_S1.);
#6290 = LINE('',#6291,#6292);
#6291 = CARTESIAN_POINT('',(41.412286759724,7.249999999999,
    4.899999999999));
#6292 = VECTOR('',#6293,1.);
#6293 = DIRECTION('',(-0.499999999999,-0.866025403785,
    -2.884444029578E-16));
#6294 = PCURVE('',#1520,#6295);
#6295 = DEFINITIONAL_REPRESENTATION('',(#6296),#6300);
#6296 = LINE('',#6297,#6298);
#6297 = CARTESIAN_POINT('',(-9.214776093934E-18,-2.6));
#6298 = VECTOR('',#6299,1.);
#6299 = DIRECTION('',(1.,1.E-16));
#6300 = ( GEOMETRIC_REPRESENTATION_CONTEXT(2) 
PARAMETRIC_REPRESENTATION_CONTEXT() REPRESENTATION_CONTEXT('2D SPACE',''
  ) );
#6301 = PCURVE('',#1991,#6302);
#6302 = DEFINITIONAL_REPRESENTATION('',(#6303),#6307);
#6303 = LINE('',#6304,#6305);
#6304 = CARTESIAN_POINT('',(-1.587713240276,2.749999999999));
#6305 = VECTOR('',#6306,1.);
#6306 = DIRECTION('',(-0.499999999999,-0.866025403785));
#6307 = ( GEOMETRIC_REPRESENTATION_CONTEXT(2) 
PARAMETRIC_REPRESENTATION_CONTEXT() REPRESENTATION_CONTEXT('2D SPACE',''
  ) );
#6308 = ORIENTED_EDGE('',*,*,#6309,.F.);
#6309 = EDGE_CURVE('',#1505,#6287,#6310,.T.);
#6310 = SURFACE_CURVE('',#6311,(#6315,#6322),.PCURVE_S1.);
#6311 = LINE('',#6312,#6313);
#6312 = CARTESIAN_POINT('',(39.824573519456,4.499999999995,
    7.499999999999));
#6313 = VECTOR('',#6314,1.);
#6314 = DIRECTION('',(0.,4.430669073875E-16,-1.));
#6315 = PCURVE('',#1520,#6316);
#6316 = DEFINITIONAL_REPRESENTATION('',(#6317),#6321);
#6317 = LINE('',#6318,#6319);
#6318 = CARTESIAN_POINT('',(3.175426480544,3.998689189897E-17));
#6319 = VECTOR('',#6320,1.);
#6320 = DIRECTION('',(4.737205583629E-18,-1.));
#6321 = ( GEOMETRIC_REPRESENTATION_CONTEXT(2) 
PARAMETRIC_REPRESENTATION_CONTEXT() REPRESENTATION_CONTEXT('2D SPACE',''
  ) );
#6322 = PCURVE('',#1548,#6323);
#6323 = DEFINITIONAL_REPRESENTATION('',(#6324),#6328);
#6324 = LINE('',#6325,#6326);
#6325 = CARTESIAN_POINT('',(0.,0.));
#6326 = VECTOR('',#6327,1.);
#6327 = DIRECTION('',(4.73720558377E-18,-1.));
#6328 = ( GEOMETRIC_REPRESENTATION_CONTEXT(2) 
PARAMETRIC_REPRESENTATION_CONTEXT() REPRESENTATION_CONTEXT('2D SPACE',''
  ) );
#6329 = ORIENTED_EDGE('',*,*,#1504,.F.);
#6330 = ADVANCED_FACE('',(#6331),#1604,.F.);
#6331 = FACE_BOUND('',#6332,.F.);
#6332 = EDGE_LOOP('',(#6333,#6356,#6377,#6378));
#6333 = ORIENTED_EDGE('',*,*,#6334,.T.);
#6334 = EDGE_CURVE('',#1561,#6335,#6337,.T.);
#6335 = VERTEX_POINT('',#6336);
#6336 = CARTESIAN_POINT('',(44.587713240271,1.749999999999,
    4.899999999999));
#6337 = SURFACE_CURVE('',#6338,(#6342,#6349),.PCURVE_S1.);
#6338 = LINE('',#6339,#6340);
#6339 = CARTESIAN_POINT('',(44.587713240271,1.749999999999,
    7.499999999999));
#6340 = VECTOR('',#6341,1.);
#6341 = DIRECTION('',(0.,4.430669073875E-16,-1.));
#6342 = PCURVE('',#1604,#6343);
#6343 = DEFINITIONAL_REPRESENTATION('',(#6344),#6348);
#6344 = LINE('',#6345,#6346);
#6345 = CARTESIAN_POINT('',(0.,0.));
#6346 = VECTOR('',#6347,1.);
#6347 = DIRECTION('',(-4.737205583732E-18,-1.));
#6348 = ( GEOMETRIC_REPRESENTATION_CONTEXT(2) 
PARAMETRIC_REPRESENTATION_CONTEXT() REPRESENTATION_CONTEXT('2D SPACE',''
  ) );
#6349 = PCURVE('',#1576,#6350);
#6350 = DEFINITIONAL_REPRESENTATION('',(#6351),#6355);
#6351 = LINE('',#6352,#6353);
#6352 = CARTESIAN_POINT('',(3.175426480541,0.));
#6353 = VECTOR('',#6354,1.);
#6354 = DIRECTION('',(0.,-1.));
#6355 = ( GEOMETRIC_REPRESENTATION_CONTEXT(2) 
PARAMETRIC_REPRESENTATION_CONTEXT() REPRESENTATION_CONTEXT('2D SPACE',''
  ) );
#6356 = ORIENTED_EDGE('',*,*,#6357,.T.);
#6357 = EDGE_CURVE('',#6335,#6237,#6358,.T.);
#6358 = SURFACE_CURVE('',#6359,(#6363,#6370),.PCURVE_S1.);
#6359 = LINE('',#6360,#6361);
#6360 = CARTESIAN_POINT('',(44.587713240271,1.749999999999,
    4.899999999999));
#6361 = VECTOR('',#6362,1.);
#6362 = DIRECTION('',(0.5,0.866025403784,2.884444029575E-16));
#6363 = PCURVE('',#1604,#6364);
#6364 = DEFINITIONAL_REPRESENTATION('',(#6365),#6369);
#6365 = LINE('',#6366,#6367);
#6366 = CARTESIAN_POINT('',(2.01511044732E-16,-2.6));
#6367 = VECTOR('',#6368,1.);
#6368 = DIRECTION('',(1.,-1.E-16));
#6369 = ( GEOMETRIC_REPRESENTATION_CONTEXT(2) 
PARAMETRIC_REPRESENTATION_CONTEXT() REPRESENTATION_CONTEXT('2D SPACE',''
  ) );
#6370 = PCURVE('',#1991,#6371);
#6371 = DEFINITIONAL_REPRESENTATION('',(#6372),#6376);
#6372 = LINE('',#6373,#6374);
#6373 = CARTESIAN_POINT('',(1.587713240271,-2.750000000001));
#6374 = VECTOR('',#6375,1.);
#6375 = DIRECTION('',(0.5,0.866025403784));
#6376 = ( GEOMETRIC_REPRESENTATION_CONTEXT(2) 
PARAMETRIC_REPRESENTATION_CONTEXT() REPRESENTATION_CONTEXT('2D SPACE',''
  ) );
#6377 = ORIENTED_EDGE('',*,*,#6236,.F.);
#6378 = ORIENTED_EDGE('',*,*,#1588,.F.);
#6379 = ADVANCED_FACE('',(#6380),#1548,.F.);
#6380 = FACE_BOUND('',#6381,.F.);
#6381 = EDGE_LOOP('',(#6382,#6383,#6406,#6427));
#6382 = ORIENTED_EDGE('',*,*,#6309,.T.);
#6383 = ORIENTED_EDGE('',*,*,#6384,.T.);
#6384 = EDGE_CURVE('',#6287,#6385,#6387,.T.);
#6385 = VERTEX_POINT('',#6386);
#6386 = CARTESIAN_POINT('',(41.412286759729,1.749999999999,
    4.899999999999));
#6387 = SURFACE_CURVE('',#6388,(#6392,#6399),.PCURVE_S1.);
#6388 = LINE('',#6389,#6390);
#6389 = CARTESIAN_POINT('',(39.824573519456,4.499999999995,
    4.899999999999));
#6390 = VECTOR('',#6391,1.);
#6391 = DIRECTION('',(0.500000000001,-0.866025403784,-2.884444029574E-16
    ));
#6392 = PCURVE('',#1548,#6393);
#6393 = DEFINITIONAL_REPRESENTATION('',(#6394),#6398);
#6394 = LINE('',#6395,#6396);
#6395 = CARTESIAN_POINT('',(-9.214776093535E-18,-2.6));
#6396 = VECTOR('',#6397,1.);
#6397 = DIRECTION('',(1.,1.E-16));
#6398 = ( GEOMETRIC_REPRESENTATION_CONTEXT(2) 
PARAMETRIC_REPRESENTATION_CONTEXT() REPRESENTATION_CONTEXT('2D SPACE',''
  ) );
#6399 = PCURVE('',#1991,#6400);
#6400 = DEFINITIONAL_REPRESENTATION('',(#6401),#6405);
#6401 = LINE('',#6402,#6403);
#6402 = CARTESIAN_POINT('',(-3.175426480544,-4.752642723815E-12));
#6403 = VECTOR('',#6404,1.);
#6404 = DIRECTION('',(0.500000000001,-0.866025403784));
#6405 = ( GEOMETRIC_REPRESENTATION_CONTEXT(2) 
PARAMETRIC_REPRESENTATION_CONTEXT() REPRESENTATION_CONTEXT('2D SPACE',''
  ) );
#6406 = ORIENTED_EDGE('',*,*,#6407,.F.);
#6407 = EDGE_CURVE('',#1533,#6385,#6408,.T.);
#6408 = SURFACE_CURVE('',#6409,(#6413,#6420),.PCURVE_S1.);
#6409 = LINE('',#6410,#6411);
#6410 = CARTESIAN_POINT('',(41.412286759729,1.749999999999,
    7.499999999999));
#6411 = VECTOR('',#6412,1.);
#6412 = DIRECTION('',(0.,4.430669073875E-16,-1.));
#6413 = PCURVE('',#1548,#6414);
#6414 = DEFINITIONAL_REPRESENTATION('',(#6415),#6419);
#6415 = LINE('',#6416,#6417);
#6416 = CARTESIAN_POINT('',(3.175426480541,3.998689189696E-17));
#6417 = VECTOR('',#6418,1.);
#6418 = DIRECTION('',(4.73720558377E-18,-1.));
#6419 = ( GEOMETRIC_REPRESENTATION_CONTEXT(2) 
PARAMETRIC_REPRESENTATION_CONTEXT() REPRESENTATION_CONTEXT('2D SPACE',''
  ) );
#6420 = PCURVE('',#1576,#6421);
#6421 = DEFINITIONAL_REPRESENTATION('',(#6422),#6426);
#6422 = LINE('',#6423,#6424);
#6423 = CARTESIAN_POINT('',(0.,0.));
#6424 = VECTOR('',#6425,1.);
#6425 = DIRECTION('',(0.,-1.));
#6426 = ( GEOMETRIC_REPRESENTATION_CONTEXT(2) 
PARAMETRIC_REPRESENTATION_CONTEXT() REPRESENTATION_CONTEXT('2D SPACE',''
  ) );
#6427 = ORIENTED_EDGE('',*,*,#1532,.F.);
#6428 = ADVANCED_FACE('',(#6429),#1576,.F.);
#6429 = FACE_BOUND('',#6430,.F.);
#6430 = EDGE_LOOP('',(#6431,#6432,#6453,#6454));
#6431 = ORIENTED_EDGE('',*,*,#6407,.T.);
#6432 = ORIENTED_EDGE('',*,*,#6433,.T.);
#6433 = EDGE_CURVE('',#6385,#6335,#6434,.T.);
#6434 = SURFACE_CURVE('',#6435,(#6439,#6446),.PCURVE_S1.);
#6435 = LINE('',#6436,#6437);
#6436 = CARTESIAN_POINT('',(41.412286759729,1.749999999999,
    4.899999999999));
#6437 = VECTOR('',#6438,1.);
#6438 = DIRECTION('',(1.,-0.,0.));
#6439 = PCURVE('',#1576,#6440);
#6440 = DEFINITIONAL_REPRESENTATION('',(#6441),#6445);
#6441 = LINE('',#6442,#6443);
#6442 = CARTESIAN_POINT('',(0.,-2.6));
#6443 = VECTOR('',#6444,1.);
#6444 = DIRECTION('',(1.,0.));
#6445 = ( GEOMETRIC_REPRESENTATION_CONTEXT(2) 
PARAMETRIC_REPRESENTATION_CONTEXT() REPRESENTATION_CONTEXT('2D SPACE',''
  ) );
#6446 = PCURVE('',#1991,#6447);
#6447 = DEFINITIONAL_REPRESENTATION('',(#6448),#6452);
#6448 = LINE('',#6449,#6450);
#6449 = CARTESIAN_POINT('',(-1.58771324027,-2.750000000001));
#6450 = VECTOR('',#6451,1.);
#6451 = DIRECTION('',(1.,0.));
#6452 = ( GEOMETRIC_REPRESENTATION_CONTEXT(2) 
PARAMETRIC_REPRESENTATION_CONTEXT() REPRESENTATION_CONTEXT('2D SPACE',''
  ) );
#6453 = ORIENTED_EDGE('',*,*,#6334,.F.);
#6454 = ORIENTED_EDGE('',*,*,#1560,.F.);
#6455 = ADVANCED_FACE('',(#6456,#6464),#1691,.F.);
#6456 = FACE_BOUND('',#6457,.F.);
#6457 = EDGE_LOOP('',(#6458,#6459,#6460,#6461,#6462,#6463));
#6458 = ORIENTED_EDGE('',*,*,#1778,.F.);
#6459 = ORIENTED_EDGE('',*,*,#1675,.F.);
#6460 = ORIENTED_EDGE('',*,*,#1751,.F.);
#6461 = ORIENTED_EDGE('',*,*,#1849,.F.);
#6462 = ORIENTED_EDGE('',*,*,#1925,.F.);
#6463 = ORIENTED_EDGE('',*,*,#1876,.F.);
#6464 = FACE_BOUND('',#6465,.F.);
#6465 = EDGE_LOOP('',(#6466));
#6466 = ORIENTED_EDGE('',*,*,#6111,.T.);
#6467 = ADVANCED_FACE('',(#6468,#6476),#1991,.T.);
#6468 = FACE_BOUND('',#6469,.T.);
#6469 = EDGE_LOOP('',(#6470,#6471,#6472,#6473,#6474,#6475));
#6470 = ORIENTED_EDGE('',*,*,#6286,.T.);
#6471 = ORIENTED_EDGE('',*,*,#6384,.T.);
#6472 = ORIENTED_EDGE('',*,*,#6433,.T.);
#6473 = ORIENTED_EDGE('',*,*,#6357,.T.);
#6474 = ORIENTED_EDGE('',*,*,#6259,.T.);
#6475 = ORIENTED_EDGE('',*,*,#6188,.T.);
#6476 = FACE_BOUND('',#6477,.T.);
#6477 = EDGE_LOOP('',(#6478));
#6478 = ORIENTED_EDGE('',*,*,#1976,.T.);
#6479 = ADVANCED_FACE('',(#6480),#2049,.T.);
#6480 = FACE_BOUND('',#6481,.F.);
#6481 = EDGE_LOOP('',(#6482,#6505,#6528,#6555));
#6482 = ORIENTED_EDGE('',*,*,#6483,.F.);
#6483 = EDGE_CURVE('',#6484,#2011,#6486,.T.);
#6484 = VERTEX_POINT('',#6485);
#6485 = CARTESIAN_POINT('',(-1.E-15,-4.5,-7.3));
#6486 = SURFACE_CURVE('',#6487,(#6491,#6498),.PCURVE_S1.);
#6487 = LINE('',#6488,#6489);
#6488 = CARTESIAN_POINT('',(-1.38E-15,-4.4,-7.4));
#6489 = VECTOR('',#6490,1.);
#6490 = DIRECTION('',(0.,0.707106781187,-0.707106781187));
#6491 = PCURVE('',#2049,#6492);
#6492 = DEFINITIONAL_REPRESENTATION('',(#6493),#6497);
#6493 = LINE('',#6494,#6495);
#6494 = CARTESIAN_POINT('',(1.38E-15,-0.));
#6495 = VECTOR('',#6496,1.);
#6496 = DIRECTION('',(-0.,1.));
#6497 = ( GEOMETRIC_REPRESENTATION_CONTEXT(2) 
PARAMETRIC_REPRESENTATION_CONTEXT() REPRESENTATION_CONTEXT('2D SPACE',''
  ) );
#6498 = PCURVE('',#2212,#6499);
#6499 = DEFINITIONAL_REPRESENTATION('',(#6500),#6504);
#6500 = LINE('',#6501,#6502);
#6501 = CARTESIAN_POINT('',(-3.14159265359,-0.1));
#6502 = VECTOR('',#6503,1.);
#6503 = DIRECTION('',(-0.,1.));
#6504 = ( GEOMETRIC_REPRESENTATION_CONTEXT(2) 
PARAMETRIC_REPRESENTATION_CONTEXT() REPRESENTATION_CONTEXT('2D SPACE',''
  ) );
#6505 = ORIENTED_EDGE('',*,*,#6506,.T.);
#6506 = EDGE_CURVE('',#6484,#6507,#6509,.T.);
#6507 = VERTEX_POINT('',#6508);
#6508 = CARTESIAN_POINT('',(10.248464470643,-4.5,-7.3));
#6509 = SURFACE_CURVE('',#6510,(#6514,#6521),.PCURVE_S1.);
#6510 = LINE('',#6511,#6512);
#6511 = CARTESIAN_POINT('',(0.,-4.5,-7.3));
#6512 = VECTOR('',#6513,1.);
#6513 = DIRECTION('',(1.,0.,0.));
#6514 = PCURVE('',#2049,#6515);
#6515 = DEFINITIONAL_REPRESENTATION('',(#6516),#6520);
#6516 = LINE('',#6517,#6518);
#6517 = CARTESIAN_POINT('',(-0.,-0.141421356237));
#6518 = VECTOR('',#6519,1.);
#6519 = DIRECTION('',(-1.,0.));
#6520 = ( GEOMETRIC_REPRESENTATION_CONTEXT(2) 
PARAMETRIC_REPRESENTATION_CONTEXT() REPRESENTATION_CONTEXT('2D SPACE',''
  ) );
#6521 = PCURVE('',#6074,#6522);
#6522 = DEFINITIONAL_REPRESENTATION('',(#6523),#6527);
#6523 = LINE('',#6524,#6525);
#6524 = CARTESIAN_POINT('',(-7.3,-38.));
#6525 = VECTOR('',#6526,1.);
#6526 = DIRECTION('',(0.,1.));
#6527 = ( GEOMETRIC_REPRESENTATION_CONTEXT(2) 
PARAMETRIC_REPRESENTATION_CONTEXT() REPRESENTATION_CONTEXT('2D SPACE',''
  ) );
#6528 = ORIENTED_EDGE('',*,*,#6529,.F.);
#6529 = EDGE_CURVE('',#2034,#6507,#6530,.T.);
#6530 = SURFACE_CURVE('',#6531,(#6537,#6546),.PCURVE_S1.);
#6531 = B_SPLINE_CURVE_WITH_KNOTS('',4,(#6532,#6533,#6534,#6535,#6536),
  .UNSPECIFIED.,.F.,.F.,(5,5),(0.,1.),.PIECEWISE_BEZIER_KNOTS.);
#6532 = CARTESIAN_POINT('',(10.328744205289,-4.3,-7.5));
#6533 = CARTESIAN_POINT('',(10.308138903995,-4.349924979354,
    -7.450075020646));
#6534 = CARTESIAN_POINT('',(10.28789797676,-4.399901932384,
    -7.400098067616));
#6535 = CARTESIAN_POINT('',(10.268010138483,-4.449927842286,
    -7.350072157714));
#6536 = CARTESIAN_POINT('',(10.248464470643,-4.5,-7.3));
#6537 = PCURVE('',#2049,#6538);
#6538 = DEFINITIONAL_REPRESENTATION('',(#6539),#6545);
#6539 = B_SPLINE_CURVE_WITH_KNOTS('',4,(#6540,#6541,#6542,#6543,#6544),
  .UNSPECIFIED.,.F.,.F.,(5,5),(0.,1.),.PIECEWISE_BEZIER_KNOTS.);
#6540 = CARTESIAN_POINT('',(-10.32874420528,0.141421356237));
#6541 = CARTESIAN_POINT('',(-10.30813890399,7.081677333328E-02));
#6542 = CARTESIAN_POINT('',(-10.28789797676,1.386885524495E-04));
#6543 = CARTESIAN_POINT('',(-10.26801013848,-7.060863170089E-02));
#6544 = CARTESIAN_POINT('',(-10.24846447064,-0.141421356237));
#6545 = ( GEOMETRIC_REPRESENTATION_CONTEXT(2) 
PARAMETRIC_REPRESENTATION_CONTEXT() REPRESENTATION_CONTEXT('2D SPACE',''
  ) );
#6546 = PCURVE('',#2775,#6547);
#6547 = DEFINITIONAL_REPRESENTATION('',(#6548),#6554);
#6548 = B_SPLINE_CURVE_WITH_KNOTS('',4,(#6549,#6550,#6551,#6552,#6553),
  .UNSPECIFIED.,.F.,.F.,(5,5),(0.,1.),.PIECEWISE_BEZIER_KNOTS.);
#6549 = CARTESIAN_POINT('',(0.798224234139,-0.199999999999));
#6550 = CARTESIAN_POINT('',(0.785058615996,-0.150075020645));
#6551 = CARTESIAN_POINT('',(0.771913994717,-0.100098067616));
#6552 = CARTESIAN_POINT('',(0.758789773326,-5.007215771501E-02));
#6553 = CARTESIAN_POINT('',(0.7456853251,-1.01483E-12));
#6554 = ( GEOMETRIC_REPRESENTATION_CONTEXT(2) 
PARAMETRIC_REPRESENTATION_CONTEXT() REPRESENTATION_CONTEXT('2D SPACE',''
  ) );
#6555 = ORIENTED_EDGE('',*,*,#2033,.F.);
#6556 = ADVANCED_FACE('',(#6557),#2098,.T.);
#6557 = FACE_BOUND('',#6558,.F.);
#6558 = EDGE_LOOP('',(#6559,#6588,#6609,#6610));
#6559 = ORIENTED_EDGE('',*,*,#6560,.T.);
#6560 = EDGE_CURVE('',#2062,#6561,#6563,.T.);
#6561 = VERTEX_POINT('',#6562);
#6562 = CARTESIAN_POINT('',(18.99055160463,-4.5,-7.3));
#6563 = SURFACE_CURVE('',#6564,(#6570,#6579),.PCURVE_S1.);
#6564 = B_SPLINE_CURVE_WITH_KNOTS('',4,(#6565,#6566,#6567,#6568,#6569),
  .UNSPECIFIED.,.F.,.F.,(5,5),(0.,1.),.PIECEWISE_BEZIER_KNOTS.);
#6565 = CARTESIAN_POINT('',(19.131434356623,-4.3,-7.5));
#6566 = CARTESIAN_POINT('',(19.096318672121,-4.350026223519,
    -7.449973776481));
#6567 = CARTESIAN_POINT('',(19.061122982847,-4.40003257381,
    -7.39996742619));
#6568 = CARTESIAN_POINT('',(19.025862260641,-4.450022612499,
    -7.349977387501));
#6569 = CARTESIAN_POINT('',(18.99055160463,-4.5,-7.3));
#6570 = PCURVE('',#2098,#6571);
#6571 = DEFINITIONAL_REPRESENTATION('',(#6572),#6578);
#6572 = B_SPLINE_CURVE_WITH_KNOTS('',4,(#6573,#6574,#6575,#6576,#6577),
  .UNSPECIFIED.,.F.,.F.,(5,5),(0.,1.),.PIECEWISE_BEZIER_KNOTS.);
#6573 = CARTESIAN_POINT('',(-19.13143435662,0.141421356237));
#6574 = CARTESIAN_POINT('',(-19.09631867212,7.067359246303E-02));
#6575 = CARTESIAN_POINT('',(-19.06112298284,-4.6066324217E-05));
#6576 = CARTESIAN_POINT('',(-19.02586226064,-7.074265702212E-02));
#6577 = CARTESIAN_POINT('',(-18.99055160463,-0.141421356237));
#6578 = ( GEOMETRIC_REPRESENTATION_CONTEXT(2) 
PARAMETRIC_REPRESENTATION_CONTEXT() REPRESENTATION_CONTEXT('2D SPACE',''
  ) );
#6579 = PCURVE('',#2741,#6580);
#6580 = DEFINITIONAL_REPRESENTATION('',(#6581),#6587);
#6581 = B_SPLINE_CURVE_WITH_KNOTS('',4,(#6582,#6583,#6584,#6585,#6586),
  .UNSPECIFIED.,.F.,.F.,(5,5),(0.,1.),.PIECEWISE_BEZIER_KNOTS.);
#6582 = CARTESIAN_POINT('',(0.788407026558,-0.199999999999));
#6583 = CARTESIAN_POINT('',(0.806841619994,-0.14997377648));
#6584 = CARTESIAN_POINT('',(0.825285598439,-9.996742618975E-02));
#6585 = CARTESIAN_POINT('',(0.843737888556,-4.997738750153E-02));
#6586 = CARTESIAN_POINT('',(0.86219742372,-1.02265E-12));
#6587 = ( GEOMETRIC_REPRESENTATION_CONTEXT(2) 
PARAMETRIC_REPRESENTATION_CONTEXT() REPRESENTATION_CONTEXT('2D SPACE',''
  ) );
#6588 = ORIENTED_EDGE('',*,*,#6589,.T.);
#6589 = EDGE_CURVE('',#6561,#2116,#6590,.T.);
#6590 = SURFACE_CURVE('',#6591,(#6595,#6602),.PCURVE_S1.);
#6591 = LINE('',#6592,#6593);
#6592 = CARTESIAN_POINT('',(0.,-4.5,-7.3));
#6593 = VECTOR('',#6594,1.);
#6594 = DIRECTION('',(1.,0.,0.));
#6595 = PCURVE('',#2098,#6596);
#6596 = DEFINITIONAL_REPRESENTATION('',(#6597),#6601);
#6597 = LINE('',#6598,#6599);
#6598 = CARTESIAN_POINT('',(-0.,-0.141421356237));
#6599 = VECTOR('',#6600,1.);
#6600 = DIRECTION('',(-1.,0.));
#6601 = ( GEOMETRIC_REPRESENTATION_CONTEXT(2) 
PARAMETRIC_REPRESENTATION_CONTEXT() REPRESENTATION_CONTEXT('2D SPACE',''
  ) );
#6602 = PCURVE('',#2155,#6603);
#6603 = DEFINITIONAL_REPRESENTATION('',(#6604),#6608);
#6604 = LINE('',#6605,#6606);
#6605 = CARTESIAN_POINT('',(-7.3,-38.));
#6606 = VECTOR('',#6607,1.);
#6607 = DIRECTION('',(0.,1.));
#6608 = ( GEOMETRIC_REPRESENTATION_CONTEXT(2) 
PARAMETRIC_REPRESENTATION_CONTEXT() REPRESENTATION_CONTEXT('2D SPACE',''
  ) );
#6609 = ORIENTED_EDGE('',*,*,#2115,.T.);
#6610 = ORIENTED_EDGE('',*,*,#2084,.F.);
#6611 = ADVANCED_FACE('',(#6612,#6865),#2155,.F.);
#6612 = FACE_BOUND('',#6613,.F.);
#6613 = EDGE_LOOP('',(#6614,#6615,#6640,#6665,#6690,#6715,#6740,#6765,
    #6790,#6815,#6840,#6863,#6864));
#6614 = ORIENTED_EDGE('',*,*,#6589,.F.);
#6615 = ORIENTED_EDGE('',*,*,#6616,.T.);
#6616 = EDGE_CURVE('',#6561,#6617,#6619,.T.);
#6617 = VERTEX_POINT('',#6618);
#6618 = CARTESIAN_POINT('',(18.726540625,-4.5,-6.927415625));
#6619 = SURFACE_CURVE('',#6620,(#6625,#6633),.PCURVE_S1.);
#6620 = B_SPLINE_CURVE_WITH_KNOTS('',3,(#6621,#6622,#6623,#6624),
  .UNSPECIFIED.,.F.,.F.,(4,4),(0.,1.),.PIECEWISE_BEZIER_KNOTS.);
#6621 = CARTESIAN_POINT('',(20.526765625,-4.5,-9.7027625));
#6622 = CARTESIAN_POINT('',(20.008858144656,-4.5,-8.731113559063));
#6623 = CARTESIAN_POINT('',(19.365335464375,-4.5,-7.827866667313));
#6624 = CARTESIAN_POINT('',(18.726540625,-4.5,-6.927415625));
#6625 = PCURVE('',#2155,#6626);
#6626 = DEFINITIONAL_REPRESENTATION('',(#6627),#6632);
#6627 = B_SPLINE_CURVE_WITH_KNOTS('',3,(#6628,#6629,#6630,#6631),
  .UNSPECIFIED.,.F.,.F.,(4,4),(0.,1.),.PIECEWISE_BEZIER_KNOTS.);
#6628 = CARTESIAN_POINT('',(-9.7027625,-17.473234375));
#6629 = CARTESIAN_POINT('',(-8.731113559063,-17.99114185534));
#6630 = CARTESIAN_POINT('',(-7.827866667313,-18.63466453562));
#6631 = CARTESIAN_POINT('',(-6.927415625,-19.273459375));
#6632 = ( GEOMETRIC_REPRESENTATION_CONTEXT(2) 
PARAMETRIC_REPRESENTATION_CONTEXT() REPRESENTATION_CONTEXT('2D SPACE',''
  ) );
#6633 = PCURVE('',#2741,#6634);
#6634 = DEFINITIONAL_REPRESENTATION('',(#6635),#6639);
#6635 = LINE('',#6636,#6637);
#6636 = CARTESIAN_POINT('',(0.,0.));
#6637 = VECTOR('',#6638,1.);
#6638 = DIRECTION('',(1.,0.));
#6639 = ( GEOMETRIC_REPRESENTATION_CONTEXT(2) 
PARAMETRIC_REPRESENTATION_CONTEXT() REPRESENTATION_CONTEXT('2D SPACE',''
  ) );
#6640 = ORIENTED_EDGE('',*,*,#6641,.T.);
#6641 = EDGE_CURVE('',#6617,#6642,#6644,.T.);
#6642 = VERTEX_POINT('',#6643);
#6643 = CARTESIAN_POINT('',(17.9014375,-4.5,-3.827028125));
#6644 = SURFACE_CURVE('',#6645,(#6650,#6658),.PCURVE_S1.);
#6645 = B_SPLINE_CURVE_WITH_KNOTS('',3,(#6646,#6647,#6648,#6649),
  .UNSPECIFIED.,.F.,.F.,(4,4),(0.,1.),.PIECEWISE_BEZIER_KNOTS.);
#6646 = CARTESIAN_POINT('',(18.726540625,-4.5,-6.927415625));
#6647 = CARTESIAN_POINT('',(18.184726656719,-4.5,-6.003828191));
#6648 = CARTESIAN_POINT('',(17.688526389438,-4.5,-4.918868838031));
#6649 = CARTESIAN_POINT('',(17.9014375,-4.5,-3.827028125));
#6650 = PCURVE('',#2155,#6651);
#6651 = DEFINITIONAL_REPRESENTATION('',(#6652),#6657);
#6652 = B_SPLINE_CURVE_WITH_KNOTS('',3,(#6653,#6654,#6655,#6656),
  .UNSPECIFIED.,.F.,.F.,(4,4),(0.,1.),.PIECEWISE_BEZIER_KNOTS.);
#6653 = CARTESIAN_POINT('',(-6.927415625,-19.273459375));
#6654 = CARTESIAN_POINT('',(-6.003828191,-19.81527334328));
#6655 = CARTESIAN_POINT('',(-4.918868838031,-20.31147361056));
#6656 = CARTESIAN_POINT('',(-3.827028125,-20.0985625));
#6657 = ( GEOMETRIC_REPRESENTATION_CONTEXT(2) 
PARAMETRIC_REPRESENTATION_CONTEXT() REPRESENTATION_CONTEXT('2D SPACE',''
  ) );
#6658 = PCURVE('',#2710,#6659);
#6659 = DEFINITIONAL_REPRESENTATION('',(#6660),#6664);
#6660 = LINE('',#6661,#6662);
#6661 = CARTESIAN_POINT('',(0.,0.));
#6662 = VECTOR('',#6663,1.);
#6663 = DIRECTION('',(1.,0.));
#6664 = ( GEOMETRIC_REPRESENTATION_CONTEXT(2) 
PARAMETRIC_REPRESENTATION_CONTEXT() REPRESENTATION_CONTEXT('2D SPACE',''
  ) );
#6665 = ORIENTED_EDGE('',*,*,#6666,.T.);
#6666 = EDGE_CURVE('',#6642,#6667,#6669,.T.);
#6667 = VERTEX_POINT('',#6668);
#6668 = CARTESIAN_POINT('',(19.75166875,-4.5,-3.426978125));
#6669 = SURFACE_CURVE('',#6670,(#6675,#6683),.PCURVE_S1.);
#6670 = B_SPLINE_CURVE_WITH_KNOTS('',3,(#6671,#6672,#6673,#6674),
  .UNSPECIFIED.,.F.,.F.,(4,4),(0.,1.),.PIECEWISE_BEZIER_KNOTS.);
#6671 = CARTESIAN_POINT('',(17.9014375,-4.5,-3.827028125));
#6672 = CARTESIAN_POINT('',(18.358799163062,-4.5,-3.400754097406));
#6673 = CARTESIAN_POINT('',(19.150236080313,-4.5,-3.550552069812));
#6674 = CARTESIAN_POINT('',(19.75166875,-4.5,-3.426978125));
#6675 = PCURVE('',#2155,#6676);
#6676 = DEFINITIONAL_REPRESENTATION('',(#6677),#6682);
#6677 = B_SPLINE_CURVE_WITH_KNOTS('',3,(#6678,#6679,#6680,#6681),
  .UNSPECIFIED.,.F.,.F.,(4,4),(0.,1.),.PIECEWISE_BEZIER_KNOTS.);
#6678 = CARTESIAN_POINT('',(-3.827028125,-20.0985625));
#6679 = CARTESIAN_POINT('',(-3.400754097406,-19.64120083693));
#6680 = CARTESIAN_POINT('',(-3.550552069812,-18.84976391968));
#6681 = CARTESIAN_POINT('',(-3.426978125,-18.24833125));
#6682 = ( GEOMETRIC_REPRESENTATION_CONTEXT(2) 
PARAMETRIC_REPRESENTATION_CONTEXT() REPRESENTATION_CONTEXT('2D SPACE',''
  ) );
#6683 = PCURVE('',#2677,#6684);
#6684 = DEFINITIONAL_REPRESENTATION('',(#6685),#6689);
#6685 = LINE('',#6686,#6687);
#6686 = CARTESIAN_POINT('',(0.,0.));
#6687 = VECTOR('',#6688,1.);
#6688 = DIRECTION('',(1.,0.));
#6689 = ( GEOMETRIC_REPRESENTATION_CONTEXT(2) 
PARAMETRIC_REPRESENTATION_CONTEXT() REPRESENTATION_CONTEXT('2D SPACE',''
  ) );
#6690 = ORIENTED_EDGE('',*,*,#6691,.T.);
#6691 = EDGE_CURVE('',#6667,#6692,#6694,.T.);
#6692 = VERTEX_POINT('',#6693);
#6693 = CARTESIAN_POINT('',(24.45225625,-4.5,-3.627003125));
#6694 = SURFACE_CURVE('',#6695,(#6700,#6708),.PCURVE_S1.);
#6695 = B_SPLINE_CURVE_WITH_KNOTS('',3,(#6696,#6697,#6698,#6699),
  .UNSPECIFIED.,.F.,.F.,(4,4),(0.,1.),.PIECEWISE_BEZIER_KNOTS.);
#6696 = CARTESIAN_POINT('',(19.75166875,-4.5,-3.426978125));
#6697 = CARTESIAN_POINT('',(21.320267050281,-4.5,-3.317612956063));
#6698 = CARTESIAN_POINT('',(22.906846597938,-4.5,-3.395422931094));
#6699 = CARTESIAN_POINT('',(24.45225625,-4.5,-3.627003125));
#6700 = PCURVE('',#2155,#6701);
#6701 = DEFINITIONAL_REPRESENTATION('',(#6702),#6707);
#6702 = B_SPLINE_CURVE_WITH_KNOTS('',3,(#6703,#6704,#6705,#6706),
  .UNSPECIFIED.,.F.,.F.,(4,4),(0.,1.),.PIECEWISE_BEZIER_KNOTS.);
#6703 = CARTESIAN_POINT('',(-3.426978125,-18.24833125));
#6704 = CARTESIAN_POINT('',(-3.317612956063,-16.67973294971));
#6705 = CARTESIAN_POINT('',(-3.395422931094,-15.09315340206));
#6706 = CARTESIAN_POINT('',(-3.627003125,-13.54774375));
#6707 = ( GEOMETRIC_REPRESENTATION_CONTEXT(2) 
PARAMETRIC_REPRESENTATION_CONTEXT() REPRESENTATION_CONTEXT('2D SPACE',''
  ) );
#6708 = PCURVE('',#2644,#6709);
#6709 = DEFINITIONAL_REPRESENTATION('',(#6710),#6714);
#6710 = LINE('',#6711,#6712);
#6711 = CARTESIAN_POINT('',(0.,0.));
#6712 = VECTOR('',#6713,1.);
#6713 = DIRECTION('',(1.,0.));
#6714 = ( GEOMETRIC_REPRESENTATION_CONTEXT(2) 
PARAMETRIC_REPRESENTATION_CONTEXT() REPRESENTATION_CONTEXT('2D SPACE',''
  ) );
#6715 = ORIENTED_EDGE('',*,*,#6716,.T.);
#6716 = EDGE_CURVE('',#6692,#6717,#6719,.T.);
#6717 = VERTEX_POINT('',#6718);
#6718 = CARTESIAN_POINT('',(27.65265625,-4.5,-4.202075));
#6719 = SURFACE_CURVE('',#6720,(#6725,#6733),.PCURVE_S1.);
#6720 = B_SPLINE_CURVE_WITH_KNOTS('',3,(#6721,#6722,#6723,#6724),
  .UNSPECIFIED.,.F.,.F.,(4,4),(0.,1.),.PIECEWISE_BEZIER_KNOTS.);
#6721 = CARTESIAN_POINT('',(24.45225625,-4.5,-3.627003125));
#6722 = CARTESIAN_POINT('',(25.526470760031,-4.5,-3.75846555575));
#6723 = CARTESIAN_POINT('',(26.592389483219,-4.5,-3.957313908687));
#6724 = CARTESIAN_POINT('',(27.65265625,-4.5,-4.202075));
#6725 = PCURVE('',#2155,#6726);
#6726 = DEFINITIONAL_REPRESENTATION('',(#6727),#6732);
#6727 = B_SPLINE_CURVE_WITH_KNOTS('',3,(#6728,#6729,#6730,#6731),
  .UNSPECIFIED.,.F.,.F.,(4,4),(0.,1.),.PIECEWISE_BEZIER_KNOTS.);
#6728 = CARTESIAN_POINT('',(-3.627003125,-13.54774375));
#6729 = CARTESIAN_POINT('',(-3.75846555575,-12.47352923996));
#6730 = CARTESIAN_POINT('',(-3.957313908687,-11.40761051678));
#6731 = CARTESIAN_POINT('',(-4.202075,-10.34734375));
#6732 = ( GEOMETRIC_REPRESENTATION_CONTEXT(2) 
PARAMETRIC_REPRESENTATION_CONTEXT() REPRESENTATION_CONTEXT('2D SPACE',''
  ) );
#6733 = PCURVE('',#2611,#6734);
#6734 = DEFINITIONAL_REPRESENTATION('',(#6735),#6739);
#6735 = LINE('',#6736,#6737);
#6736 = CARTESIAN_POINT('',(0.,0.));
#6737 = VECTOR('',#6738,1.);
#6738 = DIRECTION('',(1.,0.));
#6739 = ( GEOMETRIC_REPRESENTATION_CONTEXT(2) 
PARAMETRIC_REPRESENTATION_CONTEXT() REPRESENTATION_CONTEXT('2D SPACE',''
  ) );
#6740 = ORIENTED_EDGE('',*,*,#6741,.T.);
#6741 = EDGE_CURVE('',#6717,#6742,#6744,.T.);
#6742 = VERTEX_POINT('',#6743);
#6743 = CARTESIAN_POINT('',(29.002825,-4.5,-3.75201875));
#6744 = SURFACE_CURVE('',#6745,(#6750,#6758),.PCURVE_S1.);
#6745 = B_SPLINE_CURVE_WITH_KNOTS('',3,(#6746,#6747,#6748,#6749),
  .UNSPECIFIED.,.F.,.F.,(4,4),(0.,1.),.PIECEWISE_BEZIER_KNOTS.);
#6746 = CARTESIAN_POINT('',(27.65265625,-4.5,-4.202075));
#6747 = CARTESIAN_POINT('',(28.183256066688,-4.5,-4.589834713906));
#6748 = CARTESIAN_POINT('',(29.119320810156,-4.5,-4.677269391875));
#6749 = CARTESIAN_POINT('',(29.002825,-4.5,-3.75201875));
#6750 = PCURVE('',#2155,#6751);
#6751 = DEFINITIONAL_REPRESENTATION('',(#6752),#6757);
#6752 = B_SPLINE_CURVE_WITH_KNOTS('',3,(#6753,#6754,#6755,#6756),
  .UNSPECIFIED.,.F.,.F.,(4,4),(0.,1.),.PIECEWISE_BEZIER_KNOTS.);
#6753 = CARTESIAN_POINT('',(-4.202075,-10.34734375));
#6754 = CARTESIAN_POINT('',(-4.589834713906,-9.816743933312));
#6755 = CARTESIAN_POINT('',(-4.677269391875,-8.880679189844));
#6756 = CARTESIAN_POINT('',(-3.75201875,-8.997175));
#6757 = ( GEOMETRIC_REPRESENTATION_CONTEXT(2) 
PARAMETRIC_REPRESENTATION_CONTEXT() REPRESENTATION_CONTEXT('2D SPACE',''
  ) );
#6758 = PCURVE('',#2578,#6759);
#6759 = DEFINITIONAL_REPRESENTATION('',(#6760),#6764);
#6760 = LINE('',#6761,#6762);
#6761 = CARTESIAN_POINT('',(0.,0.));
#6762 = VECTOR('',#6763,1.);
#6763 = DIRECTION('',(1.,0.));
#6764 = ( GEOMETRIC_REPRESENTATION_CONTEXT(2) 
PARAMETRIC_REPRESENTATION_CONTEXT() REPRESENTATION_CONTEXT('2D SPACE',''
  ) );
#6765 = ORIENTED_EDGE('',*,*,#6766,.T.);
#6766 = EDGE_CURVE('',#6742,#6767,#6769,.T.);
#6767 = VERTEX_POINT('',#6768);
#6768 = CARTESIAN_POINT('',(27.35261875,-4.5,-1.026678125));
#6769 = SURFACE_CURVE('',#6770,(#6775,#6783),.PCURVE_S1.);
#6770 = B_SPLINE_CURVE_WITH_KNOTS('',3,(#6771,#6772,#6773,#6774),
  .UNSPECIFIED.,.F.,.F.,(4,4),(0.,1.),.PIECEWISE_BEZIER_KNOTS.);
#6771 = CARTESIAN_POINT('',(29.002825,-4.5,-3.75201875));
#6772 = CARTESIAN_POINT('',(28.971438827219,-4.5,-2.623796739875));
#6773 = CARTESIAN_POINT('',(28.213783382125,-4.5,-1.686463587875));
#6774 = CARTESIAN_POINT('',(27.35261875,-4.5,-1.026678125));
#6775 = PCURVE('',#2155,#6776);
#6776 = DEFINITIONAL_REPRESENTATION('',(#6777),#6782);
#6777 = B_SPLINE_CURVE_WITH_KNOTS('',3,(#6778,#6779,#6780,#6781),
  .UNSPECIFIED.,.F.,.F.,(4,4),(0.,1.),.PIECEWISE_BEZIER_KNOTS.);
#6778 = CARTESIAN_POINT('',(-3.75201875,-8.997175));
#6779 = CARTESIAN_POINT('',(-2.623796739875,-9.028561172781));
#6780 = CARTESIAN_POINT('',(-1.686463587875,-9.786216617875));
#6781 = CARTESIAN_POINT('',(-1.026678125,-10.64738125));
#6782 = ( GEOMETRIC_REPRESENTATION_CONTEXT(2) 
PARAMETRIC_REPRESENTATION_CONTEXT() REPRESENTATION_CONTEXT('2D SPACE',''
  ) );
#6783 = PCURVE('',#2545,#6784);
#6784 = DEFINITIONAL_REPRESENTATION('',(#6785),#6789);
#6785 = LINE('',#6786,#6787);
#6786 = CARTESIAN_POINT('',(0.,0.));
#6787 = VECTOR('',#6788,1.);
#6788 = DIRECTION('',(1.,0.));
#6789 = ( GEOMETRIC_REPRESENTATION_CONTEXT(2) 
PARAMETRIC_REPRESENTATION_CONTEXT() REPRESENTATION_CONTEXT('2D SPACE',''
  ) );
#6790 = ORIENTED_EDGE('',*,*,#6791,.T.);
#6791 = EDGE_CURVE('',#6767,#6792,#6794,.T.);
#6792 = VERTEX_POINT('',#6793);
#6793 = CARTESIAN_POINT('',(24.227228125,-4.5,2.723790625));
#6794 = SURFACE_CURVE('',#6795,(#6800,#6808),.PCURVE_S1.);
#6795 = B_SPLINE_CURVE_WITH_KNOTS('',3,(#6796,#6797,#6798,#6799),
  .UNSPECIFIED.,.F.,.F.,(4,4),(0.,1.),.PIECEWISE_BEZIER_KNOTS.);
#6796 = CARTESIAN_POINT('',(27.35261875,-4.5,-1.026678125));
#6797 = CARTESIAN_POINT('',(26.120927807875,-4.5,4.618721640625E-02));
#6798 = CARTESIAN_POINT('',(25.066708546938,-4.5,1.326986546313));
#6799 = CARTESIAN_POINT('',(24.227228125,-4.5,2.723790625));
#6800 = PCURVE('',#2155,#6801);
#6801 = DEFINITIONAL_REPRESENTATION('',(#6802),#6807);
#6802 = B_SPLINE_CURVE_WITH_KNOTS('',3,(#6803,#6804,#6805,#6806),
  .UNSPECIFIED.,.F.,.F.,(4,4),(0.,1.),.PIECEWISE_BEZIER_KNOTS.);
#6803 = CARTESIAN_POINT('',(-1.026678125,-10.64738125));
#6804 = CARTESIAN_POINT('',(4.618721640625E-02,-11.87907219212));
#6805 = CARTESIAN_POINT('',(1.326986546313,-12.93329145306));
#6806 = CARTESIAN_POINT('',(2.723790625,-13.772771875));
#6807 = ( GEOMETRIC_REPRESENTATION_CONTEXT(2) 
PARAMETRIC_REPRESENTATION_CONTEXT() REPRESENTATION_CONTEXT('2D SPACE',''
  ) );
#6808 = PCURVE('',#2512,#6809);
#6809 = DEFINITIONAL_REPRESENTATION('',(#6810),#6814);
#6810 = LINE('',#6811,#6812);
#6811 = CARTESIAN_POINT('',(0.,0.));
#6812 = VECTOR('',#6813,1.);
#6813 = DIRECTION('',(1.,0.));
#6814 = ( GEOMETRIC_REPRESENTATION_CONTEXT(2) 
PARAMETRIC_REPRESENTATION_CONTEXT() REPRESENTATION_CONTEXT('2D SPACE',''
  ) );
#6815 = ORIENTED_EDGE('',*,*,#6816,.T.);
#6816 = EDGE_CURVE('',#6792,#6817,#6819,.T.);
#6817 = VERTEX_POINT('',#6818);
#6818 = CARTESIAN_POINT('',(23.927190625,-4.5,4.424003125));
#6819 = SURFACE_CURVE('',#6820,(#6825,#6833),.PCURVE_S1.);
#6820 = B_SPLINE_CURVE_WITH_KNOTS('',3,(#6821,#6822,#6823,#6824),
  .UNSPECIFIED.,.F.,.F.,(4,4),(0.,1.),.PIECEWISE_BEZIER_KNOTS.);
#6821 = CARTESIAN_POINT('',(24.227228125,-4.5,2.723790625));
#6822 = CARTESIAN_POINT('',(24.145048103781,-4.5,3.293556836875));
#6823 = CARTESIAN_POINT('',(24.212367017594,-4.5,3.895764103375));
#6824 = CARTESIAN_POINT('',(23.927190625,-4.5,4.424003125));
#6825 = PCURVE('',#2155,#6826);
#6826 = DEFINITIONAL_REPRESENTATION('',(#6827),#6832);
#6827 = B_SPLINE_CURVE_WITH_KNOTS('',3,(#6828,#6829,#6830,#6831),
  .UNSPECIFIED.,.F.,.F.,(4,4),(0.,1.),.PIECEWISE_BEZIER_KNOTS.);
#6828 = CARTESIAN_POINT('',(2.723790625,-13.772771875));
#6829 = CARTESIAN_POINT('',(3.293556836875,-13.85495189621));
#6830 = CARTESIAN_POINT('',(3.895764103375,-13.7876329824));
#6831 = CARTESIAN_POINT('',(4.424003125,-14.072809375));
#6832 = ( GEOMETRIC_REPRESENTATION_CONTEXT(2) 
PARAMETRIC_REPRESENTATION_CONTEXT() REPRESENTATION_CONTEXT('2D SPACE',''
  ) );
#6833 = PCURVE('',#2479,#6834);
#6834 = DEFINITIONAL_REPRESENTATION('',(#6835),#6839);
#6835 = LINE('',#6836,#6837);
#6836 = CARTESIAN_POINT('',(0.,0.));
#6837 = VECTOR('',#6838,1.);
#6838 = DIRECTION('',(1.,0.));
#6839 = ( GEOMETRIC_REPRESENTATION_CONTEXT(2) 
PARAMETRIC_REPRESENTATION_CONTEXT() REPRESENTATION_CONTEXT('2D SPACE',''
  ) );
#6840 = ORIENTED_EDGE('',*,*,#6841,.T.);
#6841 = EDGE_CURVE('',#6817,#2341,#6842,.T.);
#6842 = SURFACE_CURVE('',#6843,(#6848,#6856),.PCURVE_S1.);
#6843 = B_SPLINE_CURVE_WITH_KNOTS('',3,(#6844,#6845,#6846,#6847),
  .UNSPECIFIED.,.F.,.F.,(4,4),(0.,1.),.PIECEWISE_BEZIER_KNOTS.);
#6844 = CARTESIAN_POINT('',(23.927190625,-4.5,4.424003125));
#6845 = CARTESIAN_POINT('',(23.1901425055,-4.5,6.384418646313));
#6846 = CARTESIAN_POINT('',(21.299605467906,-4.5,7.717804548719));
#6847 = CARTESIAN_POINT('',(19.3016125,-4.5,8.14946875));
#6848 = PCURVE('',#2155,#6849);
#6849 = DEFINITIONAL_REPRESENTATION('',(#6850),#6855);
#6850 = B_SPLINE_CURVE_WITH_KNOTS('',3,(#6851,#6852,#6853,#6854),
  .UNSPECIFIED.,.F.,.F.,(4,4),(0.,1.),.PIECEWISE_BEZIER_KNOTS.);
#6851 = CARTESIAN_POINT('',(4.424003125,-14.072809375));
#6852 = CARTESIAN_POINT('',(6.384418646313,-14.8098574945));
#6853 = CARTESIAN_POINT('',(7.717804548719,-16.70039453209));
#6854 = CARTESIAN_POINT('',(8.14946875,-18.6983875));
#6855 = ( GEOMETRIC_REPRESENTATION_CONTEXT(2) 
PARAMETRIC_REPRESENTATION_CONTEXT() REPRESENTATION_CONTEXT('2D SPACE',''
  ) );
#6856 = PCURVE('',#2381,#6857);
#6857 = DEFINITIONAL_REPRESENTATION('',(#6858),#6862);
#6858 = LINE('',#6859,#6860);
#6859 = CARTESIAN_POINT('',(0.,0.));
#6860 = VECTOR('',#6861,1.);
#6861 = DIRECTION('',(1.,0.));
#6862 = ( GEOMETRIC_REPRESENTATION_CONTEXT(2) 
PARAMETRIC_REPRESENTATION_CONTEXT() REPRESENTATION_CONTEXT('2D SPACE',''
  ) );
#6863 = ORIENTED_EDGE('',*,*,#2340,.F.);
#6864 = ORIENTED_EDGE('',*,*,#2138,.F.);
#6865 = FACE_BOUND('',#6866,.F.);
#6866 = EDGE_LOOP('',(#6867));
#6867 = ORIENTED_EDGE('',*,*,#6868,.T.);
#6868 = EDGE_CURVE('',#6869,#6869,#6871,.T.);
#6869 = VERTEX_POINT('',#6870);
#6870 = CARTESIAN_POINT('',(81.25,-4.5,1.665334536938E-15));
#6871 = SURFACE_CURVE('',#6872,(#6877,#6888),.PCURVE_S1.);
#6872 = CIRCLE('',#6873,5.25);
#6873 = AXIS2_PLACEMENT_3D('',#6874,#6875,#6876);
#6874 = CARTESIAN_POINT('',(76.,-4.5,1.32773237045E-15));
#6875 = DIRECTION('',(0.,-1.,3.369330926125E-16));
#6876 = DIRECTION('',(1.,0.,0.));
#6877 = PCURVE('',#2155,#6878);
#6878 = DEFINITIONAL_REPRESENTATION('',(#6879),#6887);
#6879 = ( BOUNDED_CURVE() B_SPLINE_CURVE(2,(#6880,#6881,#6882,#6883,
#6884,#6885,#6886),.UNSPECIFIED.,.T.,.F.) B_SPLINE_CURVE_WITH_KNOTS((1,2
    ,2,2,2,1),(-2.094395102393,0.,2.094395102393,4.188790204786,
6.28318530718,8.377580409573),.UNSPECIFIED.) CURVE() 
GEOMETRIC_REPRESENTATION_ITEM() RATIONAL_B_SPLINE_CURVE((1.,0.5,1.,0.5,
1.,0.5,1.)) REPRESENTATION_ITEM('') );
#6880 = CARTESIAN_POINT('',(2.6645352591E-15,43.25));
#6881 = CARTESIAN_POINT('',(9.093266739737,43.25));
#6882 = CARTESIAN_POINT('',(4.546633369868,35.375));
#6883 = CARTESIAN_POINT('',(3.950414398205E-15,27.5));
#6884 = CARTESIAN_POINT('',(-4.546633369868,35.375));
#6885 = CARTESIAN_POINT('',(-9.093266739737,43.25));
#6886 = CARTESIAN_POINT('',(2.6645352591E-15,43.25));
#6887 = ( GEOMETRIC_REPRESENTATION_CONTEXT(2) 
PARAMETRIC_REPRESENTATION_CONTEXT() REPRESENTATION_CONTEXT('2D SPACE',''
  ) );
#6888 = PCURVE('',#2322,#6889);
#6889 = DEFINITIONAL_REPRESENTATION('',(#6890),#6894);
#6890 = LINE('',#6891,#6892);
#6891 = CARTESIAN_POINT('',(0.,0.2));
#6892 = VECTOR('',#6893,1.);
#6893 = DIRECTION('',(1.,0.));
#6894 = ( GEOMETRIC_REPRESENTATION_CONTEXT(2) 
PARAMETRIC_REPRESENTATION_CONTEXT() REPRESENTATION_CONTEXT('2D SPACE',''
  ) );
#6895 = ADVANCED_FACE('',(#6896),#2212,.T.);
#6896 = FACE_BOUND('',#6897,.F.);
#6897 = EDGE_LOOP('',(#6898,#6899,#6925,#6926));
#6898 = ORIENTED_EDGE('',*,*,#6086,.F.);
#6899 = ORIENTED_EDGE('',*,*,#6900,.T.);
#6900 = EDGE_CURVE('',#6059,#6484,#6901,.T.);
#6901 = SURFACE_CURVE('',#6902,(#6907,#6914),.PCURVE_S1.);
#6902 = CIRCLE('',#6903,7.3);
#6903 = AXIS2_PLACEMENT_3D('',#6904,#6905,#6906);
#6904 = CARTESIAN_POINT('',(0.,-4.5,1.32773237045E-15));
#6905 = DIRECTION('',(-1.094764425254E-47,-1.,3.369330926125E-16));
#6906 = DIRECTION('',(-1.6E-16,3.369330926125E-16,1.));
#6907 = PCURVE('',#2212,#6908);
#6908 = DEFINITIONAL_REPRESENTATION('',(#6909),#6913);
#6909 = LINE('',#6910,#6911);
#6910 = CARTESIAN_POINT('',(-0.,-0.2));
#6911 = VECTOR('',#6912,1.);
#6912 = DIRECTION('',(-1.,0.));
#6913 = ( GEOMETRIC_REPRESENTATION_CONTEXT(2) 
PARAMETRIC_REPRESENTATION_CONTEXT() REPRESENTATION_CONTEXT('2D SPACE',''
  ) );
#6914 = PCURVE('',#6074,#6915);
#6915 = DEFINITIONAL_REPRESENTATION('',(#6916),#6924);
#6916 = ( BOUNDED_CURVE() B_SPLINE_CURVE(2,(#6917,#6918,#6919,#6920,
#6921,#6922,#6923),.UNSPECIFIED.,.T.,.F.) B_SPLINE_CURVE_WITH_KNOTS((1,2
    ,2,2,2,1),(-2.094395102393,0.,2.094395102393,4.188790204786,
6.28318530718,8.377580409573),.UNSPECIFIED.) CURVE() 
GEOMETRIC_REPRESENTATION_ITEM() RATIONAL_B_SPLINE_CURVE((1.,0.5,1.,0.5,
1.,0.5,1.)) REPRESENTATION_ITEM('') );
#6917 = CARTESIAN_POINT('',(7.3,-38.));
#6918 = CARTESIAN_POINT('',(7.3,-50.64397089525));
#6919 = CARTESIAN_POINT('',(-3.65,-44.32198544762));
#6920 = CARTESIAN_POINT('',(-14.6,-38.));
#6921 = CARTESIAN_POINT('',(-3.65,-31.67801455237));
#6922 = CARTESIAN_POINT('',(7.3,-25.35602910474));
#6923 = CARTESIAN_POINT('',(7.3,-38.));
#6924 = ( GEOMETRIC_REPRESENTATION_CONTEXT(2) 
PARAMETRIC_REPRESENTATION_CONTEXT() REPRESENTATION_CONTEXT('2D SPACE',''
  ) );
#6925 = ORIENTED_EDGE('',*,*,#6483,.T.);
#6926 = ORIENTED_EDGE('',*,*,#2197,.F.);
#6927 = ADVANCED_FACE('',(#6928),#2267,.F.);
#6928 = FACE_BOUND('',#6929,.T.);
#6929 = EDGE_LOOP('',(#6930,#6953,#6979,#6980));
#6930 = ORIENTED_EDGE('',*,*,#6931,.F.);
#6931 = EDGE_CURVE('',#6932,#2230,#6934,.T.);
#6932 = VERTEX_POINT('',#6933);
#6933 = CARTESIAN_POINT('',(5.25,-4.5,1.665334536938E-15));
#6934 = SEAM_CURVE('',#6935,(#6939,#6946),.PCURVE_S1.);
#6935 = LINE('',#6936,#6937);
#6936 = CARTESIAN_POINT('',(5.05,-4.3,1.264345751927E-15));
#6937 = VECTOR('',#6938,1.);
#6938 = DIRECTION('',(-0.707106781187,0.707106781187,-2.344861311974E-16
    ));
#6939 = PCURVE('',#2267,#6940);
#6940 = DEFINITIONAL_REPRESENTATION('',(#6941),#6945);
#6941 = LINE('',#6942,#6943);
#6942 = CARTESIAN_POINT('',(0.,-0.));
#6943 = VECTOR('',#6944,1.);
#6944 = DIRECTION('',(0.,-1.));
#6945 = ( GEOMETRIC_REPRESENTATION_CONTEXT(2) 
PARAMETRIC_REPRESENTATION_CONTEXT() REPRESENTATION_CONTEXT('2D SPACE',''
  ) );
#6946 = PCURVE('',#2267,#6947);
#6947 = DEFINITIONAL_REPRESENTATION('',(#6948),#6952);
#6948 = LINE('',#6949,#6950);
#6949 = CARTESIAN_POINT('',(6.28318530718,-0.));
#6950 = VECTOR('',#6951,1.);
#6951 = DIRECTION('',(0.,-1.));
#6952 = ( GEOMETRIC_REPRESENTATION_CONTEXT(2) 
PARAMETRIC_REPRESENTATION_CONTEXT() REPRESENTATION_CONTEXT('2D SPACE',''
  ) );
#6953 = ORIENTED_EDGE('',*,*,#6954,.T.);
#6954 = EDGE_CURVE('',#6932,#6932,#6955,.T.);
#6955 = SURFACE_CURVE('',#6956,(#6961,#6968),.PCURVE_S1.);
#6956 = CIRCLE('',#6957,5.25);
#6957 = AXIS2_PLACEMENT_3D('',#6958,#6959,#6960);
#6958 = CARTESIAN_POINT('',(0.,-4.5,1.32773237045E-15));
#6959 = DIRECTION('',(0.,-1.,3.369330926125E-16));
#6960 = DIRECTION('',(1.,0.,0.));
#6961 = PCURVE('',#2267,#6962);
#6962 = DEFINITIONAL_REPRESENTATION('',(#6963),#6967);
#6963 = LINE('',#6964,#6965);
#6964 = CARTESIAN_POINT('',(-0.,0.2));
#6965 = VECTOR('',#6966,1.);
#6966 = DIRECTION('',(1.,-0.));
#6967 = ( GEOMETRIC_REPRESENTATION_CONTEXT(2) 
PARAMETRIC_REPRESENTATION_CONTEXT() REPRESENTATION_CONTEXT('2D SPACE',''
  ) );
#6968 = PCURVE('',#6074,#6969);
#6969 = DEFINITIONAL_REPRESENTATION('',(#6970),#6978);
#6970 = ( BOUNDED_CURVE() B_SPLINE_CURVE(2,(#6971,#6972,#6973,#6974,
#6975,#6976,#6977),.UNSPECIFIED.,.T.,.F.) B_SPLINE_CURVE_WITH_KNOTS((1,2
    ,2,2,2,1),(-2.094395102393,0.,2.094395102393,4.188790204786,
6.28318530718,8.377580409573),.UNSPECIFIED.) CURVE() 
GEOMETRIC_REPRESENTATION_ITEM() RATIONAL_B_SPLINE_CURVE((1.,0.5,1.,0.5,
1.,0.5,1.)) REPRESENTATION_ITEM('') );
#6971 = CARTESIAN_POINT('',(2.6645352591E-15,-32.75));
#6972 = CARTESIAN_POINT('',(9.093266739737,-32.75));
#6973 = CARTESIAN_POINT('',(4.546633369868,-40.625));
#6974 = CARTESIAN_POINT('',(3.950414398205E-15,-48.5));
#6975 = CARTESIAN_POINT('',(-4.546633369868,-40.625));
#6976 = CARTESIAN_POINT('',(-9.093266739737,-32.75));
#6977 = CARTESIAN_POINT('',(2.6645352591E-15,-32.75));
#6978 = ( GEOMETRIC_REPRESENTATION_CONTEXT(2) 
PARAMETRIC_REPRESENTATION_CONTEXT() REPRESENTATION_CONTEXT('2D SPACE',''
  ) );
#6979 = ORIENTED_EDGE('',*,*,#6931,.T.);
#6980 = ORIENTED_EDGE('',*,*,#2252,.F.);
#6981 = ADVANCED_FACE('',(#6982),#2322,.F.);
#6982 = FACE_BOUND('',#6983,.F.);
#6983 = EDGE_LOOP('',(#6984,#7005,#7006,#7007));
#6984 = ORIENTED_EDGE('',*,*,#6985,.F.);
#6985 = EDGE_CURVE('',#2285,#6869,#6986,.T.);
#6986 = SEAM_CURVE('',#6987,(#6991,#6998),.PCURVE_S1.);
#6987 = LINE('',#6988,#6989);
#6988 = CARTESIAN_POINT('',(81.05,-4.3,1.264345751927E-15));
#6989 = VECTOR('',#6990,1.);
#6990 = DIRECTION('',(0.707106781187,-0.707106781187,2.344861311974E-16)
  );
#6991 = PCURVE('',#2322,#6992);
#6992 = DEFINITIONAL_REPRESENTATION('',(#6993),#6997);
#6993 = LINE('',#6994,#6995);
#6994 = CARTESIAN_POINT('',(0.,0.));
#6995 = VECTOR('',#6996,1.);
#6996 = DIRECTION('',(0.,1.));
#6997 = ( GEOMETRIC_REPRESENTATION_CONTEXT(2) 
PARAMETRIC_REPRESENTATION_CONTEXT() REPRESENTATION_CONTEXT('2D SPACE',''
  ) );
#6998 = PCURVE('',#2322,#6999);
#6999 = DEFINITIONAL_REPRESENTATION('',(#7000),#7004);
#7000 = LINE('',#7001,#7002);
#7001 = CARTESIAN_POINT('',(6.28318530718,0.));
#7002 = VECTOR('',#7003,1.);
#7003 = DIRECTION('',(0.,1.));
#7004 = ( GEOMETRIC_REPRESENTATION_CONTEXT(2) 
PARAMETRIC_REPRESENTATION_CONTEXT() REPRESENTATION_CONTEXT('2D SPACE',''
  ) );
#7005 = ORIENTED_EDGE('',*,*,#2307,.T.);
#7006 = ORIENTED_EDGE('',*,*,#6985,.T.);
#7007 = ORIENTED_EDGE('',*,*,#6868,.F.);
#7008 = ADVANCED_FACE('',(#7009),#2381,.F.);
#7009 = FACE_BOUND('',#7010,.F.);
#7010 = EDGE_LOOP('',(#7011,#7012,#7033,#7034));
#7011 = ORIENTED_EDGE('',*,*,#6841,.F.);
#7012 = ORIENTED_EDGE('',*,*,#7013,.T.);
#7013 = EDGE_CURVE('',#6817,#2437,#7014,.T.);
#7014 = SURFACE_CURVE('',#7015,(#7019,#7026),.PCURVE_S1.);
#7015 = LINE('',#7016,#7017);
#7016 = CARTESIAN_POINT('',(23.927190625,-4.5,4.424003125));
#7017 = VECTOR('',#7018,1.);
#7018 = DIRECTION('',(0.,1.,2.230669073875E-16));
#7019 = PCURVE('',#2381,#7020);
#7020 = DEFINITIONAL_REPRESENTATION('',(#7021),#7025);
#7021 = LINE('',#7022,#7023);
#7022 = CARTESIAN_POINT('',(0.,0.));
#7023 = VECTOR('',#7024,1.);
#7024 = DIRECTION('',(0.,-1.));
#7025 = ( GEOMETRIC_REPRESENTATION_CONTEXT(2) 
PARAMETRIC_REPRESENTATION_CONTEXT() REPRESENTATION_CONTEXT('2D SPACE',''
  ) );
#7026 = PCURVE('',#2479,#7027);
#7027 = DEFINITIONAL_REPRESENTATION('',(#7028),#7032);
#7028 = LINE('',#7029,#7030);
#7029 = CARTESIAN_POINT('',(1.,0.));
#7030 = VECTOR('',#7031,1.);
#7031 = DIRECTION('',(0.,-1.));
#7032 = ( GEOMETRIC_REPRESENTATION_CONTEXT(2) 
PARAMETRIC_REPRESENTATION_CONTEXT() REPRESENTATION_CONTEXT('2D SPACE',''
  ) );
#7033 = ORIENTED_EDGE('',*,*,#2436,.T.);
#7034 = ORIENTED_EDGE('',*,*,#2363,.T.);
#7035 = ADVANCED_FACE('',(#7036),#2420,.F.);
#7036 = FACE_BOUND('',#7037,.F.);
#7037 = EDGE_LOOP('',(#7038,#7063,#7064,#7065));
#7038 = ORIENTED_EDGE('',*,*,#7039,.F.);
#7039 = EDGE_CURVE('',#6030,#7040,#7042,.T.);
#7040 = VERTEX_POINT('',#7041);
#7041 = CARTESIAN_POINT('',(13.15084375,-4.5,7.224353125));
#7042 = SURFACE_CURVE('',#7043,(#7048,#7055),.PCURVE_S1.);
#7043 = B_SPLINE_CURVE_WITH_KNOTS('',3,(#7044,#7045,#7046,#7047),
  .UNSPECIFIED.,.F.,.F.,(4,4),(0.,1.),.PIECEWISE_BEZIER_KNOTS.);
#7044 = CARTESIAN_POINT('',(16.45125625,-4.5,8.3995));
#7045 = CARTESIAN_POINT('',(15.277486047063,-4.5,8.298582136844));
#7046 = CARTESIAN_POINT('',(14.105168525688,-4.5,7.937931561156));
#7047 = CARTESIAN_POINT('',(13.15084375,-4.5,7.224353125));
#7048 = PCURVE('',#2420,#7049);
#7049 = DEFINITIONAL_REPRESENTATION('',(#7050),#7054);
#7050 = LINE('',#7051,#7052);
#7051 = CARTESIAN_POINT('',(0.,0.));
#7052 = VECTOR('',#7053,1.);
#7053 = DIRECTION('',(1.,0.));
#7054 = ( GEOMETRIC_REPRESENTATION_CONTEXT(2) 
PARAMETRIC_REPRESENTATION_CONTEXT() REPRESENTATION_CONTEXT('2D SPACE',''
  ) );
#7055 = PCURVE('',#6074,#7056);
#7056 = DEFINITIONAL_REPRESENTATION('',(#7057),#7062);
#7057 = B_SPLINE_CURVE_WITH_KNOTS('',3,(#7058,#7059,#7060,#7061),
  .UNSPECIFIED.,.F.,.F.,(4,4),(0.,1.),.PIECEWISE_BEZIER_KNOTS.);
#7058 = CARTESIAN_POINT('',(8.3995,-21.54874375));
#7059 = CARTESIAN_POINT('',(8.298582136844,-22.72251395293));
#7060 = CARTESIAN_POINT('',(7.937931561156,-23.89483147431));
#7061 = CARTESIAN_POINT('',(7.224353125,-24.84915625));
#7062 = ( GEOMETRIC_REPRESENTATION_CONTEXT(2) 
PARAMETRIC_REPRESENTATION_CONTEXT() REPRESENTATION_CONTEXT('2D SPACE',''
  ) );
#7063 = ORIENTED_EDGE('',*,*,#6029,.F.);
#7064 = ORIENTED_EDGE('',*,*,#2402,.T.);
#7065 = ORIENTED_EDGE('',*,*,#7066,.F.);
#7066 = EDGE_CURVE('',#7040,#2403,#7067,.T.);
#7067 = SURFACE_CURVE('',#7068,(#7072,#7079),.PCURVE_S1.);
#7068 = LINE('',#7069,#7070);
#7069 = CARTESIAN_POINT('',(13.15084375,-4.5,7.224353125));
#7070 = VECTOR('',#7071,1.);
#7071 = DIRECTION('',(0.,1.,2.230669073875E-16));
#7072 = PCURVE('',#2420,#7073);
#7073 = DEFINITIONAL_REPRESENTATION('',(#7074),#7078);
#7074 = LINE('',#7075,#7076);
#7075 = CARTESIAN_POINT('',(1.,0.));
#7076 = VECTOR('',#7077,1.);
#7077 = DIRECTION('',(0.,-1.));
#7078 = ( GEOMETRIC_REPRESENTATION_CONTEXT(2) 
PARAMETRIC_REPRESENTATION_CONTEXT() REPRESENTATION_CONTEXT('2D SPACE',''
  ) );
#7079 = PCURVE('',#2839,#7080);
#7080 = DEFINITIONAL_REPRESENTATION('',(#7081),#7085);
#7081 = LINE('',#7082,#7083);
#7082 = CARTESIAN_POINT('',(0.,0.));
#7083 = VECTOR('',#7084,1.);
#7084 = DIRECTION('',(0.,-1.));
#7085 = ( GEOMETRIC_REPRESENTATION_CONTEXT(2) 
PARAMETRIC_REPRESENTATION_CONTEXT() REPRESENTATION_CONTEXT('2D SPACE',''
  ) );
#7086 = ADVANCED_FACE('',(#7087),#2839,.F.);
#7087 = FACE_BOUND('',#7088,.F.);
#7088 = EDGE_LOOP('',(#7089,#7090,#7091,#7114));
#7089 = ORIENTED_EDGE('',*,*,#7066,.T.);
#7090 = ORIENTED_EDGE('',*,*,#2823,.T.);
#7091 = ORIENTED_EDGE('',*,*,#7092,.F.);
#7092 = EDGE_CURVE('',#7093,#2791,#7095,.T.);
#7093 = VERTEX_POINT('',#7094);
#7094 = CARTESIAN_POINT('',(9.35036875,-4.5,1.24860625));
#7095 = SURFACE_CURVE('',#7096,(#7100,#7107),.PCURVE_S1.);
#7096 = LINE('',#7097,#7098);
#7097 = CARTESIAN_POINT('',(9.35036875,-4.5,1.24860625));
#7098 = VECTOR('',#7099,1.);
#7099 = DIRECTION('',(0.,1.,2.230669073875E-16));
#7100 = PCURVE('',#2839,#7101);
#7101 = DEFINITIONAL_REPRESENTATION('',(#7102),#7106);
#7102 = LINE('',#7103,#7104);
#7103 = CARTESIAN_POINT('',(1.,0.));
#7104 = VECTOR('',#7105,1.);
#7105 = DIRECTION('',(0.,-1.));
#7106 = ( GEOMETRIC_REPRESENTATION_CONTEXT(2) 
PARAMETRIC_REPRESENTATION_CONTEXT() REPRESENTATION_CONTEXT('2D SPACE',''
  ) );
#7107 = PCURVE('',#2808,#7108);
#7108 = DEFINITIONAL_REPRESENTATION('',(#7109),#7113);
#7109 = LINE('',#7110,#7111);
#7110 = CARTESIAN_POINT('',(0.,0.));
#7111 = VECTOR('',#7112,1.);
#7112 = DIRECTION('',(0.,-1.));
#7113 = ( GEOMETRIC_REPRESENTATION_CONTEXT(2) 
PARAMETRIC_REPRESENTATION_CONTEXT() REPRESENTATION_CONTEXT('2D SPACE',''
  ) );
#7114 = ORIENTED_EDGE('',*,*,#7115,.F.);
#7115 = EDGE_CURVE('',#7040,#7093,#7116,.T.);
#7116 = SURFACE_CURVE('',#7117,(#7122,#7129),.PCURVE_S1.);
#7117 = B_SPLINE_CURVE_WITH_KNOTS('',3,(#7118,#7119,#7120,#7121),
  .UNSPECIFIED.,.F.,.F.,(4,4),(0.,1.),.PIECEWISE_BEZIER_KNOTS.);
#7118 = CARTESIAN_POINT('',(13.15084375,-4.5,7.224353125));
#7119 = CARTESIAN_POINT('',(11.105495613438,-4.5,5.884473160938));
#7120 = CARTESIAN_POINT('',(9.851776418125,-4.5,3.596843993031));
#7121 = CARTESIAN_POINT('',(9.35036875,-4.5,1.24860625));
#7122 = PCURVE('',#2839,#7123);
#7123 = DEFINITIONAL_REPRESENTATION('',(#7124),#7128);
#7124 = LINE('',#7125,#7126);
#7125 = CARTESIAN_POINT('',(0.,0.));
#7126 = VECTOR('',#7127,1.);
#7127 = DIRECTION('',(1.,0.));
#7128 = ( GEOMETRIC_REPRESENTATION_CONTEXT(2) 
PARAMETRIC_REPRESENTATION_CONTEXT() REPRESENTATION_CONTEXT('2D SPACE',''
  ) );
#7129 = PCURVE('',#6074,#7130);
#7130 = DEFINITIONAL_REPRESENTATION('',(#7131),#7136);
#7131 = B_SPLINE_CURVE_WITH_KNOTS('',3,(#7132,#7133,#7134,#7135),
  .UNSPECIFIED.,.F.,.F.,(4,4),(0.,1.),.PIECEWISE_BEZIER_KNOTS.);
#7132 = CARTESIAN_POINT('',(7.224353125,-24.84915625));
#7133 = CARTESIAN_POINT('',(5.884473160938,-26.89450438656));
#7134 = CARTESIAN_POINT('',(3.596843993031,-28.14822358187));
#7135 = CARTESIAN_POINT('',(1.24860625,-28.64963125));
#7136 = ( GEOMETRIC_REPRESENTATION_CONTEXT(2) 
PARAMETRIC_REPRESENTATION_CONTEXT() REPRESENTATION_CONTEXT('2D SPACE',''
  ) );
#7137 = ADVANCED_FACE('',(#7138),#2808,.F.);
#7138 = FACE_BOUND('',#7139,.F.);
#7139 = EDGE_LOOP('',(#7140,#7141,#7142,#7165));
#7140 = ORIENTED_EDGE('',*,*,#7092,.T.);
#7141 = ORIENTED_EDGE('',*,*,#2790,.T.);
#7142 = ORIENTED_EDGE('',*,*,#7143,.F.);
#7143 = EDGE_CURVE('',#7144,#2758,#7146,.T.);
#7144 = VERTEX_POINT('',#7145);
#7145 = CARTESIAN_POINT('',(9.425378125,-4.5,-4.35209375));
#7146 = SURFACE_CURVE('',#7147,(#7151,#7158),.PCURVE_S1.);
#7147 = LINE('',#7148,#7149);
#7148 = CARTESIAN_POINT('',(9.425378125,-4.5,-4.35209375));
#7149 = VECTOR('',#7150,1.);
#7150 = DIRECTION('',(0.,1.,2.230669073875E-16));
#7151 = PCURVE('',#2808,#7152);
#7152 = DEFINITIONAL_REPRESENTATION('',(#7153),#7157);
#7153 = LINE('',#7154,#7155);
#7154 = CARTESIAN_POINT('',(1.,0.));
#7155 = VECTOR('',#7156,1.);
#7156 = DIRECTION('',(0.,-1.));
#7157 = ( GEOMETRIC_REPRESENTATION_CONTEXT(2) 
PARAMETRIC_REPRESENTATION_CONTEXT() REPRESENTATION_CONTEXT('2D SPACE',''
  ) );
#7158 = PCURVE('',#2775,#7159);
#7159 = DEFINITIONAL_REPRESENTATION('',(#7160),#7164);
#7160 = LINE('',#7161,#7162);
#7161 = CARTESIAN_POINT('',(0.,0.));
#7162 = VECTOR('',#7163,1.);
#7163 = DIRECTION('',(0.,-1.));
#7164 = ( GEOMETRIC_REPRESENTATION_CONTEXT(2) 
PARAMETRIC_REPRESENTATION_CONTEXT() REPRESENTATION_CONTEXT('2D SPACE',''
  ) );
#7165 = ORIENTED_EDGE('',*,*,#7166,.F.);
#7166 = EDGE_CURVE('',#7093,#7144,#7167,.T.);
#7167 = SURFACE_CURVE('',#7168,(#7173,#7180),.PCURVE_S1.);
#7168 = B_SPLINE_CURVE_WITH_KNOTS('',3,(#7169,#7170,#7171,#7172),
  .UNSPECIFIED.,.F.,.F.,(4,4),(0.,1.),.PIECEWISE_BEZIER_KNOTS.);
#7169 = CARTESIAN_POINT('',(9.35036875,-4.5,1.24860625));
#7170 = CARTESIAN_POINT('',(9.018440514156,-4.5,-0.593783269906));
#7171 = CARTESIAN_POINT('',(9.054682043781,-4.5,-2.519196166438));
#7172 = CARTESIAN_POINT('',(9.425378125,-4.5,-4.35209375));
#7173 = PCURVE('',#2808,#7174);
#7174 = DEFINITIONAL_REPRESENTATION('',(#7175),#7179);
#7175 = LINE('',#7176,#7177);
#7176 = CARTESIAN_POINT('',(0.,0.));
#7177 = VECTOR('',#7178,1.);
#7178 = DIRECTION('',(1.,0.));
#7179 = ( GEOMETRIC_REPRESENTATION_CONTEXT(2) 
PARAMETRIC_REPRESENTATION_CONTEXT() REPRESENTATION_CONTEXT('2D SPACE',''
  ) );
#7180 = PCURVE('',#6074,#7181);
#7181 = DEFINITIONAL_REPRESENTATION('',(#7182),#7187);
#7182 = B_SPLINE_CURVE_WITH_KNOTS('',3,(#7183,#7184,#7185,#7186),
  .UNSPECIFIED.,.F.,.F.,(4,4),(0.,1.),.PIECEWISE_BEZIER_KNOTS.);
#7183 = CARTESIAN_POINT('',(1.24860625,-28.64963125));
#7184 = CARTESIAN_POINT('',(-0.593783269906,-28.98155948584));
#7185 = CARTESIAN_POINT('',(-2.519196166437,-28.94531795621));
#7186 = CARTESIAN_POINT('',(-4.35209375,-28.574621875));
#7187 = ( GEOMETRIC_REPRESENTATION_CONTEXT(2) 
PARAMETRIC_REPRESENTATION_CONTEXT() REPRESENTATION_CONTEXT('2D SPACE',''
  ) );
#7188 = ADVANCED_FACE('',(#7189),#2775,.F.);
#7189 = FACE_BOUND('',#7190,.F.);
#7190 = EDGE_LOOP('',(#7191,#7214,#7215,#7216));
#7191 = ORIENTED_EDGE('',*,*,#7192,.F.);
#7192 = EDGE_CURVE('',#7144,#6507,#7193,.T.);
#7193 = SURFACE_CURVE('',#7194,(#7199,#7206),.PCURVE_S1.);
#7194 = B_SPLINE_CURVE_WITH_KNOTS('',3,(#7195,#7196,#7197,#7198),
  .UNSPECIFIED.,.F.,.F.,(4,4),(0.,1.),.PIECEWISE_BEZIER_KNOTS.);
#7195 = CARTESIAN_POINT('',(9.425378125,-4.5,-4.35209375));
#7196 = CARTESIAN_POINT('',(9.704540765969,-4.5,-5.691929958594));
#7197 = CARTESIAN_POINT('',(10.048471751969,-4.5,-7.031690907781));
#7198 = CARTESIAN_POINT('',(10.675534375,-4.5,-8.25258125));
#7199 = PCURVE('',#2775,#7200);
#7200 = DEFINITIONAL_REPRESENTATION('',(#7201),#7205);
#7201 = LINE('',#7202,#7203);
#7202 = CARTESIAN_POINT('',(0.,0.));
#7203 = VECTOR('',#7204,1.);
#7204 = DIRECTION('',(1.,0.));
#7205 = ( GEOMETRIC_REPRESENTATION_CONTEXT(2) 
PARAMETRIC_REPRESENTATION_CONTEXT() REPRESENTATION_CONTEXT('2D SPACE',''
  ) );
#7206 = PCURVE('',#6074,#7207);
#7207 = DEFINITIONAL_REPRESENTATION('',(#7208),#7213);
#7208 = B_SPLINE_CURVE_WITH_KNOTS('',3,(#7209,#7210,#7211,#7212),
  .UNSPECIFIED.,.F.,.F.,(4,4),(0.,1.),.PIECEWISE_BEZIER_KNOTS.);
#7209 = CARTESIAN_POINT('',(-4.35209375,-28.574621875));
#7210 = CARTESIAN_POINT('',(-5.691929958594,-28.29545923403));
#7211 = CARTESIAN_POINT('',(-7.031690907781,-27.95152824803));
#7212 = CARTESIAN_POINT('',(-8.25258125,-27.324465625));
#7213 = ( GEOMETRIC_REPRESENTATION_CONTEXT(2) 
PARAMETRIC_REPRESENTATION_CONTEXT() REPRESENTATION_CONTEXT('2D SPACE',''
  ) );
#7214 = ORIENTED_EDGE('',*,*,#7143,.T.);
#7215 = ORIENTED_EDGE('',*,*,#2757,.T.);
#7216 = ORIENTED_EDGE('',*,*,#6529,.T.);
#7217 = ADVANCED_FACE('',(#7218),#2741,.F.);
#7218 = FACE_BOUND('',#7219,.F.);
#7219 = EDGE_LOOP('',(#7220,#7221,#7222,#7223));
#7220 = ORIENTED_EDGE('',*,*,#6616,.F.);
#7221 = ORIENTED_EDGE('',*,*,#6560,.F.);
#7222 = ORIENTED_EDGE('',*,*,#2725,.T.);
#7223 = ORIENTED_EDGE('',*,*,#7224,.F.);
#7224 = EDGE_CURVE('',#6617,#2693,#7225,.T.);
#7225 = SURFACE_CURVE('',#7226,(#7230,#7237),.PCURVE_S1.);
#7226 = LINE('',#7227,#7228);
#7227 = CARTESIAN_POINT('',(18.726540625,-4.5,-6.927415625));
#7228 = VECTOR('',#7229,1.);
#7229 = DIRECTION('',(0.,1.,2.230669073875E-16));
#7230 = PCURVE('',#2741,#7231);
#7231 = DEFINITIONAL_REPRESENTATION('',(#7232),#7236);
#7232 = LINE('',#7233,#7234);
#7233 = CARTESIAN_POINT('',(1.,0.));
#7234 = VECTOR('',#7235,1.);
#7235 = DIRECTION('',(0.,-1.));
#7236 = ( GEOMETRIC_REPRESENTATION_CONTEXT(2) 
PARAMETRIC_REPRESENTATION_CONTEXT() REPRESENTATION_CONTEXT('2D SPACE',''
  ) );
#7237 = PCURVE('',#2710,#7238);
#7238 = DEFINITIONAL_REPRESENTATION('',(#7239),#7243);
#7239 = LINE('',#7240,#7241);
#7240 = CARTESIAN_POINT('',(0.,0.));
#7241 = VECTOR('',#7242,1.);
#7242 = DIRECTION('',(0.,-1.));
#7243 = ( GEOMETRIC_REPRESENTATION_CONTEXT(2) 
PARAMETRIC_REPRESENTATION_CONTEXT() REPRESENTATION_CONTEXT('2D SPACE',''
  ) );
#7244 = ADVANCED_FACE('',(#7245),#2710,.F.);
#7245 = FACE_BOUND('',#7246,.F.);
#7246 = EDGE_LOOP('',(#7247,#7248,#7249,#7270));
#7247 = ORIENTED_EDGE('',*,*,#7224,.T.);
#7248 = ORIENTED_EDGE('',*,*,#2692,.T.);
#7249 = ORIENTED_EDGE('',*,*,#7250,.F.);
#7250 = EDGE_CURVE('',#6642,#2660,#7251,.T.);
#7251 = SURFACE_CURVE('',#7252,(#7256,#7263),.PCURVE_S1.);
#7252 = LINE('',#7253,#7254);
#7253 = CARTESIAN_POINT('',(17.9014375,-4.5,-3.827028125));
#7254 = VECTOR('',#7255,1.);
#7255 = DIRECTION('',(0.,1.,2.230669073875E-16));
#7256 = PCURVE('',#2710,#7257);
#7257 = DEFINITIONAL_REPRESENTATION('',(#7258),#7262);
#7258 = LINE('',#7259,#7260);
#7259 = CARTESIAN_POINT('',(1.,0.));
#7260 = VECTOR('',#7261,1.);
#7261 = DIRECTION('',(0.,-1.));
#7262 = ( GEOMETRIC_REPRESENTATION_CONTEXT(2) 
PARAMETRIC_REPRESENTATION_CONTEXT() REPRESENTATION_CONTEXT('2D SPACE',''
  ) );
#7263 = PCURVE('',#2677,#7264);
#7264 = DEFINITIONAL_REPRESENTATION('',(#7265),#7269);
#7265 = LINE('',#7266,#7267);
#7266 = CARTESIAN_POINT('',(0.,0.));
#7267 = VECTOR('',#7268,1.);
#7268 = DIRECTION('',(0.,-1.));
#7269 = ( GEOMETRIC_REPRESENTATION_CONTEXT(2) 
PARAMETRIC_REPRESENTATION_CONTEXT() REPRESENTATION_CONTEXT('2D SPACE',''
  ) );
#7270 = ORIENTED_EDGE('',*,*,#6641,.F.);
#7271 = ADVANCED_FACE('',(#7272),#2677,.F.);
#7272 = FACE_BOUND('',#7273,.F.);
#7273 = EDGE_LOOP('',(#7274,#7275,#7276,#7297));
#7274 = ORIENTED_EDGE('',*,*,#7250,.T.);
#7275 = ORIENTED_EDGE('',*,*,#2659,.T.);
#7276 = ORIENTED_EDGE('',*,*,#7277,.F.);
#7277 = EDGE_CURVE('',#6667,#2627,#7278,.T.);
#7278 = SURFACE_CURVE('',#7279,(#7283,#7290),.PCURVE_S1.);
#7279 = LINE('',#7280,#7281);
#7280 = CARTESIAN_POINT('',(19.75166875,-4.5,-3.426978125));
#7281 = VECTOR('',#7282,1.);
#7282 = DIRECTION('',(0.,1.,2.230669073875E-16));
#7283 = PCURVE('',#2677,#7284);
#7284 = DEFINITIONAL_REPRESENTATION('',(#7285),#7289);
#7285 = LINE('',#7286,#7287);
#7286 = CARTESIAN_POINT('',(1.,0.));
#7287 = VECTOR('',#7288,1.);
#7288 = DIRECTION('',(0.,-1.));
#7289 = ( GEOMETRIC_REPRESENTATION_CONTEXT(2) 
PARAMETRIC_REPRESENTATION_CONTEXT() REPRESENTATION_CONTEXT('2D SPACE',''
  ) );
#7290 = PCURVE('',#2644,#7291);
#7291 = DEFINITIONAL_REPRESENTATION('',(#7292),#7296);
#7292 = LINE('',#7293,#7294);
#7293 = CARTESIAN_POINT('',(0.,0.));
#7294 = VECTOR('',#7295,1.);
#7295 = DIRECTION('',(0.,-1.));
#7296 = ( GEOMETRIC_REPRESENTATION_CONTEXT(2) 
PARAMETRIC_REPRESENTATION_CONTEXT() REPRESENTATION_CONTEXT('2D SPACE',''
  ) );
#7297 = ORIENTED_EDGE('',*,*,#6666,.F.);
#7298 = ADVANCED_FACE('',(#7299),#2644,.F.);
#7299 = FACE_BOUND('',#7300,.F.);
#7300 = EDGE_LOOP('',(#7301,#7302,#7303,#7324));
#7301 = ORIENTED_EDGE('',*,*,#7277,.T.);
#7302 = ORIENTED_EDGE('',*,*,#2626,.T.);
#7303 = ORIENTED_EDGE('',*,*,#7304,.F.);
#7304 = EDGE_CURVE('',#6692,#2594,#7305,.T.);
#7305 = SURFACE_CURVE('',#7306,(#7310,#7317),.PCURVE_S1.);
#7306 = LINE('',#7307,#7308);
#7307 = CARTESIAN_POINT('',(24.45225625,-4.5,-3.627003125));
#7308 = VECTOR('',#7309,1.);
#7309 = DIRECTION('',(0.,1.,2.230669073875E-16));
#7310 = PCURVE('',#2644,#7311);
#7311 = DEFINITIONAL_REPRESENTATION('',(#7312),#7316);
#7312 = LINE('',#7313,#7314);
#7313 = CARTESIAN_POINT('',(1.,0.));
#7314 = VECTOR('',#7315,1.);
#7315 = DIRECTION('',(0.,-1.));
#7316 = ( GEOMETRIC_REPRESENTATION_CONTEXT(2) 
PARAMETRIC_REPRESENTATION_CONTEXT() REPRESENTATION_CONTEXT('2D SPACE',''
  ) );
#7317 = PCURVE('',#2611,#7318);
#7318 = DEFINITIONAL_REPRESENTATION('',(#7319),#7323);
#7319 = LINE('',#7320,#7321);
#7320 = CARTESIAN_POINT('',(0.,0.));
#7321 = VECTOR('',#7322,1.);
#7322 = DIRECTION('',(0.,-1.));
#7323 = ( GEOMETRIC_REPRESENTATION_CONTEXT(2) 
PARAMETRIC_REPRESENTATION_CONTEXT() REPRESENTATION_CONTEXT('2D SPACE',''
  ) );
#7324 = ORIENTED_EDGE('',*,*,#6691,.F.);
#7325 = ADVANCED_FACE('',(#7326),#2611,.F.);
#7326 = FACE_BOUND('',#7327,.F.);
#7327 = EDGE_LOOP('',(#7328,#7329,#7330,#7351));
#7328 = ORIENTED_EDGE('',*,*,#7304,.T.);
#7329 = ORIENTED_EDGE('',*,*,#2593,.T.);
#7330 = ORIENTED_EDGE('',*,*,#7331,.F.);
#7331 = EDGE_CURVE('',#6717,#2561,#7332,.T.);
#7332 = SURFACE_CURVE('',#7333,(#7337,#7344),.PCURVE_S1.);
#7333 = LINE('',#7334,#7335);
#7334 = CARTESIAN_POINT('',(27.65265625,-4.5,-4.202075));
#7335 = VECTOR('',#7336,1.);
#7336 = DIRECTION('',(0.,1.,2.230669073875E-16));
#7337 = PCURVE('',#2611,#7338);
#7338 = DEFINITIONAL_REPRESENTATION('',(#7339),#7343);
#7339 = LINE('',#7340,#7341);
#7340 = CARTESIAN_POINT('',(1.,0.));
#7341 = VECTOR('',#7342,1.);
#7342 = DIRECTION('',(0.,-1.));
#7343 = ( GEOMETRIC_REPRESENTATION_CONTEXT(2) 
PARAMETRIC_REPRESENTATION_CONTEXT() REPRESENTATION_CONTEXT('2D SPACE',''
  ) );
#7344 = PCURVE('',#2578,#7345);
#7345 = DEFINITIONAL_REPRESENTATION('',(#7346),#7350);
#7346 = LINE('',#7347,#7348);
#7347 = CARTESIAN_POINT('',(0.,0.));
#7348 = VECTOR('',#7349,1.);
#7349 = DIRECTION('',(0.,-1.));
#7350 = ( GEOMETRIC_REPRESENTATION_CONTEXT(2) 
PARAMETRIC_REPRESENTATION_CONTEXT() REPRESENTATION_CONTEXT('2D SPACE',''
  ) );
#7351 = ORIENTED_EDGE('',*,*,#6716,.F.);
#7352 = ADVANCED_FACE('',(#7353),#2578,.F.);
#7353 = FACE_BOUND('',#7354,.F.);
#7354 = EDGE_LOOP('',(#7355,#7356,#7357,#7378));
#7355 = ORIENTED_EDGE('',*,*,#7331,.T.);
#7356 = ORIENTED_EDGE('',*,*,#2560,.T.);
#7357 = ORIENTED_EDGE('',*,*,#7358,.F.);
#7358 = EDGE_CURVE('',#6742,#2528,#7359,.T.);
#7359 = SURFACE_CURVE('',#7360,(#7364,#7371),.PCURVE_S1.);
#7360 = LINE('',#7361,#7362);
#7361 = CARTESIAN_POINT('',(29.002825,-4.5,-3.75201875));
#7362 = VECTOR('',#7363,1.);
#7363 = DIRECTION('',(0.,1.,2.230669073875E-16));
#7364 = PCURVE('',#2578,#7365);
#7365 = DEFINITIONAL_REPRESENTATION('',(#7366),#7370);
#7366 = LINE('',#7367,#7368);
#7367 = CARTESIAN_POINT('',(1.,0.));
#7368 = VECTOR('',#7369,1.);
#7369 = DIRECTION('',(0.,-1.));
#7370 = ( GEOMETRIC_REPRESENTATION_CONTEXT(2) 
PARAMETRIC_REPRESENTATION_CONTEXT() REPRESENTATION_CONTEXT('2D SPACE',''
  ) );
#7371 = PCURVE('',#2545,#7372);
#7372 = DEFINITIONAL_REPRESENTATION('',(#7373),#7377);
#7373 = LINE('',#7374,#7375);
#7374 = CARTESIAN_POINT('',(0.,0.));
#7375 = VECTOR('',#7376,1.);
#7376 = DIRECTION('',(0.,-1.));
#7377 = ( GEOMETRIC_REPRESENTATION_CONTEXT(2) 
PARAMETRIC_REPRESENTATION_CONTEXT() REPRESENTATION_CONTEXT('2D SPACE',''
  ) );
#7378 = ORIENTED_EDGE('',*,*,#6741,.F.);
#7379 = ADVANCED_FACE('',(#7380),#2545,.F.);
#7380 = FACE_BOUND('',#7381,.F.);
#7381 = EDGE_LOOP('',(#7382,#7383,#7384,#7405));
#7382 = ORIENTED_EDGE('',*,*,#7358,.T.);
#7383 = ORIENTED_EDGE('',*,*,#2527,.T.);
#7384 = ORIENTED_EDGE('',*,*,#7385,.F.);
#7385 = EDGE_CURVE('',#6767,#2495,#7386,.T.);
#7386 = SURFACE_CURVE('',#7387,(#7391,#7398),.PCURVE_S1.);
#7387 = LINE('',#7388,#7389);
#7388 = CARTESIAN_POINT('',(27.35261875,-4.5,-1.026678125));
#7389 = VECTOR('',#7390,1.);
#7390 = DIRECTION('',(0.,1.,2.230669073875E-16));
#7391 = PCURVE('',#2545,#7392);
#7392 = DEFINITIONAL_REPRESENTATION('',(#7393),#7397);
#7393 = LINE('',#7394,#7395);
#7394 = CARTESIAN_POINT('',(1.,0.));
#7395 = VECTOR('',#7396,1.);
#7396 = DIRECTION('',(0.,-1.));
#7397 = ( GEOMETRIC_REPRESENTATION_CONTEXT(2) 
PARAMETRIC_REPRESENTATION_CONTEXT() REPRESENTATION_CONTEXT('2D SPACE',''
  ) );
#7398 = PCURVE('',#2512,#7399);
#7399 = DEFINITIONAL_REPRESENTATION('',(#7400),#7404);
#7400 = LINE('',#7401,#7402);
#7401 = CARTESIAN_POINT('',(0.,0.));
#7402 = VECTOR('',#7403,1.);
#7403 = DIRECTION('',(0.,-1.));
#7404 = ( GEOMETRIC_REPRESENTATION_CONTEXT(2) 
PARAMETRIC_REPRESENTATION_CONTEXT() REPRESENTATION_CONTEXT('2D SPACE',''
  ) );
#7405 = ORIENTED_EDGE('',*,*,#6766,.F.);
#7406 = ADVANCED_FACE('',(#7407),#2512,.F.);
#7407 = FACE_BOUND('',#7408,.F.);
#7408 = EDGE_LOOP('',(#7409,#7410,#7411,#7432));
#7409 = ORIENTED_EDGE('',*,*,#7385,.T.);
#7410 = ORIENTED_EDGE('',*,*,#2494,.T.);
#7411 = ORIENTED_EDGE('',*,*,#7412,.F.);
#7412 = EDGE_CURVE('',#6792,#2462,#7413,.T.);
#7413 = SURFACE_CURVE('',#7414,(#7418,#7425),.PCURVE_S1.);
#7414 = LINE('',#7415,#7416);
#7415 = CARTESIAN_POINT('',(24.227228125,-4.5,2.723790625));
#7416 = VECTOR('',#7417,1.);
#7417 = DIRECTION('',(0.,1.,2.230669073875E-16));
#7418 = PCURVE('',#2512,#7419);
#7419 = DEFINITIONAL_REPRESENTATION('',(#7420),#7424);
#7420 = LINE('',#7421,#7422);
#7421 = CARTESIAN_POINT('',(1.,0.));
#7422 = VECTOR('',#7423,1.);
#7423 = DIRECTION('',(0.,-1.));
#7424 = ( GEOMETRIC_REPRESENTATION_CONTEXT(2) 
PARAMETRIC_REPRESENTATION_CONTEXT() REPRESENTATION_CONTEXT('2D SPACE',''
  ) );
#7425 = PCURVE('',#2479,#7426);
#7426 = DEFINITIONAL_REPRESENTATION('',(#7427),#7431);
#7427 = LINE('',#7428,#7429);
#7428 = CARTESIAN_POINT('',(0.,0.));
#7429 = VECTOR('',#7430,1.);
#7430 = DIRECTION('',(0.,-1.));
#7431 = ( GEOMETRIC_REPRESENTATION_CONTEXT(2) 
PARAMETRIC_REPRESENTATION_CONTEXT() REPRESENTATION_CONTEXT('2D SPACE',''
  ) );
#7432 = ORIENTED_EDGE('',*,*,#6791,.F.);
#7433 = ADVANCED_FACE('',(#7434),#2479,.F.);
#7434 = FACE_BOUND('',#7435,.F.);
#7435 = EDGE_LOOP('',(#7436,#7437,#7438,#7439));
#7436 = ORIENTED_EDGE('',*,*,#7412,.T.);
#7437 = ORIENTED_EDGE('',*,*,#2461,.T.);
#7438 = ORIENTED_EDGE('',*,*,#7013,.F.);
#7439 = ORIENTED_EDGE('',*,*,#6816,.F.);
#7440 = ADVANCED_FACE('',(#7441),#2876,.F.);
#7441 = FACE_BOUND('',#7442,.F.);
#7442 = EDGE_LOOP('',(#7443,#7466,#7467,#7490));
#7443 = ORIENTED_EDGE('',*,*,#7444,.T.);
#7444 = EDGE_CURVE('',#7445,#2857,#7447,.T.);
#7445 = VERTEX_POINT('',#7446);
#7446 = CARTESIAN_POINT('',(12.8008,-4.5,5.24910625));
#7447 = SURFACE_CURVE('',#7448,(#7452,#7459),.PCURVE_S1.);
#7448 = LINE('',#7449,#7450);
#7449 = CARTESIAN_POINT('',(12.8008,-4.5,5.24910625));
#7450 = VECTOR('',#7451,1.);
#7451 = DIRECTION('',(0.,1.,2.230669073875E-16));
#7452 = PCURVE('',#2876,#7453);
#7453 = DEFINITIONAL_REPRESENTATION('',(#7454),#7458);
#7454 = LINE('',#7455,#7456);
#7455 = CARTESIAN_POINT('',(0.,0.));
#7456 = VECTOR('',#7457,1.);
#7457 = DIRECTION('',(0.,-1.));
#7458 = ( GEOMETRIC_REPRESENTATION_CONTEXT(2) 
PARAMETRIC_REPRESENTATION_CONTEXT() REPRESENTATION_CONTEXT('2D SPACE',''
  ) );
#7459 = PCURVE('',#2909,#7460);
#7460 = DEFINITIONAL_REPRESENTATION('',(#7461),#7465);
#7461 = LINE('',#7462,#7463);
#7462 = CARTESIAN_POINT('',(1.,0.));
#7463 = VECTOR('',#7464,1.);
#7464 = DIRECTION('',(0.,-1.));
#7465 = ( GEOMETRIC_REPRESENTATION_CONTEXT(2) 
PARAMETRIC_REPRESENTATION_CONTEXT() REPRESENTATION_CONTEXT('2D SPACE',''
  ) );
#7466 = ORIENTED_EDGE('',*,*,#2856,.T.);
#7467 = ORIENTED_EDGE('',*,*,#7468,.F.);
#7468 = EDGE_CURVE('',#7469,#2859,#7471,.T.);
#7469 = VERTEX_POINT('',#7470);
#7470 = CARTESIAN_POINT('',(12.675784375,-4.5,5.44913125));
#7471 = SURFACE_CURVE('',#7472,(#7476,#7483),.PCURVE_S1.);
#7472 = LINE('',#7473,#7474);
#7473 = CARTESIAN_POINT('',(12.675784375,-4.5,5.44913125));
#7474 = VECTOR('',#7475,1.);
#7475 = DIRECTION('',(0.,1.,2.230669073875E-16));
#7476 = PCURVE('',#2876,#7477);
#7477 = DEFINITIONAL_REPRESENTATION('',(#7478),#7482);
#7478 = LINE('',#7479,#7480);
#7479 = CARTESIAN_POINT('',(1.,0.));
#7480 = VECTOR('',#7481,1.);
#7481 = DIRECTION('',(0.,-1.));
#7482 = ( GEOMETRIC_REPRESENTATION_CONTEXT(2) 
PARAMETRIC_REPRESENTATION_CONTEXT() REPRESENTATION_CONTEXT('2D SPACE',''
  ) );
#7483 = PCURVE('',#4821,#7484);
#7484 = DEFINITIONAL_REPRESENTATION('',(#7485),#7489);
#7485 = LINE('',#7486,#7487);
#7486 = CARTESIAN_POINT('',(0.,0.));
#7487 = VECTOR('',#7488,1.);
#7488 = DIRECTION('',(0.,-1.));
#7489 = ( GEOMETRIC_REPRESENTATION_CONTEXT(2) 
PARAMETRIC_REPRESENTATION_CONTEXT() REPRESENTATION_CONTEXT('2D SPACE',''
  ) );
#7490 = ORIENTED_EDGE('',*,*,#7491,.F.);
#7491 = EDGE_CURVE('',#7445,#7469,#7492,.T.);
#7492 = SURFACE_CURVE('',#7493,(#7498,#7505),.PCURVE_S1.);
#7493 = B_SPLINE_CURVE_WITH_KNOTS('',3,(#7494,#7495,#7496,#7497),
  .UNSPECIFIED.,.F.,.F.,(4,4),(0.,1.),.PIECEWISE_BEZIER_KNOTS.);
#7494 = CARTESIAN_POINT('',(12.8008,-4.5,5.24910625));
#7495 = CARTESIAN_POINT('',(12.7629832735,-4.5,5.317042490969));
#7496 = CARTESIAN_POINT('',(12.701382074313,-4.5,5.377336776813));
#7497 = CARTESIAN_POINT('',(12.675784375,-4.5,5.44913125));
#7498 = PCURVE('',#2876,#7499);
#7499 = DEFINITIONAL_REPRESENTATION('',(#7500),#7504);
#7500 = LINE('',#7501,#7502);
#7501 = CARTESIAN_POINT('',(0.,0.));
#7502 = VECTOR('',#7503,1.);
#7503 = DIRECTION('',(1.,0.));
#7504 = ( GEOMETRIC_REPRESENTATION_CONTEXT(2) 
PARAMETRIC_REPRESENTATION_CONTEXT() REPRESENTATION_CONTEXT('2D SPACE',''
  ) );
#7505 = PCURVE('',#7506,#7511);
#7506 = PLANE('',#7507);
#7507 = AXIS2_PLACEMENT_3D('',#7508,#7509,#7510);
#7508 = CARTESIAN_POINT('',(38.,-4.5,-1.33226762955E-15));
#7509 = DIRECTION('',(0.,1.,1.130669073875E-16));
#7510 = DIRECTION('',(0.,-1.130669073875E-16,1.));
#7511 = DEFINITIONAL_REPRESENTATION('',(#7512),#7517);
#7512 = B_SPLINE_CURVE_WITH_KNOTS('',3,(#7513,#7514,#7515,#7516),
  .UNSPECIFIED.,.F.,.F.,(4,4),(0.,1.),.PIECEWISE_BEZIER_KNOTS.);
#7513 = CARTESIAN_POINT('',(5.24910625,-25.1992));
#7514 = CARTESIAN_POINT('',(5.317042490969,-25.2370167265));
#7515 = CARTESIAN_POINT('',(5.377336776813,-25.29861792568));
#7516 = CARTESIAN_POINT('',(5.44913125,-25.324215625));
#7517 = ( GEOMETRIC_REPRESENTATION_CONTEXT(2) 
PARAMETRIC_REPRESENTATION_CONTEXT() REPRESENTATION_CONTEXT('2D SPACE',''
  ) );
#7518 = ADVANCED_FACE('',(#7519),#2909,.F.);
#7519 = FACE_BOUND('',#7520,.F.);
#7520 = EDGE_LOOP('',(#7521,#7544,#7545,#7546));
#7521 = ORIENTED_EDGE('',*,*,#7522,.T.);
#7522 = EDGE_CURVE('',#7523,#2892,#7525,.T.);
#7523 = VERTEX_POINT('',#7524);
#7524 = CARTESIAN_POINT('',(13.1008375,-4.5,4.774046875));
#7525 = SURFACE_CURVE('',#7526,(#7530,#7537),.PCURVE_S1.);
#7526 = LINE('',#7527,#7528);
#7527 = CARTESIAN_POINT('',(13.1008375,-4.5,4.774046875));
#7528 = VECTOR('',#7529,1.);
#7529 = DIRECTION('',(0.,1.,2.230669073875E-16));
#7530 = PCURVE('',#2909,#7531);
#7531 = DEFINITIONAL_REPRESENTATION('',(#7532),#7536);
#7532 = LINE('',#7533,#7534);
#7533 = CARTESIAN_POINT('',(0.,0.));
#7534 = VECTOR('',#7535,1.);
#7535 = DIRECTION('',(0.,-1.));
#7536 = ( GEOMETRIC_REPRESENTATION_CONTEXT(2) 
PARAMETRIC_REPRESENTATION_CONTEXT() REPRESENTATION_CONTEXT('2D SPACE',''
  ) );
#7537 = PCURVE('',#2942,#7538);
#7538 = DEFINITIONAL_REPRESENTATION('',(#7539),#7543);
#7539 = LINE('',#7540,#7541);
#7540 = CARTESIAN_POINT('',(1.,0.));
#7541 = VECTOR('',#7542,1.);
#7542 = DIRECTION('',(0.,-1.));
#7543 = ( GEOMETRIC_REPRESENTATION_CONTEXT(2) 
PARAMETRIC_REPRESENTATION_CONTEXT() REPRESENTATION_CONTEXT('2D SPACE',''
  ) );
#7544 = ORIENTED_EDGE('',*,*,#2891,.T.);
#7545 = ORIENTED_EDGE('',*,*,#7444,.F.);
#7546 = ORIENTED_EDGE('',*,*,#7547,.F.);
#7547 = EDGE_CURVE('',#7523,#7445,#7548,.T.);
#7548 = SURFACE_CURVE('',#7549,(#7554,#7561),.PCURVE_S1.);
#7549 = B_SPLINE_CURVE_WITH_KNOTS('',3,(#7550,#7551,#7552,#7553),
  .UNSPECIFIED.,.F.,.F.,(4,4),(0.,1.),.PIECEWISE_BEZIER_KNOTS.);
#7550 = CARTESIAN_POINT('',(13.1008375,-4.5,4.774046875));
#7551 = CARTESIAN_POINT('',(13.006778244063,-4.5,4.934865974875));
#7552 = CARTESIAN_POINT('',(12.90837144475,-4.5,5.093884099656));
#7553 = CARTESIAN_POINT('',(12.8008,-4.5,5.24910625));
#7554 = PCURVE('',#2909,#7555);
#7555 = DEFINITIONAL_REPRESENTATION('',(#7556),#7560);
#7556 = LINE('',#7557,#7558);
#7557 = CARTESIAN_POINT('',(0.,0.));
#7558 = VECTOR('',#7559,1.);
#7559 = DIRECTION('',(1.,0.));
#7560 = ( GEOMETRIC_REPRESENTATION_CONTEXT(2) 
PARAMETRIC_REPRESENTATION_CONTEXT() REPRESENTATION_CONTEXT('2D SPACE',''
  ) );
#7561 = PCURVE('',#7506,#7562);
#7562 = DEFINITIONAL_REPRESENTATION('',(#7563),#7568);
#7563 = B_SPLINE_CURVE_WITH_KNOTS('',3,(#7564,#7565,#7566,#7567),
  .UNSPECIFIED.,.F.,.F.,(4,4),(0.,1.),.PIECEWISE_BEZIER_KNOTS.);
#7564 = CARTESIAN_POINT('',(4.774046875,-24.8991625));
#7565 = CARTESIAN_POINT('',(4.934865974875,-24.99322175593));
#7566 = CARTESIAN_POINT('',(5.093884099656,-25.09162855525));
#7567 = CARTESIAN_POINT('',(5.24910625,-25.1992));
#7568 = ( GEOMETRIC_REPRESENTATION_CONTEXT(2) 
PARAMETRIC_REPRESENTATION_CONTEXT() REPRESENTATION_CONTEXT('2D SPACE',''
  ) );
#7569 = ADVANCED_FACE('',(#7570),#4821,.F.);
#7570 = FACE_BOUND('',#7571,.F.);
#7571 = EDGE_LOOP('',(#7572,#7573,#7574,#7597));
#7572 = ORIENTED_EDGE('',*,*,#7468,.T.);
#7573 = ORIENTED_EDGE('',*,*,#4805,.T.);
#7574 = ORIENTED_EDGE('',*,*,#7575,.F.);
#7575 = EDGE_CURVE('',#7576,#4773,#7578,.T.);
#7576 = VERTEX_POINT('',#7577);
#7577 = CARTESIAN_POINT('',(12.95081875,-4.5,5.44913125));
#7578 = SURFACE_CURVE('',#7579,(#7583,#7590),.PCURVE_S1.);
#7579 = LINE('',#7580,#7581);
#7580 = CARTESIAN_POINT('',(12.95081875,-4.5,5.44913125));
#7581 = VECTOR('',#7582,1.);
#7582 = DIRECTION('',(0.,1.,2.230669073875E-16));
#7583 = PCURVE('',#4821,#7584);
#7584 = DEFINITIONAL_REPRESENTATION('',(#7585),#7589);
#7585 = LINE('',#7586,#7587);
#7586 = CARTESIAN_POINT('',(1.,0.));
#7587 = VECTOR('',#7588,1.);
#7588 = DIRECTION('',(0.,-1.));
#7589 = ( GEOMETRIC_REPRESENTATION_CONTEXT(2) 
PARAMETRIC_REPRESENTATION_CONTEXT() REPRESENTATION_CONTEXT('2D SPACE',''
  ) );
#7590 = PCURVE('',#4790,#7591);
#7591 = DEFINITIONAL_REPRESENTATION('',(#7592),#7596);
#7592 = LINE('',#7593,#7594);
#7593 = CARTESIAN_POINT('',(0.,0.));
#7594 = VECTOR('',#7595,1.);
#7595 = DIRECTION('',(0.,-1.));
#7596 = ( GEOMETRIC_REPRESENTATION_CONTEXT(2) 
PARAMETRIC_REPRESENTATION_CONTEXT() REPRESENTATION_CONTEXT('2D SPACE',''
  ) );
#7597 = ORIENTED_EDGE('',*,*,#7598,.F.);
#7598 = EDGE_CURVE('',#7469,#7576,#7599,.T.);
#7599 = SURFACE_CURVE('',#7600,(#7605,#7612),.PCURVE_S1.);
#7600 = B_SPLINE_CURVE_WITH_KNOTS('',3,(#7601,#7602,#7603,#7604),
  .UNSPECIFIED.,.F.,.F.,(4,4),(0.,1.),.PIECEWISE_BEZIER_KNOTS.);
#7601 = CARTESIAN_POINT('',(12.675784375,-4.5,5.44913125));
#7602 = CARTESIAN_POINT('',(12.738234930344,-4.5,5.460702446219));
#7603 = CARTESIAN_POINT('',(12.857851630563,-4.5,5.441667567156));
#7604 = CARTESIAN_POINT('',(12.95081875,-4.5,5.44913125));
#7605 = PCURVE('',#4821,#7606);
#7606 = DEFINITIONAL_REPRESENTATION('',(#7607),#7611);
#7607 = LINE('',#7608,#7609);
#7608 = CARTESIAN_POINT('',(0.,0.));
#7609 = VECTOR('',#7610,1.);
#7610 = DIRECTION('',(1.,0.));
#7611 = ( GEOMETRIC_REPRESENTATION_CONTEXT(2) 
PARAMETRIC_REPRESENTATION_CONTEXT() REPRESENTATION_CONTEXT('2D SPACE',''
  ) );
#7612 = PCURVE('',#7506,#7613);
#7613 = DEFINITIONAL_REPRESENTATION('',(#7614),#7619);
#7614 = B_SPLINE_CURVE_WITH_KNOTS('',3,(#7615,#7616,#7617,#7618),
  .UNSPECIFIED.,.F.,.F.,(4,4),(0.,1.),.PIECEWISE_BEZIER_KNOTS.);
#7615 = CARTESIAN_POINT('',(5.44913125,-25.324215625));
#7616 = CARTESIAN_POINT('',(5.460702446219,-25.26176506965));
#7617 = CARTESIAN_POINT('',(5.441667567156,-25.14214836943));
#7618 = CARTESIAN_POINT('',(5.44913125,-25.04918125));
#7619 = ( GEOMETRIC_REPRESENTATION_CONTEXT(2) 
PARAMETRIC_REPRESENTATION_CONTEXT() REPRESENTATION_CONTEXT('2D SPACE',''
  ) );
#7620 = ADVANCED_FACE('',(#7621),#2942,.F.);
#7621 = FACE_BOUND('',#7622,.F.);
#7622 = EDGE_LOOP('',(#7623,#7646,#7647,#7648));
#7623 = ORIENTED_EDGE('',*,*,#7624,.T.);
#7624 = EDGE_CURVE('',#7625,#2925,#7627,.T.);
#7625 = VERTEX_POINT('',#7626);
#7626 = CARTESIAN_POINT('',(13.325865625,-4.5,4.2989875));
#7627 = SURFACE_CURVE('',#7628,(#7632,#7639),.PCURVE_S1.);
#7628 = LINE('',#7629,#7630);
#7629 = CARTESIAN_POINT('',(13.325865625,-4.5,4.2989875));
#7630 = VECTOR('',#7631,1.);
#7631 = DIRECTION('',(0.,1.,2.230669073875E-16));
#7632 = PCURVE('',#2942,#7633);
#7633 = DEFINITIONAL_REPRESENTATION('',(#7634),#7638);
#7634 = LINE('',#7635,#7636);
#7635 = CARTESIAN_POINT('',(0.,0.));
#7636 = VECTOR('',#7637,1.);
#7637 = DIRECTION('',(0.,-1.));
#7638 = ( GEOMETRIC_REPRESENTATION_CONTEXT(2) 
PARAMETRIC_REPRESENTATION_CONTEXT() REPRESENTATION_CONTEXT('2D SPACE',''
  ) );
#7639 = PCURVE('',#2975,#7640);
#7640 = DEFINITIONAL_REPRESENTATION('',(#7641),#7645);
#7641 = LINE('',#7642,#7643);
#7642 = CARTESIAN_POINT('',(1.,0.));
#7643 = VECTOR('',#7644,1.);
#7644 = DIRECTION('',(0.,-1.));
#7645 = ( GEOMETRIC_REPRESENTATION_CONTEXT(2) 
PARAMETRIC_REPRESENTATION_CONTEXT() REPRESENTATION_CONTEXT('2D SPACE',''
  ) );
#7646 = ORIENTED_EDGE('',*,*,#2924,.T.);
#7647 = ORIENTED_EDGE('',*,*,#7522,.F.);
#7648 = ORIENTED_EDGE('',*,*,#7649,.F.);
#7649 = EDGE_CURVE('',#7625,#7523,#7650,.T.);
#7650 = SURFACE_CURVE('',#7651,(#7656,#7663),.PCURVE_S1.);
#7651 = B_SPLINE_CURVE_WITH_KNOTS('',3,(#7652,#7653,#7654,#7655),
  .UNSPECIFIED.,.F.,.F.,(4,4),(0.,1.),.PIECEWISE_BEZIER_KNOTS.);
#7652 = CARTESIAN_POINT('',(13.325865625,-4.5,4.2989875));
#7653 = CARTESIAN_POINT('',(13.2735030805,-4.5,4.466721214094));
#7654 = CARTESIAN_POINT('',(13.185799118875,-4.5,4.619816098563));
#7655 = CARTESIAN_POINT('',(13.1008375,-4.5,4.774046875));
#7656 = PCURVE('',#2942,#7657);
#7657 = DEFINITIONAL_REPRESENTATION('',(#7658),#7662);
#7658 = LINE('',#7659,#7660);
#7659 = CARTESIAN_POINT('',(0.,0.));
#7660 = VECTOR('',#7661,1.);
#7661 = DIRECTION('',(1.,0.));
#7662 = ( GEOMETRIC_REPRESENTATION_CONTEXT(2) 
PARAMETRIC_REPRESENTATION_CONTEXT() REPRESENTATION_CONTEXT('2D SPACE',''
  ) );
#7663 = PCURVE('',#7506,#7664);
#7664 = DEFINITIONAL_REPRESENTATION('',(#7665),#7670);
#7665 = B_SPLINE_CURVE_WITH_KNOTS('',3,(#7666,#7667,#7668,#7669),
  .UNSPECIFIED.,.F.,.F.,(4,4),(0.,1.),.PIECEWISE_BEZIER_KNOTS.);
#7666 = CARTESIAN_POINT('',(4.2989875,-24.674134375));
#7667 = CARTESIAN_POINT('',(4.466721214094,-24.7264969195));
#7668 = CARTESIAN_POINT('',(4.619816098563,-24.81420088112));
#7669 = CARTESIAN_POINT('',(4.774046875,-24.8991625));
#7670 = ( GEOMETRIC_REPRESENTATION_CONTEXT(2) 
PARAMETRIC_REPRESENTATION_CONTEXT() REPRESENTATION_CONTEXT('2D SPACE',''
  ) );
#7671 = ADVANCED_FACE('',(#7672),#4790,.F.);
#7672 = FACE_BOUND('',#7673,.F.);
#7673 = EDGE_LOOP('',(#7674,#7675,#7676,#7699));
#7674 = ORIENTED_EDGE('',*,*,#7575,.T.);
#7675 = ORIENTED_EDGE('',*,*,#4772,.T.);
#7676 = ORIENTED_EDGE('',*,*,#7677,.F.);
#7677 = EDGE_CURVE('',#7678,#4740,#7680,.T.);
#7678 = VERTEX_POINT('',#7679);
#7679 = CARTESIAN_POINT('',(13.3008625,-4.5,5.424128125));
#7680 = SURFACE_CURVE('',#7681,(#7685,#7692),.PCURVE_S1.);
#7681 = LINE('',#7682,#7683);
#7682 = CARTESIAN_POINT('',(13.3008625,-4.5,5.424128125));
#7683 = VECTOR('',#7684,1.);
#7684 = DIRECTION('',(0.,1.,2.230669073875E-16));
#7685 = PCURVE('',#4790,#7686);
#7686 = DEFINITIONAL_REPRESENTATION('',(#7687),#7691);
#7687 = LINE('',#7688,#7689);
#7688 = CARTESIAN_POINT('',(1.,0.));
#7689 = VECTOR('',#7690,1.);
#7690 = DIRECTION('',(0.,-1.));
#7691 = ( GEOMETRIC_REPRESENTATION_CONTEXT(2) 
PARAMETRIC_REPRESENTATION_CONTEXT() REPRESENTATION_CONTEXT('2D SPACE',''
  ) );
#7692 = PCURVE('',#4757,#7693);
#7693 = DEFINITIONAL_REPRESENTATION('',(#7694),#7698);
#7694 = LINE('',#7695,#7696);
#7695 = CARTESIAN_POINT('',(0.,0.));
#7696 = VECTOR('',#7697,1.);
#7697 = DIRECTION('',(0.,-1.));
#7698 = ( GEOMETRIC_REPRESENTATION_CONTEXT(2) 
PARAMETRIC_REPRESENTATION_CONTEXT() REPRESENTATION_CONTEXT('2D SPACE',''
  ) );
#7699 = ORIENTED_EDGE('',*,*,#7700,.F.);
#7700 = EDGE_CURVE('',#7576,#7678,#7701,.T.);
#7701 = SURFACE_CURVE('',#7702,(#7707,#7714),.PCURVE_S1.);
#7702 = B_SPLINE_CURVE_WITH_KNOTS('',3,(#7703,#7704,#7705,#7706),
  .UNSPECIFIED.,.F.,.F.,(4,4),(0.,1.),.PIECEWISE_BEZIER_KNOTS.);
#7703 = CARTESIAN_POINT('',(12.95081875,-4.5,5.44913125));
#7704 = CARTESIAN_POINT('',(13.069929386969,-4.5,5.44666094125));
#7705 = CARTESIAN_POINT('',(13.196162914188,-4.5,5.461388782));
#7706 = CARTESIAN_POINT('',(13.3008625,-4.5,5.424128125));
#7707 = PCURVE('',#4790,#7708);
#7708 = DEFINITIONAL_REPRESENTATION('',(#7709),#7713);
#7709 = LINE('',#7710,#7711);
#7710 = CARTESIAN_POINT('',(0.,0.));
#7711 = VECTOR('',#7712,1.);
#7712 = DIRECTION('',(1.,0.));
#7713 = ( GEOMETRIC_REPRESENTATION_CONTEXT(2) 
PARAMETRIC_REPRESENTATION_CONTEXT() REPRESENTATION_CONTEXT('2D SPACE',''
  ) );
#7714 = PCURVE('',#7506,#7715);
#7715 = DEFINITIONAL_REPRESENTATION('',(#7716),#7721);
#7716 = B_SPLINE_CURVE_WITH_KNOTS('',3,(#7717,#7718,#7719,#7720),
  .UNSPECIFIED.,.F.,.F.,(4,4),(0.,1.),.PIECEWISE_BEZIER_KNOTS.);
#7717 = CARTESIAN_POINT('',(5.44913125,-25.04918125));
#7718 = CARTESIAN_POINT('',(5.44666094125,-24.93007061303));
#7719 = CARTESIAN_POINT('',(5.461388782,-24.80383708581));
#7720 = CARTESIAN_POINT('',(5.424128125,-24.6991375));
#7721 = ( GEOMETRIC_REPRESENTATION_CONTEXT(2) 
PARAMETRIC_REPRESENTATION_CONTEXT() REPRESENTATION_CONTEXT('2D SPACE',''
  ) );
#7722 = ADVANCED_FACE('',(#7723),#2975,.F.);
#7723 = FACE_BOUND('',#7724,.F.);
#7724 = EDGE_LOOP('',(#7725,#7748,#7749,#7750));
#7725 = ORIENTED_EDGE('',*,*,#7726,.T.);
#7726 = EDGE_CURVE('',#7727,#2958,#7729,.T.);
#7727 = VERTEX_POINT('',#7728);
#7728 = CARTESIAN_POINT('',(13.475884375,-4.5,3.871482318531));
#7729 = SURFACE_CURVE('',#7730,(#7734,#7741),.PCURVE_S1.);
#7730 = LINE('',#7731,#7732);
#7731 = CARTESIAN_POINT('',(13.475884375,-4.5,3.871482318531));
#7732 = VECTOR('',#7733,1.);
#7733 = DIRECTION('',(0.,1.,2.230669073875E-16));
#7734 = PCURVE('',#2975,#7735);
#7735 = DEFINITIONAL_REPRESENTATION('',(#7736),#7740);
#7736 = LINE('',#7737,#7738);
#7737 = CARTESIAN_POINT('',(0.,0.));
#7738 = VECTOR('',#7739,1.);
#7739 = DIRECTION('',(0.,-1.));
#7740 = ( GEOMETRIC_REPRESENTATION_CONTEXT(2) 
PARAMETRIC_REPRESENTATION_CONTEXT() REPRESENTATION_CONTEXT('2D SPACE',''
  ) );
#7741 = PCURVE('',#3008,#7742);
#7742 = DEFINITIONAL_REPRESENTATION('',(#7743),#7747);
#7743 = LINE('',#7744,#7745);
#7744 = CARTESIAN_POINT('',(1.,0.));
#7745 = VECTOR('',#7746,1.);
#7746 = DIRECTION('',(0.,-1.));
#7747 = ( GEOMETRIC_REPRESENTATION_CONTEXT(2) 
PARAMETRIC_REPRESENTATION_CONTEXT() REPRESENTATION_CONTEXT('2D SPACE',''
  ) );
#7748 = ORIENTED_EDGE('',*,*,#2957,.T.);
#7749 = ORIENTED_EDGE('',*,*,#7624,.F.);
#7750 = ORIENTED_EDGE('',*,*,#7751,.F.);
#7751 = EDGE_CURVE('',#7727,#7625,#7752,.T.);
#7752 = SURFACE_CURVE('',#7753,(#7758,#7765),.PCURVE_S1.);
#7753 = B_SPLINE_CURVE_WITH_KNOTS('',3,(#7754,#7755,#7756,#7757),
  .UNSPECIFIED.,.F.,.F.,(4,4),(0.,1.),.PIECEWISE_BEZIER_KNOTS.);
#7754 = CARTESIAN_POINT('',(13.475884375,-4.5,3.871482318531));
#7755 = CARTESIAN_POINT('',(13.437540082563,-4.5,4.018814732781));
#7756 = CARTESIAN_POINT('',(13.395640095719,-4.5,4.164674212938));
#7757 = CARTESIAN_POINT('',(13.325865625,-4.5,4.2989875));
#7758 = PCURVE('',#2975,#7759);
#7759 = DEFINITIONAL_REPRESENTATION('',(#7760),#7764);
#7760 = LINE('',#7761,#7762);
#7761 = CARTESIAN_POINT('',(0.,0.));
#7762 = VECTOR('',#7763,1.);
#7763 = DIRECTION('',(1.,0.));
#7764 = ( GEOMETRIC_REPRESENTATION_CONTEXT(2) 
PARAMETRIC_REPRESENTATION_CONTEXT() REPRESENTATION_CONTEXT('2D SPACE',''
  ) );
#7765 = PCURVE('',#7506,#7766);
#7766 = DEFINITIONAL_REPRESENTATION('',(#7767),#7772);
#7767 = B_SPLINE_CURVE_WITH_KNOTS('',3,(#7768,#7769,#7770,#7771),
  .UNSPECIFIED.,.F.,.F.,(4,4),(0.,1.),.PIECEWISE_BEZIER_KNOTS.);
#7768 = CARTESIAN_POINT('',(3.871482318531,-24.524115625));
#7769 = CARTESIAN_POINT('',(4.018814732781,-24.56245991743));
#7770 = CARTESIAN_POINT('',(4.164674212938,-24.60435990428));
#7771 = CARTESIAN_POINT('',(4.2989875,-24.674134375));
#7772 = ( GEOMETRIC_REPRESENTATION_CONTEXT(2) 
PARAMETRIC_REPRESENTATION_CONTEXT() REPRESENTATION_CONTEXT('2D SPACE',''
  ) );
#7773 = ADVANCED_FACE('',(#7774),#4757,.F.);
#7774 = FACE_BOUND('',#7775,.F.);
#7775 = EDGE_LOOP('',(#7776,#7777,#7778,#7801));
#7776 = ORIENTED_EDGE('',*,*,#7677,.T.);
#7777 = ORIENTED_EDGE('',*,*,#4739,.T.);
#7778 = ORIENTED_EDGE('',*,*,#7779,.F.);
#7779 = EDGE_CURVE('',#7780,#4707,#7782,.T.);
#7780 = VERTEX_POINT('',#7781);
#7781 = CARTESIAN_POINT('',(13.7009125,-4.5,5.399125));
#7782 = SURFACE_CURVE('',#7783,(#7787,#7794),.PCURVE_S1.);
#7783 = LINE('',#7784,#7785);
#7784 = CARTESIAN_POINT('',(13.7009125,-4.5,5.399125));
#7785 = VECTOR('',#7786,1.);
#7786 = DIRECTION('',(0.,1.,2.230669073875E-16));
#7787 = PCURVE('',#4757,#7788);
#7788 = DEFINITIONAL_REPRESENTATION('',(#7789),#7793);
#7789 = LINE('',#7790,#7791);
#7790 = CARTESIAN_POINT('',(1.,0.));
#7791 = VECTOR('',#7792,1.);
#7792 = DIRECTION('',(0.,-1.));
#7793 = ( GEOMETRIC_REPRESENTATION_CONTEXT(2) 
PARAMETRIC_REPRESENTATION_CONTEXT() REPRESENTATION_CONTEXT('2D SPACE',''
  ) );
#7794 = PCURVE('',#4724,#7795);
#7795 = DEFINITIONAL_REPRESENTATION('',(#7796),#7800);
#7796 = LINE('',#7797,#7798);
#7797 = CARTESIAN_POINT('',(0.,0.));
#7798 = VECTOR('',#7799,1.);
#7799 = DIRECTION('',(0.,-1.));
#7800 = ( GEOMETRIC_REPRESENTATION_CONTEXT(2) 
PARAMETRIC_REPRESENTATION_CONTEXT() REPRESENTATION_CONTEXT('2D SPACE',''
  ) );
#7801 = ORIENTED_EDGE('',*,*,#7802,.F.);
#7802 = EDGE_CURVE('',#7678,#7780,#7803,.T.);
#7803 = SURFACE_CURVE('',#7804,(#7809,#7816),.PCURVE_S1.);
#7804 = B_SPLINE_CURVE_WITH_KNOTS('',3,(#7805,#7806,#7807,#7808),
  .UNSPECIFIED.,.F.,.F.,(4,4),(0.,1.),.PIECEWISE_BEZIER_KNOTS.);
#7805 = CARTESIAN_POINT('',(13.3008625,-4.5,5.424128125));
#7806 = CARTESIAN_POINT('',(13.443551083844,-4.5,5.438339401188));
#7807 = CARTESIAN_POINT('',(13.557186036438,-4.5,5.382408410688));
#7808 = CARTESIAN_POINT('',(13.7009125,-4.5,5.399125));
#7809 = PCURVE('',#4757,#7810);
#7810 = DEFINITIONAL_REPRESENTATION('',(#7811),#7815);
#7811 = LINE('',#7812,#7813);
#7812 = CARTESIAN_POINT('',(0.,0.));
#7813 = VECTOR('',#7814,1.);
#7814 = DIRECTION('',(1.,0.));
#7815 = ( GEOMETRIC_REPRESENTATION_CONTEXT(2) 
PARAMETRIC_REPRESENTATION_CONTEXT() REPRESENTATION_CONTEXT('2D SPACE',''
  ) );
#7816 = PCURVE('',#7506,#7817);
#7817 = DEFINITIONAL_REPRESENTATION('',(#7818),#7823);
#7818 = B_SPLINE_CURVE_WITH_KNOTS('',3,(#7819,#7820,#7821,#7822),
  .UNSPECIFIED.,.F.,.F.,(4,4),(0.,1.),.PIECEWISE_BEZIER_KNOTS.);
#7819 = CARTESIAN_POINT('',(5.424128125,-24.6991375));
#7820 = CARTESIAN_POINT('',(5.438339401188,-24.55644891615));
#7821 = CARTESIAN_POINT('',(5.382408410688,-24.44281396356));
#7822 = CARTESIAN_POINT('',(5.399125,-24.2990875));
#7823 = ( GEOMETRIC_REPRESENTATION_CONTEXT(2) 
PARAMETRIC_REPRESENTATION_CONTEXT() REPRESENTATION_CONTEXT('2D SPACE',''
  ) );
#7824 = ADVANCED_FACE('',(#7825),#3008,.F.);
#7825 = FACE_BOUND('',#7826,.F.);
#7826 = EDGE_LOOP('',(#7827,#7850,#7851,#7852));
#7827 = ORIENTED_EDGE('',*,*,#7828,.T.);
#7828 = EDGE_CURVE('',#7829,#2991,#7831,.T.);
#7829 = VERTEX_POINT('',#7830);
#7830 = CARTESIAN_POINT('',(13.55089375,-4.5,3.523890625));
#7831 = SURFACE_CURVE('',#7832,(#7836,#7843),.PCURVE_S1.);
#7832 = LINE('',#7833,#7834);
#7833 = CARTESIAN_POINT('',(13.55089375,-4.5,3.523890625));
#7834 = VECTOR('',#7835,1.);
#7835 = DIRECTION('',(0.,1.,2.230669073875E-16));
#7836 = PCURVE('',#3008,#7837);
#7837 = DEFINITIONAL_REPRESENTATION('',(#7838),#7842);
#7838 = LINE('',#7839,#7840);
#7839 = CARTESIAN_POINT('',(0.,0.));
#7840 = VECTOR('',#7841,1.);
#7841 = DIRECTION('',(0.,-1.));
#7842 = ( GEOMETRIC_REPRESENTATION_CONTEXT(2) 
PARAMETRIC_REPRESENTATION_CONTEXT() REPRESENTATION_CONTEXT('2D SPACE',''
  ) );
#7843 = PCURVE('',#3041,#7844);
#7844 = DEFINITIONAL_REPRESENTATION('',(#7845),#7849);
#7845 = LINE('',#7846,#7847);
#7846 = CARTESIAN_POINT('',(1.,0.));
#7847 = VECTOR('',#7848,1.);
#7848 = DIRECTION('',(0.,-1.));
#7849 = ( GEOMETRIC_REPRESENTATION_CONTEXT(2) 
PARAMETRIC_REPRESENTATION_CONTEXT() REPRESENTATION_CONTEXT('2D SPACE',''
  ) );
#7850 = ORIENTED_EDGE('',*,*,#2990,.T.);
#7851 = ORIENTED_EDGE('',*,*,#7726,.F.);
#7852 = ORIENTED_EDGE('',*,*,#7853,.F.);
#7853 = EDGE_CURVE('',#7829,#7727,#7854,.T.);
#7854 = SURFACE_CURVE('',#7855,(#7860,#7867),.PCURVE_S1.);
#7855 = B_SPLINE_CURVE_WITH_KNOTS('',3,(#7856,#7857,#7858,#7859),
  .UNSPECIFIED.,.F.,.F.,(4,4),(0.,1.),.PIECEWISE_BEZIER_KNOTS.);
#7856 = CARTESIAN_POINT('',(13.55089375,-4.5,3.523890625));
#7857 = CARTESIAN_POINT('',(13.509572335469,-4.5,3.632995261375));
#7858 = CARTESIAN_POINT('',(13.509558833781,-4.5,3.759210286281));
#7859 = CARTESIAN_POINT('',(13.475884375,-4.5,3.871482318531));
#7860 = PCURVE('',#3008,#7861);
#7861 = DEFINITIONAL_REPRESENTATION('',(#7862),#7866);
#7862 = LINE('',#7863,#7864);
#7863 = CARTESIAN_POINT('',(0.,0.));
#7864 = VECTOR('',#7865,1.);
#7865 = DIRECTION('',(1.,0.));
#7866 = ( GEOMETRIC_REPRESENTATION_CONTEXT(2) 
PARAMETRIC_REPRESENTATION_CONTEXT() REPRESENTATION_CONTEXT('2D SPACE',''
  ) );
#7867 = PCURVE('',#7506,#7868);
#7868 = DEFINITIONAL_REPRESENTATION('',(#7869),#7874);
#7869 = B_SPLINE_CURVE_WITH_KNOTS('',3,(#7870,#7871,#7872,#7873),
  .UNSPECIFIED.,.F.,.F.,(4,4),(0.,1.),.PIECEWISE_BEZIER_KNOTS.);
#7870 = CARTESIAN_POINT('',(3.523890625,-24.44910625));
#7871 = CARTESIAN_POINT('',(3.632995261375,-24.49042766453));
#7872 = CARTESIAN_POINT('',(3.759210286281,-24.49044116621));
#7873 = CARTESIAN_POINT('',(3.871482318531,-24.524115625));
#7874 = ( GEOMETRIC_REPRESENTATION_CONTEXT(2) 
PARAMETRIC_REPRESENTATION_CONTEXT() REPRESENTATION_CONTEXT('2D SPACE',''
  ) );
#7875 = ADVANCED_FACE('',(#7876),#4724,.F.);
#7876 = FACE_BOUND('',#7877,.F.);
#7877 = EDGE_LOOP('',(#7878,#7879,#7880,#7903));
#7878 = ORIENTED_EDGE('',*,*,#7779,.T.);
#7879 = ORIENTED_EDGE('',*,*,#4706,.T.);
#7880 = ORIENTED_EDGE('',*,*,#7881,.F.);
#7881 = EDGE_CURVE('',#7882,#4674,#7884,.T.);
#7882 = VERTEX_POINT('',#7883);
#7883 = CARTESIAN_POINT('',(14.00095,-4.5,5.34911875));
#7884 = SURFACE_CURVE('',#7885,(#7889,#7896),.PCURVE_S1.);
#7885 = LINE('',#7886,#7887);
#7886 = CARTESIAN_POINT('',(14.00095,-4.5,5.34911875));
#7887 = VECTOR('',#7888,1.);
#7888 = DIRECTION('',(0.,1.,2.230669073875E-16));
#7889 = PCURVE('',#4724,#7890);
#7890 = DEFINITIONAL_REPRESENTATION('',(#7891),#7895);
#7891 = LINE('',#7892,#7893);
#7892 = CARTESIAN_POINT('',(1.,0.));
#7893 = VECTOR('',#7894,1.);
#7894 = DIRECTION('',(0.,-1.));
#7895 = ( GEOMETRIC_REPRESENTATION_CONTEXT(2) 
PARAMETRIC_REPRESENTATION_CONTEXT() REPRESENTATION_CONTEXT('2D SPACE',''
  ) );
#7896 = PCURVE('',#4691,#7897);
#7897 = DEFINITIONAL_REPRESENTATION('',(#7898),#7902);
#7898 = LINE('',#7899,#7900);
#7899 = CARTESIAN_POINT('',(0.,0.));
#7900 = VECTOR('',#7901,1.);
#7901 = DIRECTION('',(0.,-1.));
#7902 = ( GEOMETRIC_REPRESENTATION_CONTEXT(2) 
PARAMETRIC_REPRESENTATION_CONTEXT() REPRESENTATION_CONTEXT('2D SPACE',''
  ) );
#7903 = ORIENTED_EDGE('',*,*,#7904,.F.);
#7904 = EDGE_CURVE('',#7780,#7882,#7905,.T.);
#7905 = SURFACE_CURVE('',#7906,(#7911,#7918),.PCURVE_S1.);
#7906 = B_SPLINE_CURVE_WITH_KNOTS('',3,(#7907,#7908,#7909,#7910),
  .UNSPECIFIED.,.F.,.F.,(4,4),(0.,1.),.PIECEWISE_BEZIER_KNOTS.);
#7907 = CARTESIAN_POINT('',(13.7009125,-4.5,5.399125));
#7908 = CARTESIAN_POINT('',(13.79416615525,-4.5,5.366139127281));
#7909 = CARTESIAN_POINT('',(13.898456939969,-4.5,5.359798584813));
#7910 = CARTESIAN_POINT('',(14.00095,-4.5,5.34911875));
#7911 = PCURVE('',#4724,#7912);
#7912 = DEFINITIONAL_REPRESENTATION('',(#7913),#7917);
#7913 = LINE('',#7914,#7915);
#7914 = CARTESIAN_POINT('',(0.,0.));
#7915 = VECTOR('',#7916,1.);
#7916 = DIRECTION('',(1.,0.));
#7917 = ( GEOMETRIC_REPRESENTATION_CONTEXT(2) 
PARAMETRIC_REPRESENTATION_CONTEXT() REPRESENTATION_CONTEXT('2D SPACE',''
  ) );
#7918 = PCURVE('',#7506,#7919);
#7919 = DEFINITIONAL_REPRESENTATION('',(#7920),#7925);
#7920 = B_SPLINE_CURVE_WITH_KNOTS('',3,(#7921,#7922,#7923,#7924),
  .UNSPECIFIED.,.F.,.F.,(4,4),(0.,1.),.PIECEWISE_BEZIER_KNOTS.);
#7921 = CARTESIAN_POINT('',(5.399125,-24.2990875));
#7922 = CARTESIAN_POINT('',(5.366139127281,-24.20583384475));
#7923 = CARTESIAN_POINT('',(5.359798584813,-24.10154306003));
#7924 = CARTESIAN_POINT('',(5.34911875,-23.99905));
#7925 = ( GEOMETRIC_REPRESENTATION_CONTEXT(2) 
PARAMETRIC_REPRESENTATION_CONTEXT() REPRESENTATION_CONTEXT('2D SPACE',''
  ) );
#7926 = ADVANCED_FACE('',(#7927),#3041,.F.);
#7927 = FACE_BOUND('',#7928,.F.);
#7928 = EDGE_LOOP('',(#7929,#7952,#7953,#7954));
#7929 = ORIENTED_EDGE('',*,*,#7930,.T.);
#7930 = EDGE_CURVE('',#7931,#3024,#7933,.T.);
#7931 = VERTEX_POINT('',#7932);
#7932 = CARTESIAN_POINT('',(13.55089375,-4.5,2.573771875));
#7933 = SURFACE_CURVE('',#7934,(#7938,#7945),.PCURVE_S1.);
#7934 = LINE('',#7935,#7936);
#7935 = CARTESIAN_POINT('',(13.55089375,-4.5,2.573771875));
#7936 = VECTOR('',#7937,1.);
#7937 = DIRECTION('',(0.,1.,2.230669073875E-16));
#7938 = PCURVE('',#3041,#7939);
#7939 = DEFINITIONAL_REPRESENTATION('',(#7940),#7944);
#7940 = LINE('',#7941,#7942);
#7941 = CARTESIAN_POINT('',(0.,0.));
#7942 = VECTOR('',#7943,1.);
#7943 = DIRECTION('',(0.,-1.));
#7944 = ( GEOMETRIC_REPRESENTATION_CONTEXT(2) 
PARAMETRIC_REPRESENTATION_CONTEXT() REPRESENTATION_CONTEXT('2D SPACE',''
  ) );
#7945 = PCURVE('',#3074,#7946);
#7946 = DEFINITIONAL_REPRESENTATION('',(#7947),#7951);
#7947 = LINE('',#7948,#7949);
#7948 = CARTESIAN_POINT('',(1.,0.));
#7949 = VECTOR('',#7950,1.);
#7950 = DIRECTION('',(0.,-1.));
#7951 = ( GEOMETRIC_REPRESENTATION_CONTEXT(2) 
PARAMETRIC_REPRESENTATION_CONTEXT() REPRESENTATION_CONTEXT('2D SPACE',''
  ) );
#7952 = ORIENTED_EDGE('',*,*,#3023,.T.);
#7953 = ORIENTED_EDGE('',*,*,#7828,.F.);
#7954 = ORIENTED_EDGE('',*,*,#7955,.F.);
#7955 = EDGE_CURVE('',#7931,#7829,#7956,.T.);
#7956 = SURFACE_CURVE('',#7957,(#7962,#7969),.PCURVE_S1.);
#7957 = B_SPLINE_CURVE_WITH_KNOTS('',3,(#7958,#7959,#7960,#7961),
  .UNSPECIFIED.,.F.,.F.,(4,4),(0.,1.),.PIECEWISE_BEZIER_KNOTS.);
#7958 = CARTESIAN_POINT('',(13.55089375,-4.5,2.573771875));
#7959 = CARTESIAN_POINT('',(13.55089375,-4.5,2.890478208344));
#7960 = CARTESIAN_POINT('',(13.55089375,-4.5,3.207184291656));
#7961 = CARTESIAN_POINT('',(13.55089375,-4.5,3.523890625));
#7962 = PCURVE('',#3041,#7963);
#7963 = DEFINITIONAL_REPRESENTATION('',(#7964),#7968);
#7964 = LINE('',#7965,#7966);
#7965 = CARTESIAN_POINT('',(0.,0.));
#7966 = VECTOR('',#7967,1.);
#7967 = DIRECTION('',(1.,0.));
#7968 = ( GEOMETRIC_REPRESENTATION_CONTEXT(2) 
PARAMETRIC_REPRESENTATION_CONTEXT() REPRESENTATION_CONTEXT('2D SPACE',''
  ) );
#7969 = PCURVE('',#7506,#7970);
#7970 = DEFINITIONAL_REPRESENTATION('',(#7971),#7976);
#7971 = B_SPLINE_CURVE_WITH_KNOTS('',3,(#7972,#7973,#7974,#7975),
  .UNSPECIFIED.,.F.,.F.,(4,4),(0.,1.),.PIECEWISE_BEZIER_KNOTS.);
#7972 = CARTESIAN_POINT('',(2.573771875,-24.44910625));
#7973 = CARTESIAN_POINT('',(2.890478208344,-24.44910625));
#7974 = CARTESIAN_POINT('',(3.207184291656,-24.44910625));
#7975 = CARTESIAN_POINT('',(3.523890625,-24.44910625));
#7976 = ( GEOMETRIC_REPRESENTATION_CONTEXT(2) 
PARAMETRIC_REPRESENTATION_CONTEXT() REPRESENTATION_CONTEXT('2D SPACE',''
  ) );
#7977 = ADVANCED_FACE('',(#7978),#4691,.F.);
#7978 = FACE_BOUND('',#7979,.F.);
#7979 = EDGE_LOOP('',(#7980,#7981,#7982,#8005));
#7980 = ORIENTED_EDGE('',*,*,#7881,.T.);
#7981 = ORIENTED_EDGE('',*,*,#4673,.T.);
#7982 = ORIENTED_EDGE('',*,*,#7983,.F.);
#7983 = EDGE_CURVE('',#7984,#4641,#7986,.T.);
#7984 = VERTEX_POINT('',#7985);
#7985 = CARTESIAN_POINT('',(14.325990625,-4.5,5.2991125));
#7986 = SURFACE_CURVE('',#7987,(#7991,#7998),.PCURVE_S1.);
#7987 = LINE('',#7988,#7989);
#7988 = CARTESIAN_POINT('',(14.325990625,-4.5,5.2991125));
#7989 = VECTOR('',#7990,1.);
#7990 = DIRECTION('',(0.,1.,2.230669073875E-16));
#7991 = PCURVE('',#4691,#7992);
#7992 = DEFINITIONAL_REPRESENTATION('',(#7993),#7997);
#7993 = LINE('',#7994,#7995);
#7994 = CARTESIAN_POINT('',(1.,0.));
#7995 = VECTOR('',#7996,1.);
#7996 = DIRECTION('',(0.,-1.));
#7997 = ( GEOMETRIC_REPRESENTATION_CONTEXT(2) 
PARAMETRIC_REPRESENTATION_CONTEXT() REPRESENTATION_CONTEXT('2D SPACE',''
  ) );
#7998 = PCURVE('',#4658,#7999);
#7999 = DEFINITIONAL_REPRESENTATION('',(#8000),#8004);
#8000 = LINE('',#8001,#8002);
#8001 = CARTESIAN_POINT('',(0.,0.));
#8002 = VECTOR('',#8003,1.);
#8003 = DIRECTION('',(0.,-1.));
#8004 = ( GEOMETRIC_REPRESENTATION_CONTEXT(2) 
PARAMETRIC_REPRESENTATION_CONTEXT() REPRESENTATION_CONTEXT('2D SPACE',''
  ) );
#8005 = ORIENTED_EDGE('',*,*,#8006,.F.);
#8006 = EDGE_CURVE('',#7882,#7984,#8007,.T.);
#8007 = SURFACE_CURVE('',#8008,(#8013,#8020),.PCURVE_S1.);
#8008 = B_SPLINE_CURVE_WITH_KNOTS('',3,(#8009,#8010,#8011,#8012),
  .UNSPECIFIED.,.F.,.F.,(4,4),(0.,1.),.PIECEWISE_BEZIER_KNOTS.);
#8009 = CARTESIAN_POINT('',(14.00095,-4.5,5.34911875));
#8010 = CARTESIAN_POINT('',(14.110639459469,-4.5,5.335691321781));
#8011 = CARTESIAN_POINT('',(14.211165773688,-4.5,5.300141878656));
#8012 = CARTESIAN_POINT('',(14.325990625,-4.5,5.2991125));
#8013 = PCURVE('',#4691,#8014);
#8014 = DEFINITIONAL_REPRESENTATION('',(#8015),#8019);
#8015 = LINE('',#8016,#8017);
#8016 = CARTESIAN_POINT('',(0.,0.));
#8017 = VECTOR('',#8018,1.);
#8018 = DIRECTION('',(1.,0.));
#8019 = ( GEOMETRIC_REPRESENTATION_CONTEXT(2) 
PARAMETRIC_REPRESENTATION_CONTEXT() REPRESENTATION_CONTEXT('2D SPACE',''
  ) );
#8020 = PCURVE('',#7506,#8021);
#8021 = DEFINITIONAL_REPRESENTATION('',(#8022),#8027);
#8022 = B_SPLINE_CURVE_WITH_KNOTS('',3,(#8023,#8024,#8025,#8026),
  .UNSPECIFIED.,.F.,.F.,(4,4),(0.,1.),.PIECEWISE_BEZIER_KNOTS.);
#8023 = CARTESIAN_POINT('',(5.34911875,-23.99905));
#8024 = CARTESIAN_POINT('',(5.335691321781,-23.88936054053));
#8025 = CARTESIAN_POINT('',(5.300141878656,-23.78883422631));
#8026 = CARTESIAN_POINT('',(5.2991125,-23.674009375));
#8027 = ( GEOMETRIC_REPRESENTATION_CONTEXT(2) 
PARAMETRIC_REPRESENTATION_CONTEXT() REPRESENTATION_CONTEXT('2D SPACE',''
  ) );
#8028 = ADVANCED_FACE('',(#8029),#3074,.F.);
#8029 = FACE_BOUND('',#8030,.F.);
#8030 = EDGE_LOOP('',(#8031,#8054,#8055,#8056));
#8031 = ORIENTED_EDGE('',*,*,#8032,.T.);
#8032 = EDGE_CURVE('',#8033,#3057,#8035,.T.);
#8033 = VERTEX_POINT('',#8034);
#8034 = CARTESIAN_POINT('',(13.525890625,-4.5,2.273734375));
#8035 = SURFACE_CURVE('',#8036,(#8040,#8047),.PCURVE_S1.);
#8036 = LINE('',#8037,#8038);
#8037 = CARTESIAN_POINT('',(13.525890625,-4.5,2.273734375));
#8038 = VECTOR('',#8039,1.);
#8039 = DIRECTION('',(0.,1.,2.230669073875E-16));
#8040 = PCURVE('',#3074,#8041);
#8041 = DEFINITIONAL_REPRESENTATION('',(#8042),#8046);
#8042 = LINE('',#8043,#8044);
#8043 = CARTESIAN_POINT('',(0.,0.));
#8044 = VECTOR('',#8045,1.);
#8045 = DIRECTION('',(0.,-1.));
#8046 = ( GEOMETRIC_REPRESENTATION_CONTEXT(2) 
PARAMETRIC_REPRESENTATION_CONTEXT() REPRESENTATION_CONTEXT('2D SPACE',''
  ) );
#8047 = PCURVE('',#3107,#8048);
#8048 = DEFINITIONAL_REPRESENTATION('',(#8049),#8053);
#8049 = LINE('',#8050,#8051);
#8050 = CARTESIAN_POINT('',(1.,0.));
#8051 = VECTOR('',#8052,1.);
#8052 = DIRECTION('',(0.,-1.));
#8053 = ( GEOMETRIC_REPRESENTATION_CONTEXT(2) 
PARAMETRIC_REPRESENTATION_CONTEXT() REPRESENTATION_CONTEXT('2D SPACE',''
  ) );
#8054 = ORIENTED_EDGE('',*,*,#3056,.T.);
#8055 = ORIENTED_EDGE('',*,*,#7930,.F.);
#8056 = ORIENTED_EDGE('',*,*,#8057,.F.);
#8057 = EDGE_CURVE('',#8033,#7931,#8058,.T.);
#8058 = SURFACE_CURVE('',#8059,(#8064,#8071),.PCURVE_S1.);
#8059 = B_SPLINE_CURVE_WITH_KNOTS('',3,(#8060,#8061,#8062,#8063),
  .UNSPECIFIED.,.F.,.F.,(4,4),(0.,1.),.PIECEWISE_BEZIER_KNOTS.);
#8060 = CARTESIAN_POINT('',(13.525890625,-4.5,2.273734375));
#8061 = CARTESIAN_POINT('',(13.515891875313,-4.5,2.381340824125));
#8062 = CARTESIAN_POINT('',(13.536260171031,-4.5,2.476368451094));
#8063 = CARTESIAN_POINT('',(13.55089375,-4.5,2.573771875));
#8064 = PCURVE('',#3074,#8065);
#8065 = DEFINITIONAL_REPRESENTATION('',(#8066),#8070);
#8066 = LINE('',#8067,#8068);
#8067 = CARTESIAN_POINT('',(0.,0.));
#8068 = VECTOR('',#8069,1.);
#8069 = DIRECTION('',(1.,0.));
#8070 = ( GEOMETRIC_REPRESENTATION_CONTEXT(2) 
PARAMETRIC_REPRESENTATION_CONTEXT() REPRESENTATION_CONTEXT('2D SPACE',''
  ) );
#8071 = PCURVE('',#7506,#8072);
#8072 = DEFINITIONAL_REPRESENTATION('',(#8073),#8078);
#8073 = B_SPLINE_CURVE_WITH_KNOTS('',3,(#8074,#8075,#8076,#8077),
  .UNSPECIFIED.,.F.,.F.,(4,4),(0.,1.),.PIECEWISE_BEZIER_KNOTS.);
#8074 = CARTESIAN_POINT('',(2.273734375,-24.474109375));
#8075 = CARTESIAN_POINT('',(2.381340824125,-24.48410812468));
#8076 = CARTESIAN_POINT('',(2.476368451094,-24.46373982896));
#8077 = CARTESIAN_POINT('',(2.573771875,-24.44910625));
#8078 = ( GEOMETRIC_REPRESENTATION_CONTEXT(2) 
PARAMETRIC_REPRESENTATION_CONTEXT() REPRESENTATION_CONTEXT('2D SPACE',''
  ) );
#8079 = ADVANCED_FACE('',(#8080),#4658,.F.);
#8080 = FACE_BOUND('',#8081,.F.);
#8081 = EDGE_LOOP('',(#8082,#8083,#8084,#8107));
#8082 = ORIENTED_EDGE('',*,*,#7983,.T.);
#8083 = ORIENTED_EDGE('',*,*,#4640,.T.);
#8084 = ORIENTED_EDGE('',*,*,#8085,.F.);
#8085 = EDGE_CURVE('',#8086,#4608,#8088,.T.);
#8086 = VERTEX_POINT('',#8087);
#8087 = CARTESIAN_POINT('',(14.673582318531,-4.5,5.224103125));
#8088 = SURFACE_CURVE('',#8089,(#8093,#8100),.PCURVE_S1.);
#8089 = LINE('',#8090,#8091);
#8090 = CARTESIAN_POINT('',(14.673582318531,-4.5,5.224103125));
#8091 = VECTOR('',#8092,1.);
#8092 = DIRECTION('',(0.,1.,2.230669073875E-16));
#8093 = PCURVE('',#4658,#8094);
#8094 = DEFINITIONAL_REPRESENTATION('',(#8095),#8099);
#8095 = LINE('',#8096,#8097);
#8096 = CARTESIAN_POINT('',(1.,0.));
#8097 = VECTOR('',#8098,1.);
#8098 = DIRECTION('',(0.,-1.));
#8099 = ( GEOMETRIC_REPRESENTATION_CONTEXT(2) 
PARAMETRIC_REPRESENTATION_CONTEXT() REPRESENTATION_CONTEXT('2D SPACE',''
  ) );
#8100 = PCURVE('',#4625,#8101);
#8101 = DEFINITIONAL_REPRESENTATION('',(#8102),#8106);
#8102 = LINE('',#8103,#8104);
#8103 = CARTESIAN_POINT('',(0.,0.));
#8104 = VECTOR('',#8105,1.);
#8105 = DIRECTION('',(0.,-1.));
#8106 = ( GEOMETRIC_REPRESENTATION_CONTEXT(2) 
PARAMETRIC_REPRESENTATION_CONTEXT() REPRESENTATION_CONTEXT('2D SPACE',''
  ) );
#8107 = ORIENTED_EDGE('',*,*,#8108,.F.);
#8108 = EDGE_CURVE('',#7984,#8086,#8109,.T.);
#8109 = SURFACE_CURVE('',#8110,(#8115,#8122),.PCURVE_S1.);
#8110 = B_SPLINE_CURVE_WITH_KNOTS('',3,(#8111,#8112,#8113,#8114),
  .UNSPECIFIED.,.F.,.F.,(4,4),(0.,1.),.PIECEWISE_BEZIER_KNOTS.);
#8111 = CARTESIAN_POINT('',(14.325990625,-4.5,5.2991125));
#8112 = CARTESIAN_POINT('',(14.438264907531,-4.5,5.265443291875));
#8113 = CARTESIAN_POINT('',(14.555694084344,-4.5,5.244219139188));
#8114 = CARTESIAN_POINT('',(14.673582318531,-4.5,5.224103125));
#8115 = PCURVE('',#4658,#8116);
#8116 = DEFINITIONAL_REPRESENTATION('',(#8117),#8121);
#8117 = LINE('',#8118,#8119);
#8118 = CARTESIAN_POINT('',(0.,0.));
#8119 = VECTOR('',#8120,1.);
#8120 = DIRECTION('',(1.,0.));
#8121 = ( GEOMETRIC_REPRESENTATION_CONTEXT(2) 
PARAMETRIC_REPRESENTATION_CONTEXT() REPRESENTATION_CONTEXT('2D SPACE',''
  ) );
#8122 = PCURVE('',#7506,#8123);
#8123 = DEFINITIONAL_REPRESENTATION('',(#8124),#8129);
#8124 = B_SPLINE_CURVE_WITH_KNOTS('',3,(#8125,#8126,#8127,#8128),
  .UNSPECIFIED.,.F.,.F.,(4,4),(0.,1.),.PIECEWISE_BEZIER_KNOTS.);
#8125 = CARTESIAN_POINT('',(5.2991125,-23.674009375));
#8126 = CARTESIAN_POINT('',(5.265443291875,-23.56173509246));
#8127 = CARTESIAN_POINT('',(5.244219139188,-23.44430591565));
#8128 = CARTESIAN_POINT('',(5.224103125,-23.32641768146));
#8129 = ( GEOMETRIC_REPRESENTATION_CONTEXT(2) 
PARAMETRIC_REPRESENTATION_CONTEXT() REPRESENTATION_CONTEXT('2D SPACE',''
  ) );
#8130 = ADVANCED_FACE('',(#8131),#3107,.F.);
#8131 = FACE_BOUND('',#8132,.F.);
#8132 = EDGE_LOOP('',(#8133,#8156,#8157,#8158));
#8133 = ORIENTED_EDGE('',*,*,#8134,.T.);
#8134 = EDGE_CURVE('',#8135,#3090,#8137,.T.);
#8135 = VERTEX_POINT('',#8136);
#8136 = CARTESIAN_POINT('',(13.5008875,-4.5,1.973696875));
#8137 = SURFACE_CURVE('',#8138,(#8142,#8149),.PCURVE_S1.);
#8138 = LINE('',#8139,#8140);
#8139 = CARTESIAN_POINT('',(13.5008875,-4.5,1.973696875));
#8140 = VECTOR('',#8141,1.);
#8141 = DIRECTION('',(0.,1.,2.230669073875E-16));
#8142 = PCURVE('',#3107,#8143);
#8143 = DEFINITIONAL_REPRESENTATION('',(#8144),#8148);
#8144 = LINE('',#8145,#8146);
#8145 = CARTESIAN_POINT('',(0.,0.));
#8146 = VECTOR('',#8147,1.);
#8147 = DIRECTION('',(0.,-1.));
#8148 = ( GEOMETRIC_REPRESENTATION_CONTEXT(2) 
PARAMETRIC_REPRESENTATION_CONTEXT() REPRESENTATION_CONTEXT('2D SPACE',''
  ) );
#8149 = PCURVE('',#3140,#8150);
#8150 = DEFINITIONAL_REPRESENTATION('',(#8151),#8155);
#8151 = LINE('',#8152,#8153);
#8152 = CARTESIAN_POINT('',(1.,0.));
#8153 = VECTOR('',#8154,1.);
#8154 = DIRECTION('',(0.,-1.));
#8155 = ( GEOMETRIC_REPRESENTATION_CONTEXT(2) 
PARAMETRIC_REPRESENTATION_CONTEXT() REPRESENTATION_CONTEXT('2D SPACE',''
  ) );
#8156 = ORIENTED_EDGE('',*,*,#3089,.T.);
#8157 = ORIENTED_EDGE('',*,*,#8032,.F.);
#8158 = ORIENTED_EDGE('',*,*,#8159,.F.);
#8159 = EDGE_CURVE('',#8135,#8033,#8160,.T.);
#8160 = SURFACE_CURVE('',#8161,(#8166,#8173),.PCURVE_S1.);
#8161 = B_SPLINE_CURVE_WITH_KNOTS('',3,(#8162,#8163,#8164,#8165),
  .UNSPECIFIED.,.F.,.F.,(4,4),(0.,1.),.PIECEWISE_BEZIER_KNOTS.);
#8162 = CARTESIAN_POINT('',(13.5008875,-4.5,1.973696875));
#8163 = CARTESIAN_POINT('',(13.490888750313,-4.5,2.081303324125));
#8164 = CARTESIAN_POINT('',(13.511257046031,-4.5,2.176330951094));
#8165 = CARTESIAN_POINT('',(13.525890625,-4.5,2.273734375));
#8166 = PCURVE('',#3107,#8167);
#8167 = DEFINITIONAL_REPRESENTATION('',(#8168),#8172);
#8168 = LINE('',#8169,#8170);
#8169 = CARTESIAN_POINT('',(0.,0.));
#8170 = VECTOR('',#8171,1.);
#8171 = DIRECTION('',(1.,0.));
#8172 = ( GEOMETRIC_REPRESENTATION_CONTEXT(2) 
PARAMETRIC_REPRESENTATION_CONTEXT() REPRESENTATION_CONTEXT('2D SPACE',''
  ) );
#8173 = PCURVE('',#7506,#8174);
#8174 = DEFINITIONAL_REPRESENTATION('',(#8175),#8180);
#8175 = B_SPLINE_CURVE_WITH_KNOTS('',3,(#8176,#8177,#8178,#8179),
  .UNSPECIFIED.,.F.,.F.,(4,4),(0.,1.),.PIECEWISE_BEZIER_KNOTS.);
#8176 = CARTESIAN_POINT('',(1.973696875,-24.4991125));
#8177 = CARTESIAN_POINT('',(2.081303324125,-24.50911124968));
#8178 = CARTESIAN_POINT('',(2.176330951094,-24.48874295396));
#8179 = CARTESIAN_POINT('',(2.273734375,-24.474109375));
#8180 = ( GEOMETRIC_REPRESENTATION_CONTEXT(2) 
PARAMETRIC_REPRESENTATION_CONTEXT() REPRESENTATION_CONTEXT('2D SPACE',''
  ) );
#8181 = ADVANCED_FACE('',(#8182),#4625,.F.);
#8182 = FACE_BOUND('',#8183,.F.);
#8183 = EDGE_LOOP('',(#8184,#8185,#8186,#8209));
#8184 = ORIENTED_EDGE('',*,*,#8085,.T.);
#8185 = ORIENTED_EDGE('',*,*,#4607,.T.);
#8186 = ORIENTED_EDGE('',*,*,#8187,.F.);
#8187 = EDGE_CURVE('',#8188,#4575,#8190,.T.);
#8188 = VERTEX_POINT('',#8189);
#8189 = CARTESIAN_POINT('',(15.05108125,-4.5,5.124090625));
#8190 = SURFACE_CURVE('',#8191,(#8195,#8202),.PCURVE_S1.);
#8191 = LINE('',#8192,#8193);
#8192 = CARTESIAN_POINT('',(15.05108125,-4.5,5.124090625));
#8193 = VECTOR('',#8194,1.);
#8194 = DIRECTION('',(0.,1.,2.230669073875E-16));
#8195 = PCURVE('',#4625,#8196);
#8196 = DEFINITIONAL_REPRESENTATION('',(#8197),#8201);
#8197 = LINE('',#8198,#8199);
#8198 = CARTESIAN_POINT('',(1.,0.));
#8199 = VECTOR('',#8200,1.);
#8200 = DIRECTION('',(0.,-1.));
#8201 = ( GEOMETRIC_REPRESENTATION_CONTEXT(2) 
PARAMETRIC_REPRESENTATION_CONTEXT() REPRESENTATION_CONTEXT('2D SPACE',''
  ) );
#8202 = PCURVE('',#4592,#8203);
#8203 = DEFINITIONAL_REPRESENTATION('',(#8204),#8208);
#8204 = LINE('',#8205,#8206);
#8205 = CARTESIAN_POINT('',(0.,0.));
#8206 = VECTOR('',#8207,1.);
#8207 = DIRECTION('',(0.,-1.));
#8208 = ( GEOMETRIC_REPRESENTATION_CONTEXT(2) 
PARAMETRIC_REPRESENTATION_CONTEXT() REPRESENTATION_CONTEXT('2D SPACE',''
  ) );
#8209 = ORIENTED_EDGE('',*,*,#8210,.F.);
#8210 = EDGE_CURVE('',#8086,#8188,#8211,.T.);
#8211 = SURFACE_CURVE('',#8212,(#8217,#8224),.PCURVE_S1.);
#8212 = B_SPLINE_CURVE_WITH_KNOTS('',3,(#8213,#8214,#8215,#8216),
  .UNSPECIFIED.,.F.,.F.,(4,4),(0.,1.),.PIECEWISE_BEZIER_KNOTS.);
#8213 = CARTESIAN_POINT('',(14.673582318531,-4.5,5.224103125));
#8214 = CARTESIAN_POINT('',(14.797290530125,-4.5,5.185636067219));
#8215 = CARTESIAN_POINT('',(14.928372413313,-4.5,5.164970484344));
#8216 = CARTESIAN_POINT('',(15.05108125,-4.5,5.124090625));
#8217 = PCURVE('',#4625,#8218);
#8218 = DEFINITIONAL_REPRESENTATION('',(#8219),#8223);
#8219 = LINE('',#8220,#8221);
#8220 = CARTESIAN_POINT('',(0.,0.));
#8221 = VECTOR('',#8222,1.);
#8222 = DIRECTION('',(1.,0.));
#8223 = ( GEOMETRIC_REPRESENTATION_CONTEXT(2) 
PARAMETRIC_REPRESENTATION_CONTEXT() REPRESENTATION_CONTEXT('2D SPACE',''
  ) );
#8224 = PCURVE('',#7506,#8225);
#8225 = DEFINITIONAL_REPRESENTATION('',(#8226),#8231);
#8226 = B_SPLINE_CURVE_WITH_KNOTS('',3,(#8227,#8228,#8229,#8230),
  .UNSPECIFIED.,.F.,.F.,(4,4),(0.,1.),.PIECEWISE_BEZIER_KNOTS.);
#8227 = CARTESIAN_POINT('',(5.224103125,-23.32641768146));
#8228 = CARTESIAN_POINT('',(5.185636067219,-23.20270946987));
#8229 = CARTESIAN_POINT('',(5.164970484344,-23.07162758668));
#8230 = CARTESIAN_POINT('',(5.124090625,-22.94891875));
#8231 = ( GEOMETRIC_REPRESENTATION_CONTEXT(2) 
PARAMETRIC_REPRESENTATION_CONTEXT() REPRESENTATION_CONTEXT('2D SPACE',''
  ) );
#8232 = ADVANCED_FACE('',(#8233),#3140,.F.);
#8233 = FACE_BOUND('',#8234,.F.);
#8234 = EDGE_LOOP('',(#8235,#8258,#8259,#8260));
#8235 = ORIENTED_EDGE('',*,*,#8236,.T.);
#8236 = EDGE_CURVE('',#8237,#3123,#8239,.T.);
#8237 = VERTEX_POINT('',#8238);
#8238 = CARTESIAN_POINT('',(13.475884375,-4.5,1.573646875));
#8239 = SURFACE_CURVE('',#8240,(#8244,#8251),.PCURVE_S1.);
#8240 = LINE('',#8241,#8242);
#8241 = CARTESIAN_POINT('',(13.475884375,-4.5,1.573646875));
#8242 = VECTOR('',#8243,1.);
#8243 = DIRECTION('',(0.,1.,2.230669073875E-16));
#8244 = PCURVE('',#3140,#8245);
#8245 = DEFINITIONAL_REPRESENTATION('',(#8246),#8250);
#8246 = LINE('',#8247,#8248);
#8247 = CARTESIAN_POINT('',(0.,0.));
#8248 = VECTOR('',#8249,1.);
#8249 = DIRECTION('',(0.,-1.));
#8250 = ( GEOMETRIC_REPRESENTATION_CONTEXT(2) 
PARAMETRIC_REPRESENTATION_CONTEXT() REPRESENTATION_CONTEXT('2D SPACE',''
  ) );
#8251 = PCURVE('',#3173,#8252);
#8252 = DEFINITIONAL_REPRESENTATION('',(#8253),#8257);
#8253 = LINE('',#8254,#8255);
#8254 = CARTESIAN_POINT('',(1.,0.));
#8255 = VECTOR('',#8256,1.);
#8256 = DIRECTION('',(0.,-1.));
#8257 = ( GEOMETRIC_REPRESENTATION_CONTEXT(2) 
PARAMETRIC_REPRESENTATION_CONTEXT() REPRESENTATION_CONTEXT('2D SPACE',''
  ) );
#8258 = ORIENTED_EDGE('',*,*,#3122,.T.);
#8259 = ORIENTED_EDGE('',*,*,#8134,.F.);
#8260 = ORIENTED_EDGE('',*,*,#8261,.F.);
#8261 = EDGE_CURVE('',#8237,#8135,#8262,.T.);
#8262 = SURFACE_CURVE('',#8263,(#8268,#8275),.PCURVE_S1.);
#8263 = B_SPLINE_CURVE_WITH_KNOTS('',3,(#8264,#8265,#8266,#8267),
  .UNSPECIFIED.,.F.,.F.,(4,4),(0.,1.),.PIECEWISE_BEZIER_KNOTS.);
#8264 = CARTESIAN_POINT('',(13.475884375,-4.5,1.573646875));
#8265 = CARTESIAN_POINT('',(13.480628467938,-4.5,1.708483977531));
#8266 = CARTESIAN_POINT('',(13.45996838575,-4.5,1.85384389525));
#8267 = CARTESIAN_POINT('',(13.5008875,-4.5,1.973696875));
#8268 = PCURVE('',#3140,#8269);
#8269 = DEFINITIONAL_REPRESENTATION('',(#8270),#8274);
#8270 = LINE('',#8271,#8272);
#8271 = CARTESIAN_POINT('',(0.,0.));
#8272 = VECTOR('',#8273,1.);
#8273 = DIRECTION('',(1.,0.));
#8274 = ( GEOMETRIC_REPRESENTATION_CONTEXT(2) 
PARAMETRIC_REPRESENTATION_CONTEXT() REPRESENTATION_CONTEXT('2D SPACE',''
  ) );
#8275 = PCURVE('',#7506,#8276);
#8276 = DEFINITIONAL_REPRESENTATION('',(#8277),#8282);
#8277 = B_SPLINE_CURVE_WITH_KNOTS('',3,(#8278,#8279,#8280,#8281),
  .UNSPECIFIED.,.F.,.F.,(4,4),(0.,1.),.PIECEWISE_BEZIER_KNOTS.);
#8278 = CARTESIAN_POINT('',(1.573646875,-24.524115625));
#8279 = CARTESIAN_POINT('',(1.708483977531,-24.51937153206));
#8280 = CARTESIAN_POINT('',(1.85384389525,-24.54003161425));
#8281 = CARTESIAN_POINT('',(1.973696875,-24.4991125));
#8282 = ( GEOMETRIC_REPRESENTATION_CONTEXT(2) 
PARAMETRIC_REPRESENTATION_CONTEXT() REPRESENTATION_CONTEXT('2D SPACE',''
  ) );
#8283 = ADVANCED_FACE('',(#8284),#4592,.F.);
#8284 = FACE_BOUND('',#8285,.F.);
#8285 = EDGE_LOOP('',(#8286,#8287,#8288,#8311));
#8286 = ORIENTED_EDGE('',*,*,#8187,.T.);
#8287 = ORIENTED_EDGE('',*,*,#4574,.T.);
#8288 = ORIENTED_EDGE('',*,*,#8289,.F.);
#8289 = EDGE_CURVE('',#8290,#4542,#8292,.T.);
#8290 = VERTEX_POINT('',#8291);
#8291 = CARTESIAN_POINT('',(15.476134375,-4.5,4.999075));
#8292 = SURFACE_CURVE('',#8293,(#8297,#8304),.PCURVE_S1.);
#8293 = LINE('',#8294,#8295);
#8294 = CARTESIAN_POINT('',(15.476134375,-4.5,4.999075));
#8295 = VECTOR('',#8296,1.);
#8296 = DIRECTION('',(0.,1.,2.230669073875E-16));
#8297 = PCURVE('',#4592,#8298);
#8298 = DEFINITIONAL_REPRESENTATION('',(#8299),#8303);
#8299 = LINE('',#8300,#8301);
#8300 = CARTESIAN_POINT('',(1.,0.));
#8301 = VECTOR('',#8302,1.);
#8302 = DIRECTION('',(0.,-1.));
#8303 = ( GEOMETRIC_REPRESENTATION_CONTEXT(2) 
PARAMETRIC_REPRESENTATION_CONTEXT() REPRESENTATION_CONTEXT('2D SPACE',''
  ) );
#8304 = PCURVE('',#4559,#8305);
#8305 = DEFINITIONAL_REPRESENTATION('',(#8306),#8310);
#8306 = LINE('',#8307,#8308);
#8307 = CARTESIAN_POINT('',(0.,0.));
#8308 = VECTOR('',#8309,1.);
#8309 = DIRECTION('',(0.,-1.));
#8310 = ( GEOMETRIC_REPRESENTATION_CONTEXT(2) 
PARAMETRIC_REPRESENTATION_CONTEXT() REPRESENTATION_CONTEXT('2D SPACE',''
  ) );
#8311 = ORIENTED_EDGE('',*,*,#8312,.F.);
#8312 = EDGE_CURVE('',#8188,#8290,#8313,.T.);
#8313 = SURFACE_CURVE('',#8314,(#8319,#8326),.PCURVE_S1.);
#8314 = B_SPLINE_CURVE_WITH_KNOTS('',3,(#8315,#8316,#8317,#8318),
  .UNSPECIFIED.,.F.,.F.,(4,4),(0.,1.),.PIECEWISE_BEZIER_KNOTS.);
#8315 = CARTESIAN_POINT('',(15.05108125,-4.5,5.124090625));
#8316 = CARTESIAN_POINT('',(15.197077997313,-4.5,5.092829717875));
#8317 = CARTESIAN_POINT('',(15.336469669094,-4.5,5.045622567719));
#8318 = CARTESIAN_POINT('',(15.476134375,-4.5,4.999075));
#8319 = PCURVE('',#4592,#8320);
#8320 = DEFINITIONAL_REPRESENTATION('',(#8321),#8325);
#8321 = LINE('',#8322,#8323);
#8322 = CARTESIAN_POINT('',(0.,0.));
#8323 = VECTOR('',#8324,1.);
#8324 = DIRECTION('',(1.,0.));
#8325 = ( GEOMETRIC_REPRESENTATION_CONTEXT(2) 
PARAMETRIC_REPRESENTATION_CONTEXT() REPRESENTATION_CONTEXT('2D SPACE',''
  ) );
#8326 = PCURVE('',#7506,#8327);
#8327 = DEFINITIONAL_REPRESENTATION('',(#8328),#8333);
#8328 = B_SPLINE_CURVE_WITH_KNOTS('',3,(#8329,#8330,#8331,#8332),
  .UNSPECIFIED.,.F.,.F.,(4,4),(0.,1.),.PIECEWISE_BEZIER_KNOTS.);
#8329 = CARTESIAN_POINT('',(5.124090625,-22.94891875));
#8330 = CARTESIAN_POINT('',(5.092829717875,-22.80292200268));
#8331 = CARTESIAN_POINT('',(5.045622567719,-22.6635303309));
#8332 = CARTESIAN_POINT('',(4.999075,-22.523865625));
#8333 = ( GEOMETRIC_REPRESENTATION_CONTEXT(2) 
PARAMETRIC_REPRESENTATION_CONTEXT() REPRESENTATION_CONTEXT('2D SPACE',''
  ) );
#8334 = ADVANCED_FACE('',(#8335),#3173,.F.);
#8335 = FACE_BOUND('',#8336,.F.);
#8336 = EDGE_LOOP('',(#8337,#8360,#8361,#8362));
#8337 = ORIENTED_EDGE('',*,*,#8338,.T.);
#8338 = EDGE_CURVE('',#8339,#3156,#8341,.T.);
#8339 = VERTEX_POINT('',#8340);
#8340 = CARTESIAN_POINT('',(13.45088125,-4.5,1.273609375));
#8341 = SURFACE_CURVE('',#8342,(#8346,#8353),.PCURVE_S1.);
#8342 = LINE('',#8343,#8344);
#8343 = CARTESIAN_POINT('',(13.45088125,-4.5,1.273609375));
#8344 = VECTOR('',#8345,1.);
#8345 = DIRECTION('',(0.,1.,2.230669073875E-16));
#8346 = PCURVE('',#3173,#8347);
#8347 = DEFINITIONAL_REPRESENTATION('',(#8348),#8352);
#8348 = LINE('',#8349,#8350);
#8349 = CARTESIAN_POINT('',(0.,0.));
#8350 = VECTOR('',#8351,1.);
#8351 = DIRECTION('',(0.,-1.));
#8352 = ( GEOMETRIC_REPRESENTATION_CONTEXT(2) 
PARAMETRIC_REPRESENTATION_CONTEXT() REPRESENTATION_CONTEXT('2D SPACE',''
  ) );
#8353 = PCURVE('',#3206,#8354);
#8354 = DEFINITIONAL_REPRESENTATION('',(#8355),#8359);
#8355 = LINE('',#8356,#8357);
#8356 = CARTESIAN_POINT('',(1.,0.));
#8357 = VECTOR('',#8358,1.);
#8358 = DIRECTION('',(0.,-1.));
#8359 = ( GEOMETRIC_REPRESENTATION_CONTEXT(2) 
PARAMETRIC_REPRESENTATION_CONTEXT() REPRESENTATION_CONTEXT('2D SPACE',''
  ) );
#8360 = ORIENTED_EDGE('',*,*,#3155,.T.);
#8361 = ORIENTED_EDGE('',*,*,#8236,.F.);
#8362 = ORIENTED_EDGE('',*,*,#8363,.F.);
#8363 = EDGE_CURVE('',#8339,#8237,#8364,.T.);
#8364 = SURFACE_CURVE('',#8365,(#8370,#8377),.PCURVE_S1.);
#8365 = B_SPLINE_CURVE_WITH_KNOTS('',3,(#8366,#8367,#8368,#8369),
  .UNSPECIFIED.,.F.,.F.,(4,4),(0.,1.),.PIECEWISE_BEZIER_KNOTS.);
#8366 = CARTESIAN_POINT('',(13.45088125,-4.5,1.273609375));
#8367 = CARTESIAN_POINT('',(13.440882500313,-4.5,1.381215824125));
#8368 = CARTESIAN_POINT('',(13.461250796031,-4.5,1.476243451094));
#8369 = CARTESIAN_POINT('',(13.475884375,-4.5,1.573646875));
#8370 = PCURVE('',#3173,#8371);
#8371 = DEFINITIONAL_REPRESENTATION('',(#8372),#8376);
#8372 = LINE('',#8373,#8374);
#8373 = CARTESIAN_POINT('',(0.,0.));
#8374 = VECTOR('',#8375,1.);
#8375 = DIRECTION('',(1.,0.));
#8376 = ( GEOMETRIC_REPRESENTATION_CONTEXT(2) 
PARAMETRIC_REPRESENTATION_CONTEXT() REPRESENTATION_CONTEXT('2D SPACE',''
  ) );
#8377 = PCURVE('',#7506,#8378);
#8378 = DEFINITIONAL_REPRESENTATION('',(#8379),#8384);
#8379 = B_SPLINE_CURVE_WITH_KNOTS('',3,(#8380,#8381,#8382,#8383),
  .UNSPECIFIED.,.F.,.F.,(4,4),(0.,1.),.PIECEWISE_BEZIER_KNOTS.);
#8380 = CARTESIAN_POINT('',(1.273609375,-24.54911875));
#8381 = CARTESIAN_POINT('',(1.381215824125,-24.55911749968));
#8382 = CARTESIAN_POINT('',(1.476243451094,-24.53874920396));
#8383 = CARTESIAN_POINT('',(1.573646875,-24.524115625));
#8384 = ( GEOMETRIC_REPRESENTATION_CONTEXT(2) 
PARAMETRIC_REPRESENTATION_CONTEXT() REPRESENTATION_CONTEXT('2D SPACE',''
  ) );
#8385 = ADVANCED_FACE('',(#8386),#4559,.F.);
#8386 = FACE_BOUND('',#8387,.F.);
#8387 = EDGE_LOOP('',(#8388,#8389,#8390,#8413));
#8388 = ORIENTED_EDGE('',*,*,#8289,.T.);
#8389 = ORIENTED_EDGE('',*,*,#4541,.T.);
#8390 = ORIENTED_EDGE('',*,*,#8391,.F.);
#8391 = EDGE_CURVE('',#8392,#4509,#8394,.T.);
#8392 = VERTEX_POINT('',#8393);
#8393 = CARTESIAN_POINT('',(15.926190625,-4.5,4.84905625));
#8394 = SURFACE_CURVE('',#8395,(#8399,#8406),.PCURVE_S1.);
#8395 = LINE('',#8396,#8397);
#8396 = CARTESIAN_POINT('',(15.926190625,-4.5,4.84905625));
#8397 = VECTOR('',#8398,1.);
#8398 = DIRECTION('',(0.,1.,2.230669073875E-16));
#8399 = PCURVE('',#4559,#8400);
#8400 = DEFINITIONAL_REPRESENTATION('',(#8401),#8405);
#8401 = LINE('',#8402,#8403);
#8402 = CARTESIAN_POINT('',(1.,0.));
#8403 = VECTOR('',#8404,1.);
#8404 = DIRECTION('',(0.,-1.));
#8405 = ( GEOMETRIC_REPRESENTATION_CONTEXT(2) 
PARAMETRIC_REPRESENTATION_CONTEXT() REPRESENTATION_CONTEXT('2D SPACE',''
  ) );
#8406 = PCURVE('',#4526,#8407);
#8407 = DEFINITIONAL_REPRESENTATION('',(#8408),#8412);
#8408 = LINE('',#8409,#8410);
#8409 = CARTESIAN_POINT('',(0.,0.));
#8410 = VECTOR('',#8411,1.);
#8411 = DIRECTION('',(0.,-1.));
#8412 = ( GEOMETRIC_REPRESENTATION_CONTEXT(2) 
PARAMETRIC_REPRESENTATION_CONTEXT() REPRESENTATION_CONTEXT('2D SPACE',''
  ) );
#8413 = ORIENTED_EDGE('',*,*,#8414,.F.);
#8414 = EDGE_CURVE('',#8290,#8392,#8415,.T.);
#8415 = SURFACE_CURVE('',#8416,(#8421,#8428),.PCURVE_S1.);
#8416 = B_SPLINE_CURVE_WITH_KNOTS('',3,(#8417,#8418,#8419,#8420),
  .UNSPECIFIED.,.F.,.F.,(4,4),(0.,1.),.PIECEWISE_BEZIER_KNOTS.);
#8417 = CARTESIAN_POINT('',(15.476134375,-4.5,4.999075));
#8418 = CARTESIAN_POINT('',(15.632780453313,-4.5,4.96506874975));
#8419 = CARTESIAN_POINT('',(15.774096365594,-4.5,4.894052123781));
#8420 = CARTESIAN_POINT('',(15.926190625,-4.5,4.84905625));
#8421 = PCURVE('',#4559,#8422);
#8422 = DEFINITIONAL_REPRESENTATION('',(#8423),#8427);
#8423 = LINE('',#8424,#8425);
#8424 = CARTESIAN_POINT('',(0.,0.));
#8425 = VECTOR('',#8426,1.);
#8426 = DIRECTION('',(1.,0.));
#8427 = ( GEOMETRIC_REPRESENTATION_CONTEXT(2) 
PARAMETRIC_REPRESENTATION_CONTEXT() REPRESENTATION_CONTEXT('2D SPACE',''
  ) );
#8428 = PCURVE('',#7506,#8429);
#8429 = DEFINITIONAL_REPRESENTATION('',(#8430),#8435);
#8430 = B_SPLINE_CURVE_WITH_KNOTS('',3,(#8431,#8432,#8433,#8434),
  .UNSPECIFIED.,.F.,.F.,(4,4),(0.,1.),.PIECEWISE_BEZIER_KNOTS.);
#8431 = CARTESIAN_POINT('',(4.999075,-22.523865625));
#8432 = CARTESIAN_POINT('',(4.96506874975,-22.36721954668));
#8433 = CARTESIAN_POINT('',(4.894052123781,-22.2259036344));
#8434 = CARTESIAN_POINT('',(4.84905625,-22.073809375));
#8435 = ( GEOMETRIC_REPRESENTATION_CONTEXT(2) 
PARAMETRIC_REPRESENTATION_CONTEXT() REPRESENTATION_CONTEXT('2D SPACE',''
  ) );
#8436 = ADVANCED_FACE('',(#8437),#3206,.F.);
#8437 = FACE_BOUND('',#8438,.F.);
#8438 = EDGE_LOOP('',(#8439,#8462,#8463,#8464));
#8439 = ORIENTED_EDGE('',*,*,#8440,.T.);
#8440 = EDGE_CURVE('',#8441,#3189,#8443,.T.);
#8441 = VERTEX_POINT('',#8442);
#8442 = CARTESIAN_POINT('',(13.475884375,-4.5,0.923565625));
#8443 = SURFACE_CURVE('',#8444,(#8448,#8455),.PCURVE_S1.);
#8444 = LINE('',#8445,#8446);
#8445 = CARTESIAN_POINT('',(13.475884375,-4.5,0.923565625));
#8446 = VECTOR('',#8447,1.);
#8447 = DIRECTION('',(0.,1.,2.230669073875E-16));
#8448 = PCURVE('',#3206,#8449);
#8449 = DEFINITIONAL_REPRESENTATION('',(#8450),#8454);
#8450 = LINE('',#8451,#8452);
#8451 = CARTESIAN_POINT('',(0.,0.));
#8452 = VECTOR('',#8453,1.);
#8453 = DIRECTION('',(0.,-1.));
#8454 = ( GEOMETRIC_REPRESENTATION_CONTEXT(2) 
PARAMETRIC_REPRESENTATION_CONTEXT() REPRESENTATION_CONTEXT('2D SPACE',''
  ) );
#8455 = PCURVE('',#3239,#8456);
#8456 = DEFINITIONAL_REPRESENTATION('',(#8457),#8461);
#8457 = LINE('',#8458,#8459);
#8458 = CARTESIAN_POINT('',(1.,0.));
#8459 = VECTOR('',#8460,1.);
#8460 = DIRECTION('',(0.,-1.));
#8461 = ( GEOMETRIC_REPRESENTATION_CONTEXT(2) 
PARAMETRIC_REPRESENTATION_CONTEXT() REPRESENTATION_CONTEXT('2D SPACE',''
  ) );
#8462 = ORIENTED_EDGE('',*,*,#3188,.T.);
#8463 = ORIENTED_EDGE('',*,*,#8338,.F.);
#8464 = ORIENTED_EDGE('',*,*,#8465,.F.);
#8465 = EDGE_CURVE('',#8441,#8339,#8466,.T.);
#8466 = SURFACE_CURVE('',#8467,(#8472,#8479),.PCURVE_S1.);
#8467 = B_SPLINE_CURVE_WITH_KNOTS('',3,(#8468,#8469,#8470,#8471),
  .UNSPECIFIED.,.F.,.F.,(4,4),(0.,1.),.PIECEWISE_BEZIER_KNOTS.);
#8468 = CARTESIAN_POINT('',(13.475884375,-4.5,0.923565625));
#8469 = CARTESIAN_POINT('',(13.482497451531,-4.5,1.046438232156));
#8470 = CARTESIAN_POINT('',(13.4335310815,-4.5,1.146289211969));
#8471 = CARTESIAN_POINT('',(13.45088125,-4.5,1.273609375));
#8472 = PCURVE('',#3206,#8473);
#8473 = DEFINITIONAL_REPRESENTATION('',(#8474),#8478);
#8474 = LINE('',#8475,#8476);
#8475 = CARTESIAN_POINT('',(0.,0.));
#8476 = VECTOR('',#8477,1.);
#8477 = DIRECTION('',(1.,0.));
#8478 = ( GEOMETRIC_REPRESENTATION_CONTEXT(2) 
PARAMETRIC_REPRESENTATION_CONTEXT() REPRESENTATION_CONTEXT('2D SPACE',''
  ) );
#8479 = PCURVE('',#7506,#8480);
#8480 = DEFINITIONAL_REPRESENTATION('',(#8481),#8486);
#8481 = B_SPLINE_CURVE_WITH_KNOTS('',3,(#8482,#8483,#8484,#8485),
  .UNSPECIFIED.,.F.,.F.,(4,4),(0.,1.),.PIECEWISE_BEZIER_KNOTS.);
#8482 = CARTESIAN_POINT('',(0.923565625,-24.524115625));
#8483 = CARTESIAN_POINT('',(1.046438232156,-24.51750254846));
#8484 = CARTESIAN_POINT('',(1.146289211969,-24.5664689185));
#8485 = CARTESIAN_POINT('',(1.273609375,-24.54911875));
#8486 = ( GEOMETRIC_REPRESENTATION_CONTEXT(2) 
PARAMETRIC_REPRESENTATION_CONTEXT() REPRESENTATION_CONTEXT('2D SPACE',''
  ) );
#8487 = ADVANCED_FACE('',(#8488),#4526,.F.);
#8488 = FACE_BOUND('',#8489,.F.);
#8489 = EDGE_LOOP('',(#8490,#8491,#8492,#8515));
#8490 = ORIENTED_EDGE('',*,*,#8391,.T.);
#8491 = ORIENTED_EDGE('',*,*,#4508,.T.);
#8492 = ORIENTED_EDGE('',*,*,#8493,.F.);
#8493 = EDGE_CURVE('',#8494,#4476,#8496,.T.);
#8494 = VERTEX_POINT('',#8495);
#8495 = CARTESIAN_POINT('',(16.40125,-4.5,4.674034375));
#8496 = SURFACE_CURVE('',#8497,(#8501,#8508),.PCURVE_S1.);
#8497 = LINE('',#8498,#8499);
#8498 = CARTESIAN_POINT('',(16.40125,-4.5,4.674034375));
#8499 = VECTOR('',#8500,1.);
#8500 = DIRECTION('',(0.,1.,2.230669073875E-16));
#8501 = PCURVE('',#4526,#8502);
#8502 = DEFINITIONAL_REPRESENTATION('',(#8503),#8507);
#8503 = LINE('',#8504,#8505);
#8504 = CARTESIAN_POINT('',(1.,0.));
#8505 = VECTOR('',#8506,1.);
#8506 = DIRECTION('',(0.,-1.));
#8507 = ( GEOMETRIC_REPRESENTATION_CONTEXT(2) 
PARAMETRIC_REPRESENTATION_CONTEXT() REPRESENTATION_CONTEXT('2D SPACE',''
  ) );
#8508 = PCURVE('',#4493,#8509);
#8509 = DEFINITIONAL_REPRESENTATION('',(#8510),#8514);
#8510 = LINE('',#8511,#8512);
#8511 = CARTESIAN_POINT('',(0.,0.));
#8512 = VECTOR('',#8513,1.);
#8513 = DIRECTION('',(0.,-1.));
#8514 = ( GEOMETRIC_REPRESENTATION_CONTEXT(2) 
PARAMETRIC_REPRESENTATION_CONTEXT() REPRESENTATION_CONTEXT('2D SPACE',''
  ) );
#8515 = ORIENTED_EDGE('',*,*,#8516,.F.);
#8516 = EDGE_CURVE('',#8392,#8494,#8517,.T.);
#8517 = SURFACE_CURVE('',#8518,(#8523,#8530),.PCURVE_S1.);
#8518 = B_SPLINE_CURVE_WITH_KNOTS('',3,(#8519,#8520,#8521,#8522),
  .UNSPECIFIED.,.F.,.F.,(4,4),(0.,1.),.PIECEWISE_BEZIER_KNOTS.);
#8519 = CARTESIAN_POINT('',(15.926190625,-4.5,4.84905625));
#8520 = CARTESIAN_POINT('',(16.089528789719,-4.5,4.802750712531));
#8521 = CARTESIAN_POINT('',(16.234851702813,-4.5,4.712952239125));
#8522 = CARTESIAN_POINT('',(16.40125,-4.5,4.674034375));
#8523 = PCURVE('',#4526,#8524);
#8524 = DEFINITIONAL_REPRESENTATION('',(#8525),#8529);
#8525 = LINE('',#8526,#8527);
#8526 = CARTESIAN_POINT('',(0.,0.));
#8527 = VECTOR('',#8528,1.);
#8528 = DIRECTION('',(1.,0.));
#8529 = ( GEOMETRIC_REPRESENTATION_CONTEXT(2) 
PARAMETRIC_REPRESENTATION_CONTEXT() REPRESENTATION_CONTEXT('2D SPACE',''
  ) );
#8530 = PCURVE('',#7506,#8531);
#8531 = DEFINITIONAL_REPRESENTATION('',(#8532),#8537);
#8532 = B_SPLINE_CURVE_WITH_KNOTS('',3,(#8533,#8534,#8535,#8536),
  .UNSPECIFIED.,.F.,.F.,(4,4),(0.,1.),.PIECEWISE_BEZIER_KNOTS.);
#8533 = CARTESIAN_POINT('',(4.84905625,-22.073809375));
#8534 = CARTESIAN_POINT('',(4.802750712531,-21.91047121028));
#8535 = CARTESIAN_POINT('',(4.712952239125,-21.76514829718));
#8536 = CARTESIAN_POINT('',(4.674034375,-21.59875));
#8537 = ( GEOMETRIC_REPRESENTATION_CONTEXT(2) 
PARAMETRIC_REPRESENTATION_CONTEXT() REPRESENTATION_CONTEXT('2D SPACE',''
  ) );
#8538 = ADVANCED_FACE('',(#8539),#3239,.F.);
#8539 = FACE_BOUND('',#8540,.F.);
#8540 = EDGE_LOOP('',(#8541,#8564,#8565,#8566));
#8541 = ORIENTED_EDGE('',*,*,#8542,.T.);
#8542 = EDGE_CURVE('',#8543,#3222,#8545,.T.);
#8543 = VERTEX_POINT('',#8544);
#8544 = CARTESIAN_POINT('',(13.5008875,-4.5,0.573521875));
#8545 = SURFACE_CURVE('',#8546,(#8550,#8557),.PCURVE_S1.);
#8546 = LINE('',#8547,#8548);
#8547 = CARTESIAN_POINT('',(13.5008875,-4.5,0.573521875));
#8548 = VECTOR('',#8549,1.);
#8549 = DIRECTION('',(0.,1.,2.230669073875E-16));
#8550 = PCURVE('',#3239,#8551);
#8551 = DEFINITIONAL_REPRESENTATION('',(#8552),#8556);
#8552 = LINE('',#8553,#8554);
#8553 = CARTESIAN_POINT('',(0.,0.));
#8554 = VECTOR('',#8555,1.);
#8555 = DIRECTION('',(0.,-1.));
#8556 = ( GEOMETRIC_REPRESENTATION_CONTEXT(2) 
PARAMETRIC_REPRESENTATION_CONTEXT() REPRESENTATION_CONTEXT('2D SPACE',''
  ) );
#8557 = PCURVE('',#3272,#8558);
#8558 = DEFINITIONAL_REPRESENTATION('',(#8559),#8563);
#8559 = LINE('',#8560,#8561);
#8560 = CARTESIAN_POINT('',(1.,0.));
#8561 = VECTOR('',#8562,1.);
#8562 = DIRECTION('',(0.,-1.));
#8563 = ( GEOMETRIC_REPRESENTATION_CONTEXT(2) 
PARAMETRIC_REPRESENTATION_CONTEXT() REPRESENTATION_CONTEXT('2D SPACE',''
  ) );
#8564 = ORIENTED_EDGE('',*,*,#3221,.T.);
#8565 = ORIENTED_EDGE('',*,*,#8440,.F.);
#8566 = ORIENTED_EDGE('',*,*,#8567,.F.);
#8567 = EDGE_CURVE('',#8543,#8441,#8568,.T.);
#8568 = SURFACE_CURVE('',#8569,(#8574,#8581),.PCURVE_S1.);
#8569 = B_SPLINE_CURVE_WITH_KNOTS('',3,(#8570,#8571,#8572,#8573),
  .UNSPECIFIED.,.F.,.F.,(4,4),(0.,1.),.PIECEWISE_BEZIER_KNOTS.);
#8570 = CARTESIAN_POINT('',(13.5008875,-4.5,0.573521875));
#8571 = CARTESIAN_POINT('',(13.507500576531,-4.5,0.696394482156));
#8572 = CARTESIAN_POINT('',(13.4585342065,-4.5,0.796245461969));
#8573 = CARTESIAN_POINT('',(13.475884375,-4.5,0.923565625));
#8574 = PCURVE('',#3239,#8575);
#8575 = DEFINITIONAL_REPRESENTATION('',(#8576),#8580);
#8576 = LINE('',#8577,#8578);
#8577 = CARTESIAN_POINT('',(0.,0.));
#8578 = VECTOR('',#8579,1.);
#8579 = DIRECTION('',(1.,0.));
#8580 = ( GEOMETRIC_REPRESENTATION_CONTEXT(2) 
PARAMETRIC_REPRESENTATION_CONTEXT() REPRESENTATION_CONTEXT('2D SPACE',''
  ) );
#8581 = PCURVE('',#7506,#8582);
#8582 = DEFINITIONAL_REPRESENTATION('',(#8583),#8588);
#8583 = B_SPLINE_CURVE_WITH_KNOTS('',3,(#8584,#8585,#8586,#8587),
  .UNSPECIFIED.,.F.,.F.,(4,4),(0.,1.),.PIECEWISE_BEZIER_KNOTS.);
#8584 = CARTESIAN_POINT('',(0.573521875,-24.4991125));
#8585 = CARTESIAN_POINT('',(0.696394482156,-24.49249942346));
#8586 = CARTESIAN_POINT('',(0.796245461969,-24.5414657935));
#8587 = CARTESIAN_POINT('',(0.923565625,-24.524115625));
#8588 = ( GEOMETRIC_REPRESENTATION_CONTEXT(2) 
PARAMETRIC_REPRESENTATION_CONTEXT() REPRESENTATION_CONTEXT('2D SPACE',''
  ) );
#8589 = ADVANCED_FACE('',(#8590),#4493,.F.);
#8590 = FACE_BOUND('',#8591,.F.);
#8591 = EDGE_LOOP('',(#8592,#8593,#8594,#8617));
#8592 = ORIENTED_EDGE('',*,*,#8493,.T.);
#8593 = ORIENTED_EDGE('',*,*,#4475,.T.);
#8594 = ORIENTED_EDGE('',*,*,#8595,.F.);
#8595 = EDGE_CURVE('',#8596,#4443,#8598,.T.);
#8596 = VERTEX_POINT('',#8597);
#8597 = CARTESIAN_POINT('',(16.65128125,-4.5,4.373996875));
#8598 = SURFACE_CURVE('',#8599,(#8603,#8610),.PCURVE_S1.);
#8599 = LINE('',#8600,#8601);
#8600 = CARTESIAN_POINT('',(16.65128125,-4.5,4.373996875));
#8601 = VECTOR('',#8602,1.);
#8602 = DIRECTION('',(0.,1.,2.230669073875E-16));
#8603 = PCURVE('',#4493,#8604);
#8604 = DEFINITIONAL_REPRESENTATION('',(#8605),#8609);
#8605 = LINE('',#8606,#8607);
#8606 = CARTESIAN_POINT('',(1.,0.));
#8607 = VECTOR('',#8608,1.);
#8608 = DIRECTION('',(0.,-1.));
#8609 = ( GEOMETRIC_REPRESENTATION_CONTEXT(2) 
PARAMETRIC_REPRESENTATION_CONTEXT() REPRESENTATION_CONTEXT('2D SPACE',''
  ) );
#8610 = PCURVE('',#4460,#8611);
#8611 = DEFINITIONAL_REPRESENTATION('',(#8612),#8616);
#8612 = LINE('',#8613,#8614);
#8613 = CARTESIAN_POINT('',(0.,0.));
#8614 = VECTOR('',#8615,1.);
#8615 = DIRECTION('',(0.,-1.));
#8616 = ( GEOMETRIC_REPRESENTATION_CONTEXT(2) 
PARAMETRIC_REPRESENTATION_CONTEXT() REPRESENTATION_CONTEXT('2D SPACE',''
  ) );
#8617 = ORIENTED_EDGE('',*,*,#8618,.F.);
#8618 = EDGE_CURVE('',#8494,#8596,#8619,.T.);
#8619 = SURFACE_CURVE('',#8620,(#8625,#8632),.PCURVE_S1.);
#8620 = B_SPLINE_CURVE_WITH_KNOTS('',3,(#8621,#8622,#8623,#8624),
  .UNSPECIFIED.,.F.,.F.,(4,4),(0.,1.),.PIECEWISE_BEZIER_KNOTS.);
#8621 = CARTESIAN_POINT('',(16.40125,-4.5,4.674034375));
#8622 = CARTESIAN_POINT('',(16.530259124125,-4.5,4.570385920563));
#8623 = CARTESIAN_POINT('',(16.776550156656,-4.5,4.581593571344));
#8624 = CARTESIAN_POINT('',(16.65128125,-4.5,4.373996875));
#8625 = PCURVE('',#4493,#8626);
#8626 = DEFINITIONAL_REPRESENTATION('',(#8627),#8631);
#8627 = LINE('',#8628,#8629);
#8628 = CARTESIAN_POINT('',(0.,0.));
#8629 = VECTOR('',#8630,1.);
#8630 = DIRECTION('',(1.,0.));
#8631 = ( GEOMETRIC_REPRESENTATION_CONTEXT(2) 
PARAMETRIC_REPRESENTATION_CONTEXT() REPRESENTATION_CONTEXT('2D SPACE',''
  ) );
#8632 = PCURVE('',#7506,#8633);
#8633 = DEFINITIONAL_REPRESENTATION('',(#8634),#8639);
#8634 = B_SPLINE_CURVE_WITH_KNOTS('',3,(#8635,#8636,#8637,#8638),
  .UNSPECIFIED.,.F.,.F.,(4,4),(0.,1.),.PIECEWISE_BEZIER_KNOTS.);
#8635 = CARTESIAN_POINT('',(4.674034375,-21.59875));
#8636 = CARTESIAN_POINT('',(4.570385920563,-21.46974087587));
#8637 = CARTESIAN_POINT('',(4.581593571344,-21.22344984334));
#8638 = CARTESIAN_POINT('',(4.373996875,-21.34871875));
#8639 = ( GEOMETRIC_REPRESENTATION_CONTEXT(2) 
PARAMETRIC_REPRESENTATION_CONTEXT() REPRESENTATION_CONTEXT('2D SPACE',''
  ) );
#8640 = ADVANCED_FACE('',(#8641),#3272,.F.);
#8641 = FACE_BOUND('',#8642,.F.);
#8642 = EDGE_LOOP('',(#8643,#8666,#8667,#8668));
#8643 = ORIENTED_EDGE('',*,*,#8644,.T.);
#8644 = EDGE_CURVE('',#8645,#3255,#8647,.T.);
#8645 = VERTEX_POINT('',#8646);
#8646 = CARTESIAN_POINT('',(13.575896875,-4.5,0.223478125));
#8647 = SURFACE_CURVE('',#8648,(#8652,#8659),.PCURVE_S1.);
#8648 = LINE('',#8649,#8650);
#8649 = CARTESIAN_POINT('',(13.575896875,-4.5,0.223478125));
#8650 = VECTOR('',#8651,1.);
#8651 = DIRECTION('',(0.,1.,2.230669073875E-16));
#8652 = PCURVE('',#3272,#8653);
#8653 = DEFINITIONAL_REPRESENTATION('',(#8654),#8658);
#8654 = LINE('',#8655,#8656);
#8655 = CARTESIAN_POINT('',(0.,0.));
#8656 = VECTOR('',#8657,1.);
#8657 = DIRECTION('',(0.,-1.));
#8658 = ( GEOMETRIC_REPRESENTATION_CONTEXT(2) 
PARAMETRIC_REPRESENTATION_CONTEXT() REPRESENTATION_CONTEXT('2D SPACE',''
  ) );
#8659 = PCURVE('',#3305,#8660);
#8660 = DEFINITIONAL_REPRESENTATION('',(#8661),#8665);
#8661 = LINE('',#8662,#8663);
#8662 = CARTESIAN_POINT('',(1.,0.));
#8663 = VECTOR('',#8664,1.);
#8664 = DIRECTION('',(0.,-1.));
#8665 = ( GEOMETRIC_REPRESENTATION_CONTEXT(2) 
PARAMETRIC_REPRESENTATION_CONTEXT() REPRESENTATION_CONTEXT('2D SPACE',''
  ) );
#8666 = ORIENTED_EDGE('',*,*,#3254,.T.);
#8667 = ORIENTED_EDGE('',*,*,#8542,.F.);
#8668 = ORIENTED_EDGE('',*,*,#8669,.F.);
#8669 = EDGE_CURVE('',#8645,#8543,#8670,.T.);
#8670 = SURFACE_CURVE('',#8671,(#8676,#8683),.PCURVE_S1.);
#8671 = B_SPLINE_CURVE_WITH_KNOTS('',3,(#8672,#8673,#8674,#8675),
  .UNSPECIFIED.,.F.,.F.,(4,4),(0.,1.),.PIECEWISE_BEZIER_KNOTS.);
#8672 = CARTESIAN_POINT('',(13.575896875,-4.5,0.223478125));
#8673 = CARTESIAN_POINT('',(13.535117528219,-4.5,0.333624641594));
#8674 = CARTESIAN_POINT('',(13.539101776188,-4.5,0.462312975625));
#8675 = CARTESIAN_POINT('',(13.5008875,-4.5,0.573521875));
#8676 = PCURVE('',#3272,#8677);
#8677 = DEFINITIONAL_REPRESENTATION('',(#8678),#8682);
#8678 = LINE('',#8679,#8680);
#8679 = CARTESIAN_POINT('',(0.,0.));
#8680 = VECTOR('',#8681,1.);
#8681 = DIRECTION('',(1.,0.));
#8682 = ( GEOMETRIC_REPRESENTATION_CONTEXT(2) 
PARAMETRIC_REPRESENTATION_CONTEXT() REPRESENTATION_CONTEXT('2D SPACE',''
  ) );
#8683 = PCURVE('',#7506,#8684);
#8684 = DEFINITIONAL_REPRESENTATION('',(#8685),#8690);
#8685 = B_SPLINE_CURVE_WITH_KNOTS('',3,(#8686,#8687,#8688,#8689),
  .UNSPECIFIED.,.F.,.F.,(4,4),(0.,1.),.PIECEWISE_BEZIER_KNOTS.);
#8686 = CARTESIAN_POINT('',(0.223478125,-24.424103125));
#8687 = CARTESIAN_POINT('',(0.333624641594,-24.46488247178));
#8688 = CARTESIAN_POINT('',(0.462312975625,-24.46089822381));
#8689 = CARTESIAN_POINT('',(0.573521875,-24.4991125));
#8690 = ( GEOMETRIC_REPRESENTATION_CONTEXT(2) 
PARAMETRIC_REPRESENTATION_CONTEXT() REPRESENTATION_CONTEXT('2D SPACE',''
  ) );
#8691 = ADVANCED_FACE('',(#8692),#4460,.F.);
#8692 = FACE_BOUND('',#8693,.F.);
#8693 = EDGE_LOOP('',(#8694,#8695,#8696,#8719));
#8694 = ORIENTED_EDGE('',*,*,#8595,.T.);
#8695 = ORIENTED_EDGE('',*,*,#4442,.T.);
#8696 = ORIENTED_EDGE('',*,*,#8697,.F.);
#8697 = EDGE_CURVE('',#8698,#4410,#8700,.T.);
#8698 = VERTEX_POINT('',#8699);
#8699 = CARTESIAN_POINT('',(16.601275,-4.5,4.051408306469));
#8700 = SURFACE_CURVE('',#8701,(#8705,#8712),.PCURVE_S1.);
#8701 = LINE('',#8702,#8703);
#8702 = CARTESIAN_POINT('',(16.601275,-4.5,4.051408306469));
#8703 = VECTOR('',#8704,1.);
#8704 = DIRECTION('',(0.,1.,2.230669073875E-16));
#8705 = PCURVE('',#4460,#8706);
#8706 = DEFINITIONAL_REPRESENTATION('',(#8707),#8711);
#8707 = LINE('',#8708,#8709);
#8708 = CARTESIAN_POINT('',(1.,0.));
#8709 = VECTOR('',#8710,1.);
#8710 = DIRECTION('',(0.,-1.));
#8711 = ( GEOMETRIC_REPRESENTATION_CONTEXT(2) 
PARAMETRIC_REPRESENTATION_CONTEXT() REPRESENTATION_CONTEXT('2D SPACE',''
  ) );
#8712 = PCURVE('',#4427,#8713);
#8713 = DEFINITIONAL_REPRESENTATION('',(#8714),#8718);
#8714 = LINE('',#8715,#8716);
#8715 = CARTESIAN_POINT('',(0.,0.));
#8716 = VECTOR('',#8717,1.);
#8717 = DIRECTION('',(0.,-1.));
#8718 = ( GEOMETRIC_REPRESENTATION_CONTEXT(2) 
PARAMETRIC_REPRESENTATION_CONTEXT() REPRESENTATION_CONTEXT('2D SPACE',''
  ) );
#8719 = ORIENTED_EDGE('',*,*,#8720,.F.);
#8720 = EDGE_CURVE('',#8596,#8698,#8721,.T.);
#8721 = SURFACE_CURVE('',#8722,(#8727,#8734),.PCURVE_S1.);
#8722 = B_SPLINE_CURVE_WITH_KNOTS('',3,(#8723,#8724,#8725,#8726),
  .UNSPECIFIED.,.F.,.F.,(4,4),(0.,1.),.PIECEWISE_BEZIER_KNOTS.);
#8723 = CARTESIAN_POINT('',(16.65128125,-4.5,4.373996875));
#8724 = CARTESIAN_POINT('',(16.624174362063,-4.5,4.270790975875));
#8725 = CARTESIAN_POINT('',(16.612314129719,-4.5,4.161269537406));
#8726 = CARTESIAN_POINT('',(16.601275,-4.5,4.051408306469));
#8727 = PCURVE('',#4460,#8728);
#8728 = DEFINITIONAL_REPRESENTATION('',(#8729),#8733);
#8729 = LINE('',#8730,#8731);
#8730 = CARTESIAN_POINT('',(0.,0.));
#8731 = VECTOR('',#8732,1.);
#8732 = DIRECTION('',(1.,0.));
#8733 = ( GEOMETRIC_REPRESENTATION_CONTEXT(2) 
PARAMETRIC_REPRESENTATION_CONTEXT() REPRESENTATION_CONTEXT('2D SPACE',''
  ) );
#8734 = PCURVE('',#7506,#8735);
#8735 = DEFINITIONAL_REPRESENTATION('',(#8736),#8741);
#8736 = B_SPLINE_CURVE_WITH_KNOTS('',3,(#8737,#8738,#8739,#8740),
  .UNSPECIFIED.,.F.,.F.,(4,4),(0.,1.),.PIECEWISE_BEZIER_KNOTS.);
#8737 = CARTESIAN_POINT('',(4.373996875,-21.34871875));
#8738 = CARTESIAN_POINT('',(4.270790975875,-21.37582563793));
#8739 = CARTESIAN_POINT('',(4.161269537406,-21.38768587028));
#8740 = CARTESIAN_POINT('',(4.051408306469,-21.398725));
#8741 = ( GEOMETRIC_REPRESENTATION_CONTEXT(2) 
PARAMETRIC_REPRESENTATION_CONTEXT() REPRESENTATION_CONTEXT('2D SPACE',''
  ) );
#8742 = ADVANCED_FACE('',(#8743),#3305,.F.);
#8743 = FACE_BOUND('',#8744,.F.);
#8744 = EDGE_LOOP('',(#8745,#8768,#8769,#8770));
#8745 = ORIENTED_EDGE('',*,*,#8746,.T.);
#8746 = EDGE_CURVE('',#8747,#3288,#8749,.T.);
#8747 = VERTEX_POINT('',#8748);
#8748 = CARTESIAN_POINT('',(13.7009125,-4.5,-0.201575));
#8749 = SURFACE_CURVE('',#8750,(#8754,#8761),.PCURVE_S1.);
#8750 = LINE('',#8751,#8752);
#8751 = CARTESIAN_POINT('',(13.7009125,-4.5,-0.201575));
#8752 = VECTOR('',#8753,1.);
#8753 = DIRECTION('',(0.,1.,2.230669073875E-16));
#8754 = PCURVE('',#3305,#8755);
#8755 = DEFINITIONAL_REPRESENTATION('',(#8756),#8760);
#8756 = LINE('',#8757,#8758);
#8757 = CARTESIAN_POINT('',(0.,0.));
#8758 = VECTOR('',#8759,1.);
#8759 = DIRECTION('',(0.,-1.));
#8760 = ( GEOMETRIC_REPRESENTATION_CONTEXT(2) 
PARAMETRIC_REPRESENTATION_CONTEXT() REPRESENTATION_CONTEXT('2D SPACE',''
  ) );
#8761 = PCURVE('',#3338,#8762);
#8762 = DEFINITIONAL_REPRESENTATION('',(#8763),#8767);
#8763 = LINE('',#8764,#8765);
#8764 = CARTESIAN_POINT('',(1.,0.));
#8765 = VECTOR('',#8766,1.);
#8766 = DIRECTION('',(0.,-1.));
#8767 = ( GEOMETRIC_REPRESENTATION_CONTEXT(2) 
PARAMETRIC_REPRESENTATION_CONTEXT() REPRESENTATION_CONTEXT('2D SPACE',''
  ) );
#8768 = ORIENTED_EDGE('',*,*,#3287,.T.);
#8769 = ORIENTED_EDGE('',*,*,#8644,.F.);
#8770 = ORIENTED_EDGE('',*,*,#8771,.F.);
#8771 = EDGE_CURVE('',#8747,#8645,#8772,.T.);
#8772 = SURFACE_CURVE('',#8773,(#8778,#8785),.PCURVE_S1.);
#8773 = B_SPLINE_CURVE_WITH_KNOTS('',3,(#8774,#8775,#8776,#8777),
  .UNSPECIFIED.,.F.,.F.,(4,4),(0.,1.),.PIECEWISE_BEZIER_KNOTS.);
#8774 = CARTESIAN_POINT('',(13.7009125,-4.5,-0.201575));
#8775 = CARTESIAN_POINT('',(13.656341179281,-4.5,-6.109169178125E-02));
#8776 = CARTESIAN_POINT('',(13.600465195656,-4.5,7.470928121875E-02));
#8777 = CARTESIAN_POINT('',(13.575896875,-4.5,0.223478125));
#8778 = PCURVE('',#3305,#8779);
#8779 = DEFINITIONAL_REPRESENTATION('',(#8780),#8784);
#8780 = LINE('',#8781,#8782);
#8781 = CARTESIAN_POINT('',(0.,0.));
#8782 = VECTOR('',#8783,1.);
#8783 = DIRECTION('',(1.,0.));
#8784 = ( GEOMETRIC_REPRESENTATION_CONTEXT(2) 
PARAMETRIC_REPRESENTATION_CONTEXT() REPRESENTATION_CONTEXT('2D SPACE',''
  ) );
#8785 = PCURVE('',#7506,#8786);
#8786 = DEFINITIONAL_REPRESENTATION('',(#8787),#8792);
#8787 = B_SPLINE_CURVE_WITH_KNOTS('',3,(#8788,#8789,#8790,#8791),
  .UNSPECIFIED.,.F.,.F.,(4,4),(0.,1.),.PIECEWISE_BEZIER_KNOTS.);
#8788 = CARTESIAN_POINT('',(-0.201575,-24.2990875));
#8789 = CARTESIAN_POINT('',(-6.109169178125E-02,-24.34365882071));
#8790 = CARTESIAN_POINT('',(7.470928121875E-02,-24.39953480434));
#8791 = CARTESIAN_POINT('',(0.223478125,-24.424103125));
#8792 = ( GEOMETRIC_REPRESENTATION_CONTEXT(2) 
PARAMETRIC_REPRESENTATION_CONTEXT() REPRESENTATION_CONTEXT('2D SPACE',''
  ) );
#8793 = ADVANCED_FACE('',(#8794),#4427,.F.);
#8794 = FACE_BOUND('',#8795,.F.);
#8795 = EDGE_LOOP('',(#8796,#8797,#8798,#8821));
#8796 = ORIENTED_EDGE('',*,*,#8697,.T.);
#8797 = ORIENTED_EDGE('',*,*,#4409,.T.);
#8798 = ORIENTED_EDGE('',*,*,#8799,.F.);
#8799 = EDGE_CURVE('',#8800,#4377,#8802,.T.);
#8800 = VERTEX_POINT('',#8801);
#8801 = CARTESIAN_POINT('',(16.626278125,-4.5,3.5989));
#8802 = SURFACE_CURVE('',#8803,(#8807,#8814),.PCURVE_S1.);
#8803 = LINE('',#8804,#8805);
#8804 = CARTESIAN_POINT('',(16.626278125,-4.5,3.5989));
#8805 = VECTOR('',#8806,1.);
#8806 = DIRECTION('',(0.,1.,2.230669073875E-16));
#8807 = PCURVE('',#4427,#8808);
#8808 = DEFINITIONAL_REPRESENTATION('',(#8809),#8813);
#8809 = LINE('',#8810,#8811);
#8810 = CARTESIAN_POINT('',(1.,0.));
#8811 = VECTOR('',#8812,1.);
#8812 = DIRECTION('',(0.,-1.));
#8813 = ( GEOMETRIC_REPRESENTATION_CONTEXT(2) 
PARAMETRIC_REPRESENTATION_CONTEXT() REPRESENTATION_CONTEXT('2D SPACE',''
  ) );
#8814 = PCURVE('',#4394,#8815);
#8815 = DEFINITIONAL_REPRESENTATION('',(#8816),#8820);
#8816 = LINE('',#8817,#8818);
#8817 = CARTESIAN_POINT('',(0.,0.));
#8818 = VECTOR('',#8819,1.);
#8819 = DIRECTION('',(0.,-1.));
#8820 = ( GEOMETRIC_REPRESENTATION_CONTEXT(2) 
PARAMETRIC_REPRESENTATION_CONTEXT() REPRESENTATION_CONTEXT('2D SPACE',''
  ) );
#8821 = ORIENTED_EDGE('',*,*,#8822,.F.);
#8822 = EDGE_CURVE('',#8698,#8800,#8823,.T.);
#8823 = SURFACE_CURVE('',#8824,(#8829,#8836),.PCURVE_S1.);
#8824 = B_SPLINE_CURVE_WITH_KNOTS('',3,(#8825,#8826,#8827,#8828),
  .UNSPECIFIED.,.F.,.F.,(4,4),(0.,1.),.PIECEWISE_BEZIER_KNOTS.);
#8825 = CARTESIAN_POINT('',(16.601275,-4.5,4.051408306469));
#8826 = CARTESIAN_POINT('',(16.607795064906,-4.5,3.899820610375));
#8827 = CARTESIAN_POINT('',(16.582591414844,-4.5,3.735092521938));
#8828 = CARTESIAN_POINT('',(16.626278125,-4.5,3.5989));
#8829 = PCURVE('',#4427,#8830);
#8830 = DEFINITIONAL_REPRESENTATION('',(#8831),#8835);
#8831 = LINE('',#8832,#8833);
#8832 = CARTESIAN_POINT('',(0.,0.));
#8833 = VECTOR('',#8834,1.);
#8834 = DIRECTION('',(1.,0.));
#8835 = ( GEOMETRIC_REPRESENTATION_CONTEXT(2) 
PARAMETRIC_REPRESENTATION_CONTEXT() REPRESENTATION_CONTEXT('2D SPACE',''
  ) );
#8836 = PCURVE('',#7506,#8837);
#8837 = DEFINITIONAL_REPRESENTATION('',(#8838),#8843);
#8838 = B_SPLINE_CURVE_WITH_KNOTS('',3,(#8839,#8840,#8841,#8842),
  .UNSPECIFIED.,.F.,.F.,(4,4),(0.,1.),.PIECEWISE_BEZIER_KNOTS.);
#8839 = CARTESIAN_POINT('',(4.051408306469,-21.398725));
#8840 = CARTESIAN_POINT('',(3.899820610375,-21.39220493509));
#8841 = CARTESIAN_POINT('',(3.735092521938,-21.41740858515));
#8842 = CARTESIAN_POINT('',(3.5989,-21.373721875));
#8843 = ( GEOMETRIC_REPRESENTATION_CONTEXT(2) 
PARAMETRIC_REPRESENTATION_CONTEXT() REPRESENTATION_CONTEXT('2D SPACE',''
  ) );
#8844 = ADVANCED_FACE('',(#8845),#3338,.F.);
#8845 = FACE_BOUND('',#8846,.F.);
#8846 = EDGE_LOOP('',(#8847,#8870,#8871,#8872));
#8847 = ORIENTED_EDGE('',*,*,#8848,.T.);
#8848 = EDGE_CURVE('',#8849,#3321,#8851,.T.);
#8849 = VERTEX_POINT('',#8850);
#8850 = CARTESIAN_POINT('',(13.925940625,-4.5,-0.676634375));
#8851 = SURFACE_CURVE('',#8852,(#8856,#8863),.PCURVE_S1.);
#8852 = LINE('',#8853,#8854);
#8853 = CARTESIAN_POINT('',(13.925940625,-4.5,-0.676634375));
#8854 = VECTOR('',#8855,1.);
#8855 = DIRECTION('',(0.,1.,2.230669073875E-16));
#8856 = PCURVE('',#3338,#8857);
#8857 = DEFINITIONAL_REPRESENTATION('',(#8858),#8862);
#8858 = LINE('',#8859,#8860);
#8859 = CARTESIAN_POINT('',(0.,0.));
#8860 = VECTOR('',#8861,1.);
#8861 = DIRECTION('',(0.,-1.));
#8862 = ( GEOMETRIC_REPRESENTATION_CONTEXT(2) 
PARAMETRIC_REPRESENTATION_CONTEXT() REPRESENTATION_CONTEXT('2D SPACE',''
  ) );
#8863 = PCURVE('',#3371,#8864);
#8864 = DEFINITIONAL_REPRESENTATION('',(#8865),#8869);
#8865 = LINE('',#8866,#8867);
#8866 = CARTESIAN_POINT('',(1.,0.));
#8867 = VECTOR('',#8868,1.);
#8868 = DIRECTION('',(0.,-1.));
#8869 = ( GEOMETRIC_REPRESENTATION_CONTEXT(2) 
PARAMETRIC_REPRESENTATION_CONTEXT() REPRESENTATION_CONTEXT('2D SPACE',''
  ) );
#8870 = ORIENTED_EDGE('',*,*,#3320,.T.);
#8871 = ORIENTED_EDGE('',*,*,#8746,.F.);
#8872 = ORIENTED_EDGE('',*,*,#8873,.F.);
#8873 = EDGE_CURVE('',#8849,#8747,#8874,.T.);
#8874 = SURFACE_CURVE('',#8875,(#8880,#8887),.PCURVE_S1.);
#8875 = B_SPLINE_CURVE_WITH_KNOTS('',3,(#8876,#8877,#8878,#8879),
  .UNSPECIFIED.,.F.,.F.,(4,4),(0.,1.),.PIECEWISE_BEZIER_KNOTS.);
#8876 = CARTESIAN_POINT('',(13.925940625,-4.5,-0.676634375));
#8877 = CARTESIAN_POINT('',(13.8353092975,-4.5,-0.524752142094));
#8878 = CARTESIAN_POINT('',(13.762542952844,-4.5,-0.365469734281));
#8879 = CARTESIAN_POINT('',(13.7009125,-4.5,-0.201575));
#8880 = PCURVE('',#3338,#8881);
#8881 = DEFINITIONAL_REPRESENTATION('',(#8882),#8886);
#8882 = LINE('',#8883,#8884);
#8883 = CARTESIAN_POINT('',(0.,0.));
#8884 = VECTOR('',#8885,1.);
#8885 = DIRECTION('',(1.,0.));
#8886 = ( GEOMETRIC_REPRESENTATION_CONTEXT(2) 
PARAMETRIC_REPRESENTATION_CONTEXT() REPRESENTATION_CONTEXT('2D SPACE',''
  ) );
#8887 = PCURVE('',#7506,#8888);
#8888 = DEFINITIONAL_REPRESENTATION('',(#8889),#8894);
#8889 = B_SPLINE_CURVE_WITH_KNOTS('',3,(#8890,#8891,#8892,#8893),
  .UNSPECIFIED.,.F.,.F.,(4,4),(0.,1.),.PIECEWISE_BEZIER_KNOTS.);
#8890 = CARTESIAN_POINT('',(-0.676634375,-24.074059375));
#8891 = CARTESIAN_POINT('',(-0.524752142094,-24.1646907025));
#8892 = CARTESIAN_POINT('',(-0.365469734281,-24.23745704715));
#8893 = CARTESIAN_POINT('',(-0.201575,-24.2990875));
#8894 = ( GEOMETRIC_REPRESENTATION_CONTEXT(2) 
PARAMETRIC_REPRESENTATION_CONTEXT() REPRESENTATION_CONTEXT('2D SPACE',''
  ) );
#8895 = ADVANCED_FACE('',(#8896),#4394,.F.);
#8896 = FACE_BOUND('',#8897,.F.);
#8897 = EDGE_LOOP('',(#8898,#8899,#8900,#8923));
#8898 = ORIENTED_EDGE('',*,*,#8799,.T.);
#8899 = ORIENTED_EDGE('',*,*,#4376,.T.);
#8900 = ORIENTED_EDGE('',*,*,#8901,.F.);
#8901 = EDGE_CURVE('',#8902,#4344,#8904,.T.);
#8902 = VERTEX_POINT('',#8903);
#8903 = CARTESIAN_POINT('',(16.676284375,-4.5,3.273859375));
#8904 = SURFACE_CURVE('',#8905,(#8909,#8916),.PCURVE_S1.);
#8905 = LINE('',#8906,#8907);
#8906 = CARTESIAN_POINT('',(16.676284375,-4.5,3.273859375));
#8907 = VECTOR('',#8908,1.);
#8908 = DIRECTION('',(0.,1.,2.230669073875E-16));
#8909 = PCURVE('',#4394,#8910);
#8910 = DEFINITIONAL_REPRESENTATION('',(#8911),#8915);
#8911 = LINE('',#8912,#8913);
#8912 = CARTESIAN_POINT('',(1.,0.));
#8913 = VECTOR('',#8914,1.);
#8914 = DIRECTION('',(0.,-1.));
#8915 = ( GEOMETRIC_REPRESENTATION_CONTEXT(2) 
PARAMETRIC_REPRESENTATION_CONTEXT() REPRESENTATION_CONTEXT('2D SPACE',''
  ) );
#8916 = PCURVE('',#4361,#8917);
#8917 = DEFINITIONAL_REPRESENTATION('',(#8918),#8922);
#8918 = LINE('',#8919,#8920);
#8919 = CARTESIAN_POINT('',(0.,0.));
#8920 = VECTOR('',#8921,1.);
#8921 = DIRECTION('',(0.,-1.));
#8922 = ( GEOMETRIC_REPRESENTATION_CONTEXT(2) 
PARAMETRIC_REPRESENTATION_CONTEXT() REPRESENTATION_CONTEXT('2D SPACE',''
  ) );
#8923 = ORIENTED_EDGE('',*,*,#8924,.F.);
#8924 = EDGE_CURVE('',#8800,#8902,#8925,.T.);
#8925 = SURFACE_CURVE('',#8926,(#8931,#8938),.PCURVE_S1.);
#8926 = B_SPLINE_CURVE_WITH_KNOTS('',3,(#8927,#8928,#8929,#8930),
  .UNSPECIFIED.,.F.,.F.,(4,4),(0.,1.),.PIECEWISE_BEZIER_KNOTS.);
#8927 = CARTESIAN_POINT('',(16.626278125,-4.5,3.5989));
#8928 = CARTESIAN_POINT('',(16.617748308906,-4.5,3.480115653813));
#8929 = CARTESIAN_POINT('',(16.675454771313,-4.5,3.388766986656));
#8930 = CARTESIAN_POINT('',(16.676284375,-4.5,3.273859375));
#8931 = PCURVE('',#4394,#8932);
#8932 = DEFINITIONAL_REPRESENTATION('',(#8933),#8937);
#8933 = LINE('',#8934,#8935);
#8934 = CARTESIAN_POINT('',(0.,0.));
#8935 = VECTOR('',#8936,1.);
#8936 = DIRECTION('',(1.,0.));
#8937 = ( GEOMETRIC_REPRESENTATION_CONTEXT(2) 
PARAMETRIC_REPRESENTATION_CONTEXT() REPRESENTATION_CONTEXT('2D SPACE',''
  ) );
#8938 = PCURVE('',#7506,#8939);
#8939 = DEFINITIONAL_REPRESENTATION('',(#8940),#8945);
#8940 = B_SPLINE_CURVE_WITH_KNOTS('',3,(#8941,#8942,#8943,#8944),
  .UNSPECIFIED.,.F.,.F.,(4,4),(0.,1.),.PIECEWISE_BEZIER_KNOTS.);
#8941 = CARTESIAN_POINT('',(3.5989,-21.373721875));
#8942 = CARTESIAN_POINT('',(3.480115653813,-21.38225169109));
#8943 = CARTESIAN_POINT('',(3.388766986656,-21.32454522868));
#8944 = CARTESIAN_POINT('',(3.273859375,-21.323715625));
#8945 = ( GEOMETRIC_REPRESENTATION_CONTEXT(2) 
PARAMETRIC_REPRESENTATION_CONTEXT() REPRESENTATION_CONTEXT('2D SPACE',''
  ) );
#8946 = ADVANCED_FACE('',(#8947),#3371,.F.);
#8947 = FACE_BOUND('',#8948,.F.);
#8948 = EDGE_LOOP('',(#8949,#8972,#8973,#8974));
#8949 = ORIENTED_EDGE('',*,*,#8950,.T.);
#8950 = EDGE_CURVE('',#8951,#3354,#8953,.T.);
#8951 = VERTEX_POINT('',#8952);
#8952 = CARTESIAN_POINT('',(14.210032132,-4.5,-1.110744632));
#8953 = SURFACE_CURVE('',#8954,(#8958,#8965),.PCURVE_S1.);
#8954 = LINE('',#8955,#8956);
#8955 = CARTESIAN_POINT('',(14.210032132,-4.5,-1.110744632));
#8956 = VECTOR('',#8957,1.);
#8957 = DIRECTION('',(0.,1.,2.230669073875E-16));
#8958 = PCURVE('',#3371,#8959);
#8959 = DEFINITIONAL_REPRESENTATION('',(#8960),#8964);
#8960 = LINE('',#8961,#8962);
#8961 = CARTESIAN_POINT('',(0.,0.));
#8962 = VECTOR('',#8963,1.);
#8963 = DIRECTION('',(0.,-1.));
#8964 = ( GEOMETRIC_REPRESENTATION_CONTEXT(2) 
PARAMETRIC_REPRESENTATION_CONTEXT() REPRESENTATION_CONTEXT('2D SPACE',''
  ) );
#8965 = PCURVE('',#3404,#8966);
#8966 = DEFINITIONAL_REPRESENTATION('',(#8967),#8971);
#8967 = LINE('',#8968,#8969);
#8968 = CARTESIAN_POINT('',(1.,0.));
#8969 = VECTOR('',#8970,1.);
#8970 = DIRECTION('',(0.,-1.));
#8971 = ( GEOMETRIC_REPRESENTATION_CONTEXT(2) 
PARAMETRIC_REPRESENTATION_CONTEXT() REPRESENTATION_CONTEXT('2D SPACE',''
  ) );
#8972 = ORIENTED_EDGE('',*,*,#3353,.T.);
#8973 = ORIENTED_EDGE('',*,*,#8848,.F.);
#8974 = ORIENTED_EDGE('',*,*,#8975,.F.);
#8975 = EDGE_CURVE('',#8951,#8849,#8976,.T.);
#8976 = SURFACE_CURVE('',#8977,(#8982,#8989),.PCURVE_S1.);
#8977 = B_SPLINE_CURVE_WITH_KNOTS('',3,(#8978,#8979,#8980,#8981),
  .UNSPECIFIED.,.F.,.F.,(4,4),(0.,1.),.PIECEWISE_BEZIER_KNOTS.);
#8978 = CARTESIAN_POINT('',(14.210032132,-4.5,-1.110744632));
#8979 = CARTESIAN_POINT('',(14.095074764125,-4.5,-0.974433095187));
#8980 = CARTESIAN_POINT('',(14.007346299438,-4.5,-0.82684314875));
#8981 = CARTESIAN_POINT('',(13.925940625,-4.5,-0.676634375));
#8982 = PCURVE('',#3371,#8983);
#8983 = DEFINITIONAL_REPRESENTATION('',(#8984),#8988);
#8984 = LINE('',#8985,#8986);
#8985 = CARTESIAN_POINT('',(0.,0.));
#8986 = VECTOR('',#8987,1.);
#8987 = DIRECTION('',(1.,0.));
#8988 = ( GEOMETRIC_REPRESENTATION_CONTEXT(2) 
PARAMETRIC_REPRESENTATION_CONTEXT() REPRESENTATION_CONTEXT('2D SPACE',''
  ) );
#8989 = PCURVE('',#7506,#8990);
#8990 = DEFINITIONAL_REPRESENTATION('',(#8991),#8996);
#8991 = B_SPLINE_CURVE_WITH_KNOTS('',3,(#8992,#8993,#8994,#8995),
  .UNSPECIFIED.,.F.,.F.,(4,4),(0.,1.),.PIECEWISE_BEZIER_KNOTS.);
#8992 = CARTESIAN_POINT('',(-1.110744632,-23.789967868));
#8993 = CARTESIAN_POINT('',(-0.974433095187,-23.90492523587));
#8994 = CARTESIAN_POINT('',(-0.82684314875,-23.99265370056));
#8995 = CARTESIAN_POINT('',(-0.676634375,-24.074059375));
#8996 = ( GEOMETRIC_REPRESENTATION_CONTEXT(2) 
PARAMETRIC_REPRESENTATION_CONTEXT() REPRESENTATION_CONTEXT('2D SPACE',''
  ) );
#8997 = ADVANCED_FACE('',(#8998),#4361,.F.);
#8998 = FACE_BOUND('',#8999,.F.);
#8999 = EDGE_LOOP('',(#9000,#9001,#9002,#9025));
#9000 = ORIENTED_EDGE('',*,*,#8901,.T.);
#9001 = ORIENTED_EDGE('',*,*,#4343,.T.);
#9002 = ORIENTED_EDGE('',*,*,#9003,.F.);
#9003 = EDGE_CURVE('',#9004,#4311,#9006,.T.);
#9004 = VERTEX_POINT('',#9005);
#9005 = CARTESIAN_POINT('',(16.876309375,-4.5,2.7988));
#9006 = SURFACE_CURVE('',#9007,(#9011,#9018),.PCURVE_S1.);
#9007 = LINE('',#9008,#9009);
#9008 = CARTESIAN_POINT('',(16.876309375,-4.5,2.7988));
#9009 = VECTOR('',#9010,1.);
#9010 = DIRECTION('',(0.,1.,2.230669073875E-16));
#9011 = PCURVE('',#4361,#9012);
#9012 = DEFINITIONAL_REPRESENTATION('',(#9013),#9017);
#9013 = LINE('',#9014,#9015);
#9014 = CARTESIAN_POINT('',(1.,0.));
#9015 = VECTOR('',#9016,1.);
#9016 = DIRECTION('',(0.,-1.));
#9017 = ( GEOMETRIC_REPRESENTATION_CONTEXT(2) 
PARAMETRIC_REPRESENTATION_CONTEXT() REPRESENTATION_CONTEXT('2D SPACE',''
  ) );
#9018 = PCURVE('',#4328,#9019);
#9019 = DEFINITIONAL_REPRESENTATION('',(#9020),#9024);
#9020 = LINE('',#9021,#9022);
#9021 = CARTESIAN_POINT('',(0.,0.));
#9022 = VECTOR('',#9023,1.);
#9023 = DIRECTION('',(0.,-1.));
#9024 = ( GEOMETRIC_REPRESENTATION_CONTEXT(2) 
PARAMETRIC_REPRESENTATION_CONTEXT() REPRESENTATION_CONTEXT('2D SPACE',''
  ) );
#9025 = ORIENTED_EDGE('',*,*,#9026,.F.);
#9026 = EDGE_CURVE('',#8902,#9004,#9027,.T.);
#9027 = SURFACE_CURVE('',#9028,(#9033,#9040),.PCURVE_S1.);
#9028 = B_SPLINE_CURVE_WITH_KNOTS('',3,(#9029,#9030,#9031,#9032),
  .UNSPECIFIED.,.F.,.F.,(4,4),(0.,1.),.PIECEWISE_BEZIER_KNOTS.);
#9029 = CARTESIAN_POINT('',(16.676284375,-4.5,3.273859375));
#9030 = CARTESIAN_POINT('',(16.751045468969,-4.5,3.118855751969));
#9031 = CARTESIAN_POINT('',(16.778208863969,-4.5,2.94413616475));
#9032 = CARTESIAN_POINT('',(16.876309375,-4.5,2.7988));
#9033 = PCURVE('',#4361,#9034);
#9034 = DEFINITIONAL_REPRESENTATION('',(#9035),#9039);
#9035 = LINE('',#9036,#9037);
#9036 = CARTESIAN_POINT('',(0.,0.));
#9037 = VECTOR('',#9038,1.);
#9038 = DIRECTION('',(1.,0.));
#9039 = ( GEOMETRIC_REPRESENTATION_CONTEXT(2) 
PARAMETRIC_REPRESENTATION_CONTEXT() REPRESENTATION_CONTEXT('2D SPACE',''
  ) );
#9040 = PCURVE('',#7506,#9041);
#9041 = DEFINITIONAL_REPRESENTATION('',(#9042),#9047);
#9042 = B_SPLINE_CURVE_WITH_KNOTS('',3,(#9043,#9044,#9045,#9046),
  .UNSPECIFIED.,.F.,.F.,(4,4),(0.,1.),.PIECEWISE_BEZIER_KNOTS.);
#9043 = CARTESIAN_POINT('',(3.273859375,-21.323715625));
#9044 = CARTESIAN_POINT('',(3.118855751969,-21.24895453103));
#9045 = CARTESIAN_POINT('',(2.94413616475,-21.22179113603));
#9046 = CARTESIAN_POINT('',(2.7988,-21.123690625));
#9047 = ( GEOMETRIC_REPRESENTATION_CONTEXT(2) 
PARAMETRIC_REPRESENTATION_CONTEXT() REPRESENTATION_CONTEXT('2D SPACE',''
  ) );
#9048 = ADVANCED_FACE('',(#9049),#3404,.F.);
#9049 = FACE_BOUND('',#9050,.F.);
#9050 = EDGE_LOOP('',(#9051,#9074,#9075,#9076));
#9051 = ORIENTED_EDGE('',*,*,#9052,.T.);
#9052 = EDGE_CURVE('',#9053,#3387,#9055,.T.);
#9053 = VERTEX_POINT('',#9054);
#9054 = CARTESIAN_POINT('',(14.676034375,-4.5,-1.626753125));
#9055 = SURFACE_CURVE('',#9056,(#9060,#9067),.PCURVE_S1.);
#9056 = LINE('',#9057,#9058);
#9057 = CARTESIAN_POINT('',(14.676034375,-4.5,-1.626753125));
#9058 = VECTOR('',#9059,1.);
#9059 = DIRECTION('',(0.,1.,2.230669073875E-16));
#9060 = PCURVE('',#3404,#9061);
#9061 = DEFINITIONAL_REPRESENTATION('',(#9062),#9066);
#9062 = LINE('',#9063,#9064);
#9063 = CARTESIAN_POINT('',(0.,0.));
#9064 = VECTOR('',#9065,1.);
#9065 = DIRECTION('',(0.,-1.));
#9066 = ( GEOMETRIC_REPRESENTATION_CONTEXT(2) 
PARAMETRIC_REPRESENTATION_CONTEXT() REPRESENTATION_CONTEXT('2D SPACE',''
  ) );
#9067 = PCURVE('',#3437,#9068);
#9068 = DEFINITIONAL_REPRESENTATION('',(#9069),#9073);
#9069 = LINE('',#9070,#9071);
#9070 = CARTESIAN_POINT('',(1.,0.));
#9071 = VECTOR('',#9072,1.);
#9072 = DIRECTION('',(0.,-1.));
#9073 = ( GEOMETRIC_REPRESENTATION_CONTEXT(2) 
PARAMETRIC_REPRESENTATION_CONTEXT() REPRESENTATION_CONTEXT('2D SPACE',''
  ) );
#9074 = ORIENTED_EDGE('',*,*,#3386,.T.);
#9075 = ORIENTED_EDGE('',*,*,#8950,.F.);
#9076 = ORIENTED_EDGE('',*,*,#9077,.F.);
#9077 = EDGE_CURVE('',#9053,#8951,#9078,.T.);
#9078 = SURFACE_CURVE('',#9079,(#9084,#9091),.PCURVE_S1.);
#9079 = B_SPLINE_CURVE_WITH_KNOTS('',3,(#9080,#9081,#9082,#9083),
  .UNSPECIFIED.,.F.,.F.,(4,4),(0.,1.),.PIECEWISE_BEZIER_KNOTS.);
#9080 = CARTESIAN_POINT('',(14.676034375,-4.5,-1.626753125));
#9081 = CARTESIAN_POINT('',(14.503826601719,-4.5,-1.461739500875));
#9082 = CARTESIAN_POINT('',(14.344083636344,-4.5,-1.291562981469));
#9083 = CARTESIAN_POINT('',(14.210032132,-4.5,-1.110744632));
#9084 = PCURVE('',#3404,#9085);
#9085 = DEFINITIONAL_REPRESENTATION('',(#9086),#9090);
#9086 = LINE('',#9087,#9088);
#9087 = CARTESIAN_POINT('',(0.,0.));
#9088 = VECTOR('',#9089,1.);
#9089 = DIRECTION('',(1.,0.));
#9090 = ( GEOMETRIC_REPRESENTATION_CONTEXT(2) 
PARAMETRIC_REPRESENTATION_CONTEXT() REPRESENTATION_CONTEXT('2D SPACE',''
  ) );
#9091 = PCURVE('',#7506,#9092);
#9092 = DEFINITIONAL_REPRESENTATION('',(#9093),#9098);
#9093 = B_SPLINE_CURVE_WITH_KNOTS('',3,(#9094,#9095,#9096,#9097),
  .UNSPECIFIED.,.F.,.F.,(4,4),(0.,1.),.PIECEWISE_BEZIER_KNOTS.);
#9094 = CARTESIAN_POINT('',(-1.626753125,-23.323965625));
#9095 = CARTESIAN_POINT('',(-1.461739500875,-23.49617339828));
#9096 = CARTESIAN_POINT('',(-1.291562981469,-23.65591636365));
#9097 = CARTESIAN_POINT('',(-1.110744632,-23.789967868));
#9098 = ( GEOMETRIC_REPRESENTATION_CONTEXT(2) 
PARAMETRIC_REPRESENTATION_CONTEXT() REPRESENTATION_CONTEXT('2D SPACE',''
  ) );
#9099 = ADVANCED_FACE('',(#9100),#4328,.F.);
#9100 = FACE_BOUND('',#9101,.F.);
#9101 = EDGE_LOOP('',(#9102,#9103,#9104,#9127));
#9102 = ORIENTED_EDGE('',*,*,#9003,.T.);
#9103 = ORIENTED_EDGE('',*,*,#4310,.T.);
#9104 = ORIENTED_EDGE('',*,*,#9105,.F.);
#9105 = EDGE_CURVE('',#9106,#4278,#9108,.T.);
#9106 = VERTEX_POINT('',#9107);
#9107 = CARTESIAN_POINT('',(17.15134375,-4.5,2.34874375));
#9108 = SURFACE_CURVE('',#9109,(#9113,#9120),.PCURVE_S1.);
#9109 = LINE('',#9110,#9111);
#9110 = CARTESIAN_POINT('',(17.15134375,-4.5,2.34874375));
#9111 = VECTOR('',#9112,1.);
#9112 = DIRECTION('',(0.,1.,2.230669073875E-16));
#9113 = PCURVE('',#4328,#9114);
#9114 = DEFINITIONAL_REPRESENTATION('',(#9115),#9119);
#9115 = LINE('',#9116,#9117);
#9116 = CARTESIAN_POINT('',(1.,0.));
#9117 = VECTOR('',#9118,1.);
#9118 = DIRECTION('',(0.,-1.));
#9119 = ( GEOMETRIC_REPRESENTATION_CONTEXT(2) 
PARAMETRIC_REPRESENTATION_CONTEXT() REPRESENTATION_CONTEXT('2D SPACE',''
  ) );
#9120 = PCURVE('',#4295,#9121);
#9121 = DEFINITIONAL_REPRESENTATION('',(#9122),#9126);
#9122 = LINE('',#9123,#9124);
#9123 = CARTESIAN_POINT('',(0.,0.));
#9124 = VECTOR('',#9125,1.);
#9125 = DIRECTION('',(0.,-1.));
#9126 = ( GEOMETRIC_REPRESENTATION_CONTEXT(2) 
PARAMETRIC_REPRESENTATION_CONTEXT() REPRESENTATION_CONTEXT('2D SPACE',''
  ) );
#9127 = ORIENTED_EDGE('',*,*,#9128,.F.);
#9128 = EDGE_CURVE('',#9004,#9106,#9129,.T.);
#9129 = SURFACE_CURVE('',#9130,(#9135,#9142),.PCURVE_S1.);
#9130 = B_SPLINE_CURVE_WITH_KNOTS('',3,(#9131,#9132,#9133,#9134),
  .UNSPECIFIED.,.F.,.F.,(4,4),(0.,1.),.PIECEWISE_BEZIER_KNOTS.);
#9131 = CARTESIAN_POINT('',(16.876309375,-4.5,2.7988));
#9132 = CARTESIAN_POINT('',(16.943599285188,-4.5,2.638679487438));
#9133 = CARTESIAN_POINT('',(17.041006209531,-4.5,2.491033534));
#9134 = CARTESIAN_POINT('',(17.15134375,-4.5,2.34874375));
#9135 = PCURVE('',#4328,#9136);
#9136 = DEFINITIONAL_REPRESENTATION('',(#9137),#9141);
#9137 = LINE('',#9138,#9139);
#9138 = CARTESIAN_POINT('',(0.,0.));
#9139 = VECTOR('',#9140,1.);
#9140 = DIRECTION('',(1.,0.));
#9141 = ( GEOMETRIC_REPRESENTATION_CONTEXT(2) 
PARAMETRIC_REPRESENTATION_CONTEXT() REPRESENTATION_CONTEXT('2D SPACE',''
  ) );
#9142 = PCURVE('',#7506,#9143);
#9143 = DEFINITIONAL_REPRESENTATION('',(#9144),#9149);
#9144 = B_SPLINE_CURVE_WITH_KNOTS('',3,(#9145,#9146,#9147,#9148),
  .UNSPECIFIED.,.F.,.F.,(4,4),(0.,1.),.PIECEWISE_BEZIER_KNOTS.);
#9145 = CARTESIAN_POINT('',(2.7988,-21.123690625));
#9146 = CARTESIAN_POINT('',(2.638679487438,-21.05640071481));
#9147 = CARTESIAN_POINT('',(2.491033534,-20.95899379046));
#9148 = CARTESIAN_POINT('',(2.34874375,-20.84865625));
#9149 = ( GEOMETRIC_REPRESENTATION_CONTEXT(2) 
PARAMETRIC_REPRESENTATION_CONTEXT() REPRESENTATION_CONTEXT('2D SPACE',''
  ) );
#9150 = ADVANCED_FACE('',(#9151),#3437,.F.);
#9151 = FACE_BOUND('',#9152,.F.);
#9152 = EDGE_LOOP('',(#9153,#9176,#9177,#9178));
#9153 = ORIENTED_EDGE('',*,*,#9154,.T.);
#9154 = EDGE_CURVE('',#9155,#3420,#9157,.T.);
#9155 = VERTEX_POINT('',#9156);
#9156 = CARTESIAN_POINT('',(15.026078125,-4.5,-1.9017875));
#9157 = SURFACE_CURVE('',#9158,(#9162,#9169),.PCURVE_S1.);
#9158 = LINE('',#9159,#9160);
#9159 = CARTESIAN_POINT('',(15.026078125,-4.5,-1.9017875));
#9160 = VECTOR('',#9161,1.);
#9161 = DIRECTION('',(0.,1.,2.230669073875E-16));
#9162 = PCURVE('',#3437,#9163);
#9163 = DEFINITIONAL_REPRESENTATION('',(#9164),#9168);
#9164 = LINE('',#9165,#9166);
#9165 = CARTESIAN_POINT('',(0.,0.));
#9166 = VECTOR('',#9167,1.);
#9167 = DIRECTION('',(0.,-1.));
#9168 = ( GEOMETRIC_REPRESENTATION_CONTEXT(2) 
PARAMETRIC_REPRESENTATION_CONTEXT() REPRESENTATION_CONTEXT('2D SPACE',''
  ) );
#9169 = PCURVE('',#3470,#9170);
#9170 = DEFINITIONAL_REPRESENTATION('',(#9171),#9175);
#9171 = LINE('',#9172,#9173);
#9172 = CARTESIAN_POINT('',(1.,0.));
#9173 = VECTOR('',#9174,1.);
#9174 = DIRECTION('',(0.,-1.));
#9175 = ( GEOMETRIC_REPRESENTATION_CONTEXT(2) 
PARAMETRIC_REPRESENTATION_CONTEXT() REPRESENTATION_CONTEXT('2D SPACE',''
  ) );
#9176 = ORIENTED_EDGE('',*,*,#3419,.T.);
#9177 = ORIENTED_EDGE('',*,*,#9052,.F.);
#9178 = ORIENTED_EDGE('',*,*,#9179,.F.);
#9179 = EDGE_CURVE('',#9155,#9053,#9180,.T.);
#9180 = SURFACE_CURVE('',#9181,(#9186,#9193),.PCURVE_S1.);
#9181 = B_SPLINE_CURVE_WITH_KNOTS('',3,(#9182,#9183,#9184,#9185),
  .UNSPECIFIED.,.F.,.F.,(4,4),(0.,1.),.PIECEWISE_BEZIER_KNOTS.);
#9182 = CARTESIAN_POINT('',(15.026078125,-4.5,-1.9017875));
#9183 = CARTESIAN_POINT('',(14.911708330563,-4.5,-1.80452934425));
#9184 = CARTESIAN_POINT('',(14.796055625781,-4.5,-1.7103675755));
#9185 = CARTESIAN_POINT('',(14.676034375,-4.5,-1.626753125));
#9186 = PCURVE('',#3437,#9187);
#9187 = DEFINITIONAL_REPRESENTATION('',(#9188),#9192);
#9188 = LINE('',#9189,#9190);
#9189 = CARTESIAN_POINT('',(0.,0.));
#9190 = VECTOR('',#9191,1.);
#9191 = DIRECTION('',(1.,0.));
#9192 = ( GEOMETRIC_REPRESENTATION_CONTEXT(2) 
PARAMETRIC_REPRESENTATION_CONTEXT() REPRESENTATION_CONTEXT('2D SPACE',''
  ) );
#9193 = PCURVE('',#7506,#9194);
#9194 = DEFINITIONAL_REPRESENTATION('',(#9195),#9200);
#9195 = B_SPLINE_CURVE_WITH_KNOTS('',3,(#9196,#9197,#9198,#9199),
  .UNSPECIFIED.,.F.,.F.,(4,4),(0.,1.),.PIECEWISE_BEZIER_KNOTS.);
#9196 = CARTESIAN_POINT('',(-1.9017875,-22.973921875));
#9197 = CARTESIAN_POINT('',(-1.80452934425,-23.08829166943));
#9198 = CARTESIAN_POINT('',(-1.7103675755,-23.20394437421));
#9199 = CARTESIAN_POINT('',(-1.626753125,-23.323965625));
#9200 = ( GEOMETRIC_REPRESENTATION_CONTEXT(2) 
PARAMETRIC_REPRESENTATION_CONTEXT() REPRESENTATION_CONTEXT('2D SPACE',''
  ) );
#9201 = ADVANCED_FACE('',(#9202),#4295,.F.);
#9202 = FACE_BOUND('',#9203,.F.);
#9203 = EDGE_LOOP('',(#9204,#9205,#9206,#9229));
#9204 = ORIENTED_EDGE('',*,*,#9105,.T.);
#9205 = ORIENTED_EDGE('',*,*,#4277,.T.);
#9206 = ORIENTED_EDGE('',*,*,#9207,.F.);
#9207 = EDGE_CURVE('',#9208,#4245,#9210,.T.);
#9208 = VERTEX_POINT('',#9209);
#9209 = CARTESIAN_POINT('',(17.626403125,-4.5,1.823678125));
#9210 = SURFACE_CURVE('',#9211,(#9215,#9222),.PCURVE_S1.);
#9211 = LINE('',#9212,#9213);
#9212 = CARTESIAN_POINT('',(17.626403125,-4.5,1.823678125));
#9213 = VECTOR('',#9214,1.);
#9214 = DIRECTION('',(0.,1.,2.230669073875E-16));
#9215 = PCURVE('',#4295,#9216);
#9216 = DEFINITIONAL_REPRESENTATION('',(#9217),#9221);
#9217 = LINE('',#9218,#9219);
#9218 = CARTESIAN_POINT('',(1.,0.));
#9219 = VECTOR('',#9220,1.);
#9220 = DIRECTION('',(0.,-1.));
#9221 = ( GEOMETRIC_REPRESENTATION_CONTEXT(2) 
PARAMETRIC_REPRESENTATION_CONTEXT() REPRESENTATION_CONTEXT('2D SPACE',''
  ) );
#9222 = PCURVE('',#4262,#9223);
#9223 = DEFINITIONAL_REPRESENTATION('',(#9224),#9228);
#9224 = LINE('',#9225,#9226);
#9225 = CARTESIAN_POINT('',(0.,0.));
#9226 = VECTOR('',#9227,1.);
#9227 = DIRECTION('',(0.,-1.));
#9228 = ( GEOMETRIC_REPRESENTATION_CONTEXT(2) 
PARAMETRIC_REPRESENTATION_CONTEXT() REPRESENTATION_CONTEXT('2D SPACE',''
  ) );
#9229 = ORIENTED_EDGE('',*,*,#9230,.F.);
#9230 = EDGE_CURVE('',#9106,#9208,#9231,.T.);
#9231 = SURFACE_CURVE('',#9232,(#9237,#9244),.PCURVE_S1.);
#9232 = B_SPLINE_CURVE_WITH_KNOTS('',3,(#9233,#9234,#9235,#9236),
  .UNSPECIFIED.,.F.,.F.,(4,4),(0.,1.),.PIECEWISE_BEZIER_KNOTS.);
#9233 = CARTESIAN_POINT('',(17.15134375,-4.5,2.34874375));
#9234 = CARTESIAN_POINT('',(17.275140972719,-4.5,2.159408336031));
#9235 = CARTESIAN_POINT('',(17.457099214656,-4.5,1.994163933063));
#9236 = CARTESIAN_POINT('',(17.626403125,-4.5,1.823678125));
#9237 = PCURVE('',#4295,#9238);
#9238 = DEFINITIONAL_REPRESENTATION('',(#9239),#9243);
#9239 = LINE('',#9240,#9241);
#9240 = CARTESIAN_POINT('',(0.,0.));
#9241 = VECTOR('',#9242,1.);
#9242 = DIRECTION('',(1.,0.));
#9243 = ( GEOMETRIC_REPRESENTATION_CONTEXT(2) 
PARAMETRIC_REPRESENTATION_CONTEXT() REPRESENTATION_CONTEXT('2D SPACE',''
  ) );
#9244 = PCURVE('',#7506,#9245);
#9245 = DEFINITIONAL_REPRESENTATION('',(#9246),#9251);
#9246 = B_SPLINE_CURVE_WITH_KNOTS('',3,(#9247,#9248,#9249,#9250),
  .UNSPECIFIED.,.F.,.F.,(4,4),(0.,1.),.PIECEWISE_BEZIER_KNOTS.);
#9247 = CARTESIAN_POINT('',(2.34874375,-20.84865625));
#9248 = CARTESIAN_POINT('',(2.159408336031,-20.72485902728));
#9249 = CARTESIAN_POINT('',(1.994163933063,-20.54290078534));
#9250 = CARTESIAN_POINT('',(1.823678125,-20.373596875));
#9251 = ( GEOMETRIC_REPRESENTATION_CONTEXT(2) 
PARAMETRIC_REPRESENTATION_CONTEXT() REPRESENTATION_CONTEXT('2D SPACE',''
  ) );
#9252 = ADVANCED_FACE('',(#9253),#3470,.F.);
#9253 = FACE_BOUND('',#9254,.F.);
#9254 = EDGE_LOOP('',(#9255,#9278,#9279,#9280));
#9255 = ORIENTED_EDGE('',*,*,#9256,.T.);
#9256 = EDGE_CURVE('',#9257,#3453,#9259,.T.);
#9257 = VERTEX_POINT('',#9258);
#9258 = CARTESIAN_POINT('',(15.5011375,-4.5,-2.176821875));
#9259 = SURFACE_CURVE('',#9260,(#9264,#9271),.PCURVE_S1.);
#9260 = LINE('',#9261,#9262);
#9261 = CARTESIAN_POINT('',(15.5011375,-4.5,-2.176821875));
#9262 = VECTOR('',#9263,1.);
#9263 = DIRECTION('',(0.,1.,2.230669073875E-16));
#9264 = PCURVE('',#3470,#9265);
#9265 = DEFINITIONAL_REPRESENTATION('',(#9266),#9270);
#9266 = LINE('',#9267,#9268);
#9267 = CARTESIAN_POINT('',(0.,0.));
#9268 = VECTOR('',#9269,1.);
#9269 = DIRECTION('',(0.,-1.));
#9270 = ( GEOMETRIC_REPRESENTATION_CONTEXT(2) 
PARAMETRIC_REPRESENTATION_CONTEXT() REPRESENTATION_CONTEXT('2D SPACE',''
  ) );
#9271 = PCURVE('',#3503,#9272);
#9272 = DEFINITIONAL_REPRESENTATION('',(#9273),#9277);
#9273 = LINE('',#9274,#9275);
#9274 = CARTESIAN_POINT('',(1.,0.));
#9275 = VECTOR('',#9276,1.);
#9276 = DIRECTION('',(0.,-1.));
#9277 = ( GEOMETRIC_REPRESENTATION_CONTEXT(2) 
PARAMETRIC_REPRESENTATION_CONTEXT() REPRESENTATION_CONTEXT('2D SPACE',''
  ) );
#9278 = ORIENTED_EDGE('',*,*,#3452,.T.);
#9279 = ORIENTED_EDGE('',*,*,#9154,.F.);
#9280 = ORIENTED_EDGE('',*,*,#9281,.F.);
#9281 = EDGE_CURVE('',#9257,#9155,#9282,.T.);
#9282 = SURFACE_CURVE('',#9283,(#9288,#9295),.PCURVE_S1.);
#9283 = B_SPLINE_CURVE_WITH_KNOTS('',3,(#9284,#9285,#9286,#9287),
  .UNSPECIFIED.,.F.,.F.,(4,4),(0.,1.),.PIECEWISE_BEZIER_KNOTS.);
#9284 = CARTESIAN_POINT('',(15.5011375,-4.5,-2.176821875));
#9285 = CARTESIAN_POINT('',(15.34050342325,-4.5,-2.090650604938));
#9286 = CARTESIAN_POINT('',(15.18714025525,-4.5,-1.986925640937));
#9287 = CARTESIAN_POINT('',(15.026078125,-4.5,-1.9017875));
#9288 = PCURVE('',#3470,#9289);
#9289 = DEFINITIONAL_REPRESENTATION('',(#9290),#9294);
#9290 = LINE('',#9291,#9292);
#9291 = CARTESIAN_POINT('',(0.,0.));
#9292 = VECTOR('',#9293,1.);
#9293 = DIRECTION('',(1.,0.));
#9294 = ( GEOMETRIC_REPRESENTATION_CONTEXT(2) 
PARAMETRIC_REPRESENTATION_CONTEXT() REPRESENTATION_CONTEXT('2D SPACE',''
  ) );
#9295 = PCURVE('',#7506,#9296);
#9296 = DEFINITIONAL_REPRESENTATION('',(#9297),#9302);
#9297 = B_SPLINE_CURVE_WITH_KNOTS('',3,(#9298,#9299,#9300,#9301),
  .UNSPECIFIED.,.F.,.F.,(4,4),(0.,1.),.PIECEWISE_BEZIER_KNOTS.);
#9298 = CARTESIAN_POINT('',(-2.176821875,-22.4988625));
#9299 = CARTESIAN_POINT('',(-2.090650604937,-22.65949657675));
#9300 = CARTESIAN_POINT('',(-1.986925640937,-22.81285974475));
#9301 = CARTESIAN_POINT('',(-1.9017875,-22.973921875));
#9302 = ( GEOMETRIC_REPRESENTATION_CONTEXT(2) 
PARAMETRIC_REPRESENTATION_CONTEXT() REPRESENTATION_CONTEXT('2D SPACE',''
  ) );
#9303 = ADVANCED_FACE('',(#9304),#4262,.F.);
#9304 = FACE_BOUND('',#9305,.F.);
#9305 = EDGE_LOOP('',(#9306,#9307,#9308,#9331));
#9306 = ORIENTED_EDGE('',*,*,#9207,.T.);
#9307 = ORIENTED_EDGE('',*,*,#4244,.T.);
#9308 = ORIENTED_EDGE('',*,*,#9309,.F.);
#9309 = EDGE_CURVE('',#9310,#4212,#9312,.T.);
#9310 = VERTEX_POINT('',#9311);
#9311 = CARTESIAN_POINT('',(18.00145,-4.5,1.54864375));
#9312 = SURFACE_CURVE('',#9313,(#9317,#9324),.PCURVE_S1.);
#9313 = LINE('',#9314,#9315);
#9314 = CARTESIAN_POINT('',(18.00145,-4.5,1.54864375));
#9315 = VECTOR('',#9316,1.);
#9316 = DIRECTION('',(0.,1.,2.230669073875E-16));
#9317 = PCURVE('',#4262,#9318);
#9318 = DEFINITIONAL_REPRESENTATION('',(#9319),#9323);
#9319 = LINE('',#9320,#9321);
#9320 = CARTESIAN_POINT('',(1.,0.));
#9321 = VECTOR('',#9322,1.);
#9322 = DIRECTION('',(0.,-1.));
#9323 = ( GEOMETRIC_REPRESENTATION_CONTEXT(2) 
PARAMETRIC_REPRESENTATION_CONTEXT() REPRESENTATION_CONTEXT('2D SPACE',''
  ) );
#9324 = PCURVE('',#4229,#9325);
#9325 = DEFINITIONAL_REPRESENTATION('',(#9326),#9330);
#9326 = LINE('',#9327,#9328);
#9327 = CARTESIAN_POINT('',(0.,0.));
#9328 = VECTOR('',#9329,1.);
#9329 = DIRECTION('',(0.,-1.));
#9330 = ( GEOMETRIC_REPRESENTATION_CONTEXT(2) 
PARAMETRIC_REPRESENTATION_CONTEXT() REPRESENTATION_CONTEXT('2D SPACE',''
  ) );
#9331 = ORIENTED_EDGE('',*,*,#9332,.F.);
#9332 = EDGE_CURVE('',#9208,#9310,#9333,.T.);
#9333 = SURFACE_CURVE('',#9334,(#9339,#9346),.PCURVE_S1.);
#9334 = B_SPLINE_CURVE_WITH_KNOTS('',3,(#9335,#9336,#9337,#9338),
  .UNSPECIFIED.,.F.,.F.,(4,4),(0.,1.),.PIECEWISE_BEZIER_KNOTS.);
#9335 = CARTESIAN_POINT('',(17.626403125,-4.5,1.823678125));
#9336 = CARTESIAN_POINT('',(17.755952566656,-4.5,1.742945784719));
#9337 = CARTESIAN_POINT('',(17.872363116156,-4.5,1.630493229906));
#9338 = CARTESIAN_POINT('',(18.00145,-4.5,1.54864375));
#9339 = PCURVE('',#4262,#9340);
#9340 = DEFINITIONAL_REPRESENTATION('',(#9341),#9345);
#9341 = LINE('',#9342,#9343);
#9342 = CARTESIAN_POINT('',(0.,0.));
#9343 = VECTOR('',#9344,1.);
#9344 = DIRECTION('',(1.,0.));
#9345 = ( GEOMETRIC_REPRESENTATION_CONTEXT(2) 
PARAMETRIC_REPRESENTATION_CONTEXT() REPRESENTATION_CONTEXT('2D SPACE',''
  ) );
#9346 = PCURVE('',#7506,#9347);
#9347 = DEFINITIONAL_REPRESENTATION('',(#9348),#9353);
#9348 = B_SPLINE_CURVE_WITH_KNOTS('',3,(#9349,#9350,#9351,#9352),
  .UNSPECIFIED.,.F.,.F.,(4,4),(0.,1.),.PIECEWISE_BEZIER_KNOTS.);
#9349 = CARTESIAN_POINT('',(1.823678125,-20.373596875));
#9350 = CARTESIAN_POINT('',(1.742945784719,-20.24404743334));
#9351 = CARTESIAN_POINT('',(1.630493229906,-20.12763688384));
#9352 = CARTESIAN_POINT('',(1.54864375,-19.99855));
#9353 = ( GEOMETRIC_REPRESENTATION_CONTEXT(2) 
PARAMETRIC_REPRESENTATION_CONTEXT() REPRESENTATION_CONTEXT('2D SPACE',''
  ) );
#9354 = ADVANCED_FACE('',(#9355),#3503,.F.);
#9355 = FACE_BOUND('',#9356,.F.);
#9356 = EDGE_LOOP('',(#9357,#9380,#9381,#9382));
#9357 = ORIENTED_EDGE('',*,*,#9358,.T.);
#9358 = EDGE_CURVE('',#9359,#3486,#9361,.T.);
#9359 = VERTEX_POINT('',#9360);
#9360 = CARTESIAN_POINT('',(15.976196875,-4.5,-2.376846875));
#9361 = SURFACE_CURVE('',#9362,(#9366,#9373),.PCURVE_S1.);
#9362 = LINE('',#9363,#9364);
#9363 = CARTESIAN_POINT('',(15.976196875,-4.5,-2.376846875));
#9364 = VECTOR('',#9365,1.);
#9365 = DIRECTION('',(0.,1.,2.230669073875E-16));
#9366 = PCURVE('',#3503,#9367);
#9367 = DEFINITIONAL_REPRESENTATION('',(#9368),#9372);
#9368 = LINE('',#9369,#9370);
#9369 = CARTESIAN_POINT('',(0.,0.));
#9370 = VECTOR('',#9371,1.);
#9371 = DIRECTION('',(0.,-1.));
#9372 = ( GEOMETRIC_REPRESENTATION_CONTEXT(2) 
PARAMETRIC_REPRESENTATION_CONTEXT() REPRESENTATION_CONTEXT('2D SPACE',''
  ) );
#9373 = PCURVE('',#3536,#9374);
#9374 = DEFINITIONAL_REPRESENTATION('',(#9375),#9379);
#9375 = LINE('',#9376,#9377);
#9376 = CARTESIAN_POINT('',(1.,0.));
#9377 = VECTOR('',#9378,1.);
#9378 = DIRECTION('',(0.,-1.));
#9379 = ( GEOMETRIC_REPRESENTATION_CONTEXT(2) 
PARAMETRIC_REPRESENTATION_CONTEXT() REPRESENTATION_CONTEXT('2D SPACE',''
  ) );
#9380 = ORIENTED_EDGE('',*,*,#3485,.T.);
#9381 = ORIENTED_EDGE('',*,*,#9256,.F.);
#9382 = ORIENTED_EDGE('',*,*,#9383,.F.);
#9383 = EDGE_CURVE('',#9359,#9257,#9384,.T.);
#9384 = SURFACE_CURVE('',#9385,(#9390,#9397),.PCURVE_S1.);
#9385 = B_SPLINE_CURVE_WITH_KNOTS('',3,(#9386,#9387,#9388,#9389),
  .UNSPECIFIED.,.F.,.F.,(4,4),(0.,1.),.PIECEWISE_BEZIER_KNOTS.);
#9386 = CARTESIAN_POINT('',(15.976196875,-4.5,-2.376846875));
#9387 = CARTESIAN_POINT('',(15.810041858219,-4.5,-2.329007145781));
#9388 = CARTESIAN_POINT('',(15.659199755313,-4.5,-2.244199296125));
#9389 = CARTESIAN_POINT('',(15.5011375,-4.5,-2.176821875));
#9390 = PCURVE('',#3503,#9391);
#9391 = DEFINITIONAL_REPRESENTATION('',(#9392),#9396);
#9392 = LINE('',#9393,#9394);
#9393 = CARTESIAN_POINT('',(0.,0.));
#9394 = VECTOR('',#9395,1.);
#9395 = DIRECTION('',(1.,0.));
#9396 = ( GEOMETRIC_REPRESENTATION_CONTEXT(2) 
PARAMETRIC_REPRESENTATION_CONTEXT() REPRESENTATION_CONTEXT('2D SPACE',''
  ) );
#9397 = PCURVE('',#7506,#9398);
#9398 = DEFINITIONAL_REPRESENTATION('',(#9399),#9404);
#9399 = B_SPLINE_CURVE_WITH_KNOTS('',3,(#9400,#9401,#9402,#9403),
  .UNSPECIFIED.,.F.,.F.,(4,4),(0.,1.),.PIECEWISE_BEZIER_KNOTS.);
#9400 = CARTESIAN_POINT('',(-2.376846875,-22.023803125));
#9401 = CARTESIAN_POINT('',(-2.329007145781,-22.18995814178));
#9402 = CARTESIAN_POINT('',(-2.244199296125,-22.34080024468));
#9403 = CARTESIAN_POINT('',(-2.176821875,-22.4988625));
#9404 = ( GEOMETRIC_REPRESENTATION_CONTEXT(2) 
PARAMETRIC_REPRESENTATION_CONTEXT() REPRESENTATION_CONTEXT('2D SPACE',''
  ) );
#9405 = ADVANCED_FACE('',(#9406),#4229,.F.);
#9406 = FACE_BOUND('',#9407,.F.);
#9407 = EDGE_LOOP('',(#9408,#9409,#9410,#9433));
#9408 = ORIENTED_EDGE('',*,*,#9309,.T.);
#9409 = ORIENTED_EDGE('',*,*,#4211,.T.);
#9410 = ORIENTED_EDGE('',*,*,#9411,.F.);
#9411 = EDGE_CURVE('',#9412,#4179,#9414,.T.);
#9412 = VERTEX_POINT('',#9413);
#9413 = CARTESIAN_POINT('',(18.45150625,-4.5,1.24860625));
#9414 = SURFACE_CURVE('',#9415,(#9419,#9426),.PCURVE_S1.);
#9415 = LINE('',#9416,#9417);
#9416 = CARTESIAN_POINT('',(18.45150625,-4.5,1.24860625));
#9417 = VECTOR('',#9418,1.);
#9418 = DIRECTION('',(0.,1.,2.230669073875E-16));
#9419 = PCURVE('',#4229,#9420);
#9420 = DEFINITIONAL_REPRESENTATION('',(#9421),#9425);
#9421 = LINE('',#9422,#9423);
#9422 = CARTESIAN_POINT('',(1.,0.));
#9423 = VECTOR('',#9424,1.);
#9424 = DIRECTION('',(0.,-1.));
#9425 = ( GEOMETRIC_REPRESENTATION_CONTEXT(2) 
PARAMETRIC_REPRESENTATION_CONTEXT() REPRESENTATION_CONTEXT('2D SPACE',''
  ) );
#9426 = PCURVE('',#4196,#9427);
#9427 = DEFINITIONAL_REPRESENTATION('',(#9428),#9432);
#9428 = LINE('',#9429,#9430);
#9429 = CARTESIAN_POINT('',(0.,0.));
#9430 = VECTOR('',#9431,1.);
#9431 = DIRECTION('',(0.,-1.));
#9432 = ( GEOMETRIC_REPRESENTATION_CONTEXT(2) 
PARAMETRIC_REPRESENTATION_CONTEXT() REPRESENTATION_CONTEXT('2D SPACE',''
  ) );
#9433 = ORIENTED_EDGE('',*,*,#9434,.F.);
#9434 = EDGE_CURVE('',#9310,#9412,#9435,.T.);
#9435 = SURFACE_CURVE('',#9436,(#9441,#9448),.PCURVE_S1.);
#9436 = B_SPLINE_CURVE_WITH_KNOTS('',3,(#9437,#9438,#9439,#9440),
  .UNSPECIFIED.,.F.,.F.,(4,4),(0.,1.),.PIECEWISE_BEZIER_KNOTS.);
#9437 = CARTESIAN_POINT('',(18.00145,-4.5,1.54864375));
#9438 = CARTESIAN_POINT('',(18.146544884594,-4.5,1.436744264313));
#9439 = CARTESIAN_POINT('',(18.300274348375,-4.5,1.345689883938));
#9440 = CARTESIAN_POINT('',(18.45150625,-4.5,1.24860625));
#9441 = PCURVE('',#4229,#9442);
#9442 = DEFINITIONAL_REPRESENTATION('',(#9443),#9447);
#9443 = LINE('',#9444,#9445);
#9444 = CARTESIAN_POINT('',(0.,0.));
#9445 = VECTOR('',#9446,1.);
#9446 = DIRECTION('',(1.,0.));
#9447 = ( GEOMETRIC_REPRESENTATION_CONTEXT(2) 
PARAMETRIC_REPRESENTATION_CONTEXT() REPRESENTATION_CONTEXT('2D SPACE',''
  ) );
#9448 = PCURVE('',#7506,#9449);
#9449 = DEFINITIONAL_REPRESENTATION('',(#9450),#9455);
#9450 = B_SPLINE_CURVE_WITH_KNOTS('',3,(#9451,#9452,#9453,#9454),
  .UNSPECIFIED.,.F.,.F.,(4,4),(0.,1.),.PIECEWISE_BEZIER_KNOTS.);
#9451 = CARTESIAN_POINT('',(1.54864375,-19.99855));
#9452 = CARTESIAN_POINT('',(1.436744264313,-19.8534551154));
#9453 = CARTESIAN_POINT('',(1.345689883938,-19.69972565162));
#9454 = CARTESIAN_POINT('',(1.24860625,-19.54849375));
#9455 = ( GEOMETRIC_REPRESENTATION_CONTEXT(2) 
PARAMETRIC_REPRESENTATION_CONTEXT() REPRESENTATION_CONTEXT('2D SPACE',''
  ) );
#9456 = ADVANCED_FACE('',(#9457),#3536,.F.);
#9457 = FACE_BOUND('',#9458,.F.);
#9458 = EDGE_LOOP('',(#9459,#9482,#9483,#9484));
#9459 = ORIENTED_EDGE('',*,*,#9460,.T.);
#9460 = EDGE_CURVE('',#9461,#3519,#9463,.T.);
#9461 = VERTEX_POINT('',#9462);
#9462 = CARTESIAN_POINT('',(16.426253125,-4.5,-2.526865625));
#9463 = SURFACE_CURVE('',#9464,(#9468,#9475),.PCURVE_S1.);
#9464 = LINE('',#9465,#9466);
#9465 = CARTESIAN_POINT('',(16.426253125,-4.5,-2.526865625));
#9466 = VECTOR('',#9467,1.);
#9467 = DIRECTION('',(0.,1.,2.230669073875E-16));
#9468 = PCURVE('',#3536,#9469);
#9469 = DEFINITIONAL_REPRESENTATION('',(#9470),#9474);
#9470 = LINE('',#9471,#9472);
#9471 = CARTESIAN_POINT('',(0.,0.));
#9472 = VECTOR('',#9473,1.);
#9473 = DIRECTION('',(0.,-1.));
#9474 = ( GEOMETRIC_REPRESENTATION_CONTEXT(2) 
PARAMETRIC_REPRESENTATION_CONTEXT() REPRESENTATION_CONTEXT('2D SPACE',''
  ) );
#9475 = PCURVE('',#3569,#9476);
#9476 = DEFINITIONAL_REPRESENTATION('',(#9477),#9481);
#9477 = LINE('',#9478,#9479);
#9478 = CARTESIAN_POINT('',(1.,0.));
#9479 = VECTOR('',#9480,1.);
#9480 = DIRECTION('',(0.,-1.));
#9481 = ( GEOMETRIC_REPRESENTATION_CONTEXT(2) 
PARAMETRIC_REPRESENTATION_CONTEXT() REPRESENTATION_CONTEXT('2D SPACE',''
  ) );
#9482 = ORIENTED_EDGE('',*,*,#3518,.T.);
#9483 = ORIENTED_EDGE('',*,*,#9358,.F.);
#9484 = ORIENTED_EDGE('',*,*,#9485,.F.);
#9485 = EDGE_CURVE('',#9461,#9359,#9486,.T.);
#9486 = SURFACE_CURVE('',#9487,(#9492,#9499),.PCURVE_S1.);
#9487 = B_SPLINE_CURVE_WITH_KNOTS('',3,(#9488,#9489,#9490,#9491),
  .UNSPECIFIED.,.F.,.F.,(4,4),(0.,1.),.PIECEWISE_BEZIER_KNOTS.);
#9488 = CARTESIAN_POINT('',(16.426253125,-4.5,-2.526865625));
#9489 = CARTESIAN_POINT('',(16.272525661469,-4.5,-2.485813244094));
#9490 = CARTESIAN_POINT('',(16.121110987,-4.5,-2.439177165312));
#9491 = CARTESIAN_POINT('',(15.976196875,-4.5,-2.376846875));
#9492 = PCURVE('',#3536,#9493);
#9493 = DEFINITIONAL_REPRESENTATION('',(#9494),#9498);
#9494 = LINE('',#9495,#9496);
#9495 = CARTESIAN_POINT('',(0.,0.));
#9496 = VECTOR('',#9497,1.);
#9497 = DIRECTION('',(1.,0.));
#9498 = ( GEOMETRIC_REPRESENTATION_CONTEXT(2) 
PARAMETRIC_REPRESENTATION_CONTEXT() REPRESENTATION_CONTEXT('2D SPACE',''
  ) );
#9499 = PCURVE('',#7506,#9500);
#9500 = DEFINITIONAL_REPRESENTATION('',(#9501),#9506);
#9501 = B_SPLINE_CURVE_WITH_KNOTS('',3,(#9502,#9503,#9504,#9505),
  .UNSPECIFIED.,.F.,.F.,(4,4),(0.,1.),.PIECEWISE_BEZIER_KNOTS.);
#9502 = CARTESIAN_POINT('',(-2.526865625,-21.573746875));
#9503 = CARTESIAN_POINT('',(-2.485813244094,-21.72747433853));
#9504 = CARTESIAN_POINT('',(-2.439177165312,-21.878889013));
#9505 = CARTESIAN_POINT('',(-2.376846875,-22.023803125));
#9506 = ( GEOMETRIC_REPRESENTATION_CONTEXT(2) 
PARAMETRIC_REPRESENTATION_CONTEXT() REPRESENTATION_CONTEXT('2D SPACE',''
  ) );
#9507 = ADVANCED_FACE('',(#9508),#4196,.F.);
#9508 = FACE_BOUND('',#9509,.F.);
#9509 = EDGE_LOOP('',(#9510,#9511,#9512,#9535));
#9510 = ORIENTED_EDGE('',*,*,#9411,.T.);
#9511 = ORIENTED_EDGE('',*,*,#4178,.T.);
#9512 = ORIENTED_EDGE('',*,*,#9513,.F.);
#9513 = EDGE_CURVE('',#9514,#4146,#9516,.T.);
#9514 = VERTEX_POINT('',#9515);
#9515 = CARTESIAN_POINT('',(18.9015625,-4.5,0.94856875));
#9516 = SURFACE_CURVE('',#9517,(#9521,#9528),.PCURVE_S1.);
#9517 = LINE('',#9518,#9519);
#9518 = CARTESIAN_POINT('',(18.9015625,-4.5,0.94856875));
#9519 = VECTOR('',#9520,1.);
#9520 = DIRECTION('',(0.,1.,2.230669073875E-16));
#9521 = PCURVE('',#4196,#9522);
#9522 = DEFINITIONAL_REPRESENTATION('',(#9523),#9527);
#9523 = LINE('',#9524,#9525);
#9524 = CARTESIAN_POINT('',(1.,0.));
#9525 = VECTOR('',#9526,1.);
#9526 = DIRECTION('',(0.,-1.));
#9527 = ( GEOMETRIC_REPRESENTATION_CONTEXT(2) 
PARAMETRIC_REPRESENTATION_CONTEXT() REPRESENTATION_CONTEXT('2D SPACE',''
  ) );
#9528 = PCURVE('',#4163,#9529);
#9529 = DEFINITIONAL_REPRESENTATION('',(#9530),#9534);
#9530 = LINE('',#9531,#9532);
#9531 = CARTESIAN_POINT('',(0.,0.));
#9532 = VECTOR('',#9533,1.);
#9533 = DIRECTION('',(0.,-1.));
#9534 = ( GEOMETRIC_REPRESENTATION_CONTEXT(2) 
PARAMETRIC_REPRESENTATION_CONTEXT() REPRESENTATION_CONTEXT('2D SPACE',''
  ) );
#9535 = ORIENTED_EDGE('',*,*,#9536,.F.);
#9536 = EDGE_CURVE('',#9412,#9514,#9537,.T.);
#9537 = SURFACE_CURVE('',#9538,(#9543,#9550),.PCURVE_S1.);
#9538 = B_SPLINE_CURVE_WITH_KNOTS('',3,(#9539,#9540,#9541,#9542),
  .UNSPECIFIED.,.F.,.F.,(4,4),(0.,1.),.PIECEWISE_BEZIER_KNOTS.);
#9539 = CARTESIAN_POINT('',(18.45150625,-4.5,1.24860625));
#9540 = CARTESIAN_POINT('',(18.602943677313,-4.5,1.152018678063));
#9541 = CARTESIAN_POINT('',(18.749543249969,-4.5,1.043751646375));
#9542 = CARTESIAN_POINT('',(18.9015625,-4.5,0.94856875));
#9543 = PCURVE('',#4196,#9544);
#9544 = DEFINITIONAL_REPRESENTATION('',(#9545),#9549);
#9545 = LINE('',#9546,#9547);
#9546 = CARTESIAN_POINT('',(0.,0.));
#9547 = VECTOR('',#9548,1.);
#9548 = DIRECTION('',(1.,0.));
#9549 = ( GEOMETRIC_REPRESENTATION_CONTEXT(2) 
PARAMETRIC_REPRESENTATION_CONTEXT() REPRESENTATION_CONTEXT('2D SPACE',''
  ) );
#9550 = PCURVE('',#7506,#9551);
#9551 = DEFINITIONAL_REPRESENTATION('',(#9552),#9557);
#9552 = B_SPLINE_CURVE_WITH_KNOTS('',3,(#9553,#9554,#9555,#9556),
  .UNSPECIFIED.,.F.,.F.,(4,4),(0.,1.),.PIECEWISE_BEZIER_KNOTS.);
#9553 = CARTESIAN_POINT('',(1.24860625,-19.54849375));
#9554 = CARTESIAN_POINT('',(1.152018678063,-19.39705632268));
#9555 = CARTESIAN_POINT('',(1.043751646375,-19.25045675003));
#9556 = CARTESIAN_POINT('',(0.94856875,-19.0984375));
#9557 = ( GEOMETRIC_REPRESENTATION_CONTEXT(2) 
PARAMETRIC_REPRESENTATION_CONTEXT() REPRESENTATION_CONTEXT('2D SPACE',''
  ) );
#9558 = ADVANCED_FACE('',(#9559),#3569,.F.);
#9559 = FACE_BOUND('',#9560,.F.);
#9560 = EDGE_LOOP('',(#9561,#9584,#9585,#9586));
#9561 = ORIENTED_EDGE('',*,*,#9562,.T.);
#9562 = EDGE_CURVE('',#9563,#3552,#9565,.T.);
#9563 = VERTEX_POINT('',#9564);
#9564 = CARTESIAN_POINT('',(16.803752056469,-4.5,-2.626878125));
#9565 = SURFACE_CURVE('',#9566,(#9570,#9577),.PCURVE_S1.);
#9566 = LINE('',#9567,#9568);
#9567 = CARTESIAN_POINT('',(16.803752056469,-4.5,-2.626878125));
#9568 = VECTOR('',#9569,1.);
#9569 = DIRECTION('',(0.,1.,2.230669073875E-16));
#9570 = PCURVE('',#3569,#9571);
#9571 = DEFINITIONAL_REPRESENTATION('',(#9572),#9576);
#9572 = LINE('',#9573,#9574);
#9573 = CARTESIAN_POINT('',(0.,0.));
#9574 = VECTOR('',#9575,1.);
#9575 = DIRECTION('',(0.,-1.));
#9576 = ( GEOMETRIC_REPRESENTATION_CONTEXT(2) 
PARAMETRIC_REPRESENTATION_CONTEXT() REPRESENTATION_CONTEXT('2D SPACE',''
  ) );
#9577 = PCURVE('',#3602,#9578);
#9578 = DEFINITIONAL_REPRESENTATION('',(#9579),#9583);
#9579 = LINE('',#9580,#9581);
#9580 = CARTESIAN_POINT('',(1.,0.));
#9581 = VECTOR('',#9582,1.);
#9582 = DIRECTION('',(0.,-1.));
#9583 = ( GEOMETRIC_REPRESENTATION_CONTEXT(2) 
PARAMETRIC_REPRESENTATION_CONTEXT() REPRESENTATION_CONTEXT('2D SPACE',''
  ) );
#9584 = ORIENTED_EDGE('',*,*,#3551,.T.);
#9585 = ORIENTED_EDGE('',*,*,#9460,.F.);
#9586 = ORIENTED_EDGE('',*,*,#9587,.F.);
#9587 = EDGE_CURVE('',#9563,#9461,#9588,.T.);
#9588 = SURFACE_CURVE('',#9589,(#9594,#9601),.PCURVE_S1.);
#9589 = B_SPLINE_CURVE_WITH_KNOTS('',3,(#9590,#9591,#9592,#9593),
  .UNSPECIFIED.,.F.,.F.,(4,4),(0.,1.),.PIECEWISE_BEZIER_KNOTS.);
#9590 = CARTESIAN_POINT('',(16.803752056469,-4.5,-2.626878125));
#9591 = CARTESIAN_POINT('',(16.680043844875,-4.5,-2.588411067219));
#9592 = CARTESIAN_POINT('',(16.548961961688,-4.5,-2.567745484344));
#9593 = CARTESIAN_POINT('',(16.426253125,-4.5,-2.526865625));
#9594 = PCURVE('',#3569,#9595);
#9595 = DEFINITIONAL_REPRESENTATION('',(#9596),#9600);
#9596 = LINE('',#9597,#9598);
#9597 = CARTESIAN_POINT('',(0.,0.));
#9598 = VECTOR('',#9599,1.);
#9599 = DIRECTION('',(1.,0.));
#9600 = ( GEOMETRIC_REPRESENTATION_CONTEXT(2) 
PARAMETRIC_REPRESENTATION_CONTEXT() REPRESENTATION_CONTEXT('2D SPACE',''
  ) );
#9601 = PCURVE('',#7506,#9602);
#9602 = DEFINITIONAL_REPRESENTATION('',(#9603),#9608);
#9603 = B_SPLINE_CURVE_WITH_KNOTS('',3,(#9604,#9605,#9606,#9607),
  .UNSPECIFIED.,.F.,.F.,(4,4),(0.,1.),.PIECEWISE_BEZIER_KNOTS.);
#9604 = CARTESIAN_POINT('',(-2.626878125,-21.19624794353));
#9605 = CARTESIAN_POINT('',(-2.588411067219,-21.31995615512));
#9606 = CARTESIAN_POINT('',(-2.567745484344,-21.45103803831));
#9607 = CARTESIAN_POINT('',(-2.526865625,-21.573746875));
#9608 = ( GEOMETRIC_REPRESENTATION_CONTEXT(2) 
PARAMETRIC_REPRESENTATION_CONTEXT() REPRESENTATION_CONTEXT('2D SPACE',''
  ) );
#9609 = ADVANCED_FACE('',(#9610),#4163,.F.);
#9610 = FACE_BOUND('',#9611,.F.);
#9611 = EDGE_LOOP('',(#9612,#9613,#9614,#9637));
#9612 = ORIENTED_EDGE('',*,*,#9513,.T.);
#9613 = ORIENTED_EDGE('',*,*,#4145,.T.);
#9614 = ORIENTED_EDGE('',*,*,#9615,.F.);
#9615 = EDGE_CURVE('',#9616,#4113,#9618,.T.);
#9616 = VERTEX_POINT('',#9617);
#9617 = CARTESIAN_POINT('',(19.3016125,-4.5,0.64853125));
#9618 = SURFACE_CURVE('',#9619,(#9623,#9630),.PCURVE_S1.);
#9619 = LINE('',#9620,#9621);
#9620 = CARTESIAN_POINT('',(19.3016125,-4.5,0.64853125));
#9621 = VECTOR('',#9622,1.);
#9622 = DIRECTION('',(0.,1.,2.230669073875E-16));
#9623 = PCURVE('',#4163,#9624);
#9624 = DEFINITIONAL_REPRESENTATION('',(#9625),#9629);
#9625 = LINE('',#9626,#9627);
#9626 = CARTESIAN_POINT('',(1.,0.));
#9627 = VECTOR('',#9628,1.);
#9628 = DIRECTION('',(0.,-1.));
#9629 = ( GEOMETRIC_REPRESENTATION_CONTEXT(2) 
PARAMETRIC_REPRESENTATION_CONTEXT() REPRESENTATION_CONTEXT('2D SPACE',''
  ) );
#9630 = PCURVE('',#4130,#9631);
#9631 = DEFINITIONAL_REPRESENTATION('',(#9632),#9636);
#9632 = LINE('',#9633,#9634);
#9633 = CARTESIAN_POINT('',(0.,0.));
#9634 = VECTOR('',#9635,1.);
#9635 = DIRECTION('',(0.,-1.));
#9636 = ( GEOMETRIC_REPRESENTATION_CONTEXT(2) 
PARAMETRIC_REPRESENTATION_CONTEXT() REPRESENTATION_CONTEXT('2D SPACE',''
  ) );
#9637 = ORIENTED_EDGE('',*,*,#9638,.F.);
#9638 = EDGE_CURVE('',#9514,#9616,#9639,.T.);
#9639 = SURFACE_CURVE('',#9640,(#9645,#9652),.PCURVE_S1.);
#9640 = B_SPLINE_CURVE_WITH_KNOTS('',3,(#9641,#9642,#9643,#9644),
  .UNSPECIFIED.,.F.,.F.,(4,4),(0.,1.),.PIECEWISE_BEZIER_KNOTS.);
#9641 = CARTESIAN_POINT('',(18.9015625,-4.5,0.94856875));
#9642 = CARTESIAN_POINT('',(19.033327968625,-4.5,0.844730771875));
#9643 = CARTESIAN_POINT('',(19.172015552406,-4.5,0.757604382438));
#9644 = CARTESIAN_POINT('',(19.3016125,-4.5,0.64853125));
#9645 = PCURVE('',#4163,#9646);
#9646 = DEFINITIONAL_REPRESENTATION('',(#9647),#9651);
#9647 = LINE('',#9648,#9649);
#9648 = CARTESIAN_POINT('',(0.,0.));
#9649 = VECTOR('',#9650,1.);
#9650 = DIRECTION('',(1.,0.));
#9651 = ( GEOMETRIC_REPRESENTATION_CONTEXT(2) 
PARAMETRIC_REPRESENTATION_CONTEXT() REPRESENTATION_CONTEXT('2D SPACE',''
  ) );
#9652 = PCURVE('',#7506,#9653);
#9653 = DEFINITIONAL_REPRESENTATION('',(#9654),#9659);
#9654 = B_SPLINE_CURVE_WITH_KNOTS('',3,(#9655,#9656,#9657,#9658),
  .UNSPECIFIED.,.F.,.F.,(4,4),(0.,1.),.PIECEWISE_BEZIER_KNOTS.);
#9655 = CARTESIAN_POINT('',(0.94856875,-19.0984375));
#9656 = CARTESIAN_POINT('',(0.844730771875,-18.96667203137));
#9657 = CARTESIAN_POINT('',(0.757604382438,-18.82798444759));
#9658 = CARTESIAN_POINT('',(0.64853125,-18.6983875));
#9659 = ( GEOMETRIC_REPRESENTATION_CONTEXT(2) 
PARAMETRIC_REPRESENTATION_CONTEXT() REPRESENTATION_CONTEXT('2D SPACE',''
  ) );
#9660 = ADVANCED_FACE('',(#9661),#3602,.F.);
#9661 = FACE_BOUND('',#9662,.F.);
#9662 = EDGE_LOOP('',(#9663,#9686,#9687,#9688));
#9663 = ORIENTED_EDGE('',*,*,#9664,.T.);
#9664 = EDGE_CURVE('',#9665,#3585,#9667,.T.);
#9665 = VERTEX_POINT('',#9666);
#9666 = CARTESIAN_POINT('',(17.15134375,-4.5,-2.7018875));
#9667 = SURFACE_CURVE('',#9668,(#9672,#9679),.PCURVE_S1.);
#9668 = LINE('',#9669,#9670);
#9669 = CARTESIAN_POINT('',(17.15134375,-4.5,-2.7018875));
#9670 = VECTOR('',#9671,1.);
#9671 = DIRECTION('',(0.,1.,2.230669073875E-16));
#9672 = PCURVE('',#3602,#9673);
#9673 = DEFINITIONAL_REPRESENTATION('',(#9674),#9678);
#9674 = LINE('',#9675,#9676);
#9675 = CARTESIAN_POINT('',(0.,0.));
#9676 = VECTOR('',#9677,1.);
#9677 = DIRECTION('',(0.,-1.));
#9678 = ( GEOMETRIC_REPRESENTATION_CONTEXT(2) 
PARAMETRIC_REPRESENTATION_CONTEXT() REPRESENTATION_CONTEXT('2D SPACE',''
  ) );
#9679 = PCURVE('',#3635,#9680);
#9680 = DEFINITIONAL_REPRESENTATION('',(#9681),#9685);
#9681 = LINE('',#9682,#9683);
#9682 = CARTESIAN_POINT('',(1.,0.));
#9683 = VECTOR('',#9684,1.);
#9684 = DIRECTION('',(0.,-1.));
#9685 = ( GEOMETRIC_REPRESENTATION_CONTEXT(2) 
PARAMETRIC_REPRESENTATION_CONTEXT() REPRESENTATION_CONTEXT('2D SPACE',''
  ) );
#9686 = ORIENTED_EDGE('',*,*,#3584,.T.);
#9687 = ORIENTED_EDGE('',*,*,#9562,.F.);
#9688 = ORIENTED_EDGE('',*,*,#9689,.F.);
#9689 = EDGE_CURVE('',#9665,#9563,#9690,.T.);
#9690 = SURFACE_CURVE('',#9691,(#9696,#9703),.PCURVE_S1.);
#9691 = B_SPLINE_CURVE_WITH_KNOTS('',3,(#9692,#9693,#9694,#9695),
  .UNSPECIFIED.,.F.,.F.,(4,4),(0.,1.),.PIECEWISE_BEZIER_KNOTS.);
#9692 = CARTESIAN_POINT('',(17.15134375,-4.5,-2.7018875));
#9693 = CARTESIAN_POINT('',(17.0421020965,-4.5,-2.660896626781));
#9694 = CARTESIAN_POINT('',(16.921772557188,-4.5,-2.646674849281));
#9695 = CARTESIAN_POINT('',(16.803752056469,-4.5,-2.626878125));
#9696 = PCURVE('',#3602,#9697);
#9697 = DEFINITIONAL_REPRESENTATION('',(#9698),#9702);
#9698 = LINE('',#9699,#9700);
#9699 = CARTESIAN_POINT('',(0.,0.));
#9700 = VECTOR('',#9701,1.);
#9701 = DIRECTION('',(1.,0.));
#9702 = ( GEOMETRIC_REPRESENTATION_CONTEXT(2) 
PARAMETRIC_REPRESENTATION_CONTEXT() REPRESENTATION_CONTEXT('2D SPACE',''
  ) );
#9703 = PCURVE('',#7506,#9704);
#9704 = DEFINITIONAL_REPRESENTATION('',(#9705),#9710);
#9705 = B_SPLINE_CURVE_WITH_KNOTS('',3,(#9706,#9707,#9708,#9709),
  .UNSPECIFIED.,.F.,.F.,(4,4),(0.,1.),.PIECEWISE_BEZIER_KNOTS.);
#9706 = CARTESIAN_POINT('',(-2.7018875,-20.84865625));
#9707 = CARTESIAN_POINT('',(-2.660896626781,-20.9578979035));
#9708 = CARTESIAN_POINT('',(-2.646674849281,-21.07822744281));
#9709 = CARTESIAN_POINT('',(-2.626878125,-21.19624794353));
#9710 = ( GEOMETRIC_REPRESENTATION_CONTEXT(2) 
PARAMETRIC_REPRESENTATION_CONTEXT() REPRESENTATION_CONTEXT('2D SPACE',''
  ) );
#9711 = ADVANCED_FACE('',(#9712),#4130,.F.);
#9712 = FACE_BOUND('',#9713,.F.);
#9713 = EDGE_LOOP('',(#9714,#9715,#9716,#9739));
#9714 = ORIENTED_EDGE('',*,*,#9615,.T.);
#9715 = ORIENTED_EDGE('',*,*,#4112,.T.);
#9716 = ORIENTED_EDGE('',*,*,#9717,.F.);
#9717 = EDGE_CURVE('',#9718,#4080,#9720,.T.);
#9718 = VERTEX_POINT('',#9719);
#9719 = CARTESIAN_POINT('',(19.65165625,-4.5,0.34849375));
#9720 = SURFACE_CURVE('',#9721,(#9725,#9732),.PCURVE_S1.);
#9721 = LINE('',#9722,#9723);
#9722 = CARTESIAN_POINT('',(19.65165625,-4.5,0.34849375));
#9723 = VECTOR('',#9724,1.);
#9724 = DIRECTION('',(0.,1.,2.230669073875E-16));
#9725 = PCURVE('',#4130,#9726);
#9726 = DEFINITIONAL_REPRESENTATION('',(#9727),#9731);
#9727 = LINE('',#9728,#9729);
#9728 = CARTESIAN_POINT('',(1.,0.));
#9729 = VECTOR('',#9730,1.);
#9730 = DIRECTION('',(0.,-1.));
#9731 = ( GEOMETRIC_REPRESENTATION_CONTEXT(2) 
PARAMETRIC_REPRESENTATION_CONTEXT() REPRESENTATION_CONTEXT('2D SPACE',''
  ) );
#9732 = PCURVE('',#4097,#9733);
#9733 = DEFINITIONAL_REPRESENTATION('',(#9734),#9738);
#9734 = LINE('',#9735,#9736);
#9735 = CARTESIAN_POINT('',(0.,0.));
#9736 = VECTOR('',#9737,1.);
#9737 = DIRECTION('',(0.,-1.));
#9738 = ( GEOMETRIC_REPRESENTATION_CONTEXT(2) 
PARAMETRIC_REPRESENTATION_CONTEXT() REPRESENTATION_CONTEXT('2D SPACE',''
  ) );
#9739 = ORIENTED_EDGE('',*,*,#9740,.F.);
#9740 = EDGE_CURVE('',#9616,#9718,#9741,.T.);
#9741 = SURFACE_CURVE('',#9742,(#9747,#9754),.PCURVE_S1.);
#9742 = B_SPLINE_CURVE_WITH_KNOTS('',3,(#9743,#9744,#9745,#9746),
  .UNSPECIFIED.,.F.,.F.,(4,4),(0.,1.),.PIECEWISE_BEZIER_KNOTS.);
#9743 = CARTESIAN_POINT('',(19.3016125,-4.5,0.64853125));
#9744 = CARTESIAN_POINT('',(19.423883531969,-4.5,0.562013686656));
#9745 = CARTESIAN_POINT('',(19.542438099438,-4.5,0.466524001938));
#9746 = CARTESIAN_POINT('',(19.65165625,-4.5,0.34849375));
#9747 = PCURVE('',#4130,#9748);
#9748 = DEFINITIONAL_REPRESENTATION('',(#9749),#9753);
#9749 = LINE('',#9750,#9751);
#9750 = CARTESIAN_POINT('',(0.,0.));
#9751 = VECTOR('',#9752,1.);
#9752 = DIRECTION('',(1.,0.));
#9753 = ( GEOMETRIC_REPRESENTATION_CONTEXT(2) 
PARAMETRIC_REPRESENTATION_CONTEXT() REPRESENTATION_CONTEXT('2D SPACE',''
  ) );
#9754 = PCURVE('',#7506,#9755);
#9755 = DEFINITIONAL_REPRESENTATION('',(#9756),#9761);
#9756 = B_SPLINE_CURVE_WITH_KNOTS('',3,(#9757,#9758,#9759,#9760),
  .UNSPECIFIED.,.F.,.F.,(4,4),(0.,1.),.PIECEWISE_BEZIER_KNOTS.);
#9757 = CARTESIAN_POINT('',(0.64853125,-18.6983875));
#9758 = CARTESIAN_POINT('',(0.562013686656,-18.57611646803));
#9759 = CARTESIAN_POINT('',(0.466524001938,-18.45756190056));
#9760 = CARTESIAN_POINT('',(0.34849375,-18.34834375));
#9761 = ( GEOMETRIC_REPRESENTATION_CONTEXT(2) 
PARAMETRIC_REPRESENTATION_CONTEXT() REPRESENTATION_CONTEXT('2D SPACE',''
  ) );
#9762 = ADVANCED_FACE('',(#9763),#3635,.F.);
#9763 = FACE_BOUND('',#9764,.F.);
#9764 = EDGE_LOOP('',(#9765,#9788,#9789,#9790));
#9765 = ORIENTED_EDGE('',*,*,#9766,.T.);
#9766 = EDGE_CURVE('',#9767,#3618,#9769,.T.);
#9767 = VERTEX_POINT('',#9768);
#9768 = CARTESIAN_POINT('',(17.476384375,-4.5,-2.726890625));
#9769 = SURFACE_CURVE('',#9770,(#9774,#9781),.PCURVE_S1.);
#9770 = LINE('',#9771,#9772);
#9771 = CARTESIAN_POINT('',(17.476384375,-4.5,-2.726890625));
#9772 = VECTOR('',#9773,1.);
#9773 = DIRECTION('',(0.,1.,2.230669073875E-16));
#9774 = PCURVE('',#3635,#9775);
#9775 = DEFINITIONAL_REPRESENTATION('',(#9776),#9780);
#9776 = LINE('',#9777,#9778);
#9777 = CARTESIAN_POINT('',(0.,0.));
#9778 = VECTOR('',#9779,1.);
#9779 = DIRECTION('',(0.,-1.));
#9780 = ( GEOMETRIC_REPRESENTATION_CONTEXT(2) 
PARAMETRIC_REPRESENTATION_CONTEXT() REPRESENTATION_CONTEXT('2D SPACE',''
  ) );
#9781 = PCURVE('',#3668,#9782);
#9782 = DEFINITIONAL_REPRESENTATION('',(#9783),#9787);
#9783 = LINE('',#9784,#9785);
#9784 = CARTESIAN_POINT('',(1.,0.));
#9785 = VECTOR('',#9786,1.);
#9786 = DIRECTION('',(0.,-1.));
#9787 = ( GEOMETRIC_REPRESENTATION_CONTEXT(2) 
PARAMETRIC_REPRESENTATION_CONTEXT() REPRESENTATION_CONTEXT('2D SPACE',''
  ) );
#9788 = ORIENTED_EDGE('',*,*,#3617,.T.);
#9789 = ORIENTED_EDGE('',*,*,#9664,.F.);
#9790 = ORIENTED_EDGE('',*,*,#9791,.F.);
#9791 = EDGE_CURVE('',#9767,#9665,#9792,.T.);
#9792 = SURFACE_CURVE('',#9793,(#9798,#9805),.PCURVE_S1.);
#9793 = B_SPLINE_CURVE_WITH_KNOTS('',3,(#9794,#9795,#9796,#9797),
  .UNSPECIFIED.,.F.,.F.,(4,4),(0.,1.),.PIECEWISE_BEZIER_KNOTS.);
#9794 = CARTESIAN_POINT('',(17.476384375,-4.5,-2.726890625));
#9795 = CARTESIAN_POINT('',(17.358111842781,-4.5,-2.742518828281));
#9796 = CARTESIAN_POINT('',(17.26922048275,-4.5,-2.687214666125));
#9797 = CARTESIAN_POINT('',(17.15134375,-4.5,-2.7018875));
#9798 = PCURVE('',#3635,#9799);
#9799 = DEFINITIONAL_REPRESENTATION('',(#9800),#9804);
#9800 = LINE('',#9801,#9802);
#9801 = CARTESIAN_POINT('',(0.,0.));
#9802 = VECTOR('',#9803,1.);
#9803 = DIRECTION('',(1.,0.));
#9804 = ( GEOMETRIC_REPRESENTATION_CONTEXT(2) 
PARAMETRIC_REPRESENTATION_CONTEXT() REPRESENTATION_CONTEXT('2D SPACE',''
  ) );
#9805 = PCURVE('',#7506,#9806);
#9806 = DEFINITIONAL_REPRESENTATION('',(#9807),#9812);
#9807 = B_SPLINE_CURVE_WITH_KNOTS('',3,(#9808,#9809,#9810,#9811),
  .UNSPECIFIED.,.F.,.F.,(4,4),(0.,1.),.PIECEWISE_BEZIER_KNOTS.);
#9808 = CARTESIAN_POINT('',(-2.726890625,-20.523615625));
#9809 = CARTESIAN_POINT('',(-2.742518828281,-20.64188815721));
#9810 = CARTESIAN_POINT('',(-2.687214666125,-20.73077951725));
#9811 = CARTESIAN_POINT('',(-2.7018875,-20.84865625));
#9812 = ( GEOMETRIC_REPRESENTATION_CONTEXT(2) 
PARAMETRIC_REPRESENTATION_CONTEXT() REPRESENTATION_CONTEXT('2D SPACE',''
  ) );
#9813 = ADVANCED_FACE('',(#9814),#4097,.F.);
#9814 = FACE_BOUND('',#9815,.F.);
#9815 = EDGE_LOOP('',(#9816,#9817,#9818,#9841));
#9816 = ORIENTED_EDGE('',*,*,#9717,.T.);
#9817 = ORIENTED_EDGE('',*,*,#4079,.T.);
#9818 = ORIENTED_EDGE('',*,*,#9819,.F.);
#9819 = EDGE_CURVE('',#9820,#4047,#9822,.T.);
#9820 = VERTEX_POINT('',#9821);
#9821 = CARTESIAN_POINT('',(19.976696875,-4.5,2.3453125E-02));
#9822 = SURFACE_CURVE('',#9823,(#9827,#9834),.PCURVE_S1.);
#9823 = LINE('',#9824,#9825);
#9824 = CARTESIAN_POINT('',(19.976696875,-4.5,2.3453125E-02));
#9825 = VECTOR('',#9826,1.);
#9826 = DIRECTION('',(0.,1.,2.230669073875E-16));
#9827 = PCURVE('',#4097,#9828);
#9828 = DEFINITIONAL_REPRESENTATION('',(#9829),#9833);
#9829 = LINE('',#9830,#9831);
#9830 = CARTESIAN_POINT('',(1.,0.));
#9831 = VECTOR('',#9832,1.);
#9832 = DIRECTION('',(0.,-1.));
#9833 = ( GEOMETRIC_REPRESENTATION_CONTEXT(2) 
PARAMETRIC_REPRESENTATION_CONTEXT() REPRESENTATION_CONTEXT('2D SPACE',''
  ) );
#9834 = PCURVE('',#4064,#9835);
#9835 = DEFINITIONAL_REPRESENTATION('',(#9836),#9840);
#9836 = LINE('',#9837,#9838);
#9837 = CARTESIAN_POINT('',(0.,0.));
#9838 = VECTOR('',#9839,1.);
#9839 = DIRECTION('',(0.,-1.));
#9840 = ( GEOMETRIC_REPRESENTATION_CONTEXT(2) 
PARAMETRIC_REPRESENTATION_CONTEXT() REPRESENTATION_CONTEXT('2D SPACE',''
  ) );
#9841 = ORIENTED_EDGE('',*,*,#9842,.F.);
#9842 = EDGE_CURVE('',#9718,#9820,#9843,.T.);
#9843 = SURFACE_CURVE('',#9844,(#9849,#9856),.PCURVE_S1.);
#9844 = B_SPLINE_CURVE_WITH_KNOTS('',3,(#9845,#9846,#9847,#9848),
  .UNSPECIFIED.,.F.,.F.,(4,4),(0.,1.),.PIECEWISE_BEZIER_KNOTS.);
#9845 = CARTESIAN_POINT('',(19.65165625,-4.5,0.34849375));
#9846 = CARTESIAN_POINT('',(19.784276575469,-4.5,0.278014441187));
#9847 = CARTESIAN_POINT('',(19.8763443325,-4.5,0.130582014438));
#9848 = CARTESIAN_POINT('',(19.976696875,-4.5,2.3453125E-02));
#9849 = PCURVE('',#4097,#9850);
#9850 = DEFINITIONAL_REPRESENTATION('',(#9851),#9855);
#9851 = LINE('',#9852,#9853);
#9852 = CARTESIAN_POINT('',(0.,0.));
#9853 = VECTOR('',#9854,1.);
#9854 = DIRECTION('',(1.,0.));
#9855 = ( GEOMETRIC_REPRESENTATION_CONTEXT(2) 
PARAMETRIC_REPRESENTATION_CONTEXT() REPRESENTATION_CONTEXT('2D SPACE',''
  ) );
#9856 = PCURVE('',#7506,#9857);
#9857 = DEFINITIONAL_REPRESENTATION('',(#9858),#9863);
#9858 = B_SPLINE_CURVE_WITH_KNOTS('',3,(#9859,#9860,#9861,#9862),
  .UNSPECIFIED.,.F.,.F.,(4,4),(0.,1.),.PIECEWISE_BEZIER_KNOTS.);
#9859 = CARTESIAN_POINT('',(0.34849375,-18.34834375));
#9860 = CARTESIAN_POINT('',(0.278014441187,-18.21572342453));
#9861 = CARTESIAN_POINT('',(0.130582014438,-18.1236556675));
#9862 = CARTESIAN_POINT('',(2.3453125E-02,-18.023303125));
#9863 = ( GEOMETRIC_REPRESENTATION_CONTEXT(2) 
PARAMETRIC_REPRESENTATION_CONTEXT() REPRESENTATION_CONTEXT('2D SPACE',''
  ) );
#9864 = ADVANCED_FACE('',(#9865),#3668,.F.);
#9865 = FACE_BOUND('',#9866,.F.);
#9866 = EDGE_LOOP('',(#9867,#9890,#9891,#9892));
#9867 = ORIENTED_EDGE('',*,*,#9868,.T.);
#9868 = EDGE_CURVE('',#9869,#3651,#9871,.T.);
#9869 = VERTEX_POINT('',#9870);
#9870 = CARTESIAN_POINT('',(17.776421875,-4.5,-2.776896875));
#9871 = SURFACE_CURVE('',#9872,(#9876,#9883),.PCURVE_S1.);
#9872 = LINE('',#9873,#9874);
#9873 = CARTESIAN_POINT('',(17.776421875,-4.5,-2.776896875));
#9874 = VECTOR('',#9875,1.);
#9875 = DIRECTION('',(0.,1.,2.230669073875E-16));
#9876 = PCURVE('',#3668,#9877);
#9877 = DEFINITIONAL_REPRESENTATION('',(#9878),#9882);
#9878 = LINE('',#9879,#9880);
#9879 = CARTESIAN_POINT('',(0.,0.));
#9880 = VECTOR('',#9881,1.);
#9881 = DIRECTION('',(0.,-1.));
#9882 = ( GEOMETRIC_REPRESENTATION_CONTEXT(2) 
PARAMETRIC_REPRESENTATION_CONTEXT() REPRESENTATION_CONTEXT('2D SPACE',''
  ) );
#9883 = PCURVE('',#3701,#9884);
#9884 = DEFINITIONAL_REPRESENTATION('',(#9885),#9889);
#9885 = LINE('',#9886,#9887);
#9886 = CARTESIAN_POINT('',(1.,0.));
#9887 = VECTOR('',#9888,1.);
#9888 = DIRECTION('',(0.,-1.));
#9889 = ( GEOMETRIC_REPRESENTATION_CONTEXT(2) 
PARAMETRIC_REPRESENTATION_CONTEXT() REPRESENTATION_CONTEXT('2D SPACE',''
  ) );
#9890 = ORIENTED_EDGE('',*,*,#3650,.T.);
#9891 = ORIENTED_EDGE('',*,*,#9766,.F.);
#9892 = ORIENTED_EDGE('',*,*,#9893,.F.);
#9893 = EDGE_CURVE('',#9869,#9767,#9894,.T.);
#9894 = SURFACE_CURVE('',#9895,(#9900,#9907),.PCURVE_S1.);
#9895 = B_SPLINE_CURVE_WITH_KNOTS('',3,(#9896,#9897,#9898,#9899),
  .UNSPECIFIED.,.F.,.F.,(4,4),(0.,1.),.PIECEWISE_BEZIER_KNOTS.);
#9896 = CARTESIAN_POINT('',(17.776421875,-4.5,-2.776896875));
#9897 = CARTESIAN_POINT('',(17.694694410344,-4.5,-2.716084024344));
#9898 = CARTESIAN_POINT('',(17.55875667025,-4.5,-2.786146531063));
#9899 = CARTESIAN_POINT('',(17.476384375,-4.5,-2.726890625));
#9900 = PCURVE('',#3668,#9901);
#9901 = DEFINITIONAL_REPRESENTATION('',(#9902),#9906);
#9902 = LINE('',#9903,#9904);
#9903 = CARTESIAN_POINT('',(0.,0.));
#9904 = VECTOR('',#9905,1.);
#9905 = DIRECTION('',(1.,0.));
#9906 = ( GEOMETRIC_REPRESENTATION_CONTEXT(2) 
PARAMETRIC_REPRESENTATION_CONTEXT() REPRESENTATION_CONTEXT('2D SPACE',''
  ) );
#9907 = PCURVE('',#7506,#9908);
#9908 = DEFINITIONAL_REPRESENTATION('',(#9909),#9914);
#9909 = B_SPLINE_CURVE_WITH_KNOTS('',3,(#9910,#9911,#9912,#9913),
  .UNSPECIFIED.,.F.,.F.,(4,4),(0.,1.),.PIECEWISE_BEZIER_KNOTS.);
#9910 = CARTESIAN_POINT('',(-2.776896875,-20.223578125));
#9911 = CARTESIAN_POINT('',(-2.716084024344,-20.30530558965));
#9912 = CARTESIAN_POINT('',(-2.786146531062,-20.44124332975));
#9913 = CARTESIAN_POINT('',(-2.726890625,-20.523615625));
#9914 = ( GEOMETRIC_REPRESENTATION_CONTEXT(2) 
PARAMETRIC_REPRESENTATION_CONTEXT() REPRESENTATION_CONTEXT('2D SPACE',''
  ) );
#9915 = ADVANCED_FACE('',(#9916),#4064,.F.);
#9916 = FACE_BOUND('',#9917,.F.);
#9917 = EDGE_LOOP('',(#9918,#9919,#9920,#9943));
#9918 = ORIENTED_EDGE('',*,*,#9819,.T.);
#9919 = ORIENTED_EDGE('',*,*,#4046,.T.);
#9920 = ORIENTED_EDGE('',*,*,#9921,.F.);
#9921 = EDGE_CURVE('',#9922,#4014,#9924,.T.);
#9922 = VERTEX_POINT('',#9923);
#9923 = CARTESIAN_POINT('',(20.276734375,-4.5,-0.376596875));
#9924 = SURFACE_CURVE('',#9925,(#9929,#9936),.PCURVE_S1.);
#9925 = LINE('',#9926,#9927);
#9926 = CARTESIAN_POINT('',(20.276734375,-4.5,-0.376596875));
#9927 = VECTOR('',#9928,1.);
#9928 = DIRECTION('',(0.,1.,2.230669073875E-16));
#9929 = PCURVE('',#4064,#9930);
#9930 = DEFINITIONAL_REPRESENTATION('',(#9931),#9935);
#9931 = LINE('',#9932,#9933);
#9932 = CARTESIAN_POINT('',(1.,0.));
#9933 = VECTOR('',#9934,1.);
#9934 = DIRECTION('',(0.,-1.));
#9935 = ( GEOMETRIC_REPRESENTATION_CONTEXT(2) 
PARAMETRIC_REPRESENTATION_CONTEXT() REPRESENTATION_CONTEXT('2D SPACE',''
  ) );
#9936 = PCURVE('',#4031,#9937);
#9937 = DEFINITIONAL_REPRESENTATION('',(#9938),#9942);
#9938 = LINE('',#9939,#9940);
#9939 = CARTESIAN_POINT('',(0.,0.));
#9940 = VECTOR('',#9941,1.);
#9941 = DIRECTION('',(0.,-1.));
#9942 = ( GEOMETRIC_REPRESENTATION_CONTEXT(2) 
PARAMETRIC_REPRESENTATION_CONTEXT() REPRESENTATION_CONTEXT('2D SPACE',''
  ) );
#9943 = ORIENTED_EDGE('',*,*,#9944,.F.);
#9944 = EDGE_CURVE('',#9820,#9922,#9945,.T.);
#9945 = SURFACE_CURVE('',#9946,(#9951,#9958),.PCURVE_S1.);
#9946 = B_SPLINE_CURVE_WITH_KNOTS('',3,(#9947,#9948,#9949,#9950),
  .UNSPECIFIED.,.F.,.F.,(4,4),(0.,1.),.PIECEWISE_BEZIER_KNOTS.);
#9947 = CARTESIAN_POINT('',(19.976696875,-4.5,2.3453125E-02));
#9948 = CARTESIAN_POINT('',(20.104940403438,-4.5,-9.8203080125E-02));
#9949 = CARTESIAN_POINT('',(20.181941527375,-4.5,-0.241084688094));
#9950 = CARTESIAN_POINT('',(20.276734375,-4.5,-0.376596875));
#9951 = PCURVE('',#4064,#9952);
#9952 = DEFINITIONAL_REPRESENTATION('',(#9953),#9957);
#9953 = LINE('',#9954,#9955);
#9954 = CARTESIAN_POINT('',(0.,0.));
#9955 = VECTOR('',#9956,1.);
#9956 = DIRECTION('',(1.,0.));
#9957 = ( GEOMETRIC_REPRESENTATION_CONTEXT(2) 
PARAMETRIC_REPRESENTATION_CONTEXT() REPRESENTATION_CONTEXT('2D SPACE',''
  ) );
#9958 = PCURVE('',#7506,#9959);
#9959 = DEFINITIONAL_REPRESENTATION('',(#9960),#9965);
#9960 = B_SPLINE_CURVE_WITH_KNOTS('',3,(#9961,#9962,#9963,#9964),
  .UNSPECIFIED.,.F.,.F.,(4,4),(0.,1.),.PIECEWISE_BEZIER_KNOTS.);
#9961 = CARTESIAN_POINT('',(2.3453125E-02,-18.023303125));
#9962 = CARTESIAN_POINT('',(-9.8203080125E-02,-17.89505959656));
#9963 = CARTESIAN_POINT('',(-0.241084688094,-17.81805847262));
#9964 = CARTESIAN_POINT('',(-0.376596875,-17.723265625));
#9965 = ( GEOMETRIC_REPRESENTATION_CONTEXT(2) 
PARAMETRIC_REPRESENTATION_CONTEXT() REPRESENTATION_CONTEXT('2D SPACE',''
  ) );
#9966 = ADVANCED_FACE('',(#9967),#3701,.F.);
#9967 = FACE_BOUND('',#9968,.F.);
#9968 = EDGE_LOOP('',(#9969,#9992,#9993,#9994));
#9969 = ORIENTED_EDGE('',*,*,#9970,.T.);
#9970 = EDGE_CURVE('',#9971,#3684,#9973,.T.);
#9971 = VERTEX_POINT('',#9972);
#9972 = CARTESIAN_POINT('',(18.201475,-4.5,-2.8019));
#9973 = SURFACE_CURVE('',#9974,(#9978,#9985),.PCURVE_S1.);
#9974 = LINE('',#9975,#9976);
#9975 = CARTESIAN_POINT('',(18.201475,-4.5,-2.8019));
#9976 = VECTOR('',#9977,1.);
#9977 = DIRECTION('',(0.,1.,2.230669073875E-16));
#9978 = PCURVE('',#3701,#9979);
#9979 = DEFINITIONAL_REPRESENTATION('',(#9980),#9984);
#9980 = LINE('',#9981,#9982);
#9981 = CARTESIAN_POINT('',(0.,0.));
#9982 = VECTOR('',#9983,1.);
#9983 = DIRECTION('',(0.,-1.));
#9984 = ( GEOMETRIC_REPRESENTATION_CONTEXT(2) 
PARAMETRIC_REPRESENTATION_CONTEXT() REPRESENTATION_CONTEXT('2D SPACE',''
  ) );
#9985 = PCURVE('',#3734,#9986);
#9986 = DEFINITIONAL_REPRESENTATION('',(#9987),#9991);
#9987 = LINE('',#9988,#9989);
#9988 = CARTESIAN_POINT('',(1.,0.));
#9989 = VECTOR('',#9990,1.);
#9990 = DIRECTION('',(0.,-1.));
#9991 = ( GEOMETRIC_REPRESENTATION_CONTEXT(2) 
PARAMETRIC_REPRESENTATION_CONTEXT() REPRESENTATION_CONTEXT('2D SPACE',''
  ) );
#9992 = ORIENTED_EDGE('',*,*,#3683,.T.);
#9993 = ORIENTED_EDGE('',*,*,#9868,.F.);
#9994 = ORIENTED_EDGE('',*,*,#9995,.F.);
#9995 = EDGE_CURVE('',#9971,#9869,#9996,.T.);
#9996 = SURFACE_CURVE('',#9997,(#10002,#10009),.PCURVE_S1.);
#9997 = B_SPLINE_CURVE_WITH_KNOTS('',3,(#9998,#9999,#10000,#10001),
  .UNSPECIFIED.,.F.,.F.,(4,4),(0.,1.),.PIECEWISE_BEZIER_KNOTS.);
#9998 = CARTESIAN_POINT('',(18.201475,-4.5,-2.8019));
#9999 = CARTESIAN_POINT('',(18.07822959625,-4.5,-2.749050144594));
#10000 = CARTESIAN_POINT('',(17.916263603031,-4.5,-2.789679972687));
#10001 = CARTESIAN_POINT('',(17.776421875,-4.5,-2.776896875));
#10002 = PCURVE('',#3701,#10003);
#10003 = DEFINITIONAL_REPRESENTATION('',(#10004),#10008);
#10004 = LINE('',#10005,#10006);
#10005 = CARTESIAN_POINT('',(0.,0.));
#10006 = VECTOR('',#10007,1.);
#10007 = DIRECTION('',(1.,0.));
#10008 = ( GEOMETRIC_REPRESENTATION_CONTEXT(2) 
PARAMETRIC_REPRESENTATION_CONTEXT() REPRESENTATION_CONTEXT('2D SPACE',''
  ) );
#10009 = PCURVE('',#7506,#10010);
#10010 = DEFINITIONAL_REPRESENTATION('',(#10011),#10016);
#10011 = B_SPLINE_CURVE_WITH_KNOTS('',3,(#10012,#10013,#10014,#10015),
  .UNSPECIFIED.,.F.,.F.,(4,4),(0.,1.),.PIECEWISE_BEZIER_KNOTS.);
#10012 = CARTESIAN_POINT('',(-2.8019,-19.798525));
#10013 = CARTESIAN_POINT('',(-2.749050144594,-19.92177040375));
#10014 = CARTESIAN_POINT('',(-2.789679972687,-20.08373639696));
#10015 = CARTESIAN_POINT('',(-2.776896875,-20.223578125));
#10016 = ( GEOMETRIC_REPRESENTATION_CONTEXT(2) 
PARAMETRIC_REPRESENTATION_CONTEXT() REPRESENTATION_CONTEXT('2D SPACE',''
  ) );
#10017 = ADVANCED_FACE('',(#10018),#4031,.F.);
#10018 = FACE_BOUND('',#10019,.F.);
#10019 = EDGE_LOOP('',(#10020,#10021,#10022,#10045));
#10020 = ORIENTED_EDGE('',*,*,#9921,.T.);
#10021 = ORIENTED_EDGE('',*,*,#4013,.T.);
#10022 = ORIENTED_EDGE('',*,*,#10023,.F.);
#10023 = EDGE_CURVE('',#10024,#3981,#10026,.T.);
#10024 = VERTEX_POINT('',#10025);
#10025 = CARTESIAN_POINT('',(20.235785257,-4.5,-0.767589743));
#10026 = SURFACE_CURVE('',#10027,(#10031,#10038),.PCURVE_S1.);
#10027 = LINE('',#10028,#10029);
#10028 = CARTESIAN_POINT('',(20.235785257,-4.5,-0.767589743));
#10029 = VECTOR('',#10030,1.);
#10030 = DIRECTION('',(0.,1.,2.230669073875E-16));
#10031 = PCURVE('',#4031,#10032);
#10032 = DEFINITIONAL_REPRESENTATION('',(#10033),#10037);
#10033 = LINE('',#10034,#10035);
#10034 = CARTESIAN_POINT('',(1.,0.));
#10035 = VECTOR('',#10036,1.);
#10036 = DIRECTION('',(0.,-1.));
#10037 = ( GEOMETRIC_REPRESENTATION_CONTEXT(2) 
PARAMETRIC_REPRESENTATION_CONTEXT() REPRESENTATION_CONTEXT('2D SPACE',''
  ) );
#10038 = PCURVE('',#3998,#10039);
#10039 = DEFINITIONAL_REPRESENTATION('',(#10040),#10044);
#10040 = LINE('',#10041,#10042);
#10041 = CARTESIAN_POINT('',(0.,0.));
#10042 = VECTOR('',#10043,1.);
#10043 = DIRECTION('',(0.,-1.));
#10044 = ( GEOMETRIC_REPRESENTATION_CONTEXT(2) 
PARAMETRIC_REPRESENTATION_CONTEXT() REPRESENTATION_CONTEXT('2D SPACE',''
  ) );
#10045 = ORIENTED_EDGE('',*,*,#10046,.F.);
#10046 = EDGE_CURVE('',#9922,#10024,#10047,.T.);
#10047 = SURFACE_CURVE('',#10048,(#10053,#10060),.PCURVE_S1.);
#10048 = B_SPLINE_CURVE_WITH_KNOTS('',3,(#10049,#10050,#10051,#10052),
  .UNSPECIFIED.,.F.,.F.,(4,4),(0.,1.),.PIECEWISE_BEZIER_KNOTS.);
#10049 = CARTESIAN_POINT('',(20.276734375,-4.5,-0.376596875));
#10050 = CARTESIAN_POINT('',(20.342282067438,-4.5,-0.498953917719));
#10051 = CARTESIAN_POINT('',(20.3527878805,-4.5,-0.66611105975));
#10052 = CARTESIAN_POINT('',(20.235785257,-4.5,-0.767589743));
#10053 = PCURVE('',#4031,#10054);
#10054 = DEFINITIONAL_REPRESENTATION('',(#10055),#10059);
#10055 = LINE('',#10056,#10057);
#10056 = CARTESIAN_POINT('',(0.,0.));
#10057 = VECTOR('',#10058,1.);
#10058 = DIRECTION('',(1.,0.));
#10059 = ( GEOMETRIC_REPRESENTATION_CONTEXT(2) 
PARAMETRIC_REPRESENTATION_CONTEXT() REPRESENTATION_CONTEXT('2D SPACE',''
  ) );
#10060 = PCURVE('',#7506,#10061);
#10061 = DEFINITIONAL_REPRESENTATION('',(#10062),#10067);
#10062 = B_SPLINE_CURVE_WITH_KNOTS('',3,(#10063,#10064,#10065,#10066),
  .UNSPECIFIED.,.F.,.F.,(4,4),(0.,1.),.PIECEWISE_BEZIER_KNOTS.);
#10063 = CARTESIAN_POINT('',(-0.376596875,-17.723265625));
#10064 = CARTESIAN_POINT('',(-0.498953917719,-17.65771793256));
#10065 = CARTESIAN_POINT('',(-0.66611105975,-17.6472121195));
#10066 = CARTESIAN_POINT('',(-0.767589743,-17.764214743));
#10067 = ( GEOMETRIC_REPRESENTATION_CONTEXT(2) 
PARAMETRIC_REPRESENTATION_CONTEXT() REPRESENTATION_CONTEXT('2D SPACE',''
  ) );
#10068 = ADVANCED_FACE('',(#10069),#3734,.F.);
#10069 = FACE_BOUND('',#10070,.F.);
#10070 = EDGE_LOOP('',(#10071,#10094,#10095,#10096));
#10071 = ORIENTED_EDGE('',*,*,#10072,.T.);
#10072 = EDGE_CURVE('',#10073,#3717,#10075,.T.);
#10073 = VERTEX_POINT('',#10074);
#10074 = CARTESIAN_POINT('',(18.976571875,-4.5,-2.8019));
#10075 = SURFACE_CURVE('',#10076,(#10080,#10087),.PCURVE_S1.);
#10076 = LINE('',#10077,#10078);
#10077 = CARTESIAN_POINT('',(18.976571875,-4.5,-2.8019));
#10078 = VECTOR('',#10079,1.);
#10079 = DIRECTION('',(0.,1.,2.230669073875E-16));
#10080 = PCURVE('',#3734,#10081);
#10081 = DEFINITIONAL_REPRESENTATION('',(#10082),#10086);
#10082 = LINE('',#10083,#10084);
#10083 = CARTESIAN_POINT('',(0.,0.));
#10084 = VECTOR('',#10085,1.);
#10085 = DIRECTION('',(0.,-1.));
#10086 = ( GEOMETRIC_REPRESENTATION_CONTEXT(2) 
PARAMETRIC_REPRESENTATION_CONTEXT() REPRESENTATION_CONTEXT('2D SPACE',''
  ) );
#10087 = PCURVE('',#3767,#10088);
#10088 = DEFINITIONAL_REPRESENTATION('',(#10089),#10093);
#10089 = LINE('',#10090,#10091);
#10090 = CARTESIAN_POINT('',(1.,0.));
#10091 = VECTOR('',#10092,1.);
#10092 = DIRECTION('',(0.,-1.));
#10093 = ( GEOMETRIC_REPRESENTATION_CONTEXT(2) 
PARAMETRIC_REPRESENTATION_CONTEXT() REPRESENTATION_CONTEXT('2D SPACE',''
  ) );
#10094 = ORIENTED_EDGE('',*,*,#3716,.T.);
#10095 = ORIENTED_EDGE('',*,*,#9970,.F.);
#10096 = ORIENTED_EDGE('',*,*,#10097,.F.);
#10097 = EDGE_CURVE('',#10073,#9971,#10098,.T.);
#10098 = SURFACE_CURVE('',#10099,(#10104,#10111),.PCURVE_S1.);
#10099 = B_SPLINE_CURVE_WITH_KNOTS('',3,(#10100,#10101,#10102,#10103),
  .UNSPECIFIED.,.F.,.F.,(4,4),(0.,1.),.PIECEWISE_BEZIER_KNOTS.);
#10100 = CARTESIAN_POINT('',(18.976571875,-4.5,-2.8019));
#10101 = CARTESIAN_POINT('',(18.718206333344,-4.5,-2.8019));
#10102 = CARTESIAN_POINT('',(18.459840541656,-4.5,-2.8019));
#10103 = CARTESIAN_POINT('',(18.201475,-4.5,-2.8019));
#10104 = PCURVE('',#3734,#10105);
#10105 = DEFINITIONAL_REPRESENTATION('',(#10106),#10110);
#10106 = LINE('',#10107,#10108);
#10107 = CARTESIAN_POINT('',(0.,0.));
#10108 = VECTOR('',#10109,1.);
#10109 = DIRECTION('',(1.,0.));
#10110 = ( GEOMETRIC_REPRESENTATION_CONTEXT(2) 
PARAMETRIC_REPRESENTATION_CONTEXT() REPRESENTATION_CONTEXT('2D SPACE',''
  ) );
#10111 = PCURVE('',#7506,#10112);
#10112 = DEFINITIONAL_REPRESENTATION('',(#10113),#10118);
#10113 = B_SPLINE_CURVE_WITH_KNOTS('',3,(#10114,#10115,#10116,#10117),
  .UNSPECIFIED.,.F.,.F.,(4,4),(0.,1.),.PIECEWISE_BEZIER_KNOTS.);
#10114 = CARTESIAN_POINT('',(-2.8019,-19.023428125));
#10115 = CARTESIAN_POINT('',(-2.8019,-19.28179366665));
#10116 = CARTESIAN_POINT('',(-2.8019,-19.54015945834));
#10117 = CARTESIAN_POINT('',(-2.8019,-19.798525));
#10118 = ( GEOMETRIC_REPRESENTATION_CONTEXT(2) 
PARAMETRIC_REPRESENTATION_CONTEXT() REPRESENTATION_CONTEXT('2D SPACE',''
  ) );
#10119 = ADVANCED_FACE('',(#10120),#3998,.F.);
#10120 = FACE_BOUND('',#10121,.F.);
#10121 = EDGE_LOOP('',(#10122,#10123,#10124,#10147));
#10122 = ORIENTED_EDGE('',*,*,#10023,.T.);
#10123 = ORIENTED_EDGE('',*,*,#3980,.T.);
#10124 = ORIENTED_EDGE('',*,*,#10125,.F.);
#10125 = EDGE_CURVE('',#10126,#3948,#10128,.T.);
#10126 = VERTEX_POINT('',#10127);
#10127 = CARTESIAN_POINT('',(19.60165,-4.5,-1.426728125));
#10128 = SURFACE_CURVE('',#10129,(#10133,#10140),.PCURVE_S1.);
#10129 = LINE('',#10130,#10131);
#10130 = CARTESIAN_POINT('',(19.60165,-4.5,-1.426728125));
#10131 = VECTOR('',#10132,1.);
#10132 = DIRECTION('',(0.,1.,2.230669073875E-16));
#10133 = PCURVE('',#3998,#10134);
#10134 = DEFINITIONAL_REPRESENTATION('',(#10135),#10139);
#10135 = LINE('',#10136,#10137);
#10136 = CARTESIAN_POINT('',(1.,0.));
#10137 = VECTOR('',#10138,1.);
#10138 = DIRECTION('',(0.,-1.));
#10139 = ( GEOMETRIC_REPRESENTATION_CONTEXT(2) 
PARAMETRIC_REPRESENTATION_CONTEXT() REPRESENTATION_CONTEXT('2D SPACE',''
  ) );
#10140 = PCURVE('',#3965,#10141);
#10141 = DEFINITIONAL_REPRESENTATION('',(#10142),#10146);
#10142 = LINE('',#10143,#10144);
#10143 = CARTESIAN_POINT('',(0.,0.));
#10144 = VECTOR('',#10145,1.);
#10145 = DIRECTION('',(0.,-1.));
#10146 = ( GEOMETRIC_REPRESENTATION_CONTEXT(2) 
PARAMETRIC_REPRESENTATION_CONTEXT() REPRESENTATION_CONTEXT('2D SPACE',''
  ) );
#10147 = ORIENTED_EDGE('',*,*,#10148,.F.);
#10148 = EDGE_CURVE('',#10024,#10126,#10149,.T.);
#10149 = SURFACE_CURVE('',#10150,(#10155,#10162),.PCURVE_S1.);
#10150 = B_SPLINE_CURVE_WITH_KNOTS('',3,(#10151,#10152,#10153,#10154),
  .UNSPECIFIED.,.F.,.F.,(4,4),(0.,1.),.PIECEWISE_BEZIER_KNOTS.);
#10151 = CARTESIAN_POINT('',(20.235785257,-4.5,-0.767589743));
#10152 = CARTESIAN_POINT('',(20.026590860969,-4.5,-0.98820731675));
#10153 = CARTESIAN_POINT('',(19.78285864825,-4.5,-1.194518602437));
#10154 = CARTESIAN_POINT('',(19.60165,-4.5,-1.426728125));
#10155 = PCURVE('',#3998,#10156);
#10156 = DEFINITIONAL_REPRESENTATION('',(#10157),#10161);
#10157 = LINE('',#10158,#10159);
#10158 = CARTESIAN_POINT('',(0.,0.));
#10159 = VECTOR('',#10160,1.);
#10160 = DIRECTION('',(1.,0.));
#10161 = ( GEOMETRIC_REPRESENTATION_CONTEXT(2) 
PARAMETRIC_REPRESENTATION_CONTEXT() REPRESENTATION_CONTEXT('2D SPACE',''
  ) );
#10162 = PCURVE('',#7506,#10163);
#10163 = DEFINITIONAL_REPRESENTATION('',(#10164),#10169);
#10164 = B_SPLINE_CURVE_WITH_KNOTS('',3,(#10165,#10166,#10167,#10168),
  .UNSPECIFIED.,.F.,.F.,(4,4),(0.,1.),.PIECEWISE_BEZIER_KNOTS.);
#10165 = CARTESIAN_POINT('',(-0.767589743,-17.764214743));
#10166 = CARTESIAN_POINT('',(-0.98820731675,-17.97340913903));
#10167 = CARTESIAN_POINT('',(-1.194518602437,-18.21714135175));
#10168 = CARTESIAN_POINT('',(-1.426728125,-18.39835));
#10169 = ( GEOMETRIC_REPRESENTATION_CONTEXT(2) 
PARAMETRIC_REPRESENTATION_CONTEXT() REPRESENTATION_CONTEXT('2D SPACE',''
  ) );
#10170 = ADVANCED_FACE('',(#10171),#3767,.F.);
#10171 = FACE_BOUND('',#10172,.F.);
#10172 = EDGE_LOOP('',(#10173,#10196,#10197,#10198));
#10173 = ORIENTED_EDGE('',*,*,#10174,.T.);
#10174 = EDGE_CURVE('',#10175,#3750,#10177,.T.);
#10175 = VERTEX_POINT('',#10176);
#10176 = CARTESIAN_POINT('',(19.326615625,-4.5,-2.776896875));
#10177 = SURFACE_CURVE('',#10178,(#10182,#10189),.PCURVE_S1.);
#10178 = LINE('',#10179,#10180);
#10179 = CARTESIAN_POINT('',(19.326615625,-4.5,-2.776896875));
#10180 = VECTOR('',#10181,1.);
#10181 = DIRECTION('',(0.,1.,2.230669073875E-16));
#10182 = PCURVE('',#3767,#10183);
#10183 = DEFINITIONAL_REPRESENTATION('',(#10184),#10188);
#10184 = LINE('',#10185,#10186);
#10185 = CARTESIAN_POINT('',(0.,0.));
#10186 = VECTOR('',#10187,1.);
#10187 = DIRECTION('',(0.,-1.));
#10188 = ( GEOMETRIC_REPRESENTATION_CONTEXT(2) 
PARAMETRIC_REPRESENTATION_CONTEXT() REPRESENTATION_CONTEXT('2D SPACE',''
  ) );
#10189 = PCURVE('',#3800,#10190);
#10190 = DEFINITIONAL_REPRESENTATION('',(#10191),#10195);
#10191 = LINE('',#10192,#10193);
#10192 = CARTESIAN_POINT('',(1.,0.));
#10193 = VECTOR('',#10194,1.);
#10194 = DIRECTION('',(0.,-1.));
#10195 = ( GEOMETRIC_REPRESENTATION_CONTEXT(2) 
PARAMETRIC_REPRESENTATION_CONTEXT() REPRESENTATION_CONTEXT('2D SPACE',''
  ) );
#10196 = ORIENTED_EDGE('',*,*,#3749,.T.);
#10197 = ORIENTED_EDGE('',*,*,#10072,.F.);
#10198 = ORIENTED_EDGE('',*,*,#10199,.F.);
#10199 = EDGE_CURVE('',#10175,#10073,#10200,.T.);
#10200 = SURFACE_CURVE('',#10201,(#10206,#10213),.PCURVE_S1.);
#10201 = B_SPLINE_CURVE_WITH_KNOTS('',3,(#10202,#10203,#10204,#10205),
  .UNSPECIFIED.,.F.,.F.,(4,4),(0.,1.),.PIECEWISE_BEZIER_KNOTS.);
#10202 = CARTESIAN_POINT('',(19.326615625,-4.5,-2.776896875));
#10203 = CARTESIAN_POINT('',(19.204184573031,-4.5,-2.77135018175));
#10204 = CARTESIAN_POINT('',(19.086934668625,-4.5,-2.778312051875));
#10205 = CARTESIAN_POINT('',(18.976571875,-4.5,-2.8019));
#10206 = PCURVE('',#3767,#10207);
#10207 = DEFINITIONAL_REPRESENTATION('',(#10208),#10212);
#10208 = LINE('',#10209,#10210);
#10209 = CARTESIAN_POINT('',(0.,0.));
#10210 = VECTOR('',#10211,1.);
#10211 = DIRECTION('',(1.,0.));
#10212 = ( GEOMETRIC_REPRESENTATION_CONTEXT(2) 
PARAMETRIC_REPRESENTATION_CONTEXT() REPRESENTATION_CONTEXT('2D SPACE',''
  ) );
#10213 = PCURVE('',#7506,#10214);
#10214 = DEFINITIONAL_REPRESENTATION('',(#10215),#10220);
#10215 = B_SPLINE_CURVE_WITH_KNOTS('',3,(#10216,#10217,#10218,#10219),
  .UNSPECIFIED.,.F.,.F.,(4,4),(0.,1.),.PIECEWISE_BEZIER_KNOTS.);
#10216 = CARTESIAN_POINT('',(-2.776896875,-18.673384375));
#10217 = CARTESIAN_POINT('',(-2.77135018175,-18.79581542696));
#10218 = CARTESIAN_POINT('',(-2.778312051875,-18.91306533137));
#10219 = CARTESIAN_POINT('',(-2.8019,-19.023428125));
#10220 = ( GEOMETRIC_REPRESENTATION_CONTEXT(2) 
PARAMETRIC_REPRESENTATION_CONTEXT() REPRESENTATION_CONTEXT('2D SPACE',''
  ) );
#10221 = ADVANCED_FACE('',(#10222),#3965,.F.);
#10222 = FACE_BOUND('',#10223,.F.);
#10223 = EDGE_LOOP('',(#10224,#10225,#10226,#10249));
#10224 = ORIENTED_EDGE('',*,*,#10125,.T.);
#10225 = ORIENTED_EDGE('',*,*,#3947,.T.);
#10226 = ORIENTED_EDGE('',*,*,#10227,.F.);
#10227 = EDGE_CURVE('',#10228,#3915,#10230,.T.);
#10228 = VERTEX_POINT('',#10229);
#10229 = CARTESIAN_POINT('',(19.55164375,-4.5,-1.801775));
#10230 = SURFACE_CURVE('',#10231,(#10235,#10242),.PCURVE_S1.);
#10231 = LINE('',#10232,#10233);
#10232 = CARTESIAN_POINT('',(19.55164375,-4.5,-1.801775));
#10233 = VECTOR('',#10234,1.);
#10234 = DIRECTION('',(0.,1.,2.230669073875E-16));
#10235 = PCURVE('',#3965,#10236);
#10236 = DEFINITIONAL_REPRESENTATION('',(#10237),#10241);
#10237 = LINE('',#10238,#10239);
#10238 = CARTESIAN_POINT('',(1.,0.));
#10239 = VECTOR('',#10240,1.);
#10240 = DIRECTION('',(0.,-1.));
#10241 = ( GEOMETRIC_REPRESENTATION_CONTEXT(2) 
PARAMETRIC_REPRESENTATION_CONTEXT() REPRESENTATION_CONTEXT('2D SPACE',''
  ) );
#10242 = PCURVE('',#3932,#10243);
#10243 = DEFINITIONAL_REPRESENTATION('',(#10244),#10248);
#10244 = LINE('',#10245,#10246);
#10245 = CARTESIAN_POINT('',(0.,0.));
#10246 = VECTOR('',#10247,1.);
#10247 = DIRECTION('',(0.,-1.));
#10248 = ( GEOMETRIC_REPRESENTATION_CONTEXT(2) 
PARAMETRIC_REPRESENTATION_CONTEXT() REPRESENTATION_CONTEXT('2D SPACE',''
  ) );
#10249 = ORIENTED_EDGE('',*,*,#10250,.F.);
#10250 = EDGE_CURVE('',#10126,#10228,#10251,.T.);
#10251 = SURFACE_CURVE('',#10252,(#10257,#10264),.PCURVE_S1.);
#10252 = B_SPLINE_CURVE_WITH_KNOTS('',3,(#10253,#10254,#10255,#10256),
  .UNSPECIFIED.,.F.,.F.,(4,4),(0.,1.),.PIECEWISE_BEZIER_KNOTS.);
#10253 = CARTESIAN_POINT('',(19.60165,-4.5,-1.426728125));
#10254 = CARTESIAN_POINT('',(19.547435974094,-4.5,-1.539126673062));
#10255 = CARTESIAN_POINT('',(19.494392844531,-4.5,-1.673927021));
#10256 = CARTESIAN_POINT('',(19.55164375,-4.5,-1.801775));
#10257 = PCURVE('',#3965,#10258);
#10258 = DEFINITIONAL_REPRESENTATION('',(#10259),#10263);
#10259 = LINE('',#10260,#10261);
#10260 = CARTESIAN_POINT('',(0.,0.));
#10261 = VECTOR('',#10262,1.);
#10262 = DIRECTION('',(1.,0.));
#10263 = ( GEOMETRIC_REPRESENTATION_CONTEXT(2) 
PARAMETRIC_REPRESENTATION_CONTEXT() REPRESENTATION_CONTEXT('2D SPACE',''
  ) );
#10264 = PCURVE('',#7506,#10265);
#10265 = DEFINITIONAL_REPRESENTATION('',(#10266),#10271);
#10266 = B_SPLINE_CURVE_WITH_KNOTS('',3,(#10267,#10268,#10269,#10270),
  .UNSPECIFIED.,.F.,.F.,(4,4),(0.,1.),.PIECEWISE_BEZIER_KNOTS.);
#10267 = CARTESIAN_POINT('',(-1.426728125,-18.39835));
#10268 = CARTESIAN_POINT('',(-1.539126673062,-18.4525640259));
#10269 = CARTESIAN_POINT('',(-1.673927021,-18.50560715546));
#10270 = CARTESIAN_POINT('',(-1.801775,-18.44835625));
#10271 = ( GEOMETRIC_REPRESENTATION_CONTEXT(2) 
PARAMETRIC_REPRESENTATION_CONTEXT() REPRESENTATION_CONTEXT('2D SPACE',''
  ) );
#10272 = ADVANCED_FACE('',(#10273),#3800,.F.);
#10273 = FACE_BOUND('',#10274,.F.);
#10274 = EDGE_LOOP('',(#10275,#10298,#10299,#10300));
#10275 = ORIENTED_EDGE('',*,*,#10276,.T.);
#10276 = EDGE_CURVE('',#10277,#3783,#10279,.T.);
#10277 = VERTEX_POINT('',#10278);
#10278 = CARTESIAN_POINT('',(19.726665625,-4.5,-2.75189375));
#10279 = SURFACE_CURVE('',#10280,(#10284,#10291),.PCURVE_S1.);
#10280 = LINE('',#10281,#10282);
#10281 = CARTESIAN_POINT('',(19.726665625,-4.5,-2.75189375));
#10282 = VECTOR('',#10283,1.);
#10283 = DIRECTION('',(0.,1.,2.230669073875E-16));
#10284 = PCURVE('',#3800,#10285);
#10285 = DEFINITIONAL_REPRESENTATION('',(#10286),#10290);
#10286 = LINE('',#10287,#10288);
#10287 = CARTESIAN_POINT('',(0.,0.));
#10288 = VECTOR('',#10289,1.);
#10289 = DIRECTION('',(0.,-1.));
#10290 = ( GEOMETRIC_REPRESENTATION_CONTEXT(2) 
PARAMETRIC_REPRESENTATION_CONTEXT() REPRESENTATION_CONTEXT('2D SPACE',''
  ) );
#10291 = PCURVE('',#3833,#10292);
#10292 = DEFINITIONAL_REPRESENTATION('',(#10293),#10297);
#10293 = LINE('',#10294,#10295);
#10294 = CARTESIAN_POINT('',(1.,0.));
#10295 = VECTOR('',#10296,1.);
#10296 = DIRECTION('',(0.,-1.));
#10297 = ( GEOMETRIC_REPRESENTATION_CONTEXT(2) 
PARAMETRIC_REPRESENTATION_CONTEXT() REPRESENTATION_CONTEXT('2D SPACE',''
  ) );
#10298 = ORIENTED_EDGE('',*,*,#3782,.T.);
#10299 = ORIENTED_EDGE('',*,*,#10174,.F.);
#10300 = ORIENTED_EDGE('',*,*,#10301,.F.);
#10301 = EDGE_CURVE('',#10277,#10175,#10302,.T.);
#10302 = SURFACE_CURVE('',#10303,(#10308,#10315),.PCURVE_S1.);
#10303 = B_SPLINE_CURVE_WITH_KNOTS('',3,(#10304,#10305,#10306,#10307),
  .UNSPECIFIED.,.F.,.F.,(4,4),(0.,1.),.PIECEWISE_BEZIER_KNOTS.);
#10304 = CARTESIAN_POINT('',(19.726665625,-4.5,-2.75189375));
#10305 = CARTESIAN_POINT('',(19.583978291313,-4.5,-2.737685474187));
#10306 = CARTESIAN_POINT('',(19.470340338344,-4.5,-2.793609213781));
#10307 = CARTESIAN_POINT('',(19.326615625,-4.5,-2.776896875));
#10308 = PCURVE('',#3800,#10309);
#10309 = DEFINITIONAL_REPRESENTATION('',(#10310),#10314);
#10310 = LINE('',#10311,#10312);
#10311 = CARTESIAN_POINT('',(0.,0.));
#10312 = VECTOR('',#10313,1.);
#10313 = DIRECTION('',(1.,0.));
#10314 = ( GEOMETRIC_REPRESENTATION_CONTEXT(2) 
PARAMETRIC_REPRESENTATION_CONTEXT() REPRESENTATION_CONTEXT('2D SPACE',''
  ) );
#10315 = PCURVE('',#7506,#10316);
#10316 = DEFINITIONAL_REPRESENTATION('',(#10317),#10322);
#10317 = B_SPLINE_CURVE_WITH_KNOTS('',3,(#10318,#10319,#10320,#10321),
  .UNSPECIFIED.,.F.,.F.,(4,4),(0.,1.),.PIECEWISE_BEZIER_KNOTS.);
#10318 = CARTESIAN_POINT('',(-2.75189375,-18.273334375));
#10319 = CARTESIAN_POINT('',(-2.737685474187,-18.41602170868));
#10320 = CARTESIAN_POINT('',(-2.793609213781,-18.52965966165));
#10321 = CARTESIAN_POINT('',(-2.776896875,-18.673384375));
#10322 = ( GEOMETRIC_REPRESENTATION_CONTEXT(2) 
PARAMETRIC_REPRESENTATION_CONTEXT() REPRESENTATION_CONTEXT('2D SPACE',''
  ) );
#10323 = ADVANCED_FACE('',(#10324),#3932,.F.);
#10324 = FACE_BOUND('',#10325,.F.);
#10325 = EDGE_LOOP('',(#10326,#10327,#10328,#10351));
#10326 = ORIENTED_EDGE('',*,*,#10227,.T.);
#10327 = ORIENTED_EDGE('',*,*,#3914,.T.);
#10328 = ORIENTED_EDGE('',*,*,#10329,.F.);
#10329 = EDGE_CURVE('',#10330,#3882,#10332,.T.);
#10330 = VERTEX_POINT('',#10331);
#10331 = CARTESIAN_POINT('',(19.776671875,-4.5,-2.176821875));
#10332 = SURFACE_CURVE('',#10333,(#10337,#10344),.PCURVE_S1.);
#10333 = LINE('',#10334,#10335);
#10334 = CARTESIAN_POINT('',(19.776671875,-4.5,-2.176821875));
#10335 = VECTOR('',#10336,1.);
#10336 = DIRECTION('',(0.,1.,2.230669073875E-16));
#10337 = PCURVE('',#3932,#10338);
#10338 = DEFINITIONAL_REPRESENTATION('',(#10339),#10343);
#10339 = LINE('',#10340,#10341);
#10340 = CARTESIAN_POINT('',(1.,0.));
#10341 = VECTOR('',#10342,1.);
#10342 = DIRECTION('',(0.,-1.));
#10343 = ( GEOMETRIC_REPRESENTATION_CONTEXT(2) 
PARAMETRIC_REPRESENTATION_CONTEXT() REPRESENTATION_CONTEXT('2D SPACE',''
  ) );
#10344 = PCURVE('',#3899,#10345);
#10345 = DEFINITIONAL_REPRESENTATION('',(#10346),#10350);
#10346 = LINE('',#10347,#10348);
#10347 = CARTESIAN_POINT('',(0.,0.));
#10348 = VECTOR('',#10349,1.);
#10349 = DIRECTION('',(0.,-1.));
#10350 = ( GEOMETRIC_REPRESENTATION_CONTEXT(2) 
PARAMETRIC_REPRESENTATION_CONTEXT() REPRESENTATION_CONTEXT('2D SPACE',''
  ) );
#10351 = ORIENTED_EDGE('',*,*,#10352,.F.);
#10352 = EDGE_CURVE('',#10228,#10330,#10353,.T.);
#10353 = SURFACE_CURVE('',#10354,(#10359,#10366),.PCURVE_S1.);
#10354 = B_SPLINE_CURVE_WITH_KNOTS('',3,(#10355,#10356,#10357,#10358),
  .UNSPECIFIED.,.F.,.F.,(4,4),(0.,1.),.PIECEWISE_BEZIER_KNOTS.);
#10355 = CARTESIAN_POINT('',(19.55164375,-4.5,-1.801775));
#10356 = CARTESIAN_POINT('',(19.580499606531,-4.5,-1.945908014375));
#10357 = CARTESIAN_POINT('',(19.664278327563,-4.5,-2.067291185375));
#10358 = CARTESIAN_POINT('',(19.776671875,-4.5,-2.176821875));
#10359 = PCURVE('',#3932,#10360);
#10360 = DEFINITIONAL_REPRESENTATION('',(#10361),#10365);
#10361 = LINE('',#10362,#10363);
#10362 = CARTESIAN_POINT('',(0.,0.));
#10363 = VECTOR('',#10364,1.);
#10364 = DIRECTION('',(1.,0.));
#10365 = ( GEOMETRIC_REPRESENTATION_CONTEXT(2) 
PARAMETRIC_REPRESENTATION_CONTEXT() REPRESENTATION_CONTEXT('2D SPACE',''
  ) );
#10366 = PCURVE('',#7506,#10367);
#10367 = DEFINITIONAL_REPRESENTATION('',(#10368),#10373);
#10368 = B_SPLINE_CURVE_WITH_KNOTS('',3,(#10369,#10370,#10371,#10372),
  .UNSPECIFIED.,.F.,.F.,(4,4),(0.,1.),.PIECEWISE_BEZIER_KNOTS.);
#10369 = CARTESIAN_POINT('',(-1.801775,-18.44835625));
#10370 = CARTESIAN_POINT('',(-1.945908014375,-18.41950039346));
#10371 = CARTESIAN_POINT('',(-2.067291185375,-18.33572167243));
#10372 = CARTESIAN_POINT('',(-2.176821875,-18.223328125));
#10373 = ( GEOMETRIC_REPRESENTATION_CONTEXT(2) 
PARAMETRIC_REPRESENTATION_CONTEXT() REPRESENTATION_CONTEXT('2D SPACE',''
  ) );
#10374 = ADVANCED_FACE('',(#10375),#3833,.F.);
#10375 = FACE_BOUND('',#10376,.F.);
#10376 = EDGE_LOOP('',(#10377,#10400,#10401,#10402));
#10377 = ORIENTED_EDGE('',*,*,#10378,.T.);
#10378 = EDGE_CURVE('',#10379,#3816,#10381,.T.);
#10379 = VERTEX_POINT('',#10380);
#10380 = CARTESIAN_POINT('',(20.029155181469,-4.5,-2.7018875));
#10381 = SURFACE_CURVE('',#10382,(#10386,#10393),.PCURVE_S1.);
#10382 = LINE('',#10383,#10384);
#10383 = CARTESIAN_POINT('',(20.029155181469,-4.5,-2.7018875));
#10384 = VECTOR('',#10385,1.);
#10385 = DIRECTION('',(0.,1.,2.230669073875E-16));
#10386 = PCURVE('',#3833,#10387);
#10387 = DEFINITIONAL_REPRESENTATION('',(#10388),#10392);
#10388 = LINE('',#10389,#10390);
#10389 = CARTESIAN_POINT('',(0.,0.));
#10390 = VECTOR('',#10391,1.);
#10391 = DIRECTION('',(0.,-1.));
#10392 = ( GEOMETRIC_REPRESENTATION_CONTEXT(2) 
PARAMETRIC_REPRESENTATION_CONTEXT() REPRESENTATION_CONTEXT('2D SPACE',''
  ) );
#10393 = PCURVE('',#3866,#10394);
#10394 = DEFINITIONAL_REPRESENTATION('',(#10395),#10399);
#10395 = LINE('',#10396,#10397);
#10396 = CARTESIAN_POINT('',(1.,0.));
#10397 = VECTOR('',#10398,1.);
#10398 = DIRECTION('',(0.,-1.));
#10399 = ( GEOMETRIC_REPRESENTATION_CONTEXT(2) 
PARAMETRIC_REPRESENTATION_CONTEXT() REPRESENTATION_CONTEXT('2D SPACE',''
  ) );
#10400 = ORIENTED_EDGE('',*,*,#3815,.T.);
#10401 = ORIENTED_EDGE('',*,*,#10276,.F.);
#10402 = ORIENTED_EDGE('',*,*,#10403,.F.);
#10403 = EDGE_CURVE('',#10379,#10277,#10404,.T.);
#10404 = SURFACE_CURVE('',#10405,(#10410,#10417),.PCURVE_S1.);
#10405 = B_SPLINE_CURVE_WITH_KNOTS('',3,(#10406,#10407,#10408,#10409),
  .UNSPECIFIED.,.F.,.F.,(4,4),(0.,1.),.PIECEWISE_BEZIER_KNOTS.);
#10406 = CARTESIAN_POINT('',(20.029155181469,-4.5,-2.7018875));
#10407 = CARTESIAN_POINT('',(19.939415215375,-4.5,-2.745329429563));
#10408 = CARTESIAN_POINT('',(19.817600740469,-4.5,-2.711336931031));
#10409 = CARTESIAN_POINT('',(19.726665625,-4.5,-2.75189375));
#10410 = PCURVE('',#3833,#10411);
#10411 = DEFINITIONAL_REPRESENTATION('',(#10412),#10416);
#10412 = LINE('',#10413,#10414);
#10413 = CARTESIAN_POINT('',(0.,0.));
#10414 = VECTOR('',#10415,1.);
#10415 = DIRECTION('',(1.,0.));
#10416 = ( GEOMETRIC_REPRESENTATION_CONTEXT(2) 
PARAMETRIC_REPRESENTATION_CONTEXT() REPRESENTATION_CONTEXT('2D SPACE',''
  ) );
#10417 = PCURVE('',#7506,#10418);
#10418 = DEFINITIONAL_REPRESENTATION('',(#10419),#10424);
#10419 = B_SPLINE_CURVE_WITH_KNOTS('',3,(#10420,#10421,#10422,#10423),
  .UNSPECIFIED.,.F.,.F.,(4,4),(0.,1.),.PIECEWISE_BEZIER_KNOTS.);
#10420 = CARTESIAN_POINT('',(-2.7018875,-17.97084481853));
#10421 = CARTESIAN_POINT('',(-2.745329429562,-18.06058478462));
#10422 = CARTESIAN_POINT('',(-2.711336931031,-18.18239925953));
#10423 = CARTESIAN_POINT('',(-2.75189375,-18.273334375));
#10424 = ( GEOMETRIC_REPRESENTATION_CONTEXT(2) 
PARAMETRIC_REPRESENTATION_CONTEXT() REPRESENTATION_CONTEXT('2D SPACE',''
  ) );
#10425 = ADVANCED_FACE('',(#10426),#3899,.F.);
#10426 = FACE_BOUND('',#10427,.F.);
#10427 = EDGE_LOOP('',(#10428,#10429,#10430,#10453));
#10428 = ORIENTED_EDGE('',*,*,#10329,.T.);
#10429 = ORIENTED_EDGE('',*,*,#3881,.T.);
#10430 = ORIENTED_EDGE('',*,*,#10431,.F.);
#10431 = EDGE_CURVE('',#10432,#3849,#10434,.T.);
#10432 = VERTEX_POINT('',#10433);
#10433 = CARTESIAN_POINT('',(20.126715625,-4.5,-2.55186875));
#10434 = SURFACE_CURVE('',#10435,(#10439,#10446),.PCURVE_S1.);
#10435 = LINE('',#10436,#10437);
#10436 = CARTESIAN_POINT('',(20.126715625,-4.5,-2.55186875));
#10437 = VECTOR('',#10438,1.);
#10438 = DIRECTION('',(0.,1.,2.230669073875E-16));
#10439 = PCURVE('',#3899,#10440);
#10440 = DEFINITIONAL_REPRESENTATION('',(#10441),#10445);
#10441 = LINE('',#10442,#10443);
#10442 = CARTESIAN_POINT('',(1.,0.));
#10443 = VECTOR('',#10444,1.);
#10444 = DIRECTION('',(0.,-1.));
#10445 = ( GEOMETRIC_REPRESENTATION_CONTEXT(2) 
PARAMETRIC_REPRESENTATION_CONTEXT() REPRESENTATION_CONTEXT('2D SPACE',''
  ) );
#10446 = PCURVE('',#3866,#10447);
#10447 = DEFINITIONAL_REPRESENTATION('',(#10448),#10452);
#10448 = LINE('',#10449,#10450);
#10449 = CARTESIAN_POINT('',(0.,0.));
#10450 = VECTOR('',#10451,1.);
#10451 = DIRECTION('',(0.,-1.));
#10452 = ( GEOMETRIC_REPRESENTATION_CONTEXT(2) 
PARAMETRIC_REPRESENTATION_CONTEXT() REPRESENTATION_CONTEXT('2D SPACE',''
  ) );
#10453 = ORIENTED_EDGE('',*,*,#10454,.F.);
#10454 = EDGE_CURVE('',#10330,#10432,#10455,.T.);
#10455 = SURFACE_CURVE('',#10456,(#10461,#10468),.PCURVE_S1.);
#10456 = B_SPLINE_CURVE_WITH_KNOTS('',3,(#10457,#10458,#10459,#10460),
  .UNSPECIFIED.,.F.,.F.,(4,4),(0.,1.),.PIECEWISE_BEZIER_KNOTS.);
#10457 = CARTESIAN_POINT('',(19.776671875,-4.5,-2.176821875));
#10458 = CARTESIAN_POINT('',(19.912155808375,-4.5,-2.294049276594));
#10459 = CARTESIAN_POINT('',(19.9971194275,-4.5,-2.432202793625));
#10460 = CARTESIAN_POINT('',(20.126715625,-4.5,-2.55186875));
#10461 = PCURVE('',#3899,#10462);
#10462 = DEFINITIONAL_REPRESENTATION('',(#10463),#10467);
#10463 = LINE('',#10464,#10465);
#10464 = CARTESIAN_POINT('',(0.,0.));
#10465 = VECTOR('',#10466,1.);
#10466 = DIRECTION('',(1.,0.));
#10467 = ( GEOMETRIC_REPRESENTATION_CONTEXT(2) 
PARAMETRIC_REPRESENTATION_CONTEXT() REPRESENTATION_CONTEXT('2D SPACE',''
  ) );
#10468 = PCURVE('',#7506,#10469);
#10469 = DEFINITIONAL_REPRESENTATION('',(#10470),#10475);
#10470 = B_SPLINE_CURVE_WITH_KNOTS('',3,(#10471,#10472,#10473,#10474),
  .UNSPECIFIED.,.F.,.F.,(4,4),(0.,1.),.PIECEWISE_BEZIER_KNOTS.);
#10471 = CARTESIAN_POINT('',(-2.176821875,-18.223328125));
#10472 = CARTESIAN_POINT('',(-2.294049276594,-18.08784419162));
#10473 = CARTESIAN_POINT('',(-2.432202793625,-18.0028805725));
#10474 = CARTESIAN_POINT('',(-2.55186875,-17.873284375));
#10475 = ( GEOMETRIC_REPRESENTATION_CONTEXT(2) 
PARAMETRIC_REPRESENTATION_CONTEXT() REPRESENTATION_CONTEXT('2D SPACE',''
  ) );
#10476 = ADVANCED_FACE('',(#10477),#3866,.F.);
#10477 = FACE_BOUND('',#10478,.F.);
#10478 = EDGE_LOOP('',(#10479,#10480,#10481,#10482));
#10479 = ORIENTED_EDGE('',*,*,#10431,.T.);
#10480 = ORIENTED_EDGE('',*,*,#3848,.T.);
#10481 = ORIENTED_EDGE('',*,*,#10378,.F.);
#10482 = ORIENTED_EDGE('',*,*,#10483,.F.);
#10483 = EDGE_CURVE('',#10432,#10379,#10484,.T.);
#10484 = SURFACE_CURVE('',#10485,(#10490,#10497),.PCURVE_S1.);
#10485 = B_SPLINE_CURVE_WITH_KNOTS('',3,(#10486,#10487,#10488,#10489),
  .UNSPECIFIED.,.F.,.F.,(4,4),(0.,1.),.PIECEWISE_BEZIER_KNOTS.);
#10486 = CARTESIAN_POINT('',(20.126715625,-4.5,-2.55186875));
#10487 = CARTESIAN_POINT('',(20.324513096594,-4.5,-2.624591589219));
#10488 = CARTESIAN_POINT('',(20.178721624938,-4.5,-2.722479073625));
#10489 = CARTESIAN_POINT('',(20.029155181469,-4.5,-2.7018875));
#10490 = PCURVE('',#3866,#10491);
#10491 = DEFINITIONAL_REPRESENTATION('',(#10492),#10496);
#10492 = LINE('',#10493,#10494);
#10493 = CARTESIAN_POINT('',(0.,0.));
#10494 = VECTOR('',#10495,1.);
#10495 = DIRECTION('',(1.,0.));
#10496 = ( GEOMETRIC_REPRESENTATION_CONTEXT(2) 
PARAMETRIC_REPRESENTATION_CONTEXT() REPRESENTATION_CONTEXT('2D SPACE',''
  ) );
#10497 = PCURVE('',#7506,#10498);
#10498 = DEFINITIONAL_REPRESENTATION('',(#10499),#10504);
#10499 = B_SPLINE_CURVE_WITH_KNOTS('',3,(#10500,#10501,#10502,#10503),
  .UNSPECIFIED.,.F.,.F.,(4,4),(0.,1.),.PIECEWISE_BEZIER_KNOTS.);
#10500 = CARTESIAN_POINT('',(-2.55186875,-17.873284375));
#10501 = CARTESIAN_POINT('',(-2.624591589219,-17.6754869034));
#10502 = CARTESIAN_POINT('',(-2.722479073625,-17.82127837506));
#10503 = CARTESIAN_POINT('',(-2.7018875,-17.97084481853));
#10504 = ( GEOMETRIC_REPRESENTATION_CONTEXT(2) 
PARAMETRIC_REPRESENTATION_CONTEXT() REPRESENTATION_CONTEXT('2D SPACE',''
  ) );
#10505 = ADVANCED_FACE('',(#10506),#4858,.F.);
#10506 = FACE_BOUND('',#10507,.F.);
#10507 = EDGE_LOOP('',(#10508,#10531,#10532,#10555));
#10508 = ORIENTED_EDGE('',*,*,#10509,.T.);
#10509 = EDGE_CURVE('',#10510,#4839,#10512,.T.);
#10510 = VERTEX_POINT('',#10511);
#10511 = CARTESIAN_POINT('',(17.826428125,-4.5,3.798925));
#10512 = SURFACE_CURVE('',#10513,(#10517,#10524),.PCURVE_S1.);
#10513 = LINE('',#10514,#10515);
#10514 = CARTESIAN_POINT('',(17.826428125,-4.5,3.798925));
#10515 = VECTOR('',#10516,1.);
#10516 = DIRECTION('',(0.,1.,2.230669073875E-16));
#10517 = PCURVE('',#4858,#10518);
#10518 = DEFINITIONAL_REPRESENTATION('',(#10519),#10523);
#10519 = LINE('',#10520,#10521);
#10520 = CARTESIAN_POINT('',(0.,0.));
#10521 = VECTOR('',#10522,1.);
#10522 = DIRECTION('',(0.,-1.));
#10523 = ( GEOMETRIC_REPRESENTATION_CONTEXT(2) 
PARAMETRIC_REPRESENTATION_CONTEXT() REPRESENTATION_CONTEXT('2D SPACE',''
  ) );
#10524 = PCURVE('',#4891,#10525);
#10525 = DEFINITIONAL_REPRESENTATION('',(#10526),#10530);
#10526 = LINE('',#10527,#10528);
#10527 = CARTESIAN_POINT('',(1.,0.));
#10528 = VECTOR('',#10529,1.);
#10529 = DIRECTION('',(0.,-1.));
#10530 = ( GEOMETRIC_REPRESENTATION_CONTEXT(2) 
PARAMETRIC_REPRESENTATION_CONTEXT() REPRESENTATION_CONTEXT('2D SPACE',''
  ) );
#10531 = ORIENTED_EDGE('',*,*,#4838,.T.);
#10532 = ORIENTED_EDGE('',*,*,#10533,.F.);
#10533 = EDGE_CURVE('',#10534,#4841,#10536,.T.);
#10534 = VERTEX_POINT('',#10535);
#10535 = CARTESIAN_POINT('',(17.876434375,-4.5,3.923940625));
#10536 = SURFACE_CURVE('',#10537,(#10541,#10548),.PCURVE_S1.);
#10537 = LINE('',#10538,#10539);
#10538 = CARTESIAN_POINT('',(17.876434375,-4.5,3.923940625));
#10539 = VECTOR('',#10540,1.);
#10540 = DIRECTION('',(0.,1.,2.230669073875E-16));
#10541 = PCURVE('',#4858,#10542);
#10542 = DEFINITIONAL_REPRESENTATION('',(#10543),#10547);
#10543 = LINE('',#10544,#10545);
#10544 = CARTESIAN_POINT('',(1.,0.));
#10545 = VECTOR('',#10546,1.);
#10546 = DIRECTION('',(0.,-1.));
#10547 = ( GEOMETRIC_REPRESENTATION_CONTEXT(2) 
PARAMETRIC_REPRESENTATION_CONTEXT() REPRESENTATION_CONTEXT('2D SPACE',''
  ) );
#10548 = PCURVE('',#6011,#10549);
#10549 = DEFINITIONAL_REPRESENTATION('',(#10550),#10554);
#10550 = LINE('',#10551,#10552);
#10551 = CARTESIAN_POINT('',(0.,0.));
#10552 = VECTOR('',#10553,1.);
#10553 = DIRECTION('',(0.,-1.));
#10554 = ( GEOMETRIC_REPRESENTATION_CONTEXT(2) 
PARAMETRIC_REPRESENTATION_CONTEXT() REPRESENTATION_CONTEXT('2D SPACE',''
  ) );
#10555 = ORIENTED_EDGE('',*,*,#10556,.F.);
#10556 = EDGE_CURVE('',#10510,#10534,#10557,.T.);
#10557 = SURFACE_CURVE('',#10558,(#10563,#10570),.PCURVE_S1.);
#10558 = B_SPLINE_CURVE_WITH_KNOTS('',3,(#10559,#10560,#10561,#10562),
  .UNSPECIFIED.,.F.,.F.,(4,4),(0.,1.),.PIECEWISE_BEZIER_KNOTS.);
#10559 = CARTESIAN_POINT('',(17.826428125,-4.5,3.798925));
#10560 = CARTESIAN_POINT('',(17.819485007219,-4.5,3.849397558281));
#10561 = CARTESIAN_POINT('',(17.848919686094,-4.5,3.886925748719));
#10562 = CARTESIAN_POINT('',(17.876434375,-4.5,3.923940625));
#10563 = PCURVE('',#4858,#10564);
#10564 = DEFINITIONAL_REPRESENTATION('',(#10565),#10569);
#10565 = LINE('',#10566,#10567);
#10566 = CARTESIAN_POINT('',(0.,0.));
#10567 = VECTOR('',#10568,1.);
#10568 = DIRECTION('',(1.,0.));
#10569 = ( GEOMETRIC_REPRESENTATION_CONTEXT(2) 
PARAMETRIC_REPRESENTATION_CONTEXT() REPRESENTATION_CONTEXT('2D SPACE',''
  ) );
#10570 = PCURVE('',#10571,#10576);
#10571 = PLANE('',#10572);
#10572 = AXIS2_PLACEMENT_3D('',#10573,#10574,#10575);
#10573 = CARTESIAN_POINT('',(38.,-4.5,-1.33226762955E-15));
#10574 = DIRECTION('',(0.,1.,1.130669073875E-16));
#10575 = DIRECTION('',(0.,-1.130669073875E-16,1.));
#10576 = DEFINITIONAL_REPRESENTATION('',(#10577),#10582);
#10577 = B_SPLINE_CURVE_WITH_KNOTS('',3,(#10578,#10579,#10580,#10581),
  .UNSPECIFIED.,.F.,.F.,(4,4),(0.,1.),.PIECEWISE_BEZIER_KNOTS.);
#10578 = CARTESIAN_POINT('',(3.798925,-20.173571875));
#10579 = CARTESIAN_POINT('',(3.849397558281,-20.18051499278));
#10580 = CARTESIAN_POINT('',(3.886925748719,-20.1510803139));
#10581 = CARTESIAN_POINT('',(3.923940625,-20.123565625));
#10582 = ( GEOMETRIC_REPRESENTATION_CONTEXT(2) 
PARAMETRIC_REPRESENTATION_CONTEXT() REPRESENTATION_CONTEXT('2D SPACE',''
  ) );
#10583 = ADVANCED_FACE('',(#10584),#4891,.F.);
#10584 = FACE_BOUND('',#10585,.F.);
#10585 = EDGE_LOOP('',(#10586,#10609,#10610,#10611));
#10586 = ORIENTED_EDGE('',*,*,#10587,.T.);
#10587 = EDGE_CURVE('',#10588,#4874,#10590,.T.);
#10588 = VERTEX_POINT('',#10589);
#10589 = CARTESIAN_POINT('',(17.75141875,-4.5,3.580800737875));
#10590 = SURFACE_CURVE('',#10591,(#10595,#10602),.PCURVE_S1.);
#10591 = LINE('',#10592,#10593);
#10592 = CARTESIAN_POINT('',(17.75141875,-4.5,3.580800737875));
#10593 = VECTOR('',#10594,1.);
#10594 = DIRECTION('',(0.,1.,2.230669073875E-16));
#10595 = PCURVE('',#4891,#10596);
#10596 = DEFINITIONAL_REPRESENTATION('',(#10597),#10601);
#10597 = LINE('',#10598,#10599);
#10598 = CARTESIAN_POINT('',(0.,0.));
#10599 = VECTOR('',#10600,1.);
#10600 = DIRECTION('',(0.,-1.));
#10601 = ( GEOMETRIC_REPRESENTATION_CONTEXT(2) 
PARAMETRIC_REPRESENTATION_CONTEXT() REPRESENTATION_CONTEXT('2D SPACE',''
  ) );
#10602 = PCURVE('',#4924,#10603);
#10603 = DEFINITIONAL_REPRESENTATION('',(#10604),#10608);
#10604 = LINE('',#10605,#10606);
#10605 = CARTESIAN_POINT('',(1.,0.));
#10606 = VECTOR('',#10607,1.);
#10607 = DIRECTION('',(0.,-1.));
#10608 = ( GEOMETRIC_REPRESENTATION_CONTEXT(2) 
PARAMETRIC_REPRESENTATION_CONTEXT() REPRESENTATION_CONTEXT('2D SPACE',''
  ) );
#10609 = ORIENTED_EDGE('',*,*,#4873,.T.);
#10610 = ORIENTED_EDGE('',*,*,#10509,.F.);
#10611 = ORIENTED_EDGE('',*,*,#10612,.F.);
#10612 = EDGE_CURVE('',#10588,#10510,#10613,.T.);
#10613 = SURFACE_CURVE('',#10614,(#10619,#10626),.PCURVE_S1.);
#10614 = B_SPLINE_CURVE_WITH_KNOTS('',3,(#10615,#10616,#10617,#10618),
  .UNSPECIFIED.,.F.,.F.,(4,4),(0.,1.),.PIECEWISE_BEZIER_KNOTS.);
#10615 = CARTESIAN_POINT('',(17.75141875,-4.5,3.580800737875));
#10616 = CARTESIAN_POINT('',(17.766767668375,-4.5,3.657606837438));
#10617 = CARTESIAN_POINT('',(17.788963192469,-4.5,3.731220788031));
#10618 = CARTESIAN_POINT('',(17.826428125,-4.5,3.798925));
#10619 = PCURVE('',#4891,#10620);
#10620 = DEFINITIONAL_REPRESENTATION('',(#10621),#10625);
#10621 = LINE('',#10622,#10623);
#10622 = CARTESIAN_POINT('',(0.,0.));
#10623 = VECTOR('',#10624,1.);
#10624 = DIRECTION('',(1.,0.));
#10625 = ( GEOMETRIC_REPRESENTATION_CONTEXT(2) 
PARAMETRIC_REPRESENTATION_CONTEXT() REPRESENTATION_CONTEXT('2D SPACE',''
  ) );
#10626 = PCURVE('',#10571,#10627);
#10627 = DEFINITIONAL_REPRESENTATION('',(#10628),#10633);
#10628 = B_SPLINE_CURVE_WITH_KNOTS('',3,(#10629,#10630,#10631,#10632),
  .UNSPECIFIED.,.F.,.F.,(4,4),(0.,1.),.PIECEWISE_BEZIER_KNOTS.);
#10629 = CARTESIAN_POINT('',(3.580800737875,-20.24858125));
#10630 = CARTESIAN_POINT('',(3.657606837438,-20.23323233162));
#10631 = CARTESIAN_POINT('',(3.731220788031,-20.21103680753));
#10632 = CARTESIAN_POINT('',(3.798925,-20.173571875));
#10633 = ( GEOMETRIC_REPRESENTATION_CONTEXT(2) 
PARAMETRIC_REPRESENTATION_CONTEXT() REPRESENTATION_CONTEXT('2D SPACE',''
  ) );
#10634 = ADVANCED_FACE('',(#10635),#6011,.F.);
#10635 = FACE_BOUND('',#10636,.F.);
#10636 = EDGE_LOOP('',(#10637,#10638,#10639,#10662));
#10637 = ORIENTED_EDGE('',*,*,#10533,.T.);
#10638 = ORIENTED_EDGE('',*,*,#5995,.T.);
#10639 = ORIENTED_EDGE('',*,*,#10640,.F.);
#10640 = EDGE_CURVE('',#10641,#5963,#10643,.T.);
#10641 = VERTEX_POINT('',#10642);
#10642 = CARTESIAN_POINT('',(18.1139640625,-4.5,3.84893125));
#10643 = SURFACE_CURVE('',#10644,(#10648,#10655),.PCURVE_S1.);
#10644 = LINE('',#10645,#10646);
#10645 = CARTESIAN_POINT('',(18.1139640625,-4.5,3.84893125));
#10646 = VECTOR('',#10647,1.);
#10647 = DIRECTION('',(0.,1.,2.230669073875E-16));
#10648 = PCURVE('',#6011,#10649);
#10649 = DEFINITIONAL_REPRESENTATION('',(#10650),#10654);
#10650 = LINE('',#10651,#10652);
#10651 = CARTESIAN_POINT('',(1.,0.));
#10652 = VECTOR('',#10653,1.);
#10653 = DIRECTION('',(0.,-1.));
#10654 = ( GEOMETRIC_REPRESENTATION_CONTEXT(2) 
PARAMETRIC_REPRESENTATION_CONTEXT() REPRESENTATION_CONTEXT('2D SPACE',''
  ) );
#10655 = PCURVE('',#5980,#10656);
#10656 = DEFINITIONAL_REPRESENTATION('',(#10657),#10661);
#10657 = LINE('',#10658,#10659);
#10658 = CARTESIAN_POINT('',(0.,0.));
#10659 = VECTOR('',#10660,1.);
#10660 = DIRECTION('',(0.,-1.));
#10661 = ( GEOMETRIC_REPRESENTATION_CONTEXT(2) 
PARAMETRIC_REPRESENTATION_CONTEXT() REPRESENTATION_CONTEXT('2D SPACE',''
  ) );
#10662 = ORIENTED_EDGE('',*,*,#10663,.F.);
#10663 = EDGE_CURVE('',#10534,#10641,#10664,.T.);
#10664 = SURFACE_CURVE('',#10665,(#10670,#10677),.PCURVE_S1.);
#10665 = B_SPLINE_CURVE_WITH_KNOTS('',3,(#10666,#10667,#10668,#10669),
  .UNSPECIFIED.,.F.,.F.,(4,4),(0.,1.),.PIECEWISE_BEZIER_KNOTS.);
#10666 = CARTESIAN_POINT('',(17.876434375,-4.5,3.923940625));
#10667 = CARTESIAN_POINT('',(17.954976941594,-4.5,3.994653463));
#10668 = CARTESIAN_POINT('',(18.043260725688,-4.5,3.880044388656));
#10669 = CARTESIAN_POINT('',(18.1139640625,-4.5,3.84893125));
#10670 = PCURVE('',#6011,#10671);
#10671 = DEFINITIONAL_REPRESENTATION('',(#10672),#10676);
#10672 = LINE('',#10673,#10674);
#10673 = CARTESIAN_POINT('',(0.,0.));
#10674 = VECTOR('',#10675,1.);
#10675 = DIRECTION('',(1.,0.));
#10676 = ( GEOMETRIC_REPRESENTATION_CONTEXT(2) 
PARAMETRIC_REPRESENTATION_CONTEXT() REPRESENTATION_CONTEXT('2D SPACE',''
  ) );
#10677 = PCURVE('',#10571,#10678);
#10678 = DEFINITIONAL_REPRESENTATION('',(#10679),#10684);
#10679 = B_SPLINE_CURVE_WITH_KNOTS('',3,(#10680,#10681,#10682,#10683),
  .UNSPECIFIED.,.F.,.F.,(4,4),(0.,1.),.PIECEWISE_BEZIER_KNOTS.);
#10680 = CARTESIAN_POINT('',(3.923940625,-20.123565625));
#10681 = CARTESIAN_POINT('',(3.994653463,-20.0450230584));
#10682 = CARTESIAN_POINT('',(3.880044388656,-19.95673927431));
#10683 = CARTESIAN_POINT('',(3.84893125,-19.8860359375));
#10684 = ( GEOMETRIC_REPRESENTATION_CONTEXT(2) 
PARAMETRIC_REPRESENTATION_CONTEXT() REPRESENTATION_CONTEXT('2D SPACE',''
  ) );
#10685 = ADVANCED_FACE('',(#10686),#4924,.F.);
#10686 = FACE_BOUND('',#10687,.F.);
#10687 = EDGE_LOOP('',(#10688,#10711,#10712,#10713));
#10688 = ORIENTED_EDGE('',*,*,#10689,.T.);
#10689 = EDGE_CURVE('',#10690,#4907,#10692,.T.);
#10690 = VERTEX_POINT('',#10691);
#10691 = CARTESIAN_POINT('',(17.7014125,-4.5,3.398875));
#10692 = SURFACE_CURVE('',#10693,(#10697,#10704),.PCURVE_S1.);
#10693 = LINE('',#10694,#10695);
#10694 = CARTESIAN_POINT('',(17.7014125,-4.5,3.398875));
#10695 = VECTOR('',#10696,1.);
#10696 = DIRECTION('',(0.,1.,2.230669073875E-16));
#10697 = PCURVE('',#4924,#10698);
#10698 = DEFINITIONAL_REPRESENTATION('',(#10699),#10703);
#10699 = LINE('',#10700,#10701);
#10700 = CARTESIAN_POINT('',(0.,0.));
#10701 = VECTOR('',#10702,1.);
#10702 = DIRECTION('',(0.,-1.));
#10703 = ( GEOMETRIC_REPRESENTATION_CONTEXT(2) 
PARAMETRIC_REPRESENTATION_CONTEXT() REPRESENTATION_CONTEXT('2D SPACE',''
  ) );
#10704 = PCURVE('',#4957,#10705);
#10705 = DEFINITIONAL_REPRESENTATION('',(#10706),#10710);
#10706 = LINE('',#10707,#10708);
#10707 = CARTESIAN_POINT('',(1.,0.));
#10708 = VECTOR('',#10709,1.);
#10709 = DIRECTION('',(0.,-1.));
#10710 = ( GEOMETRIC_REPRESENTATION_CONTEXT(2) 
PARAMETRIC_REPRESENTATION_CONTEXT() REPRESENTATION_CONTEXT('2D SPACE',''
  ) );
#10711 = ORIENTED_EDGE('',*,*,#4906,.T.);
#10712 = ORIENTED_EDGE('',*,*,#10587,.F.);
#10713 = ORIENTED_EDGE('',*,*,#10714,.F.);
#10714 = EDGE_CURVE('',#10690,#10588,#10715,.T.);
#10715 = SURFACE_CURVE('',#10716,(#10721,#10728),.PCURVE_S1.);
#10716 = B_SPLINE_CURVE_WITH_KNOTS('',3,(#10717,#10718,#10719,#10720),
  .UNSPECIFIED.,.F.,.F.,(4,4),(0.,1.),.PIECEWISE_BEZIER_KNOTS.);
#10717 = CARTESIAN_POINT('',(17.7014125,-4.5,3.398875));
#10718 = CARTESIAN_POINT('',(17.745162718094,-4.5,3.448556709437));
#10719 = CARTESIAN_POINT('',(17.71546425625,-4.5,3.528064646688));
#10720 = CARTESIAN_POINT('',(17.75141875,-4.5,3.580800737875));
#10721 = PCURVE('',#4924,#10722);
#10722 = DEFINITIONAL_REPRESENTATION('',(#10723),#10727);
#10723 = LINE('',#10724,#10725);
#10724 = CARTESIAN_POINT('',(0.,0.));
#10725 = VECTOR('',#10726,1.);
#10726 = DIRECTION('',(1.,0.));
#10727 = ( GEOMETRIC_REPRESENTATION_CONTEXT(2) 
PARAMETRIC_REPRESENTATION_CONTEXT() REPRESENTATION_CONTEXT('2D SPACE',''
  ) );
#10728 = PCURVE('',#10571,#10729);
#10729 = DEFINITIONAL_REPRESENTATION('',(#10730),#10735);
#10730 = B_SPLINE_CURVE_WITH_KNOTS('',3,(#10731,#10732,#10733,#10734),
  .UNSPECIFIED.,.F.,.F.,(4,4),(0.,1.),.PIECEWISE_BEZIER_KNOTS.);
#10731 = CARTESIAN_POINT('',(3.398875,-20.2985875));
#10732 = CARTESIAN_POINT('',(3.448556709438,-20.2548372819));
#10733 = CARTESIAN_POINT('',(3.528064646688,-20.28453574375));
#10734 = CARTESIAN_POINT('',(3.580800737875,-20.24858125));
#10735 = ( GEOMETRIC_REPRESENTATION_CONTEXT(2) 
PARAMETRIC_REPRESENTATION_CONTEXT() REPRESENTATION_CONTEXT('2D SPACE',''
  ) );
#10736 = ADVANCED_FACE('',(#10737),#5980,.F.);
#10737 = FACE_BOUND('',#10738,.F.);
#10738 = EDGE_LOOP('',(#10739,#10740,#10741,#10764));
#10739 = ORIENTED_EDGE('',*,*,#10640,.T.);
#10740 = ORIENTED_EDGE('',*,*,#5962,.T.);
#10741 = ORIENTED_EDGE('',*,*,#10742,.F.);
#10742 = EDGE_CURVE('',#10743,#5930,#10745,.T.);
#10743 = VERTEX_POINT('',#10744);
#10744 = CARTESIAN_POINT('',(18.35149375,-4.5,3.6989125));
#10745 = SURFACE_CURVE('',#10746,(#10750,#10757),.PCURVE_S1.);
#10746 = LINE('',#10747,#10748);
#10747 = CARTESIAN_POINT('',(18.35149375,-4.5,3.6989125));
#10748 = VECTOR('',#10749,1.);
#10749 = DIRECTION('',(0.,1.,2.230669073875E-16));
#10750 = PCURVE('',#5980,#10751);
#10751 = DEFINITIONAL_REPRESENTATION('',(#10752),#10756);
#10752 = LINE('',#10753,#10754);
#10753 = CARTESIAN_POINT('',(1.,0.));
#10754 = VECTOR('',#10755,1.);
#10755 = DIRECTION('',(0.,-1.));
#10756 = ( GEOMETRIC_REPRESENTATION_CONTEXT(2) 
PARAMETRIC_REPRESENTATION_CONTEXT() REPRESENTATION_CONTEXT('2D SPACE',''
  ) );
#10757 = PCURVE('',#5947,#10758);
#10758 = DEFINITIONAL_REPRESENTATION('',(#10759),#10763);
#10759 = LINE('',#10760,#10761);
#10760 = CARTESIAN_POINT('',(0.,0.));
#10761 = VECTOR('',#10762,1.);
#10762 = DIRECTION('',(0.,-1.));
#10763 = ( GEOMETRIC_REPRESENTATION_CONTEXT(2) 
PARAMETRIC_REPRESENTATION_CONTEXT() REPRESENTATION_CONTEXT('2D SPACE',''
  ) );
#10764 = ORIENTED_EDGE('',*,*,#10765,.F.);
#10765 = EDGE_CURVE('',#10641,#10743,#10766,.T.);
#10766 = SURFACE_CURVE('',#10767,(#10772,#10779),.PCURVE_S1.);
#10767 = B_SPLINE_CURVE_WITH_KNOTS('',3,(#10768,#10769,#10770,#10771),
  .UNSPECIFIED.,.F.,.F.,(4,4),(0.,1.),.PIECEWISE_BEZIER_KNOTS.);
#10768 = CARTESIAN_POINT('',(18.1139640625,-4.5,3.84893125));
#10769 = CARTESIAN_POINT('',(18.197406741531,-4.5,3.80879623375));
#10770 = CARTESIAN_POINT('',(18.279964559969,-4.5,3.767128025875));
#10771 = CARTESIAN_POINT('',(18.35149375,-4.5,3.6989125));
#10772 = PCURVE('',#5980,#10773);
#10773 = DEFINITIONAL_REPRESENTATION('',(#10774),#10778);
#10774 = LINE('',#10775,#10776);
#10775 = CARTESIAN_POINT('',(0.,0.));
#10776 = VECTOR('',#10777,1.);
#10777 = DIRECTION('',(1.,0.));
#10778 = ( GEOMETRIC_REPRESENTATION_CONTEXT(2) 
PARAMETRIC_REPRESENTATION_CONTEXT() REPRESENTATION_CONTEXT('2D SPACE',''
  ) );
#10779 = PCURVE('',#10571,#10780);
#10780 = DEFINITIONAL_REPRESENTATION('',(#10781),#10786);
#10781 = B_SPLINE_CURVE_WITH_KNOTS('',3,(#10782,#10783,#10784,#10785),
  .UNSPECIFIED.,.F.,.F.,(4,4),(0.,1.),.PIECEWISE_BEZIER_KNOTS.);
#10782 = CARTESIAN_POINT('',(3.84893125,-19.8860359375));
#10783 = CARTESIAN_POINT('',(3.80879623375,-19.80259325846));
#10784 = CARTESIAN_POINT('',(3.767128025875,-19.72003544003));
#10785 = CARTESIAN_POINT('',(3.6989125,-19.64850625));
#10786 = ( GEOMETRIC_REPRESENTATION_CONTEXT(2) 
PARAMETRIC_REPRESENTATION_CONTEXT() REPRESENTATION_CONTEXT('2D SPACE',''
  ) );
#10787 = ADVANCED_FACE('',(#10788),#4957,.F.);
#10788 = FACE_BOUND('',#10789,.F.);
#10789 = EDGE_LOOP('',(#10790,#10813,#10814,#10815));
#10790 = ORIENTED_EDGE('',*,*,#10791,.T.);
#10791 = EDGE_CURVE('',#10792,#4940,#10794,.T.);
#10792 = VERTEX_POINT('',#10793);
#10793 = CARTESIAN_POINT('',(17.7014125,-4.5,3.155747612875));
#10794 = SURFACE_CURVE('',#10795,(#10799,#10806),.PCURVE_S1.);
#10795 = LINE('',#10796,#10797);
#10796 = CARTESIAN_POINT('',(17.7014125,-4.5,3.155747612875));
#10797 = VECTOR('',#10798,1.);
#10798 = DIRECTION('',(0.,1.,2.230669073875E-16));
#10799 = PCURVE('',#4957,#10800);
#10800 = DEFINITIONAL_REPRESENTATION('',(#10801),#10805);
#10801 = LINE('',#10802,#10803);
#10802 = CARTESIAN_POINT('',(0.,0.));
#10803 = VECTOR('',#10804,1.);
#10804 = DIRECTION('',(0.,-1.));
#10805 = ( GEOMETRIC_REPRESENTATION_CONTEXT(2) 
PARAMETRIC_REPRESENTATION_CONTEXT() REPRESENTATION_CONTEXT('2D SPACE',''
  ) );
#10806 = PCURVE('',#4990,#10807);
#10807 = DEFINITIONAL_REPRESENTATION('',(#10808),#10812);
#10808 = LINE('',#10809,#10810);
#10809 = CARTESIAN_POINT('',(1.,0.));
#10810 = VECTOR('',#10811,1.);
#10811 = DIRECTION('',(0.,-1.));
#10812 = ( GEOMETRIC_REPRESENTATION_CONTEXT(2) 
PARAMETRIC_REPRESENTATION_CONTEXT() REPRESENTATION_CONTEXT('2D SPACE',''
  ) );
#10813 = ORIENTED_EDGE('',*,*,#4939,.T.);
#10814 = ORIENTED_EDGE('',*,*,#10689,.F.);
#10815 = ORIENTED_EDGE('',*,*,#10816,.F.);
#10816 = EDGE_CURVE('',#10792,#10690,#10817,.T.);
#10817 = SURFACE_CURVE('',#10818,(#10823,#10830),.PCURVE_S1.);
#10818 = B_SPLINE_CURVE_WITH_KNOTS('',3,(#10819,#10820,#10821,#10822),
  .UNSPECIFIED.,.F.,.F.,(4,4),(0.,1.),.PIECEWISE_BEZIER_KNOTS.);
#10819 = CARTESIAN_POINT('',(17.7014125,-4.5,3.155747612875));
#10820 = CARTESIAN_POINT('',(17.7015125125,-4.5,3.236744986281));
#10821 = CARTESIAN_POINT('',(17.70126248125,-4.5,3.318206417688));
#10822 = CARTESIAN_POINT('',(17.7014125,-4.5,3.398875));
#10823 = PCURVE('',#4957,#10824);
#10824 = DEFINITIONAL_REPRESENTATION('',(#10825),#10829);
#10825 = LINE('',#10826,#10827);
#10826 = CARTESIAN_POINT('',(0.,0.));
#10827 = VECTOR('',#10828,1.);
#10828 = DIRECTION('',(1.,0.));
#10829 = ( GEOMETRIC_REPRESENTATION_CONTEXT(2) 
PARAMETRIC_REPRESENTATION_CONTEXT() REPRESENTATION_CONTEXT('2D SPACE',''
  ) );
#10830 = PCURVE('',#10571,#10831);
#10831 = DEFINITIONAL_REPRESENTATION('',(#10832),#10837);
#10832 = B_SPLINE_CURVE_WITH_KNOTS('',3,(#10833,#10834,#10835,#10836),
  .UNSPECIFIED.,.F.,.F.,(4,4),(0.,1.),.PIECEWISE_BEZIER_KNOTS.);
#10833 = CARTESIAN_POINT('',(3.155747612875,-20.2985875));
#10834 = CARTESIAN_POINT('',(3.236744986281,-20.2984874875));
#10835 = CARTESIAN_POINT('',(3.318206417688,-20.29873751875));
#10836 = CARTESIAN_POINT('',(3.398875,-20.2985875));
#10837 = ( GEOMETRIC_REPRESENTATION_CONTEXT(2) 
PARAMETRIC_REPRESENTATION_CONTEXT() REPRESENTATION_CONTEXT('2D SPACE',''
  ) );
#10838 = ADVANCED_FACE('',(#10839),#5947,.F.);
#10839 = FACE_BOUND('',#10840,.F.);
#10840 = EDGE_LOOP('',(#10841,#10842,#10843,#10866));
#10841 = ORIENTED_EDGE('',*,*,#10742,.T.);
#10842 = ORIENTED_EDGE('',*,*,#5929,.T.);
#10843 = ORIENTED_EDGE('',*,*,#10844,.F.);
#10844 = EDGE_CURVE('',#10845,#5897,#10847,.T.);
#10845 = VERTEX_POINT('',#10846);
#10846 = CARTESIAN_POINT('',(18.5890234375,-4.5,3.5628955));
#10847 = SURFACE_CURVE('',#10848,(#10852,#10859),.PCURVE_S1.);
#10848 = LINE('',#10849,#10850);
#10849 = CARTESIAN_POINT('',(18.5890234375,-4.5,3.5628955));
#10850 = VECTOR('',#10851,1.);
#10851 = DIRECTION('',(0.,1.,2.230669073875E-16));
#10852 = PCURVE('',#5947,#10853);
#10853 = DEFINITIONAL_REPRESENTATION('',(#10854),#10858);
#10854 = LINE('',#10855,#10856);
#10855 = CARTESIAN_POINT('',(1.,0.));
#10856 = VECTOR('',#10857,1.);
#10857 = DIRECTION('',(0.,-1.));
#10858 = ( GEOMETRIC_REPRESENTATION_CONTEXT(2) 
PARAMETRIC_REPRESENTATION_CONTEXT() REPRESENTATION_CONTEXT('2D SPACE',''
  ) );
#10859 = PCURVE('',#5914,#10860);
#10860 = DEFINITIONAL_REPRESENTATION('',(#10861),#10865);
#10861 = LINE('',#10862,#10863);
#10862 = CARTESIAN_POINT('',(0.,0.));
#10863 = VECTOR('',#10864,1.);
#10864 = DIRECTION('',(0.,-1.));
#10865 = ( GEOMETRIC_REPRESENTATION_CONTEXT(2) 
PARAMETRIC_REPRESENTATION_CONTEXT() REPRESENTATION_CONTEXT('2D SPACE',''
  ) );
#10866 = ORIENTED_EDGE('',*,*,#10867,.F.);
#10867 = EDGE_CURVE('',#10743,#10845,#10868,.T.);
#10868 = SURFACE_CURVE('',#10869,(#10874,#10881),.PCURVE_S1.);
#10869 = B_SPLINE_CURVE_WITH_KNOTS('',3,(#10870,#10871,#10872,#10873),
  .UNSPECIFIED.,.F.,.F.,(4,4),(0.,1.),.PIECEWISE_BEZIER_KNOTS.);
#10870 = CARTESIAN_POINT('',(18.35149375,-4.5,3.6989125));
#10871 = CARTESIAN_POINT('',(18.44200706275,-4.5,3.679891372656));
#10872 = CARTESIAN_POINT('',(18.503686021656,-4.5,3.595813364219));
#10873 = CARTESIAN_POINT('',(18.5890234375,-4.5,3.5628955));
#10874 = PCURVE('',#5947,#10875);
#10875 = DEFINITIONAL_REPRESENTATION('',(#10876),#10880);
#10876 = LINE('',#10877,#10878);
#10877 = CARTESIAN_POINT('',(0.,0.));
#10878 = VECTOR('',#10879,1.);
#10879 = DIRECTION('',(1.,0.));
#10880 = ( GEOMETRIC_REPRESENTATION_CONTEXT(2) 
PARAMETRIC_REPRESENTATION_CONTEXT() REPRESENTATION_CONTEXT('2D SPACE',''
  ) );
#10881 = PCURVE('',#10571,#10882);
#10882 = DEFINITIONAL_REPRESENTATION('',(#10883),#10888);
#10883 = B_SPLINE_CURVE_WITH_KNOTS('',3,(#10884,#10885,#10886,#10887),
  .UNSPECIFIED.,.F.,.F.,(4,4),(0.,1.),.PIECEWISE_BEZIER_KNOTS.);
#10884 = CARTESIAN_POINT('',(3.6989125,-19.64850625));
#10885 = CARTESIAN_POINT('',(3.679891372656,-19.55799293725));
#10886 = CARTESIAN_POINT('',(3.595813364219,-19.49631397834));
#10887 = CARTESIAN_POINT('',(3.5628955,-19.4109765625));
#10888 = ( GEOMETRIC_REPRESENTATION_CONTEXT(2) 
PARAMETRIC_REPRESENTATION_CONTEXT() REPRESENTATION_CONTEXT('2D SPACE',''
  ) );
#10889 = ADVANCED_FACE('',(#10890),#4990,.F.);
#10890 = FACE_BOUND('',#10891,.F.);
#10891 = EDGE_LOOP('',(#10892,#10915,#10916,#10917));
#10892 = ORIENTED_EDGE('',*,*,#10893,.T.);
#10893 = EDGE_CURVE('',#10894,#4973,#10896,.T.);
#10894 = VERTEX_POINT('',#10895);
#10895 = CARTESIAN_POINT('',(17.726415625,-4.5,2.998825));
#10896 = SURFACE_CURVE('',#10897,(#10901,#10908),.PCURVE_S1.);
#10897 = LINE('',#10898,#10899);
#10898 = CARTESIAN_POINT('',(17.726415625,-4.5,2.998825));
#10899 = VECTOR('',#10900,1.);
#10900 = DIRECTION('',(0.,1.,2.230669073875E-16));
#10901 = PCURVE('',#4990,#10902);
#10902 = DEFINITIONAL_REPRESENTATION('',(#10903),#10907);
#10903 = LINE('',#10904,#10905);
#10904 = CARTESIAN_POINT('',(0.,0.));
#10905 = VECTOR('',#10906,1.);
#10906 = DIRECTION('',(0.,-1.));
#10907 = ( GEOMETRIC_REPRESENTATION_CONTEXT(2) 
PARAMETRIC_REPRESENTATION_CONTEXT() REPRESENTATION_CONTEXT('2D SPACE',''
  ) );
#10908 = PCURVE('',#5023,#10909);
#10909 = DEFINITIONAL_REPRESENTATION('',(#10910),#10914);
#10910 = LINE('',#10911,#10912);
#10911 = CARTESIAN_POINT('',(1.,0.));
#10912 = VECTOR('',#10913,1.);
#10913 = DIRECTION('',(0.,-1.));
#10914 = ( GEOMETRIC_REPRESENTATION_CONTEXT(2) 
PARAMETRIC_REPRESENTATION_CONTEXT() REPRESENTATION_CONTEXT('2D SPACE',''
  ) );
#10915 = ORIENTED_EDGE('',*,*,#4972,.T.);
#10916 = ORIENTED_EDGE('',*,*,#10791,.F.);
#10917 = ORIENTED_EDGE('',*,*,#10918,.F.);
#10918 = EDGE_CURVE('',#10894,#10792,#10919,.T.);
#10919 = SURFACE_CURVE('',#10920,(#10925,#10932),.PCURVE_S1.);
#10920 = B_SPLINE_CURVE_WITH_KNOTS('',3,(#10921,#10922,#10923,#10924),
  .UNSPECIFIED.,.F.,.F.,(4,4),(0.,1.),.PIECEWISE_BEZIER_KNOTS.);
#10921 = CARTESIAN_POINT('',(17.726415625,-4.5,2.998825));
#10922 = CARTESIAN_POINT('',(17.7353087365,-4.5,3.058309934688));
#10923 = CARTESIAN_POINT('',(17.715666531531,-4.5,3.106129911437));
#10924 = CARTESIAN_POINT('',(17.7014125,-4.5,3.155747612875));
#10925 = PCURVE('',#4990,#10926);
#10926 = DEFINITIONAL_REPRESENTATION('',(#10927),#10931);
#10927 = LINE('',#10928,#10929);
#10928 = CARTESIAN_POINT('',(0.,0.));
#10929 = VECTOR('',#10930,1.);
#10930 = DIRECTION('',(1.,0.));
#10931 = ( GEOMETRIC_REPRESENTATION_CONTEXT(2) 
PARAMETRIC_REPRESENTATION_CONTEXT() REPRESENTATION_CONTEXT('2D SPACE',''
  ) );
#10932 = PCURVE('',#10571,#10933);
#10933 = DEFINITIONAL_REPRESENTATION('',(#10934),#10939);
#10934 = B_SPLINE_CURVE_WITH_KNOTS('',3,(#10935,#10936,#10937,#10938),
  .UNSPECIFIED.,.F.,.F.,(4,4),(0.,1.),.PIECEWISE_BEZIER_KNOTS.);
#10935 = CARTESIAN_POINT('',(2.998825,-20.273584375));
#10936 = CARTESIAN_POINT('',(3.058309934688,-20.2646912635));
#10937 = CARTESIAN_POINT('',(3.106129911438,-20.28433346846));
#10938 = CARTESIAN_POINT('',(3.155747612875,-20.2985875));
#10939 = ( GEOMETRIC_REPRESENTATION_CONTEXT(2) 
PARAMETRIC_REPRESENTATION_CONTEXT() REPRESENTATION_CONTEXT('2D SPACE',''
  ) );
#10940 = ADVANCED_FACE('',(#10941),#5914,.F.);
#10941 = FACE_BOUND('',#10942,.F.);
#10942 = EDGE_LOOP('',(#10943,#10944,#10945,#10968));
#10943 = ORIENTED_EDGE('',*,*,#10844,.T.);
#10944 = ORIENTED_EDGE('',*,*,#5896,.T.);
#10945 = ORIENTED_EDGE('',*,*,#10946,.F.);
#10946 = EDGE_CURVE('',#10947,#5864,#10949,.T.);
#10947 = VERTEX_POINT('',#10948);
#10948 = CARTESIAN_POINT('',(18.65153125,-4.5,3.423878125));
#10949 = SURFACE_CURVE('',#10950,(#10954,#10961),.PCURVE_S1.);
#10950 = LINE('',#10951,#10952);
#10951 = CARTESIAN_POINT('',(18.65153125,-4.5,3.423878125));
#10952 = VECTOR('',#10953,1.);
#10953 = DIRECTION('',(0.,1.,2.230669073875E-16));
#10954 = PCURVE('',#5914,#10955);
#10955 = DEFINITIONAL_REPRESENTATION('',(#10956),#10960);
#10956 = LINE('',#10957,#10958);
#10957 = CARTESIAN_POINT('',(1.,0.));
#10958 = VECTOR('',#10959,1.);
#10959 = DIRECTION('',(0.,-1.));
#10960 = ( GEOMETRIC_REPRESENTATION_CONTEXT(2) 
PARAMETRIC_REPRESENTATION_CONTEXT() REPRESENTATION_CONTEXT('2D SPACE',''
  ) );
#10961 = PCURVE('',#5881,#10962);
#10962 = DEFINITIONAL_REPRESENTATION('',(#10963),#10967);
#10963 = LINE('',#10964,#10965);
#10964 = CARTESIAN_POINT('',(0.,0.));
#10965 = VECTOR('',#10966,1.);
#10966 = DIRECTION('',(0.,-1.));
#10967 = ( GEOMETRIC_REPRESENTATION_CONTEXT(2) 
PARAMETRIC_REPRESENTATION_CONTEXT() REPRESENTATION_CONTEXT('2D SPACE',''
  ) );
#10968 = ORIENTED_EDGE('',*,*,#10969,.F.);
#10969 = EDGE_CURVE('',#10845,#10947,#10970,.T.);
#10970 = SURFACE_CURVE('',#10971,(#10976,#10983),.PCURVE_S1.);
#10971 = B_SPLINE_CURVE_WITH_KNOTS('',3,(#10972,#10973,#10974,#10975),
  .UNSPECIFIED.,.F.,.F.,(4,4),(0.,1.),.PIECEWISE_BEZIER_KNOTS.);
#10972 = CARTESIAN_POINT('',(18.5890234375,-4.5,3.5628955));
#10973 = CARTESIAN_POINT('',(18.643730024969,-4.5,3.51775985875));
#10974 = CARTESIAN_POINT('',(18.707558502531,-4.5,3.498771235469));
#10975 = CARTESIAN_POINT('',(18.65153125,-4.5,3.423878125));
#10976 = PCURVE('',#5914,#10977);
#10977 = DEFINITIONAL_REPRESENTATION('',(#10978),#10982);
#10978 = LINE('',#10979,#10980);
#10979 = CARTESIAN_POINT('',(0.,0.));
#10980 = VECTOR('',#10981,1.);
#10981 = DIRECTION('',(1.,0.));
#10982 = ( GEOMETRIC_REPRESENTATION_CONTEXT(2) 
PARAMETRIC_REPRESENTATION_CONTEXT() REPRESENTATION_CONTEXT('2D SPACE',''
  ) );
#10983 = PCURVE('',#10571,#10984);
#10984 = DEFINITIONAL_REPRESENTATION('',(#10985),#10990);
#10985 = B_SPLINE_CURVE_WITH_KNOTS('',3,(#10986,#10987,#10988,#10989),
  .UNSPECIFIED.,.F.,.F.,(4,4),(0.,1.),.PIECEWISE_BEZIER_KNOTS.);
#10986 = CARTESIAN_POINT('',(3.5628955,-19.4109765625));
#10987 = CARTESIAN_POINT('',(3.51775985875,-19.35626997503));
#10988 = CARTESIAN_POINT('',(3.498771235469,-19.29244149746));
#10989 = CARTESIAN_POINT('',(3.423878125,-19.34846875));
#10990 = ( GEOMETRIC_REPRESENTATION_CONTEXT(2) 
PARAMETRIC_REPRESENTATION_CONTEXT() REPRESENTATION_CONTEXT('2D SPACE',''
  ) );
#10991 = ADVANCED_FACE('',(#10992),#5023,.F.);
#10992 = FACE_BOUND('',#10993,.F.);
#10993 = EDGE_LOOP('',(#10994,#11017,#11018,#11019));
#10994 = ORIENTED_EDGE('',*,*,#10995,.T.);
#10995 = EDGE_CURVE('',#10996,#5006,#10998,.T.);
#10996 = VERTEX_POINT('',#10997);
#10997 = CARTESIAN_POINT('',(17.8139265625,-4.5,2.7612953125));
#10998 = SURFACE_CURVE('',#10999,(#11003,#11010),.PCURVE_S1.);
#10999 = LINE('',#11000,#11001);
#11000 = CARTESIAN_POINT('',(17.8139265625,-4.5,2.7612953125));
#11001 = VECTOR('',#11002,1.);
#11002 = DIRECTION('',(0.,1.,2.230669073875E-16));
#11003 = PCURVE('',#5023,#11004);
#11004 = DEFINITIONAL_REPRESENTATION('',(#11005),#11009);
#11005 = LINE('',#11006,#11007);
#11006 = CARTESIAN_POINT('',(0.,0.));
#11007 = VECTOR('',#11008,1.);
#11008 = DIRECTION('',(0.,-1.));
#11009 = ( GEOMETRIC_REPRESENTATION_CONTEXT(2) 
PARAMETRIC_REPRESENTATION_CONTEXT() REPRESENTATION_CONTEXT('2D SPACE',''
  ) );
#11010 = PCURVE('',#5056,#11011);
#11011 = DEFINITIONAL_REPRESENTATION('',(#11012),#11016);
#11012 = LINE('',#11013,#11014);
#11013 = CARTESIAN_POINT('',(1.,0.));
#11014 = VECTOR('',#11015,1.);
#11015 = DIRECTION('',(0.,-1.));
#11016 = ( GEOMETRIC_REPRESENTATION_CONTEXT(2) 
PARAMETRIC_REPRESENTATION_CONTEXT() REPRESENTATION_CONTEXT('2D SPACE',''
  ) );
#11017 = ORIENTED_EDGE('',*,*,#5005,.T.);
#11018 = ORIENTED_EDGE('',*,*,#10893,.F.);
#11019 = ORIENTED_EDGE('',*,*,#11020,.F.);
#11020 = EDGE_CURVE('',#10996,#10894,#11021,.T.);
#11021 = SURFACE_CURVE('',#11022,(#11027,#11034),.PCURVE_S1.);
#11022 = B_SPLINE_CURVE_WITH_KNOTS('',3,(#11023,#11024,#11025,#11026),
  .UNSPECIFIED.,.F.,.F.,(4,4),(0.,1.),.PIECEWISE_BEZIER_KNOTS.);
#11023 = CARTESIAN_POINT('',(17.8139265625,-4.5,2.7612953125));
#11024 = CARTESIAN_POINT('',(17.771895809313,-4.5,2.835682359719));
#11025 = CARTESIAN_POINT('',(17.756455129469,-4.5,2.919953892344));
#11026 = CARTESIAN_POINT('',(17.726415625,-4.5,2.998825));
#11027 = PCURVE('',#5023,#11028);
#11028 = DEFINITIONAL_REPRESENTATION('',(#11029),#11033);
#11029 = LINE('',#11030,#11031);
#11030 = CARTESIAN_POINT('',(0.,0.));
#11031 = VECTOR('',#11032,1.);
#11032 = DIRECTION('',(1.,0.));
#11033 = ( GEOMETRIC_REPRESENTATION_CONTEXT(2) 
PARAMETRIC_REPRESENTATION_CONTEXT() REPRESENTATION_CONTEXT('2D SPACE',''
  ) );
#11034 = PCURVE('',#10571,#11035);
#11035 = DEFINITIONAL_REPRESENTATION('',(#11036),#11041);
#11036 = B_SPLINE_CURVE_WITH_KNOTS('',3,(#11037,#11038,#11039,#11040),
  .UNSPECIFIED.,.F.,.F.,(4,4),(0.,1.),.PIECEWISE_BEZIER_KNOTS.);
#11037 = CARTESIAN_POINT('',(2.7612953125,-20.1860734375));
#11038 = CARTESIAN_POINT('',(2.835682359719,-20.22810419068));
#11039 = CARTESIAN_POINT('',(2.919953892344,-20.24354487053));
#11040 = CARTESIAN_POINT('',(2.998825,-20.273584375));
#11041 = ( GEOMETRIC_REPRESENTATION_CONTEXT(2) 
PARAMETRIC_REPRESENTATION_CONTEXT() REPRESENTATION_CONTEXT('2D SPACE',''
  ) );
#11042 = ADVANCED_FACE('',(#11043),#5881,.F.);
#11043 = FACE_BOUND('',#11044,.F.);
#11044 = EDGE_LOOP('',(#11045,#11046,#11047,#11070));
#11045 = ORIENTED_EDGE('',*,*,#10946,.T.);
#11046 = ORIENTED_EDGE('',*,*,#5863,.T.);
#11047 = ORIENTED_EDGE('',*,*,#11048,.F.);
#11048 = EDGE_CURVE('',#11049,#5831,#11051,.T.);
#11049 = VERTEX_POINT('',#11050);
#11050 = CARTESIAN_POINT('',(18.574927925781,-4.5,3.2113515625));
#11051 = SURFACE_CURVE('',#11052,(#11056,#11063),.PCURVE_S1.);
#11052 = LINE('',#11053,#11054);
#11053 = CARTESIAN_POINT('',(18.574927925781,-4.5,3.2113515625));
#11054 = VECTOR('',#11055,1.);
#11055 = DIRECTION('',(0.,1.,2.230669073875E-16));
#11056 = PCURVE('',#5881,#11057);
#11057 = DEFINITIONAL_REPRESENTATION('',(#11058),#11062);
#11058 = LINE('',#11059,#11060);
#11059 = CARTESIAN_POINT('',(1.,0.));
#11060 = VECTOR('',#11061,1.);
#11061 = DIRECTION('',(0.,-1.));
#11062 = ( GEOMETRIC_REPRESENTATION_CONTEXT(2) 
PARAMETRIC_REPRESENTATION_CONTEXT() REPRESENTATION_CONTEXT('2D SPACE',''
  ) );
#11063 = PCURVE('',#5848,#11064);
#11064 = DEFINITIONAL_REPRESENTATION('',(#11065),#11069);
#11065 = LINE('',#11066,#11067);
#11066 = CARTESIAN_POINT('',(0.,0.));
#11067 = VECTOR('',#11068,1.);
#11068 = DIRECTION('',(0.,-1.));
#11069 = ( GEOMETRIC_REPRESENTATION_CONTEXT(2) 
PARAMETRIC_REPRESENTATION_CONTEXT() REPRESENTATION_CONTEXT('2D SPACE',''
  ) );
#11070 = ORIENTED_EDGE('',*,*,#11071,.F.);
#11071 = EDGE_CURVE('',#10947,#11049,#11072,.T.);
#11072 = SURFACE_CURVE('',#11073,(#11078,#11085),.PCURVE_S1.);
#11073 = B_SPLINE_CURVE_WITH_KNOTS('',3,(#11074,#11075,#11076,#11077),
  .UNSPECIFIED.,.F.,.F.,(4,4),(0.,1.),.PIECEWISE_BEZIER_KNOTS.);
#11074 = CARTESIAN_POINT('',(18.65153125,-4.5,3.423878125));
#11075 = CARTESIAN_POINT('',(18.599154953781,-4.5,3.363693852906));
#11076 = CARTESIAN_POINT('',(18.617582756969,-4.5,3.276591216437));
#11077 = CARTESIAN_POINT('',(18.574927925781,-4.5,3.2113515625));
#11078 = PCURVE('',#5881,#11079);
#11079 = DEFINITIONAL_REPRESENTATION('',(#11080),#11084);
#11080 = LINE('',#11081,#11082);
#11081 = CARTESIAN_POINT('',(0.,0.));
#11082 = VECTOR('',#11083,1.);
#11083 = DIRECTION('',(1.,0.));
#11084 = ( GEOMETRIC_REPRESENTATION_CONTEXT(2) 
PARAMETRIC_REPRESENTATION_CONTEXT() REPRESENTATION_CONTEXT('2D SPACE',''
  ) );
#11085 = PCURVE('',#10571,#11086);
#11086 = DEFINITIONAL_REPRESENTATION('',(#11087),#11092);
#11087 = B_SPLINE_CURVE_WITH_KNOTS('',3,(#11088,#11089,#11090,#11091),
  .UNSPECIFIED.,.F.,.F.,(4,4),(0.,1.),.PIECEWISE_BEZIER_KNOTS.);
#11088 = CARTESIAN_POINT('',(3.423878125,-19.34846875));
#11089 = CARTESIAN_POINT('',(3.363693852906,-19.40084504621));
#11090 = CARTESIAN_POINT('',(3.276591216438,-19.38241724303));
#11091 = CARTESIAN_POINT('',(3.2113515625,-19.42507207421));
#11092 = ( GEOMETRIC_REPRESENTATION_CONTEXT(2) 
PARAMETRIC_REPRESENTATION_CONTEXT() REPRESENTATION_CONTEXT('2D SPACE',''
  ) );
#11093 = ADVANCED_FACE('',(#11094),#5056,.F.);
#11094 = FACE_BOUND('',#11095,.F.);
#11095 = EDGE_LOOP('',(#11096,#11119,#11120,#11121));
#11096 = ORIENTED_EDGE('',*,*,#11097,.T.);
#11097 = EDGE_CURVE('',#11098,#5039,#11100,.T.);
#11098 = VERTEX_POINT('',#11099);
#11099 = CARTESIAN_POINT('',(17.95144375,-4.5,2.523765625));
#11100 = SURFACE_CURVE('',#11101,(#11105,#11112),.PCURVE_S1.);
#11101 = LINE('',#11102,#11103);
#11102 = CARTESIAN_POINT('',(17.95144375,-4.5,2.523765625));
#11103 = VECTOR('',#11104,1.);
#11104 = DIRECTION('',(0.,1.,2.230669073875E-16));
#11105 = PCURVE('',#5056,#11106);
#11106 = DEFINITIONAL_REPRESENTATION('',(#11107),#11111);
#11107 = LINE('',#11108,#11109);
#11108 = CARTESIAN_POINT('',(0.,0.));
#11109 = VECTOR('',#11110,1.);
#11110 = DIRECTION('',(0.,-1.));
#11111 = ( GEOMETRIC_REPRESENTATION_CONTEXT(2) 
PARAMETRIC_REPRESENTATION_CONTEXT() REPRESENTATION_CONTEXT('2D SPACE',''
  ) );
#11112 = PCURVE('',#5089,#11113);
#11113 = DEFINITIONAL_REPRESENTATION('',(#11114),#11118);
#11114 = LINE('',#11115,#11116);
#11115 = CARTESIAN_POINT('',(1.,0.));
#11116 = VECTOR('',#11117,1.);
#11117 = DIRECTION('',(0.,-1.));
#11118 = ( GEOMETRIC_REPRESENTATION_CONTEXT(2) 
PARAMETRIC_REPRESENTATION_CONTEXT() REPRESENTATION_CONTEXT('2D SPACE',''
  ) );
#11119 = ORIENTED_EDGE('',*,*,#5038,.T.);
#11120 = ORIENTED_EDGE('',*,*,#10995,.F.);
#11121 = ORIENTED_EDGE('',*,*,#11122,.F.);
#11122 = EDGE_CURVE('',#11098,#10996,#11123,.T.);
#11123 = SURFACE_CURVE('',#11124,(#11129,#11136),.PCURVE_S1.);
#11124 = B_SPLINE_CURVE_WITH_KNOTS('',3,(#11125,#11126,#11127,#11128),
  .UNSPECIFIED.,.F.,.F.,(4,4),(0.,1.),.PIECEWISE_BEZIER_KNOTS.);
#11125 = CARTESIAN_POINT('',(17.95144375,-4.5,2.523765625));
#11126 = CARTESIAN_POINT('',(17.918871428969,-4.5,2.608533719688));
#11127 = CARTESIAN_POINT('',(17.84324022625,-4.5,2.67500252725));
#11128 = CARTESIAN_POINT('',(17.8139265625,-4.5,2.7612953125));
#11129 = PCURVE('',#5056,#11130);
#11130 = DEFINITIONAL_REPRESENTATION('',(#11131),#11135);
#11131 = LINE('',#11132,#11133);
#11132 = CARTESIAN_POINT('',(0.,0.));
#11133 = VECTOR('',#11134,1.);
#11134 = DIRECTION('',(1.,0.));
#11135 = ( GEOMETRIC_REPRESENTATION_CONTEXT(2) 
PARAMETRIC_REPRESENTATION_CONTEXT() REPRESENTATION_CONTEXT('2D SPACE',''
  ) );
#11136 = PCURVE('',#10571,#11137);
#11137 = DEFINITIONAL_REPRESENTATION('',(#11138),#11143);
#11138 = B_SPLINE_CURVE_WITH_KNOTS('',3,(#11139,#11140,#11141,#11142),
  .UNSPECIFIED.,.F.,.F.,(4,4),(0.,1.),.PIECEWISE_BEZIER_KNOTS.);
#11139 = CARTESIAN_POINT('',(2.523765625,-20.04855625));
#11140 = CARTESIAN_POINT('',(2.608533719688,-20.08112857103));
#11141 = CARTESIAN_POINT('',(2.67500252725,-20.15675977375));
#11142 = CARTESIAN_POINT('',(2.7612953125,-20.1860734375));
#11143 = ( GEOMETRIC_REPRESENTATION_CONTEXT(2) 
PARAMETRIC_REPRESENTATION_CONTEXT() REPRESENTATION_CONTEXT('2D SPACE',''
  ) );
#11144 = ADVANCED_FACE('',(#11145),#5848,.F.);
#11145 = FACE_BOUND('',#11146,.F.);
#11146 = EDGE_LOOP('',(#11147,#11148,#11149,#11172));
#11147 = ORIENTED_EDGE('',*,*,#11048,.T.);
#11148 = ORIENTED_EDGE('',*,*,#5830,.T.);
#11149 = ORIENTED_EDGE('',*,*,#11150,.F.);
#11150 = EDGE_CURVE('',#11151,#5798,#11153,.T.);
#11151 = VERTEX_POINT('',#11152);
#11152 = CARTESIAN_POINT('',(18.576523125156,-4.5,2.84880625));
#11153 = SURFACE_CURVE('',#11154,(#11158,#11165),.PCURVE_S1.);
#11154 = LINE('',#11155,#11156);
#11155 = CARTESIAN_POINT('',(18.576523125156,-4.5,2.84880625));
#11156 = VECTOR('',#11157,1.);
#11157 = DIRECTION('',(0.,1.,2.230669073875E-16));
#11158 = PCURVE('',#5848,#11159);
#11159 = DEFINITIONAL_REPRESENTATION('',(#11160),#11164);
#11160 = LINE('',#11161,#11162);
#11161 = CARTESIAN_POINT('',(1.,0.));
#11162 = VECTOR('',#11163,1.);
#11163 = DIRECTION('',(0.,-1.));
#11164 = ( GEOMETRIC_REPRESENTATION_CONTEXT(2) 
PARAMETRIC_REPRESENTATION_CONTEXT() REPRESENTATION_CONTEXT('2D SPACE',''
  ) );
#11165 = PCURVE('',#5815,#11166);
#11166 = DEFINITIONAL_REPRESENTATION('',(#11167),#11171);
#11167 = LINE('',#11168,#11169);
#11168 = CARTESIAN_POINT('',(0.,0.));
#11169 = VECTOR('',#11170,1.);
#11170 = DIRECTION('',(0.,-1.));
#11171 = ( GEOMETRIC_REPRESENTATION_CONTEXT(2) 
PARAMETRIC_REPRESENTATION_CONTEXT() REPRESENTATION_CONTEXT('2D SPACE',''
  ) );
#11172 = ORIENTED_EDGE('',*,*,#11173,.F.);
#11173 = EDGE_CURVE('',#11049,#11151,#11174,.T.);
#11174 = SURFACE_CURVE('',#11175,(#11180,#11187),.PCURVE_S1.);
#11175 = B_SPLINE_CURVE_WITH_KNOTS('',3,(#11176,#11177,#11178,#11179),
  .UNSPECIFIED.,.F.,.F.,(4,4),(0.,1.),.PIECEWISE_BEZIER_KNOTS.);
#11176 = CARTESIAN_POINT('',(18.574927925781,-4.5,3.2113515625));
#11177 = CARTESIAN_POINT('',(18.578658392031,-4.5,3.090758990313));
#11178 = CARTESIAN_POINT('',(18.575415486719,-4.5,2.969233801563));
#11179 = CARTESIAN_POINT('',(18.576523125156,-4.5,2.84880625));
#11180 = PCURVE('',#5848,#11181);
#11181 = DEFINITIONAL_REPRESENTATION('',(#11182),#11186);
#11182 = LINE('',#11183,#11184);
#11183 = CARTESIAN_POINT('',(0.,0.));
#11184 = VECTOR('',#11185,1.);
#11185 = DIRECTION('',(1.,0.));
#11186 = ( GEOMETRIC_REPRESENTATION_CONTEXT(2) 
PARAMETRIC_REPRESENTATION_CONTEXT() REPRESENTATION_CONTEXT('2D SPACE',''
  ) );
#11187 = PCURVE('',#10571,#11188);
#11188 = DEFINITIONAL_REPRESENTATION('',(#11189),#11194);
#11189 = B_SPLINE_CURVE_WITH_KNOTS('',3,(#11190,#11191,#11192,#11193),
  .UNSPECIFIED.,.F.,.F.,(4,4),(0.,1.),.PIECEWISE_BEZIER_KNOTS.);
#11190 = CARTESIAN_POINT('',(3.2113515625,-19.42507207421));
#11191 = CARTESIAN_POINT('',(3.090758990313,-19.42134160796));
#11192 = CARTESIAN_POINT('',(2.969233801563,-19.42458451328));
#11193 = CARTESIAN_POINT('',(2.84880625,-19.42347687484));
#11194 = ( GEOMETRIC_REPRESENTATION_CONTEXT(2) 
PARAMETRIC_REPRESENTATION_CONTEXT() REPRESENTATION_CONTEXT('2D SPACE',''
  ) );
#11195 = ADVANCED_FACE('',(#11196),#5089,.F.);
#11196 = FACE_BOUND('',#11197,.F.);
#11197 = EDGE_LOOP('',(#11198,#11221,#11222,#11223));
#11198 = ORIENTED_EDGE('',*,*,#11199,.T.);
#11199 = EDGE_CURVE('',#11200,#5072,#11202,.T.);
#11200 = VERTEX_POINT('',#11201);
#11201 = CARTESIAN_POINT('',(18.111821544719,-4.5,2.363389080438));
#11202 = SURFACE_CURVE('',#11203,(#11207,#11214),.PCURVE_S1.);
#11203 = LINE('',#11204,#11205);
#11204 = CARTESIAN_POINT('',(18.111821544719,-4.5,2.363389080438));
#11205 = VECTOR('',#11206,1.);
#11206 = DIRECTION('',(0.,1.,2.230669073875E-16));
#11207 = PCURVE('',#5089,#11208);
#11208 = DEFINITIONAL_REPRESENTATION('',(#11209),#11213);
#11209 = LINE('',#11210,#11211);
#11210 = CARTESIAN_POINT('',(0.,0.));
#11211 = VECTOR('',#11212,1.);
#11212 = DIRECTION('',(0.,-1.));
#11213 = ( GEOMETRIC_REPRESENTATION_CONTEXT(2) 
PARAMETRIC_REPRESENTATION_CONTEXT() REPRESENTATION_CONTEXT('2D SPACE',''
  ) );
#11214 = PCURVE('',#5122,#11215);
#11215 = DEFINITIONAL_REPRESENTATION('',(#11216),#11220);
#11216 = LINE('',#11217,#11218);
#11217 = CARTESIAN_POINT('',(1.,0.));
#11218 = VECTOR('',#11219,1.);
#11219 = DIRECTION('',(0.,-1.));
#11220 = ( GEOMETRIC_REPRESENTATION_CONTEXT(2) 
PARAMETRIC_REPRESENTATION_CONTEXT() REPRESENTATION_CONTEXT('2D SPACE',''
  ) );
#11221 = ORIENTED_EDGE('',*,*,#5071,.T.);
#11222 = ORIENTED_EDGE('',*,*,#11097,.F.);
#11223 = ORIENTED_EDGE('',*,*,#11224,.F.);
#11224 = EDGE_CURVE('',#11200,#11098,#11225,.T.);
#11225 = SURFACE_CURVE('',#11226,(#11231,#11238),.PCURVE_S1.);
#11226 = B_SPLINE_CURVE_WITH_KNOTS('',3,(#11227,#11228,#11229,#11230),
  .UNSPECIFIED.,.F.,.F.,(4,4),(0.,1.),.PIECEWISE_BEZIER_KNOTS.);
#11227 = CARTESIAN_POINT('',(18.111821544719,-4.5,2.363389080438));
#11228 = CARTESIAN_POINT('',(18.05843912275,-4.5,2.416913520156));
#11229 = CARTESIAN_POINT('',(18.004724659281,-4.5,2.470283440562));
#11230 = CARTESIAN_POINT('',(17.95144375,-4.5,2.523765625));
#11231 = PCURVE('',#5089,#11232);
#11232 = DEFINITIONAL_REPRESENTATION('',(#11233),#11237);
#11233 = LINE('',#11234,#11235);
#11234 = CARTESIAN_POINT('',(0.,0.));
#11235 = VECTOR('',#11236,1.);
#11236 = DIRECTION('',(1.,0.));
#11237 = ( GEOMETRIC_REPRESENTATION_CONTEXT(2) 
PARAMETRIC_REPRESENTATION_CONTEXT() REPRESENTATION_CONTEXT('2D SPACE',''
  ) );
#11238 = PCURVE('',#10571,#11239);
#11239 = DEFINITIONAL_REPRESENTATION('',(#11240),#11245);
#11240 = B_SPLINE_CURVE_WITH_KNOTS('',3,(#11241,#11242,#11243,#11244),
  .UNSPECIFIED.,.F.,.F.,(4,4),(0.,1.),.PIECEWISE_BEZIER_KNOTS.);
#11241 = CARTESIAN_POINT('',(2.363389080438,-19.88817845528));
#11242 = CARTESIAN_POINT('',(2.416913520156,-19.94156087725));
#11243 = CARTESIAN_POINT('',(2.470283440563,-19.99527534071));
#11244 = CARTESIAN_POINT('',(2.523765625,-20.04855625));
#11245 = ( GEOMETRIC_REPRESENTATION_CONTEXT(2) 
PARAMETRIC_REPRESENTATION_CONTEXT() REPRESENTATION_CONTEXT('2D SPACE',''
  ) );
#11246 = ADVANCED_FACE('',(#11247),#5815,.F.);
#11247 = FACE_BOUND('',#11248,.F.);
#11248 = EDGE_LOOP('',(#11249,#11250,#11251,#11274));
#11249 = ORIENTED_EDGE('',*,*,#11150,.T.);
#11250 = ORIENTED_EDGE('',*,*,#5797,.T.);
#11251 = ORIENTED_EDGE('',*,*,#11252,.F.);
#11252 = EDGE_CURVE('',#11253,#5765,#11255,.T.);
#11253 = VERTEX_POINT('',#11254);
#11254 = CARTESIAN_POINT('',(18.664034062656,-4.5,2.6362796875));
#11255 = SURFACE_CURVE('',#11256,(#11260,#11267),.PCURVE_S1.);
#11256 = LINE('',#11257,#11258);
#11257 = CARTESIAN_POINT('',(18.664034062656,-4.5,2.6362796875));
#11258 = VECTOR('',#11259,1.);
#11259 = DIRECTION('',(0.,1.,2.230669073875E-16));
#11260 = PCURVE('',#5815,#11261);
#11261 = DEFINITIONAL_REPRESENTATION('',(#11262),#11266);
#11262 = LINE('',#11263,#11264);
#11263 = CARTESIAN_POINT('',(1.,0.));
#11264 = VECTOR('',#11265,1.);
#11265 = DIRECTION('',(0.,-1.));
#11266 = ( GEOMETRIC_REPRESENTATION_CONTEXT(2) 
PARAMETRIC_REPRESENTATION_CONTEXT() REPRESENTATION_CONTEXT('2D SPACE',''
  ) );
#11267 = PCURVE('',#5782,#11268);
#11268 = DEFINITIONAL_REPRESENTATION('',(#11269),#11273);
#11269 = LINE('',#11270,#11271);
#11270 = CARTESIAN_POINT('',(0.,0.));
#11271 = VECTOR('',#11272,1.);
#11272 = DIRECTION('',(0.,-1.));
#11273 = ( GEOMETRIC_REPRESENTATION_CONTEXT(2) 
PARAMETRIC_REPRESENTATION_CONTEXT() REPRESENTATION_CONTEXT('2D SPACE',''
  ) );
#11274 = ORIENTED_EDGE('',*,*,#11275,.F.);
#11275 = EDGE_CURVE('',#11151,#11253,#11276,.T.);
#11276 = SURFACE_CURVE('',#11277,(#11282,#11289),.PCURVE_S1.);
#11277 = B_SPLINE_CURVE_WITH_KNOTS('',3,(#11278,#11279,#11280,#11281),
  .UNSPECIFIED.,.F.,.F.,(4,4),(0.,1.),.PIECEWISE_BEZIER_KNOTS.);
#11278 = CARTESIAN_POINT('',(18.576523125156,-4.5,2.84880625));
#11279 = CARTESIAN_POINT('',(18.613067192594,-4.5,2.781014277063));
#11280 = CARTESIAN_POINT('',(18.615115448594,-4.5,2.699386574875));
#11281 = CARTESIAN_POINT('',(18.664034062656,-4.5,2.6362796875));
#11282 = PCURVE('',#5815,#11283);
#11283 = DEFINITIONAL_REPRESENTATION('',(#11284),#11288);
#11284 = LINE('',#11285,#11286);
#11285 = CARTESIAN_POINT('',(0.,0.));
#11286 = VECTOR('',#11287,1.);
#11287 = DIRECTION('',(1.,0.));
#11288 = ( GEOMETRIC_REPRESENTATION_CONTEXT(2) 
PARAMETRIC_REPRESENTATION_CONTEXT() REPRESENTATION_CONTEXT('2D SPACE',''
  ) );
#11289 = PCURVE('',#10571,#11290);
#11290 = DEFINITIONAL_REPRESENTATION('',(#11291),#11296);
#11291 = B_SPLINE_CURVE_WITH_KNOTS('',3,(#11292,#11293,#11294,#11295),
  .UNSPECIFIED.,.F.,.F.,(4,4),(0.,1.),.PIECEWISE_BEZIER_KNOTS.);
#11292 = CARTESIAN_POINT('',(2.84880625,-19.42347687484));
#11293 = CARTESIAN_POINT('',(2.781014277063,-19.3869328074));
#11294 = CARTESIAN_POINT('',(2.699386574875,-19.3848845514));
#11295 = CARTESIAN_POINT('',(2.6362796875,-19.33596593734));
#11296 = ( GEOMETRIC_REPRESENTATION_CONTEXT(2) 
PARAMETRIC_REPRESENTATION_CONTEXT() REPRESENTATION_CONTEXT('2D SPACE',''
  ) );
#11297 = ADVANCED_FACE('',(#11298),#5122,.F.);
#11298 = FACE_BOUND('',#11299,.F.);
#11299 = EDGE_LOOP('',(#11300,#11323,#11324,#11325));
#11300 = ORIENTED_EDGE('',*,*,#11301,.T.);
#11301 = EDGE_CURVE('',#11302,#5105,#11304,.T.);
#11302 = VERTEX_POINT('',#11303);
#11303 = CARTESIAN_POINT('',(18.241719029875,-4.5,2.258494720281));
#11304 = SURFACE_CURVE('',#11305,(#11309,#11316),.PCURVE_S1.);
#11305 = LINE('',#11306,#11307);
#11306 = CARTESIAN_POINT('',(18.241719029875,-4.5,2.258494720281));
#11307 = VECTOR('',#11308,1.);
#11308 = DIRECTION('',(0.,1.,2.230669073875E-16));
#11309 = PCURVE('',#5122,#11310);
#11310 = DEFINITIONAL_REPRESENTATION('',(#11311),#11315);
#11311 = LINE('',#11312,#11313);
#11312 = CARTESIAN_POINT('',(0.,0.));
#11313 = VECTOR('',#11314,1.);
#11314 = DIRECTION('',(0.,-1.));
#11315 = ( GEOMETRIC_REPRESENTATION_CONTEXT(2) 
PARAMETRIC_REPRESENTATION_CONTEXT() REPRESENTATION_CONTEXT('2D SPACE',''
  ) );
#11316 = PCURVE('',#5155,#11317);
#11317 = DEFINITIONAL_REPRESENTATION('',(#11318),#11322);
#11318 = LINE('',#11319,#11320);
#11319 = CARTESIAN_POINT('',(1.,0.));
#11320 = VECTOR('',#11321,1.);
#11321 = DIRECTION('',(0.,-1.));
#11322 = ( GEOMETRIC_REPRESENTATION_CONTEXT(2) 
PARAMETRIC_REPRESENTATION_CONTEXT() REPRESENTATION_CONTEXT('2D SPACE',''
  ) );
#11323 = ORIENTED_EDGE('',*,*,#5104,.T.);
#11324 = ORIENTED_EDGE('',*,*,#11199,.F.);
#11325 = ORIENTED_EDGE('',*,*,#11326,.F.);
#11326 = EDGE_CURVE('',#11302,#11200,#11327,.T.);
#11327 = SURFACE_CURVE('',#11328,(#11333,#11340),.PCURVE_S1.);
#11328 = B_SPLINE_CURVE_WITH_KNOTS('',3,(#11329,#11330,#11331,#11332),
  .UNSPECIFIED.,.F.,.F.,(4,4),(0.,1.),.PIECEWISE_BEZIER_KNOTS.);
#11329 = CARTESIAN_POINT('',(18.241719029875,-4.5,2.258494720281));
#11330 = CARTESIAN_POINT('',(18.201983563563,-4.5,2.301668116281));
#11331 = CARTESIAN_POINT('',(18.148598141219,-4.5,2.312967528531));
#11332 = CARTESIAN_POINT('',(18.111821544719,-4.5,2.363389080438));
#11333 = PCURVE('',#5122,#11334);
#11334 = DEFINITIONAL_REPRESENTATION('',(#11335),#11339);
#11335 = LINE('',#11336,#11337);
#11336 = CARTESIAN_POINT('',(0.,0.));
#11337 = VECTOR('',#11338,1.);
#11338 = DIRECTION('',(1.,0.));
#11339 = ( GEOMETRIC_REPRESENTATION_CONTEXT(2) 
PARAMETRIC_REPRESENTATION_CONTEXT() REPRESENTATION_CONTEXT('2D SPACE',''
  ) );
#11340 = PCURVE('',#10571,#11341);
#11341 = DEFINITIONAL_REPRESENTATION('',(#11342),#11347);
#11342 = B_SPLINE_CURVE_WITH_KNOTS('',3,(#11343,#11344,#11345,#11346),
  .UNSPECIFIED.,.F.,.F.,(4,4),(0.,1.),.PIECEWISE_BEZIER_KNOTS.);
#11343 = CARTESIAN_POINT('',(2.258494720281,-19.75828097012));
#11344 = CARTESIAN_POINT('',(2.301668116281,-19.79801643643));
#11345 = CARTESIAN_POINT('',(2.312967528531,-19.85140185878));
#11346 = CARTESIAN_POINT('',(2.363389080438,-19.88817845528));
#11347 = ( GEOMETRIC_REPRESENTATION_CONTEXT(2) 
PARAMETRIC_REPRESENTATION_CONTEXT() REPRESENTATION_CONTEXT('2D SPACE',''
  ) );
#11348 = ADVANCED_FACE('',(#11349),#5782,.F.);
#11349 = FACE_BOUND('',#11350,.F.);
#11350 = EDGE_LOOP('',(#11351,#11352,#11353,#11376));
#11351 = ORIENTED_EDGE('',*,*,#11252,.T.);
#11352 = ORIENTED_EDGE('',*,*,#5764,.T.);
#11353 = ORIENTED_EDGE('',*,*,#11354,.F.);
#11354 = EDGE_CURVE('',#11355,#5732,#11357,.T.);
#11355 = VERTEX_POINT('',#11356);
#11356 = CARTESIAN_POINT('',(18.786311595437,-4.5,2.463995904719));
#11357 = SURFACE_CURVE('',#11358,(#11362,#11369),.PCURVE_S1.);
#11358 = LINE('',#11359,#11360);
#11359 = CARTESIAN_POINT('',(18.786311595437,-4.5,2.463995904719));
#11360 = VECTOR('',#11361,1.);
#11361 = DIRECTION('',(0.,1.,2.230669073875E-16));
#11362 = PCURVE('',#5782,#11363);
#11363 = DEFINITIONAL_REPRESENTATION('',(#11364),#11368);
#11364 = LINE('',#11365,#11366);
#11365 = CARTESIAN_POINT('',(1.,0.));
#11366 = VECTOR('',#11367,1.);
#11367 = DIRECTION('',(0.,-1.));
#11368 = ( GEOMETRIC_REPRESENTATION_CONTEXT(2) 
PARAMETRIC_REPRESENTATION_CONTEXT() REPRESENTATION_CONTEXT('2D SPACE',''
  ) );
#11369 = PCURVE('',#5749,#11370);
#11370 = DEFINITIONAL_REPRESENTATION('',(#11371),#11375);
#11371 = LINE('',#11372,#11373);
#11372 = CARTESIAN_POINT('',(0.,0.));
#11373 = VECTOR('',#11374,1.);
#11374 = DIRECTION('',(0.,-1.));
#11375 = ( GEOMETRIC_REPRESENTATION_CONTEXT(2) 
PARAMETRIC_REPRESENTATION_CONTEXT() REPRESENTATION_CONTEXT('2D SPACE',''
  ) );
#11376 = ORIENTED_EDGE('',*,*,#11377,.F.);
#11377 = EDGE_CURVE('',#11253,#11355,#11378,.T.);
#11378 = SURFACE_CURVE('',#11379,(#11384,#11391),.PCURVE_S1.);
#11379 = B_SPLINE_CURVE_WITH_KNOTS('',3,(#11380,#11381,#11382,#11383),
  .UNSPECIFIED.,.F.,.F.,(4,4),(0.,1.),.PIECEWISE_BEZIER_KNOTS.);
#11380 = CARTESIAN_POINT('',(18.664034062656,-4.5,2.6362796875));
#11381 = CARTESIAN_POINT('',(18.698597632563,-4.5,2.576183426406));
#11382 = CARTESIAN_POINT('',(18.730750651188,-4.5,2.51533457125));
#11383 = CARTESIAN_POINT('',(18.786311595437,-4.5,2.463995904719));
#11384 = PCURVE('',#5782,#11385);
#11385 = DEFINITIONAL_REPRESENTATION('',(#11386),#11390);
#11386 = LINE('',#11387,#11388);
#11387 = CARTESIAN_POINT('',(0.,0.));
#11388 = VECTOR('',#11389,1.);
#11389 = DIRECTION('',(1.,0.));
#11390 = ( GEOMETRIC_REPRESENTATION_CONTEXT(2) 
PARAMETRIC_REPRESENTATION_CONTEXT() REPRESENTATION_CONTEXT('2D SPACE',''
  ) );
#11391 = PCURVE('',#10571,#11392);
#11392 = DEFINITIONAL_REPRESENTATION('',(#11393),#11398);
#11393 = B_SPLINE_CURVE_WITH_KNOTS('',3,(#11394,#11395,#11396,#11397),
  .UNSPECIFIED.,.F.,.F.,(4,4),(0.,1.),.PIECEWISE_BEZIER_KNOTS.);
#11394 = CARTESIAN_POINT('',(2.6362796875,-19.33596593734));
#11395 = CARTESIAN_POINT('',(2.576183426406,-19.30140236743));
#11396 = CARTESIAN_POINT('',(2.51533457125,-19.26924934881));
#11397 = CARTESIAN_POINT('',(2.463995904719,-19.21368840456));
#11398 = ( GEOMETRIC_REPRESENTATION_CONTEXT(2) 
PARAMETRIC_REPRESENTATION_CONTEXT() REPRESENTATION_CONTEXT('2D SPACE',''
  ) );
#11399 = ADVANCED_FACE('',(#11400),#5155,.F.);
#11400 = FACE_BOUND('',#11401,.F.);
#11401 = EDGE_LOOP('',(#11402,#11425,#11426,#11427));
#11402 = ORIENTED_EDGE('',*,*,#11403,.T.);
#11403 = EDGE_CURVE('',#11404,#5138,#11406,.T.);
#11404 = VERTEX_POINT('',#11405);
#11405 = CARTESIAN_POINT('',(18.414002812656,-4.5,2.137717375));
#11406 = SURFACE_CURVE('',#11407,(#11411,#11418),.PCURVE_S1.);
#11407 = LINE('',#11408,#11409);
#11408 = CARTESIAN_POINT('',(18.414002812656,-4.5,2.137717375));
#11409 = VECTOR('',#11410,1.);
#11410 = DIRECTION('',(0.,1.,2.230669073875E-16));
#11411 = PCURVE('',#5155,#11412);
#11412 = DEFINITIONAL_REPRESENTATION('',(#11413),#11417);
#11413 = LINE('',#11414,#11415);
#11414 = CARTESIAN_POINT('',(0.,0.));
#11415 = VECTOR('',#11416,1.);
#11416 = DIRECTION('',(0.,-1.));
#11417 = ( GEOMETRIC_REPRESENTATION_CONTEXT(2) 
PARAMETRIC_REPRESENTATION_CONTEXT() REPRESENTATION_CONTEXT('2D SPACE',''
  ) );
#11418 = PCURVE('',#5188,#11419);
#11419 = DEFINITIONAL_REPRESENTATION('',(#11420),#11424);
#11420 = LINE('',#11421,#11422);
#11421 = CARTESIAN_POINT('',(1.,0.));
#11422 = VECTOR('',#11423,1.);
#11423 = DIRECTION('',(0.,-1.));
#11424 = ( GEOMETRIC_REPRESENTATION_CONTEXT(2) 
PARAMETRIC_REPRESENTATION_CONTEXT() REPRESENTATION_CONTEXT('2D SPACE',''
  ) );
#11425 = ORIENTED_EDGE('',*,*,#5137,.T.);
#11426 = ORIENTED_EDGE('',*,*,#11301,.F.);
#11427 = ORIENTED_EDGE('',*,*,#11428,.F.);
#11428 = EDGE_CURVE('',#11404,#11302,#11429,.T.);
#11429 = SURFACE_CURVE('',#11430,(#11435,#11442),.PCURVE_S1.);
#11430 = B_SPLINE_CURVE_WITH_KNOTS('',3,(#11431,#11432,#11433,#11434),
  .UNSPECIFIED.,.F.,.F.,(4,4),(0.,1.),.PIECEWISE_BEZIER_KNOTS.);
#11431 = CARTESIAN_POINT('',(18.414002812656,-4.5,2.137717375));
#11432 = CARTESIAN_POINT('',(18.352302351063,-4.5,2.16979938475));
#11433 = CARTESIAN_POINT('',(18.293259471625,-4.5,2.203723374719));
#11434 = CARTESIAN_POINT('',(18.241719029875,-4.5,2.258494720281));
#11435 = PCURVE('',#5155,#11436);
#11436 = DEFINITIONAL_REPRESENTATION('',(#11437),#11441);
#11437 = LINE('',#11438,#11439);
#11438 = CARTESIAN_POINT('',(0.,0.));
#11439 = VECTOR('',#11440,1.);
#11440 = DIRECTION('',(1.,0.));
#11441 = ( GEOMETRIC_REPRESENTATION_CONTEXT(2) 
PARAMETRIC_REPRESENTATION_CONTEXT() REPRESENTATION_CONTEXT('2D SPACE',''
  ) );
#11442 = PCURVE('',#10571,#11443);
#11443 = DEFINITIONAL_REPRESENTATION('',(#11444),#11449);
#11444 = B_SPLINE_CURVE_WITH_KNOTS('',3,(#11445,#11446,#11447,#11448),
  .UNSPECIFIED.,.F.,.F.,(4,4),(0.,1.),.PIECEWISE_BEZIER_KNOTS.);
#11445 = CARTESIAN_POINT('',(2.137717375,-19.58599718734));
#11446 = CARTESIAN_POINT('',(2.16979938475,-19.64769764893));
#11447 = CARTESIAN_POINT('',(2.203723374719,-19.70674052837));
#11448 = CARTESIAN_POINT('',(2.258494720281,-19.75828097012));
#11449 = ( GEOMETRIC_REPRESENTATION_CONTEXT(2) 
PARAMETRIC_REPRESENTATION_CONTEXT() REPRESENTATION_CONTEXT('2D SPACE',''
  ) );
#11450 = ADVANCED_FACE('',(#11451),#5749,.F.);
#11451 = FACE_BOUND('',#11452,.F.);
#11452 = EDGE_LOOP('',(#11453,#11454,#11455,#11478));
#11453 = ORIENTED_EDGE('',*,*,#11354,.T.);
#11454 = ORIENTED_EDGE('',*,*,#5731,.T.);
#11455 = ORIENTED_EDGE('',*,*,#11456,.F.);
#11456 = EDGE_CURVE('',#11457,#5699,#11459,.T.);
#11457 = VERTEX_POINT('',#11458);
#11458 = CARTESIAN_POINT('',(18.939068437656,-4.5,2.34874375));
#11459 = SURFACE_CURVE('',#11460,(#11464,#11471),.PCURVE_S1.);
#11460 = LINE('',#11461,#11462);
#11461 = CARTESIAN_POINT('',(18.939068437656,-4.5,2.34874375));
#11462 = VECTOR('',#11463,1.);
#11463 = DIRECTION('',(0.,1.,2.230669073875E-16));
#11464 = PCURVE('',#5749,#11465);
#11465 = DEFINITIONAL_REPRESENTATION('',(#11466),#11470);
#11466 = LINE('',#11467,#11468);
#11467 = CARTESIAN_POINT('',(1.,0.));
#11468 = VECTOR('',#11469,1.);
#11469 = DIRECTION('',(0.,-1.));
#11470 = ( GEOMETRIC_REPRESENTATION_CONTEXT(2) 
PARAMETRIC_REPRESENTATION_CONTEXT() REPRESENTATION_CONTEXT('2D SPACE',''
  ) );
#11471 = PCURVE('',#5716,#11472);
#11472 = DEFINITIONAL_REPRESENTATION('',(#11473),#11477);
#11473 = LINE('',#11474,#11475);
#11474 = CARTESIAN_POINT('',(0.,0.));
#11475 = VECTOR('',#11476,1.);
#11476 = DIRECTION('',(0.,-1.));
#11477 = ( GEOMETRIC_REPRESENTATION_CONTEXT(2) 
PARAMETRIC_REPRESENTATION_CONTEXT() REPRESENTATION_CONTEXT('2D SPACE',''
  ) );
#11478 = ORIENTED_EDGE('',*,*,#11479,.F.);
#11479 = EDGE_CURVE('',#11355,#11457,#11480,.T.);
#11480 = SURFACE_CURVE('',#11481,(#11486,#11493),.PCURVE_S1.);
#11481 = B_SPLINE_CURVE_WITH_KNOTS('',3,(#11482,#11483,#11484,#11485),
  .UNSPECIFIED.,.F.,.F.,(4,4),(0.,1.),.PIECEWISE_BEZIER_KNOTS.);
#11482 = CARTESIAN_POINT('',(18.786311595437,-4.5,2.463995904719));
#11483 = CARTESIAN_POINT('',(18.836326096469,-4.5,2.423405831594));
#11484 = CARTESIAN_POINT('',(18.888149073531,-4.5,2.387162301719));
#11485 = CARTESIAN_POINT('',(18.939068437656,-4.5,2.34874375));
#11486 = PCURVE('',#5749,#11487);
#11487 = DEFINITIONAL_REPRESENTATION('',(#11488),#11492);
#11488 = LINE('',#11489,#11490);
#11489 = CARTESIAN_POINT('',(0.,0.));
#11490 = VECTOR('',#11491,1.);
#11491 = DIRECTION('',(1.,0.));
#11492 = ( GEOMETRIC_REPRESENTATION_CONTEXT(2) 
PARAMETRIC_REPRESENTATION_CONTEXT() REPRESENTATION_CONTEXT('2D SPACE',''
  ) );
#11493 = PCURVE('',#10571,#11494);
#11494 = DEFINITIONAL_REPRESENTATION('',(#11495),#11500);
#11495 = B_SPLINE_CURVE_WITH_KNOTS('',3,(#11496,#11497,#11498,#11499),
  .UNSPECIFIED.,.F.,.F.,(4,4),(0.,1.),.PIECEWISE_BEZIER_KNOTS.);
#11496 = CARTESIAN_POINT('',(2.463995904719,-19.21368840456));
#11497 = CARTESIAN_POINT('',(2.423405831594,-19.16367390353));
#11498 = CARTESIAN_POINT('',(2.387162301719,-19.11185092646));
#11499 = CARTESIAN_POINT('',(2.34874375,-19.06093156234));
#11500 = ( GEOMETRIC_REPRESENTATION_CONTEXT(2) 
PARAMETRIC_REPRESENTATION_CONTEXT() REPRESENTATION_CONTEXT('2D SPACE',''
  ) );
#11501 = ADVANCED_FACE('',(#11502),#5188,.F.);
#11502 = FACE_BOUND('',#11503,.F.);
#11503 = EDGE_LOOP('',(#11504,#11527,#11528,#11529));
#11504 = ORIENTED_EDGE('',*,*,#11505,.T.);
#11505 = EDGE_CURVE('',#11506,#5171,#11508,.T.);
#11506 = VERTEX_POINT('',#11507);
#11507 = CARTESIAN_POINT('',(18.651532500156,-4.5,1.9987));
#11508 = SURFACE_CURVE('',#11509,(#11513,#11520),.PCURVE_S1.);
#11509 = LINE('',#11510,#11511);
#11510 = CARTESIAN_POINT('',(18.651532500156,-4.5,1.9987));
#11511 = VECTOR('',#11512,1.);
#11512 = DIRECTION('',(0.,1.,2.230669073875E-16));
#11513 = PCURVE('',#5188,#11514);
#11514 = DEFINITIONAL_REPRESENTATION('',(#11515),#11519);
#11515 = LINE('',#11516,#11517);
#11516 = CARTESIAN_POINT('',(0.,0.));
#11517 = VECTOR('',#11518,1.);
#11518 = DIRECTION('',(0.,-1.));
#11519 = ( GEOMETRIC_REPRESENTATION_CONTEXT(2) 
PARAMETRIC_REPRESENTATION_CONTEXT() REPRESENTATION_CONTEXT('2D SPACE',''
  ) );
#11520 = PCURVE('',#5221,#11521);
#11521 = DEFINITIONAL_REPRESENTATION('',(#11522),#11526);
#11522 = LINE('',#11523,#11524);
#11523 = CARTESIAN_POINT('',(1.,0.));
#11524 = VECTOR('',#11525,1.);
#11525 = DIRECTION('',(0.,-1.));
#11526 = ( GEOMETRIC_REPRESENTATION_CONTEXT(2) 
PARAMETRIC_REPRESENTATION_CONTEXT() REPRESENTATION_CONTEXT('2D SPACE',''
  ) );
#11527 = ORIENTED_EDGE('',*,*,#5170,.T.);
#11528 = ORIENTED_EDGE('',*,*,#11403,.F.);
#11529 = ORIENTED_EDGE('',*,*,#11530,.F.);
#11530 = EDGE_CURVE('',#11506,#11404,#11531,.T.);
#11531 = SURFACE_CURVE('',#11532,(#11537,#11544),.PCURVE_S1.);
#11532 = B_SPLINE_CURVE_WITH_KNOTS('',3,(#11533,#11534,#11535,#11536),
  .UNSPECIFIED.,.F.,.F.,(4,4),(0.,1.),.PIECEWISE_BEZIER_KNOTS.);
#11533 = CARTESIAN_POINT('',(18.651532500156,-4.5,1.9987));
#11534 = CARTESIAN_POINT('',(18.578337601938,-4.5,2.058911775531));
#11535 = CARTESIAN_POINT('',(18.482099073625,-4.5,2.067419338844));
#11536 = CARTESIAN_POINT('',(18.414002812656,-4.5,2.137717375));
#11537 = PCURVE('',#5188,#11538);
#11538 = DEFINITIONAL_REPRESENTATION('',(#11539),#11543);
#11539 = LINE('',#11540,#11541);
#11540 = CARTESIAN_POINT('',(0.,0.));
#11541 = VECTOR('',#11542,1.);
#11542 = DIRECTION('',(1.,0.));
#11543 = ( GEOMETRIC_REPRESENTATION_CONTEXT(2) 
PARAMETRIC_REPRESENTATION_CONTEXT() REPRESENTATION_CONTEXT('2D SPACE',''
  ) );
#11544 = PCURVE('',#10571,#11545);
#11545 = DEFINITIONAL_REPRESENTATION('',(#11546),#11551);
#11546 = B_SPLINE_CURVE_WITH_KNOTS('',3,(#11547,#11548,#11549,#11550),
  .UNSPECIFIED.,.F.,.F.,(4,4),(0.,1.),.PIECEWISE_BEZIER_KNOTS.);
#11547 = CARTESIAN_POINT('',(1.9987,-19.34846749984));
#11548 = CARTESIAN_POINT('',(2.058911775531,-19.42166239806));
#11549 = CARTESIAN_POINT('',(2.067419338844,-19.51790092637));
#11550 = CARTESIAN_POINT('',(2.137717375,-19.58599718734));
#11551 = ( GEOMETRIC_REPRESENTATION_CONTEXT(2) 
PARAMETRIC_REPRESENTATION_CONTEXT() REPRESENTATION_CONTEXT('2D SPACE',''
  ) );
#11552 = ADVANCED_FACE('',(#11553),#5716,.F.);
#11553 = FACE_BOUND('',#11554,.F.);
#11554 = EDGE_LOOP('',(#11555,#11556,#11557,#11580));
#11555 = ORIENTED_EDGE('',*,*,#11456,.T.);
#11556 = ORIENTED_EDGE('',*,*,#5698,.T.);
#11557 = ORIENTED_EDGE('',*,*,#11558,.F.);
#11558 = EDGE_CURVE('',#11559,#5666,#11561,.T.);
#11559 = VERTEX_POINT('',#11560);
#11560 = CARTESIAN_POINT('',(19.151595000156,-4.5,2.273734375));
#11561 = SURFACE_CURVE('',#11562,(#11566,#11573),.PCURVE_S1.);
#11562 = LINE('',#11563,#11564);
#11563 = CARTESIAN_POINT('',(19.151595000156,-4.5,2.273734375));
#11564 = VECTOR('',#11565,1.);
#11565 = DIRECTION('',(0.,1.,2.230669073875E-16));
#11566 = PCURVE('',#5716,#11567);
#11567 = DEFINITIONAL_REPRESENTATION('',(#11568),#11572);
#11568 = LINE('',#11569,#11570);
#11569 = CARTESIAN_POINT('',(1.,0.));
#11570 = VECTOR('',#11571,1.);
#11571 = DIRECTION('',(0.,-1.));
#11572 = ( GEOMETRIC_REPRESENTATION_CONTEXT(2) 
PARAMETRIC_REPRESENTATION_CONTEXT() REPRESENTATION_CONTEXT('2D SPACE',''
  ) );
#11573 = PCURVE('',#5683,#11574);
#11574 = DEFINITIONAL_REPRESENTATION('',(#11575),#11579);
#11575 = LINE('',#11576,#11577);
#11576 = CARTESIAN_POINT('',(0.,0.));
#11577 = VECTOR('',#11578,1.);
#11578 = DIRECTION('',(0.,-1.));
#11579 = ( GEOMETRIC_REPRESENTATION_CONTEXT(2) 
PARAMETRIC_REPRESENTATION_CONTEXT() REPRESENTATION_CONTEXT('2D SPACE',''
  ) );
#11580 = ORIENTED_EDGE('',*,*,#11581,.F.);
#11581 = EDGE_CURVE('',#11457,#11559,#11582,.T.);
#11582 = SURFACE_CURVE('',#11583,(#11588,#11595),.PCURVE_S1.);
#11583 = B_SPLINE_CURVE_WITH_KNOTS('',3,(#11584,#11585,#11586,#11587),
  .UNSPECIFIED.,.F.,.F.,(4,4),(0.,1.),.PIECEWISE_BEZIER_KNOTS.);
#11584 = CARTESIAN_POINT('',(18.939068437656,-4.5,2.34874375));
#11585 = CARTESIAN_POINT('',(19.007161948281,-4.5,2.316110171313));
#11586 = CARTESIAN_POINT('',(19.072290338313,-4.5,2.278125423813));
#11587 = CARTESIAN_POINT('',(19.151595000156,-4.5,2.273734375));
#11588 = PCURVE('',#5716,#11589);
#11589 = DEFINITIONAL_REPRESENTATION('',(#11590),#11594);
#11590 = LINE('',#11591,#11592);
#11591 = CARTESIAN_POINT('',(0.,0.));
#11592 = VECTOR('',#11593,1.);
#11593 = DIRECTION('',(1.,0.));
#11594 = ( GEOMETRIC_REPRESENTATION_CONTEXT(2) 
PARAMETRIC_REPRESENTATION_CONTEXT() REPRESENTATION_CONTEXT('2D SPACE',''
  ) );
#11595 = PCURVE('',#10571,#11596);
#11596 = DEFINITIONAL_REPRESENTATION('',(#11597),#11602);
#11597 = B_SPLINE_CURVE_WITH_KNOTS('',3,(#11598,#11599,#11600,#11601),
  .UNSPECIFIED.,.F.,.F.,(4,4),(0.,1.),.PIECEWISE_BEZIER_KNOTS.);
#11598 = CARTESIAN_POINT('',(2.34874375,-19.06093156234));
#11599 = CARTESIAN_POINT('',(2.316110171313,-18.99283805171));
#11600 = CARTESIAN_POINT('',(2.278125423813,-18.92770966168));
#11601 = CARTESIAN_POINT('',(2.273734375,-18.84840499984));
#11602 = ( GEOMETRIC_REPRESENTATION_CONTEXT(2) 
PARAMETRIC_REPRESENTATION_CONTEXT() REPRESENTATION_CONTEXT('2D SPACE',''
  ) );
#11603 = ADVANCED_FACE('',(#11604),#5221,.F.);
#11604 = FACE_BOUND('',#11605,.F.);
#11605 = EDGE_LOOP('',(#11606,#11629,#11630,#11631));
#11606 = ORIENTED_EDGE('',*,*,#11607,.T.);
#11607 = EDGE_CURVE('',#11608,#5204,#11610,.T.);
#11608 = VERTEX_POINT('',#11609);
#11609 = CARTESIAN_POINT('',(18.889062187656,-4.5,1.900281449219));
#11610 = SURFACE_CURVE('',#11611,(#11615,#11622),.PCURVE_S1.);
#11611 = LINE('',#11612,#11613);
#11612 = CARTESIAN_POINT('',(18.889062187656,-4.5,1.900281449219));
#11613 = VECTOR('',#11614,1.);
#11614 = DIRECTION('',(0.,1.,2.230669073875E-16));
#11615 = PCURVE('',#5221,#11616);
#11616 = DEFINITIONAL_REPRESENTATION('',(#11617),#11621);
#11617 = LINE('',#11618,#11619);
#11618 = CARTESIAN_POINT('',(0.,0.));
#11619 = VECTOR('',#11620,1.);
#11620 = DIRECTION('',(0.,-1.));
#11621 = ( GEOMETRIC_REPRESENTATION_CONTEXT(2) 
PARAMETRIC_REPRESENTATION_CONTEXT() REPRESENTATION_CONTEXT('2D SPACE',''
  ) );
#11622 = PCURVE('',#5254,#11623);
#11623 = DEFINITIONAL_REPRESENTATION('',(#11624),#11628);
#11624 = LINE('',#11625,#11626);
#11625 = CARTESIAN_POINT('',(1.,0.));
#11626 = VECTOR('',#11627,1.);
#11627 = DIRECTION('',(0.,-1.));
#11628 = ( GEOMETRIC_REPRESENTATION_CONTEXT(2) 
PARAMETRIC_REPRESENTATION_CONTEXT() REPRESENTATION_CONTEXT('2D SPACE',''
  ) );
#11629 = ORIENTED_EDGE('',*,*,#5203,.T.);
#11630 = ORIENTED_EDGE('',*,*,#11505,.F.);
#11631 = ORIENTED_EDGE('',*,*,#11632,.F.);
#11632 = EDGE_CURVE('',#11608,#11506,#11633,.T.);
#11633 = SURFACE_CURVE('',#11634,(#11639,#11646),.PCURVE_S1.);
#11634 = B_SPLINE_CURVE_WITH_KNOTS('',3,(#11635,#11636,#11637,#11638),
  .UNSPECIFIED.,.F.,.F.,(4,4),(0.,1.),.PIECEWISE_BEZIER_KNOTS.);
#11635 = CARTESIAN_POINT('',(18.889062187656,-4.5,1.900281449219));
#11636 = CARTESIAN_POINT('',(18.800722146531,-4.5,1.905932905563));
#11637 = CARTESIAN_POINT('',(18.736722397563,-4.5,1.981457094906));
#11638 = CARTESIAN_POINT('',(18.651532500156,-4.5,1.9987));
#11639 = PCURVE('',#5221,#11640);
#11640 = DEFINITIONAL_REPRESENTATION('',(#11641),#11645);
#11641 = LINE('',#11642,#11643);
#11642 = CARTESIAN_POINT('',(0.,0.));
#11643 = VECTOR('',#11644,1.);
#11644 = DIRECTION('',(1.,0.));
#11645 = ( GEOMETRIC_REPRESENTATION_CONTEXT(2) 
PARAMETRIC_REPRESENTATION_CONTEXT() REPRESENTATION_CONTEXT('2D SPACE',''
  ) );
#11646 = PCURVE('',#10571,#11647);
#11647 = DEFINITIONAL_REPRESENTATION('',(#11648),#11653);
#11648 = B_SPLINE_CURVE_WITH_KNOTS('',3,(#11649,#11650,#11651,#11652),
  .UNSPECIFIED.,.F.,.F.,(4,4),(0.,1.),.PIECEWISE_BEZIER_KNOTS.);
#11649 = CARTESIAN_POINT('',(1.900281449219,-19.11093781234));
#11650 = CARTESIAN_POINT('',(1.905932905563,-19.19927785346));
#11651 = CARTESIAN_POINT('',(1.981457094906,-19.26327760243));
#11652 = CARTESIAN_POINT('',(1.9987,-19.34846749984));
#11653 = ( GEOMETRIC_REPRESENTATION_CONTEXT(2) 
PARAMETRIC_REPRESENTATION_CONTEXT() REPRESENTATION_CONTEXT('2D SPACE',''
  ) );
#11654 = ADVANCED_FACE('',(#11655),#5683,.F.);
#11655 = FACE_BOUND('',#11656,.F.);
#11656 = EDGE_LOOP('',(#11657,#11658,#11659,#11682));
#11657 = ORIENTED_EDGE('',*,*,#11558,.T.);
#11658 = ORIENTED_EDGE('',*,*,#5665,.T.);
#11659 = ORIENTED_EDGE('',*,*,#11660,.F.);
#11660 = EDGE_CURVE('',#11661,#5633,#11663,.T.);
#11661 = VERTEX_POINT('',#11662);
#11662 = CARTESIAN_POINT('',(19.308517613031,-4.5,2.24873125));
#11663 = SURFACE_CURVE('',#11664,(#11668,#11675),.PCURVE_S1.);
#11664 = LINE('',#11665,#11666);
#11665 = CARTESIAN_POINT('',(19.308517613031,-4.5,2.24873125));
#11666 = VECTOR('',#11667,1.);
#11667 = DIRECTION('',(0.,1.,2.230669073875E-16));
#11668 = PCURVE('',#5683,#11669);
#11669 = DEFINITIONAL_REPRESENTATION('',(#11670),#11674);
#11670 = LINE('',#11671,#11672);
#11671 = CARTESIAN_POINT('',(1.,0.));
#11672 = VECTOR('',#11673,1.);
#11673 = DIRECTION('',(0.,-1.));
#11674 = ( GEOMETRIC_REPRESENTATION_CONTEXT(2) 
PARAMETRIC_REPRESENTATION_CONTEXT() REPRESENTATION_CONTEXT('2D SPACE',''
  ) );
#11675 = PCURVE('',#5650,#11676);
#11676 = DEFINITIONAL_REPRESENTATION('',(#11677),#11681);
#11677 = LINE('',#11678,#11679);
#11678 = CARTESIAN_POINT('',(0.,0.));
#11679 = VECTOR('',#11680,1.);
#11680 = DIRECTION('',(0.,-1.));
#11681 = ( GEOMETRIC_REPRESENTATION_CONTEXT(2) 
PARAMETRIC_REPRESENTATION_CONTEXT() REPRESENTATION_CONTEXT('2D SPACE',''
  ) );
#11682 = ORIENTED_EDGE('',*,*,#11683,.F.);
#11683 = EDGE_CURVE('',#11559,#11661,#11684,.T.);
#11684 = SURFACE_CURVE('',#11685,(#11690,#11697),.PCURVE_S1.);
#11685 = B_SPLINE_CURVE_WITH_KNOTS('',3,(#11686,#11687,#11688,#11689),
  .UNSPECIFIED.,.F.,.F.,(4,4),(0.,1.),.PIECEWISE_BEZIER_KNOTS.);
#11686 = CARTESIAN_POINT('',(19.151595000156,-4.5,2.273734375));
#11687 = CARTESIAN_POINT('',(19.209211201281,-4.5,2.278733499813));
#11688 = CARTESIAN_POINT('',(19.24666363225,-4.5,2.233876643406));
#11689 = CARTESIAN_POINT('',(19.308517613031,-4.5,2.24873125));
#11690 = PCURVE('',#5683,#11691);
#11691 = DEFINITIONAL_REPRESENTATION('',(#11692),#11696);
#11692 = LINE('',#11693,#11694);
#11693 = CARTESIAN_POINT('',(0.,0.));
#11694 = VECTOR('',#11695,1.);
#11695 = DIRECTION('',(1.,0.));
#11696 = ( GEOMETRIC_REPRESENTATION_CONTEXT(2) 
PARAMETRIC_REPRESENTATION_CONTEXT() REPRESENTATION_CONTEXT('2D SPACE',''
  ) );
#11697 = PCURVE('',#10571,#11698);
#11698 = DEFINITIONAL_REPRESENTATION('',(#11699),#11704);
#11699 = B_SPLINE_CURVE_WITH_KNOTS('',3,(#11700,#11701,#11702,#11703),
  .UNSPECIFIED.,.F.,.F.,(4,4),(0.,1.),.PIECEWISE_BEZIER_KNOTS.);
#11700 = CARTESIAN_POINT('',(2.273734375,-18.84840499984));
#11701 = CARTESIAN_POINT('',(2.278733499813,-18.79078879871));
#11702 = CARTESIAN_POINT('',(2.233876643406,-18.75333636775));
#11703 = CARTESIAN_POINT('',(2.24873125,-18.69148238696));
#11704 = ( GEOMETRIC_REPRESENTATION_CONTEXT(2) 
PARAMETRIC_REPRESENTATION_CONTEXT() REPRESENTATION_CONTEXT('2D SPACE',''
  ) );
#11705 = ADVANCED_FACE('',(#11706),#5254,.F.);
#11706 = FACE_BOUND('',#11707,.F.);
#11707 = EDGE_LOOP('',(#11708,#11731,#11732,#11733));
#11708 = ORIENTED_EDGE('',*,*,#11709,.T.);
#11709 = EDGE_CURVE('',#11710,#5237,#11712,.T.);
#11710 = VERTEX_POINT('',#11711);
#11711 = CARTESIAN_POINT('',(19.112784149406,-4.5,1.823678125));
#11712 = SURFACE_CURVE('',#11713,(#11717,#11724),.PCURVE_S1.);
#11713 = LINE('',#11714,#11715);
#11714 = CARTESIAN_POINT('',(19.112784149406,-4.5,1.823678125));
#11715 = VECTOR('',#11716,1.);
#11716 = DIRECTION('',(0.,1.,2.230669073875E-16));
#11717 = PCURVE('',#5254,#11718);
#11718 = DEFINITIONAL_REPRESENTATION('',(#11719),#11723);
#11719 = LINE('',#11720,#11721);
#11720 = CARTESIAN_POINT('',(0.,0.));
#11721 = VECTOR('',#11722,1.);
#11722 = DIRECTION('',(0.,-1.));
#11723 = ( GEOMETRIC_REPRESENTATION_CONTEXT(2) 
PARAMETRIC_REPRESENTATION_CONTEXT() REPRESENTATION_CONTEXT('2D SPACE',''
  ) );
#11724 = PCURVE('',#5287,#11725);
#11725 = DEFINITIONAL_REPRESENTATION('',(#11726),#11730);
#11726 = LINE('',#11727,#11728);
#11727 = CARTESIAN_POINT('',(1.,0.));
#11728 = VECTOR('',#11729,1.);
#11729 = DIRECTION('',(0.,-1.));
#11730 = ( GEOMETRIC_REPRESENTATION_CONTEXT(2) 
PARAMETRIC_REPRESENTATION_CONTEXT() REPRESENTATION_CONTEXT('2D SPACE',''
  ) );
#11731 = ORIENTED_EDGE('',*,*,#5236,.T.);
#11732 = ORIENTED_EDGE('',*,*,#11607,.F.);
#11733 = ORIENTED_EDGE('',*,*,#11734,.F.);
#11734 = EDGE_CURVE('',#11710,#11608,#11735,.T.);
#11735 = SURFACE_CURVE('',#11736,(#11741,#11748),.PCURVE_S1.);
#11736 = B_SPLINE_CURVE_WITH_KNOTS('',3,(#11737,#11738,#11739,#11740),
  .UNSPECIFIED.,.F.,.F.,(4,4),(0.,1.),.PIECEWISE_BEZIER_KNOTS.);
#11737 = CARTESIAN_POINT('',(19.112784149406,-4.5,1.823678125));
#11738 = CARTESIAN_POINT('',(19.035455984594,-4.5,1.84319456425));
#11739 = CARTESIAN_POINT('',(18.96135597325,-4.5,1.865897901813));
#11740 = CARTESIAN_POINT('',(18.889062187656,-4.5,1.900281449219));
#11741 = PCURVE('',#5254,#11742);
#11742 = DEFINITIONAL_REPRESENTATION('',(#11743),#11747);
#11743 = LINE('',#11744,#11745);
#11744 = CARTESIAN_POINT('',(0.,0.));
#11745 = VECTOR('',#11746,1.);
#11746 = DIRECTION('',(1.,0.));
#11747 = ( GEOMETRIC_REPRESENTATION_CONTEXT(2) 
PARAMETRIC_REPRESENTATION_CONTEXT() REPRESENTATION_CONTEXT('2D SPACE',''
  ) );
#11748 = PCURVE('',#10571,#11749);
#11749 = DEFINITIONAL_REPRESENTATION('',(#11750),#11755);
#11750 = B_SPLINE_CURVE_WITH_KNOTS('',3,(#11751,#11752,#11753,#11754),
  .UNSPECIFIED.,.F.,.F.,(4,4),(0.,1.),.PIECEWISE_BEZIER_KNOTS.);
#11751 = CARTESIAN_POINT('',(1.823678125,-18.88721585059));
#11752 = CARTESIAN_POINT('',(1.84319456425,-18.9645440154));
#11753 = CARTESIAN_POINT('',(1.865897901813,-19.03864402675));
#11754 = CARTESIAN_POINT('',(1.900281449219,-19.11093781234));
#11755 = ( GEOMETRIC_REPRESENTATION_CONTEXT(2) 
PARAMETRIC_REPRESENTATION_CONTEXT() REPRESENTATION_CONTEXT('2D SPACE',''
  ) );
#11756 = ADVANCED_FACE('',(#11757),#5650,.F.);
#11757 = FACE_BOUND('',#11758,.F.);
#11758 = EDGE_LOOP('',(#11759,#11760,#11761,#11784));
#11759 = ORIENTED_EDGE('',*,*,#11660,.T.);
#11760 = ORIENTED_EDGE('',*,*,#5632,.T.);
#11761 = ORIENTED_EDGE('',*,*,#11762,.F.);
#11762 = EDGE_CURVE('',#11763,#5600,#11765,.T.);
#11763 = VERTEX_POINT('',#11764);
#11764 = CARTESIAN_POINT('',(19.465440225906,-4.5,2.273734375));
#11765 = SURFACE_CURVE('',#11766,(#11770,#11777),.PCURVE_S1.);
#11766 = LINE('',#11767,#11768);
#11767 = CARTESIAN_POINT('',(19.465440225906,-4.5,2.273734375));
#11768 = VECTOR('',#11769,1.);
#11769 = DIRECTION('',(0.,1.,2.230669073875E-16));
#11770 = PCURVE('',#5650,#11771);
#11771 = DEFINITIONAL_REPRESENTATION('',(#11772),#11776);
#11772 = LINE('',#11773,#11774);
#11773 = CARTESIAN_POINT('',(1.,0.));
#11774 = VECTOR('',#11775,1.);
#11775 = DIRECTION('',(0.,-1.));
#11776 = ( GEOMETRIC_REPRESENTATION_CONTEXT(2) 
PARAMETRIC_REPRESENTATION_CONTEXT() REPRESENTATION_CONTEXT('2D SPACE',''
  ) );
#11777 = PCURVE('',#5617,#11778);
#11778 = DEFINITIONAL_REPRESENTATION('',(#11779),#11783);
#11779 = LINE('',#11780,#11781);
#11780 = CARTESIAN_POINT('',(0.,0.));
#11781 = VECTOR('',#11782,1.);
#11782 = DIRECTION('',(0.,-1.));
#11783 = ( GEOMETRIC_REPRESENTATION_CONTEXT(2) 
PARAMETRIC_REPRESENTATION_CONTEXT() REPRESENTATION_CONTEXT('2D SPACE',''
  ) );
#11784 = ORIENTED_EDGE('',*,*,#11785,.F.);
#11785 = EDGE_CURVE('',#11661,#11763,#11786,.T.);
#11786 = SURFACE_CURVE('',#11787,(#11792,#11799),.PCURVE_S1.);
#11787 = B_SPLINE_CURVE_WITH_KNOTS('',3,(#11788,#11789,#11790,#11791),
  .UNSPECIFIED.,.F.,.F.,(4,4),(0.,1.),.PIECEWISE_BEZIER_KNOTS.);
#11788 = CARTESIAN_POINT('',(19.308517613031,-4.5,2.24873125));
#11789 = CARTESIAN_POINT('',(19.369881532563,-4.5,2.234929274969));
#11790 = CARTESIAN_POINT('',(19.404633876063,-4.5,2.286272692094));
#11791 = CARTESIAN_POINT('',(19.465440225906,-4.5,2.273734375));
#11792 = PCURVE('',#5650,#11793);
#11793 = DEFINITIONAL_REPRESENTATION('',(#11794),#11798);
#11794 = LINE('',#11795,#11796);
#11795 = CARTESIAN_POINT('',(0.,0.));
#11796 = VECTOR('',#11797,1.);
#11797 = DIRECTION('',(1.,0.));
#11798 = ( GEOMETRIC_REPRESENTATION_CONTEXT(2) 
PARAMETRIC_REPRESENTATION_CONTEXT() REPRESENTATION_CONTEXT('2D SPACE',''
  ) );
#11799 = PCURVE('',#10571,#11800);
#11800 = DEFINITIONAL_REPRESENTATION('',(#11801),#11806);
#11801 = B_SPLINE_CURVE_WITH_KNOTS('',3,(#11802,#11803,#11804,#11805),
  .UNSPECIFIED.,.F.,.F.,(4,4),(0.,1.),.PIECEWISE_BEZIER_KNOTS.);
#11802 = CARTESIAN_POINT('',(2.24873125,-18.69148238696));
#11803 = CARTESIAN_POINT('',(2.234929274969,-18.63011846743));
#11804 = CARTESIAN_POINT('',(2.286272692094,-18.59536612393));
#11805 = CARTESIAN_POINT('',(2.273734375,-18.53455977409));
#11806 = ( GEOMETRIC_REPRESENTATION_CONTEXT(2) 
PARAMETRIC_REPRESENTATION_CONTEXT() REPRESENTATION_CONTEXT('2D SPACE',''
  ) );
#11807 = ADVANCED_FACE('',(#11808),#5287,.F.);
#11808 = FACE_BOUND('',#11809,.F.);
#11809 = EDGE_LOOP('',(#11810,#11833,#11834,#11835));
#11810 = ORIENTED_EDGE('',*,*,#11811,.T.);
#11811 = EDGE_CURVE('',#11812,#5270,#11814,.T.);
#11812 = VERTEX_POINT('',#11813);
#11813 = CARTESIAN_POINT('',(19.269706762281,-4.5,1.798675));
#11814 = SURFACE_CURVE('',#11815,(#11819,#11826),.PCURVE_S1.);
#11815 = LINE('',#11816,#11817);
#11816 = CARTESIAN_POINT('',(19.269706762281,-4.5,1.798675));
#11817 = VECTOR('',#11818,1.);
#11818 = DIRECTION('',(0.,1.,2.230669073875E-16));
#11819 = PCURVE('',#5287,#11820);
#11820 = DEFINITIONAL_REPRESENTATION('',(#11821),#11825);
#11821 = LINE('',#11822,#11823);
#11822 = CARTESIAN_POINT('',(0.,0.));
#11823 = VECTOR('',#11824,1.);
#11824 = DIRECTION('',(0.,-1.));
#11825 = ( GEOMETRIC_REPRESENTATION_CONTEXT(2) 
PARAMETRIC_REPRESENTATION_CONTEXT() REPRESENTATION_CONTEXT('2D SPACE',''
  ) );
#11826 = PCURVE('',#5320,#11827);
#11827 = DEFINITIONAL_REPRESENTATION('',(#11828),#11832);
#11828 = LINE('',#11829,#11830);
#11829 = CARTESIAN_POINT('',(1.,0.));
#11830 = VECTOR('',#11831,1.);
#11831 = DIRECTION('',(0.,-1.));
#11832 = ( GEOMETRIC_REPRESENTATION_CONTEXT(2) 
PARAMETRIC_REPRESENTATION_CONTEXT() REPRESENTATION_CONTEXT('2D SPACE',''
  ) );
#11833 = ORIENTED_EDGE('',*,*,#5269,.T.);
#11834 = ORIENTED_EDGE('',*,*,#11709,.F.);
#11835 = ORIENTED_EDGE('',*,*,#11836,.F.);
#11836 = EDGE_CURVE('',#11812,#11710,#11837,.T.);
#11837 = SURFACE_CURVE('',#11838,(#11843,#11850),.PCURVE_S1.);
#11838 = B_SPLINE_CURVE_WITH_KNOTS('',3,(#11839,#11840,#11841,#11842),
  .UNSPECIFIED.,.F.,.F.,(4,4),(0.,1.),.PIECEWISE_BEZIER_KNOTS.);
#11839 = CARTESIAN_POINT('',(19.269706762281,-4.5,1.798675));
#11840 = CARTESIAN_POINT('',(19.208941167531,-4.5,1.786571737281));
#11841 = CARTESIAN_POINT('',(19.165811276969,-4.5,1.817711129219));
#11842 = CARTESIAN_POINT('',(19.112784149406,-4.5,1.823678125));
#11843 = PCURVE('',#5287,#11844);
#11844 = DEFINITIONAL_REPRESENTATION('',(#11845),#11849);
#11845 = LINE('',#11846,#11847);
#11846 = CARTESIAN_POINT('',(0.,0.));
#11847 = VECTOR('',#11848,1.);
#11848 = DIRECTION('',(1.,0.));
#11849 = ( GEOMETRIC_REPRESENTATION_CONTEXT(2) 
PARAMETRIC_REPRESENTATION_CONTEXT() REPRESENTATION_CONTEXT('2D SPACE',''
  ) );
#11850 = PCURVE('',#10571,#11851);
#11851 = DEFINITIONAL_REPRESENTATION('',(#11852),#11857);
#11852 = B_SPLINE_CURVE_WITH_KNOTS('',3,(#11853,#11854,#11855,#11856),
  .UNSPECIFIED.,.F.,.F.,(4,4),(0.,1.),.PIECEWISE_BEZIER_KNOTS.);
#11853 = CARTESIAN_POINT('',(1.798675,-18.73029323771));
#11854 = CARTESIAN_POINT('',(1.786571737281,-18.79105883246));
#11855 = CARTESIAN_POINT('',(1.817711129219,-18.83418872303));
#11856 = CARTESIAN_POINT('',(1.823678125,-18.88721585059));
#11857 = ( GEOMETRIC_REPRESENTATION_CONTEXT(2) 
PARAMETRIC_REPRESENTATION_CONTEXT() REPRESENTATION_CONTEXT('2D SPACE',''
  ) );
#11858 = ADVANCED_FACE('',(#11859),#5617,.F.);
#11859 = FACE_BOUND('',#11860,.F.);
#11860 = EDGE_LOOP('',(#11861,#11862,#11863,#11886));
#11861 = ORIENTED_EDGE('',*,*,#11762,.T.);
#11862 = ORIENTED_EDGE('',*,*,#5599,.T.);
#11863 = ORIENTED_EDGE('',*,*,#11864,.F.);
#11864 = EDGE_CURVE('',#11865,#5567,#11867,.T.);
#11865 = VERTEX_POINT('',#11866);
#11866 = CARTESIAN_POINT('',(19.664159062656,-4.5,2.3362421875));
#11867 = SURFACE_CURVE('',#11868,(#11872,#11879),.PCURVE_S1.);
#11868 = LINE('',#11869,#11870);
#11869 = CARTESIAN_POINT('',(19.664159062656,-4.5,2.3362421875));
#11870 = VECTOR('',#11871,1.);
#11871 = DIRECTION('',(0.,1.,2.230669073875E-16));
#11872 = PCURVE('',#5617,#11873);
#11873 = DEFINITIONAL_REPRESENTATION('',(#11874),#11878);
#11874 = LINE('',#11875,#11876);
#11875 = CARTESIAN_POINT('',(1.,0.));
#11876 = VECTOR('',#11877,1.);
#11877 = DIRECTION('',(0.,-1.));
#11878 = ( GEOMETRIC_REPRESENTATION_CONTEXT(2) 
PARAMETRIC_REPRESENTATION_CONTEXT() REPRESENTATION_CONTEXT('2D SPACE',''
  ) );
#11879 = PCURVE('',#5584,#11880);
#11880 = DEFINITIONAL_REPRESENTATION('',(#11881),#11885);
#11881 = LINE('',#11882,#11883);
#11882 = CARTESIAN_POINT('',(0.,0.));
#11883 = VECTOR('',#11884,1.);
#11884 = DIRECTION('',(0.,-1.));
#11885 = ( GEOMETRIC_REPRESENTATION_CONTEXT(2) 
PARAMETRIC_REPRESENTATION_CONTEXT() REPRESENTATION_CONTEXT('2D SPACE',''
  ) );
#11886 = ORIENTED_EDGE('',*,*,#11887,.F.);
#11887 = EDGE_CURVE('',#11763,#11865,#11888,.T.);
#11888 = SURFACE_CURVE('',#11889,(#11894,#11901),.PCURVE_S1.);
#11889 = B_SPLINE_CURVE_WITH_KNOTS('',3,(#11890,#11891,#11892,#11893),
  .UNSPECIFIED.,.F.,.F.,(4,4),(0.,1.),.PIECEWISE_BEZIER_KNOTS.);
#11890 = CARTESIAN_POINT('',(19.465440225906,-4.5,2.273734375));
#11891 = CARTESIAN_POINT('',(19.541234699031,-4.5,2.271779130625));
#11892 = CARTESIAN_POINT('',(19.600549112406,-4.5,2.308086168438));
#11893 = CARTESIAN_POINT('',(19.664159062656,-4.5,2.3362421875));
#11894 = PCURVE('',#5617,#11895);
#11895 = DEFINITIONAL_REPRESENTATION('',(#11896),#11900);
#11896 = LINE('',#11897,#11898);
#11897 = CARTESIAN_POINT('',(0.,0.));
#11898 = VECTOR('',#11899,1.);
#11899 = DIRECTION('',(1.,0.));
#11900 = ( GEOMETRIC_REPRESENTATION_CONTEXT(2) 
PARAMETRIC_REPRESENTATION_CONTEXT() REPRESENTATION_CONTEXT('2D SPACE',''
  ) );
#11901 = PCURVE('',#10571,#11902);
#11902 = DEFINITIONAL_REPRESENTATION('',(#11903),#11908);
#11903 = B_SPLINE_CURVE_WITH_KNOTS('',3,(#11904,#11905,#11906,#11907),
  .UNSPECIFIED.,.F.,.F.,(4,4),(0.,1.),.PIECEWISE_BEZIER_KNOTS.);
#11904 = CARTESIAN_POINT('',(2.273734375,-18.53455977409));
#11905 = CARTESIAN_POINT('',(2.271779130625,-18.45876530096));
#11906 = CARTESIAN_POINT('',(2.308086168438,-18.39945088759));
#11907 = CARTESIAN_POINT('',(2.3362421875,-18.33584093734));
#11908 = ( GEOMETRIC_REPRESENTATION_CONTEXT(2) 
PARAMETRIC_REPRESENTATION_CONTEXT() REPRESENTATION_CONTEXT('2D SPACE',''
  ) );
#11909 = ADVANCED_FACE('',(#11910),#5320,.F.);
#11910 = FACE_BOUND('',#11911,.F.);
#11911 = EDGE_LOOP('',(#11912,#11935,#11936,#11937));
#11912 = ORIENTED_EDGE('',*,*,#11913,.T.);
#11913 = EDGE_CURVE('',#11914,#5303,#11916,.T.);
#11914 = VERTEX_POINT('',#11915);
#11915 = CARTESIAN_POINT('',(19.426629375156,-4.5,1.773671875));
#11916 = SURFACE_CURVE('',#11917,(#11921,#11928),.PCURVE_S1.);
#11917 = LINE('',#11918,#11919);
#11918 = CARTESIAN_POINT('',(19.426629375156,-4.5,1.773671875));
#11919 = VECTOR('',#11920,1.);
#11920 = DIRECTION('',(0.,1.,2.230669073875E-16));
#11921 = PCURVE('',#5320,#11922);
#11922 = DEFINITIONAL_REPRESENTATION('',(#11923),#11927);
#11923 = LINE('',#11924,#11925);
#11924 = CARTESIAN_POINT('',(0.,0.));
#11925 = VECTOR('',#11926,1.);
#11926 = DIRECTION('',(0.,-1.));
#11927 = ( GEOMETRIC_REPRESENTATION_CONTEXT(2) 
PARAMETRIC_REPRESENTATION_CONTEXT() REPRESENTATION_CONTEXT('2D SPACE',''
  ) );
#11928 = PCURVE('',#5353,#11929);
#11929 = DEFINITIONAL_REPRESENTATION('',(#11930),#11934);
#11930 = LINE('',#11931,#11932);
#11931 = CARTESIAN_POINT('',(1.,0.));
#11932 = VECTOR('',#11933,1.);
#11933 = DIRECTION('',(0.,-1.));
#11934 = ( GEOMETRIC_REPRESENTATION_CONTEXT(2) 
PARAMETRIC_REPRESENTATION_CONTEXT() REPRESENTATION_CONTEXT('2D SPACE',''
  ) );
#11935 = ORIENTED_EDGE('',*,*,#5302,.T.);
#11936 = ORIENTED_EDGE('',*,*,#11811,.F.);
#11937 = ORIENTED_EDGE('',*,*,#11938,.F.);
#11938 = EDGE_CURVE('',#11914,#11812,#11939,.T.);
#11939 = SURFACE_CURVE('',#11940,(#11945,#11952),.PCURVE_S1.);
#11940 = B_SPLINE_CURVE_WITH_KNOTS('',3,(#11941,#11942,#11943,#11944),
  .UNSPECIFIED.,.F.,.F.,(4,4),(0.,1.),.PIECEWISE_BEZIER_KNOTS.);
#11941 = CARTESIAN_POINT('',(19.426629375156,-4.5,1.773671875));
#11942 = CARTESIAN_POINT('',(19.367144440469,-4.5,1.7647787635));
#11943 = CARTESIAN_POINT('',(19.319324463719,-4.5,1.784420968469));
#11944 = CARTESIAN_POINT('',(19.269706762281,-4.5,1.798675));
#11945 = PCURVE('',#5320,#11946);
#11946 = DEFINITIONAL_REPRESENTATION('',(#11947),#11951);
#11947 = LINE('',#11948,#11949);
#11948 = CARTESIAN_POINT('',(0.,0.));
#11949 = VECTOR('',#11950,1.);
#11950 = DIRECTION('',(1.,0.));
#11951 = ( GEOMETRIC_REPRESENTATION_CONTEXT(2) 
PARAMETRIC_REPRESENTATION_CONTEXT() REPRESENTATION_CONTEXT('2D SPACE',''
  ) );
#11952 = PCURVE('',#10571,#11953);
#11953 = DEFINITIONAL_REPRESENTATION('',(#11954),#11959);
#11954 = B_SPLINE_CURVE_WITH_KNOTS('',3,(#11955,#11956,#11957,#11958),
  .UNSPECIFIED.,.F.,.F.,(4,4),(0.,1.),.PIECEWISE_BEZIER_KNOTS.);
#11955 = CARTESIAN_POINT('',(1.773671875,-18.57337062484));
#11956 = CARTESIAN_POINT('',(1.7647787635,-18.63285555953));
#11957 = CARTESIAN_POINT('',(1.784420968469,-18.68067553628));
#11958 = CARTESIAN_POINT('',(1.798675,-18.73029323771));
#11959 = ( GEOMETRIC_REPRESENTATION_CONTEXT(2) 
PARAMETRIC_REPRESENTATION_CONTEXT() REPRESENTATION_CONTEXT('2D SPACE',''
  ) );
#11960 = ADVANCED_FACE('',(#11961),#5584,.F.);
#11961 = FACE_BOUND('',#11962,.F.);
#11962 = EDGE_LOOP('',(#11963,#11964,#11965,#11988));
#11963 = ORIENTED_EDGE('',*,*,#11864,.T.);
#11964 = ORIENTED_EDGE('',*,*,#5566,.T.);
#11965 = ORIENTED_EDGE('',*,*,#11966,.F.);
#11966 = EDGE_CURVE('',#11967,#5534,#11969,.T.);
#11967 = VERTEX_POINT('',#11968);
#11968 = CARTESIAN_POINT('',(19.901688750156,-4.5,2.473759375));
#11969 = SURFACE_CURVE('',#11970,(#11974,#11981),.PCURVE_S1.);
#11970 = LINE('',#11971,#11972);
#11971 = CARTESIAN_POINT('',(19.901688750156,-4.5,2.473759375));
#11972 = VECTOR('',#11973,1.);
#11973 = DIRECTION('',(0.,1.,2.230669073875E-16));
#11974 = PCURVE('',#5584,#11975);
#11975 = DEFINITIONAL_REPRESENTATION('',(#11976),#11980);
#11976 = LINE('',#11977,#11978);
#11977 = CARTESIAN_POINT('',(1.,0.));
#11978 = VECTOR('',#11979,1.);
#11979 = DIRECTION('',(0.,-1.));
#11980 = ( GEOMETRIC_REPRESENTATION_CONTEXT(2) 
PARAMETRIC_REPRESENTATION_CONTEXT() REPRESENTATION_CONTEXT('2D SPACE',''
  ) );
#11981 = PCURVE('',#5551,#11982);
#11982 = DEFINITIONAL_REPRESENTATION('',(#11983),#11987);
#11983 = LINE('',#11984,#11985);
#11984 = CARTESIAN_POINT('',(0.,0.));
#11985 = VECTOR('',#11986,1.);
#11986 = DIRECTION('',(0.,-1.));
#11987 = ( GEOMETRIC_REPRESENTATION_CONTEXT(2) 
PARAMETRIC_REPRESENTATION_CONTEXT() REPRESENTATION_CONTEXT('2D SPACE',''
  ) );
#11988 = ORIENTED_EDGE('',*,*,#11989,.F.);
#11989 = EDGE_CURVE('',#11865,#11967,#11990,.T.);
#11990 = SURFACE_CURVE('',#11991,(#11996,#12003),.PCURVE_S1.);
#11991 = B_SPLINE_CURVE_WITH_KNOTS('',3,(#11992,#11993,#11994,#11995),
  .UNSPECIFIED.,.F.,.F.,(4,4),(0.,1.),.PIECEWISE_BEZIER_KNOTS.);
#11992 = CARTESIAN_POINT('',(19.664159062656,-4.5,2.3362421875));
#11993 = CARTESIAN_POINT('',(19.74669812875,-4.5,2.374207182531));
#11994 = CARTESIAN_POINT('',(19.826678125,-4.5,2.418242186219));
#11995 = CARTESIAN_POINT('',(19.901688750156,-4.5,2.473759375));
#11996 = PCURVE('',#5584,#11997);
#11997 = DEFINITIONAL_REPRESENTATION('',(#11998),#12002);
#11998 = LINE('',#11999,#12000);
#11999 = CARTESIAN_POINT('',(0.,0.));
#12000 = VECTOR('',#12001,1.);
#12001 = DIRECTION('',(1.,0.));
#12002 = ( GEOMETRIC_REPRESENTATION_CONTEXT(2) 
PARAMETRIC_REPRESENTATION_CONTEXT() REPRESENTATION_CONTEXT('2D SPACE',''
  ) );
#12003 = PCURVE('',#10571,#12004);
#12004 = DEFINITIONAL_REPRESENTATION('',(#12005),#12010);
#12005 = B_SPLINE_CURVE_WITH_KNOTS('',3,(#12006,#12007,#12008,#12009),
  .UNSPECIFIED.,.F.,.F.,(4,4),(0.,1.),.PIECEWISE_BEZIER_KNOTS.);
#12006 = CARTESIAN_POINT('',(2.3362421875,-18.33584093734));
#12007 = CARTESIAN_POINT('',(2.374207182531,-18.25330187125));
#12008 = CARTESIAN_POINT('',(2.418242186219,-18.173321875));
#12009 = CARTESIAN_POINT('',(2.473759375,-18.09831124984));
#12010 = ( GEOMETRIC_REPRESENTATION_CONTEXT(2) 
PARAMETRIC_REPRESENTATION_CONTEXT() REPRESENTATION_CONTEXT('2D SPACE',''
  ) );
#12011 = ADVANCED_FACE('',(#12012),#5353,.F.);
#12012 = FACE_BOUND('',#12013,.F.);
#12013 = EDGE_LOOP('',(#12014,#12037,#12038,#12039));
#12014 = ORIENTED_EDGE('',*,*,#12015,.T.);
#12015 = EDGE_CURVE('',#12016,#5336,#12018,.T.);
#12016 = VERTEX_POINT('',#12017);
#12017 = CARTESIAN_POINT('',(19.564146562656,-4.5,1.7861734375));
#12018 = SURFACE_CURVE('',#12019,(#12023,#12030),.PCURVE_S1.);
#12019 = LINE('',#12020,#12021);
#12020 = CARTESIAN_POINT('',(19.564146562656,-4.5,1.7861734375));
#12021 = VECTOR('',#12022,1.);
#12022 = DIRECTION('',(0.,1.,2.230669073875E-16));
#12023 = PCURVE('',#5353,#12024);
#12024 = DEFINITIONAL_REPRESENTATION('',(#12025),#12029);
#12025 = LINE('',#12026,#12027);
#12026 = CARTESIAN_POINT('',(0.,0.));
#12027 = VECTOR('',#12028,1.);
#12028 = DIRECTION('',(0.,-1.));
#12029 = ( GEOMETRIC_REPRESENTATION_CONTEXT(2) 
PARAMETRIC_REPRESENTATION_CONTEXT() REPRESENTATION_CONTEXT('2D SPACE',''
  ) );
#12030 = PCURVE('',#5386,#12031);
#12031 = DEFINITIONAL_REPRESENTATION('',(#12032),#12036);
#12032 = LINE('',#12033,#12034);
#12033 = CARTESIAN_POINT('',(1.,0.));
#12034 = VECTOR('',#12035,1.);
#12035 = DIRECTION('',(0.,-1.));
#12036 = ( GEOMETRIC_REPRESENTATION_CONTEXT(2) 
PARAMETRIC_REPRESENTATION_CONTEXT() REPRESENTATION_CONTEXT('2D SPACE',''
  ) );
#12037 = ORIENTED_EDGE('',*,*,#5335,.T.);
#12038 = ORIENTED_EDGE('',*,*,#11913,.F.);
#12039 = ORIENTED_EDGE('',*,*,#12040,.F.);
#12040 = EDGE_CURVE('',#12016,#11914,#12041,.T.);
#12041 = SURFACE_CURVE('',#12042,(#12047,#12054),.PCURVE_S1.);
#12042 = B_SPLINE_CURVE_WITH_KNOTS('',3,(#12043,#12044,#12045,#12046),
  .UNSPECIFIED.,.F.,.F.,(4,4),(0.,1.),.PIECEWISE_BEZIER_KNOTS.);
#12043 = CARTESIAN_POINT('',(19.564146562656,-4.5,1.7861734375));
#12044 = CARTESIAN_POINT('',(19.527168190938,-4.5,1.760251947719));
#12045 = CARTESIAN_POINT('',(19.471979543219,-4.5,1.779691377344));
#12046 = CARTESIAN_POINT('',(19.426629375156,-4.5,1.773671875));
#12047 = PCURVE('',#5353,#12048);
#12048 = DEFINITIONAL_REPRESENTATION('',(#12049),#12053);
#12049 = LINE('',#12050,#12051);
#12050 = CARTESIAN_POINT('',(0.,0.));
#12051 = VECTOR('',#12052,1.);
#12052 = DIRECTION('',(1.,0.));
#12053 = ( GEOMETRIC_REPRESENTATION_CONTEXT(2) 
PARAMETRIC_REPRESENTATION_CONTEXT() REPRESENTATION_CONTEXT('2D SPACE',''
  ) );
#12054 = PCURVE('',#10571,#12055);
#12055 = DEFINITIONAL_REPRESENTATION('',(#12056),#12061);
#12056 = B_SPLINE_CURVE_WITH_KNOTS('',3,(#12057,#12058,#12059,#12060),
  .UNSPECIFIED.,.F.,.F.,(4,4),(0.,1.),.PIECEWISE_BEZIER_KNOTS.);
#12057 = CARTESIAN_POINT('',(1.7861734375,-18.43585343734));
#12058 = CARTESIAN_POINT('',(1.760251947719,-18.47283180906));
#12059 = CARTESIAN_POINT('',(1.779691377344,-18.52802045678));
#12060 = CARTESIAN_POINT('',(1.773671875,-18.57337062484));
#12061 = ( GEOMETRIC_REPRESENTATION_CONTEXT(2) 
PARAMETRIC_REPRESENTATION_CONTEXT() REPRESENTATION_CONTEXT('2D SPACE',''
  ) );
#12062 = ADVANCED_FACE('',(#12063),#5551,.F.);
#12063 = FACE_BOUND('',#12064,.F.);
#12064 = EDGE_LOOP('',(#12065,#12066,#12067,#12090));
#12065 = ORIENTED_EDGE('',*,*,#11966,.T.);
#12066 = ORIENTED_EDGE('',*,*,#5533,.T.);
#12067 = ORIENTED_EDGE('',*,*,#12068,.F.);
#12068 = EDGE_CURVE('',#12069,#5501,#12071,.T.);
#12069 = VERTEX_POINT('',#12070);
#12070 = CARTESIAN_POINT('',(20.031586235313,-4.5,2.518883764844));
#12071 = SURFACE_CURVE('',#12072,(#12076,#12083),.PCURVE_S1.);
#12072 = LINE('',#12073,#12074);
#12073 = CARTESIAN_POINT('',(20.031586235313,-4.5,2.518883764844));
#12074 = VECTOR('',#12075,1.);
#12075 = DIRECTION('',(0.,1.,2.230669073875E-16));
#12076 = PCURVE('',#5551,#12077);
#12077 = DEFINITIONAL_REPRESENTATION('',(#12078),#12082);
#12078 = LINE('',#12079,#12080);
#12079 = CARTESIAN_POINT('',(1.,0.));
#12080 = VECTOR('',#12081,1.);
#12081 = DIRECTION('',(0.,-1.));
#12082 = ( GEOMETRIC_REPRESENTATION_CONTEXT(2) 
PARAMETRIC_REPRESENTATION_CONTEXT() REPRESENTATION_CONTEXT('2D SPACE',''
  ) );
#12083 = PCURVE('',#5518,#12084);
#12084 = DEFINITIONAL_REPRESENTATION('',(#12085),#12089);
#12085 = LINE('',#12086,#12087);
#12086 = CARTESIAN_POINT('',(0.,0.));
#12087 = VECTOR('',#12088,1.);
#12088 = DIRECTION('',(0.,-1.));
#12089 = ( GEOMETRIC_REPRESENTATION_CONTEXT(2) 
PARAMETRIC_REPRESENTATION_CONTEXT() REPRESENTATION_CONTEXT('2D SPACE',''
  ) );
#12090 = ORIENTED_EDGE('',*,*,#12091,.F.);
#12091 = EDGE_CURVE('',#11967,#12069,#12092,.T.);
#12092 = SURFACE_CURVE('',#12093,(#12098,#12105),.PCURVE_S1.);
#12093 = B_SPLINE_CURVE_WITH_KNOTS('',3,(#12094,#12095,#12096,#12097),
  .UNSPECIFIED.,.F.,.F.,(4,4),(0.,1.),.PIECEWISE_BEZIER_KNOTS.);
#12094 = CARTESIAN_POINT('',(19.901688750156,-4.5,2.473759375));
#12095 = CARTESIAN_POINT('',(19.940070047219,-4.5,2.505033033719));
#12096 = CARTESIAN_POINT('',(19.9877262535,-4.5,2.594675987687));
#12097 = CARTESIAN_POINT('',(20.031586235313,-4.5,2.518883764844));
#12098 = PCURVE('',#5551,#12099);
#12099 = DEFINITIONAL_REPRESENTATION('',(#12100),#12104);
#12100 = LINE('',#12101,#12102);
#12101 = CARTESIAN_POINT('',(0.,0.));
#12102 = VECTOR('',#12103,1.);
#12103 = DIRECTION('',(1.,0.));
#12104 = ( GEOMETRIC_REPRESENTATION_CONTEXT(2) 
PARAMETRIC_REPRESENTATION_CONTEXT() REPRESENTATION_CONTEXT('2D SPACE',''
  ) );
#12105 = PCURVE('',#10571,#12106);
#12106 = DEFINITIONAL_REPRESENTATION('',(#12107),#12112);
#12107 = B_SPLINE_CURVE_WITH_KNOTS('',3,(#12108,#12109,#12110,#12111),
  .UNSPECIFIED.,.F.,.F.,(4,4),(0.,1.),.PIECEWISE_BEZIER_KNOTS.);
#12108 = CARTESIAN_POINT('',(2.473759375,-18.09831124984));
#12109 = CARTESIAN_POINT('',(2.505033033719,-18.05992995278));
#12110 = CARTESIAN_POINT('',(2.594675987688,-18.0122737465));
#12111 = CARTESIAN_POINT('',(2.518883764844,-17.96841376468));
#12112 = ( GEOMETRIC_REPRESENTATION_CONTEXT(2) 
PARAMETRIC_REPRESENTATION_CONTEXT() REPRESENTATION_CONTEXT('2D SPACE',''
  ) );
#12113 = ADVANCED_FACE('',(#12114),#5386,.F.);
#12114 = FACE_BOUND('',#12115,.F.);
#12115 = EDGE_LOOP('',(#12116,#12139,#12140,#12141));
#12116 = ORIENTED_EDGE('',*,*,#12117,.T.);
#12117 = EDGE_CURVE('',#12118,#5369,#12120,.T.);
#12118 = VERTEX_POINT('',#12119);
#12119 = CARTESIAN_POINT('',(19.726666875156,-4.5,1.823678125));
#12120 = SURFACE_CURVE('',#12121,(#12125,#12132),.PCURVE_S1.);
#12121 = LINE('',#12122,#12123);
#12122 = CARTESIAN_POINT('',(19.726666875156,-4.5,1.823678125));
#12123 = VECTOR('',#12124,1.);
#12124 = DIRECTION('',(0.,1.,2.230669073875E-16));
#12125 = PCURVE('',#5386,#12126);
#12126 = DEFINITIONAL_REPRESENTATION('',(#12127),#12131);
#12127 = LINE('',#12128,#12129);
#12128 = CARTESIAN_POINT('',(0.,0.));
#12129 = VECTOR('',#12130,1.);
#12130 = DIRECTION('',(0.,-1.));
#12131 = ( GEOMETRIC_REPRESENTATION_CONTEXT(2) 
PARAMETRIC_REPRESENTATION_CONTEXT() REPRESENTATION_CONTEXT('2D SPACE',''
  ) );
#12132 = PCURVE('',#5419,#12133);
#12133 = DEFINITIONAL_REPRESENTATION('',(#12134),#12138);
#12134 = LINE('',#12135,#12136);
#12135 = CARTESIAN_POINT('',(1.,0.));
#12136 = VECTOR('',#12137,1.);
#12137 = DIRECTION('',(0.,-1.));
#12138 = ( GEOMETRIC_REPRESENTATION_CONTEXT(2) 
PARAMETRIC_REPRESENTATION_CONTEXT() REPRESENTATION_CONTEXT('2D SPACE',''
  ) );
#12139 = ORIENTED_EDGE('',*,*,#5368,.T.);
#12140 = ORIENTED_EDGE('',*,*,#12015,.F.);
#12141 = ORIENTED_EDGE('',*,*,#12142,.F.);
#12142 = EDGE_CURVE('',#12118,#12016,#12143,.T.);
#12143 = SURFACE_CURVE('',#12144,(#12149,#12156),.PCURVE_S1.);
#12144 = B_SPLINE_CURVE_WITH_KNOTS('',3,(#12145,#12146,#12147,#12148),
  .UNSPECIFIED.,.F.,.F.,(4,4),(0.,1.),.PIECEWISE_BEZIER_KNOTS.);
#12145 = CARTESIAN_POINT('',(19.726666875156,-4.5,1.823678125));
#12146 = CARTESIAN_POINT('',(19.690109306031,-4.5,1.7675711125));
#12147 = CARTESIAN_POINT('',(19.608248074656,-4.5,1.823753134375));
#12148 = CARTESIAN_POINT('',(19.564146562656,-4.5,1.7861734375));
#12149 = PCURVE('',#5386,#12150);
#12150 = DEFINITIONAL_REPRESENTATION('',(#12151),#12155);
#12151 = LINE('',#12152,#12153);
#12152 = CARTESIAN_POINT('',(0.,0.));
#12153 = VECTOR('',#12154,1.);
#12154 = DIRECTION('',(1.,0.));
#12155 = ( GEOMETRIC_REPRESENTATION_CONTEXT(2) 
PARAMETRIC_REPRESENTATION_CONTEXT() REPRESENTATION_CONTEXT('2D SPACE',''
  ) );
#12156 = PCURVE('',#10571,#12157);
#12157 = DEFINITIONAL_REPRESENTATION('',(#12158),#12163);
#12158 = B_SPLINE_CURVE_WITH_KNOTS('',3,(#12159,#12160,#12161,#12162),
  .UNSPECIFIED.,.F.,.F.,(4,4),(0.,1.),.PIECEWISE_BEZIER_KNOTS.);
#12159 = CARTESIAN_POINT('',(1.823678125,-18.27333312484));
#12160 = CARTESIAN_POINT('',(1.7675711125,-18.30989069396));
#12161 = CARTESIAN_POINT('',(1.823753134375,-18.39175192534));
#12162 = CARTESIAN_POINT('',(1.7861734375,-18.43585343734));
#12163 = ( GEOMETRIC_REPRESENTATION_CONTEXT(2) 
PARAMETRIC_REPRESENTATION_CONTEXT() REPRESENTATION_CONTEXT('2D SPACE',''
  ) );
#12164 = ADVANCED_FACE('',(#12165),#5518,.F.);
#12165 = FACE_BOUND('',#12166,.F.);
#12166 = EDGE_LOOP('',(#12167,#12168,#12169,#12192));
#12167 = ORIENTED_EDGE('',*,*,#12068,.T.);
#12168 = ORIENTED_EDGE('',*,*,#5500,.T.);
#12169 = ORIENTED_EDGE('',*,*,#12170,.F.);
#12170 = EDGE_CURVE('',#12171,#5468,#12173,.T.);
#12171 = VERTEX_POINT('',#12172);
#12172 = CARTESIAN_POINT('',(20.376748125156,-4.5,2.173721875));
#12173 = SURFACE_CURVE('',#12174,(#12178,#12185),.PCURVE_S1.);
#12174 = LINE('',#12175,#12176);
#12175 = CARTESIAN_POINT('',(20.376748125156,-4.5,2.173721875));
#12176 = VECTOR('',#12177,1.);
#12177 = DIRECTION('',(0.,1.,2.230669073875E-16));
#12178 = PCURVE('',#5518,#12179);
#12179 = DEFINITIONAL_REPRESENTATION('',(#12180),#12184);
#12180 = LINE('',#12181,#12182);
#12181 = CARTESIAN_POINT('',(1.,0.));
#12182 = VECTOR('',#12183,1.);
#12183 = DIRECTION('',(0.,-1.));
#12184 = ( GEOMETRIC_REPRESENTATION_CONTEXT(2) 
PARAMETRIC_REPRESENTATION_CONTEXT() REPRESENTATION_CONTEXT('2D SPACE',''
  ) );
#12185 = PCURVE('',#5485,#12186);
#12186 = DEFINITIONAL_REPRESENTATION('',(#12187),#12191);
#12187 = LINE('',#12188,#12189);
#12188 = CARTESIAN_POINT('',(0.,0.));
#12189 = VECTOR('',#12190,1.);
#12190 = DIRECTION('',(0.,-1.));
#12191 = ( GEOMETRIC_REPRESENTATION_CONTEXT(2) 
PARAMETRIC_REPRESENTATION_CONTEXT() REPRESENTATION_CONTEXT('2D SPACE',''
  ) );
#12192 = ORIENTED_EDGE('',*,*,#12193,.F.);
#12193 = EDGE_CURVE('',#12069,#12171,#12194,.T.);
#12194 = SURFACE_CURVE('',#12195,(#12200,#12207),.PCURVE_S1.);
#12195 = B_SPLINE_CURVE_WITH_KNOTS('',3,(#12196,#12197,#12198,#12199),
  .UNSPECIFIED.,.F.,.F.,(4,4),(0.,1.),.PIECEWISE_BEZIER_KNOTS.);
#12196 = CARTESIAN_POINT('',(20.031586235313,-4.5,2.518883764844));
#12197 = CARTESIAN_POINT('',(20.146475594688,-4.5,2.403894392969));
#12198 = CARTESIAN_POINT('',(20.262557103062,-4.5,2.288048414031));
#12199 = CARTESIAN_POINT('',(20.376748125156,-4.5,2.173721875));
#12200 = PCURVE('',#5518,#12201);
#12201 = DEFINITIONAL_REPRESENTATION('',(#12202),#12206);
#12202 = LINE('',#12203,#12204);
#12203 = CARTESIAN_POINT('',(0.,0.));
#12204 = VECTOR('',#12205,1.);
#12205 = DIRECTION('',(1.,0.));
#12206 = ( GEOMETRIC_REPRESENTATION_CONTEXT(2) 
PARAMETRIC_REPRESENTATION_CONTEXT() REPRESENTATION_CONTEXT('2D SPACE',''
  ) );
#12207 = PCURVE('',#10571,#12208);
#12208 = DEFINITIONAL_REPRESENTATION('',(#12209),#12214);
#12209 = B_SPLINE_CURVE_WITH_KNOTS('',3,(#12210,#12211,#12212,#12213),
  .UNSPECIFIED.,.F.,.F.,(4,4),(0.,1.),.PIECEWISE_BEZIER_KNOTS.);
#12210 = CARTESIAN_POINT('',(2.518883764844,-17.96841376468));
#12211 = CARTESIAN_POINT('',(2.403894392969,-17.85352440531));
#12212 = CARTESIAN_POINT('',(2.288048414031,-17.73744289693));
#12213 = CARTESIAN_POINT('',(2.173721875,-17.62325187484));
#12214 = ( GEOMETRIC_REPRESENTATION_CONTEXT(2) 
PARAMETRIC_REPRESENTATION_CONTEXT() REPRESENTATION_CONTEXT('2D SPACE',''
  ) );
#12215 = ADVANCED_FACE('',(#12216),#5419,.F.);
#12216 = FACE_BOUND('',#12217,.F.);
#12217 = EDGE_LOOP('',(#12218,#12241,#12242,#12243));
#12218 = ORIENTED_EDGE('',*,*,#12219,.T.);
#12219 = EDGE_CURVE('',#12220,#5402,#12222,.T.);
#12220 = VERTEX_POINT('',#12221);
#12221 = CARTESIAN_POINT('',(19.964196562656,-4.5,1.9111890625));
#12222 = SURFACE_CURVE('',#12223,(#12227,#12234),.PCURVE_S1.);
#12223 = LINE('',#12224,#12225);
#12224 = CARTESIAN_POINT('',(19.964196562656,-4.5,1.9111890625));
#12225 = VECTOR('',#12226,1.);
#12226 = DIRECTION('',(0.,1.,2.230669073875E-16));
#12227 = PCURVE('',#5419,#12228);
#12228 = DEFINITIONAL_REPRESENTATION('',(#12229),#12233);
#12229 = LINE('',#12230,#12231);
#12230 = CARTESIAN_POINT('',(0.,0.));
#12231 = VECTOR('',#12232,1.);
#12232 = DIRECTION('',(0.,-1.));
#12233 = ( GEOMETRIC_REPRESENTATION_CONTEXT(2) 
PARAMETRIC_REPRESENTATION_CONTEXT() REPRESENTATION_CONTEXT('2D SPACE',''
  ) );
#12234 = PCURVE('',#5452,#12235);
#12235 = DEFINITIONAL_REPRESENTATION('',(#12236),#12240);
#12236 = LINE('',#12237,#12238);
#12237 = CARTESIAN_POINT('',(1.,0.));
#12238 = VECTOR('',#12239,1.);
#12239 = DIRECTION('',(0.,-1.));
#12240 = ( GEOMETRIC_REPRESENTATION_CONTEXT(2) 
PARAMETRIC_REPRESENTATION_CONTEXT() REPRESENTATION_CONTEXT('2D SPACE',''
  ) );
#12241 = ORIENTED_EDGE('',*,*,#5401,.T.);
#12242 = ORIENTED_EDGE('',*,*,#12117,.F.);
#12243 = ORIENTED_EDGE('',*,*,#12244,.F.);
#12244 = EDGE_CURVE('',#12220,#12118,#12245,.T.);
#12245 = SURFACE_CURVE('',#12246,(#12251,#12258),.PCURVE_S1.);
#12246 = B_SPLINE_CURVE_WITH_KNOTS('',3,(#12247,#12248,#12249,#12250),
  .UNSPECIFIED.,.F.,.F.,(4,4),(0.,1.),.PIECEWISE_BEZIER_KNOTS.);
#12247 = CARTESIAN_POINT('',(19.964196562656,-4.5,1.9111890625));
#12248 = CARTESIAN_POINT('',(19.887927030156,-4.5,1.874024917563));
#12249 = CARTESIAN_POINT('',(19.814831644375,-4.5,1.829982662969));
#12250 = CARTESIAN_POINT('',(19.726666875156,-4.5,1.823678125));
#12251 = PCURVE('',#5419,#12252);
#12252 = DEFINITIONAL_REPRESENTATION('',(#12253),#12257);
#12253 = LINE('',#12254,#12255);
#12254 = CARTESIAN_POINT('',(0.,0.));
#12255 = VECTOR('',#12256,1.);
#12256 = DIRECTION('',(1.,0.));
#12257 = ( GEOMETRIC_REPRESENTATION_CONTEXT(2) 
PARAMETRIC_REPRESENTATION_CONTEXT() REPRESENTATION_CONTEXT('2D SPACE',''
  ) );
#12258 = PCURVE('',#10571,#12259);
#12259 = DEFINITIONAL_REPRESENTATION('',(#12260),#12265);
#12260 = B_SPLINE_CURVE_WITH_KNOTS('',3,(#12261,#12262,#12263,#12264),
  .UNSPECIFIED.,.F.,.F.,(4,4),(0.,1.),.PIECEWISE_BEZIER_KNOTS.);
#12261 = CARTESIAN_POINT('',(1.9111890625,-18.03580343734));
#12262 = CARTESIAN_POINT('',(1.874024917563,-18.11207296984));
#12263 = CARTESIAN_POINT('',(1.829982662969,-18.18516835562));
#12264 = CARTESIAN_POINT('',(1.823678125,-18.27333312484));
#12265 = ( GEOMETRIC_REPRESENTATION_CONTEXT(2) 
PARAMETRIC_REPRESENTATION_CONTEXT() REPRESENTATION_CONTEXT('2D SPACE',''
  ) );
#12266 = ADVANCED_FACE('',(#12267),#5485,.F.);
#12267 = FACE_BOUND('',#12268,.F.);
#12268 = EDGE_LOOP('',(#12269,#12270,#12271,#12294));
#12269 = ORIENTED_EDGE('',*,*,#12170,.T.);
#12270 = ORIENTED_EDGE('',*,*,#5467,.T.);
#12271 = ORIENTED_EDGE('',*,*,#12272,.F.);
#12272 = EDGE_CURVE('',#12273,#5435,#12275,.T.);
#12273 = VERTEX_POINT('',#12274);
#12274 = CARTESIAN_POINT('',(20.201726250156,-4.5,2.04870625));
#12275 = SURFACE_CURVE('',#12276,(#12280,#12287),.PCURVE_S1.);
#12276 = LINE('',#12277,#12278);
#12277 = CARTESIAN_POINT('',(20.201726250156,-4.5,2.04870625));
#12278 = VECTOR('',#12279,1.);
#12279 = DIRECTION('',(0.,1.,2.230669073875E-16));
#12280 = PCURVE('',#5485,#12281);
#12281 = DEFINITIONAL_REPRESENTATION('',(#12282),#12286);
#12282 = LINE('',#12283,#12284);
#12283 = CARTESIAN_POINT('',(1.,0.));
#12284 = VECTOR('',#12285,1.);
#12285 = DIRECTION('',(0.,-1.));
#12286 = ( GEOMETRIC_REPRESENTATION_CONTEXT(2) 
PARAMETRIC_REPRESENTATION_CONTEXT() REPRESENTATION_CONTEXT('2D SPACE',''
  ) );
#12287 = PCURVE('',#5452,#12288);
#12288 = DEFINITIONAL_REPRESENTATION('',(#12289),#12293);
#12289 = LINE('',#12290,#12291);
#12290 = CARTESIAN_POINT('',(0.,0.));
#12291 = VECTOR('',#12292,1.);
#12292 = DIRECTION('',(0.,-1.));
#12293 = ( GEOMETRIC_REPRESENTATION_CONTEXT(2) 
PARAMETRIC_REPRESENTATION_CONTEXT() REPRESENTATION_CONTEXT('2D SPACE',''
  ) );
#12294 = ORIENTED_EDGE('',*,*,#12295,.F.);
#12295 = EDGE_CURVE('',#12171,#12273,#12296,.T.);
#12296 = SURFACE_CURVE('',#12297,(#12302,#12309),.PCURVE_S1.);
#12297 = B_SPLINE_CURVE_WITH_KNOTS('',3,(#12298,#12299,#12300,#12301),
  .UNSPECIFIED.,.F.,.F.,(4,4),(0.,1.),.PIECEWISE_BEZIER_KNOTS.);
#12298 = CARTESIAN_POINT('',(20.376748125156,-4.5,2.173721875));
#12299 = CARTESIAN_POINT('',(20.320693619219,-4.5,2.130195184844));
#12300 = CARTESIAN_POINT('',(20.265655240281,-4.5,2.075981158938));
#12301 = CARTESIAN_POINT('',(20.201726250156,-4.5,2.04870625));
#12302 = PCURVE('',#5485,#12303);
#12303 = DEFINITIONAL_REPRESENTATION('',(#12304),#12308);
#12304 = LINE('',#12305,#12306);
#12305 = CARTESIAN_POINT('',(0.,0.));
#12306 = VECTOR('',#12307,1.);
#12307 = DIRECTION('',(1.,0.));
#12308 = ( GEOMETRIC_REPRESENTATION_CONTEXT(2) 
PARAMETRIC_REPRESENTATION_CONTEXT() REPRESENTATION_CONTEXT('2D SPACE',''
  ) );
#12309 = PCURVE('',#10571,#12310);
#12310 = DEFINITIONAL_REPRESENTATION('',(#12311),#12316);
#12311 = B_SPLINE_CURVE_WITH_KNOTS('',3,(#12312,#12313,#12314,#12315),
  .UNSPECIFIED.,.F.,.F.,(4,4),(0.,1.),.PIECEWISE_BEZIER_KNOTS.);
#12312 = CARTESIAN_POINT('',(2.173721875,-17.62325187484));
#12313 = CARTESIAN_POINT('',(2.130195184844,-17.67930638078));
#12314 = CARTESIAN_POINT('',(2.075981158938,-17.73434475971));
#12315 = CARTESIAN_POINT('',(2.04870625,-17.79827374984));
#12316 = ( GEOMETRIC_REPRESENTATION_CONTEXT(2) 
PARAMETRIC_REPRESENTATION_CONTEXT() REPRESENTATION_CONTEXT('2D SPACE',''
  ) );
#12317 = ADVANCED_FACE('',(#12318),#5452,.F.);
#12318 = FACE_BOUND('',#12319,.F.);
#12319 = EDGE_LOOP('',(#12320,#12321,#12322,#12323));
#12320 = ORIENTED_EDGE('',*,*,#12272,.T.);
#12321 = ORIENTED_EDGE('',*,*,#5434,.T.);
#12322 = ORIENTED_EDGE('',*,*,#12219,.F.);
#12323 = ORIENTED_EDGE('',*,*,#12324,.F.);
#12324 = EDGE_CURVE('',#12273,#12220,#12325,.T.);
#12325 = SURFACE_CURVE('',#12326,(#12331,#12338),.PCURVE_S1.);
#12326 = B_SPLINE_CURVE_WITH_KNOTS('',3,(#12327,#12328,#12329,#12330),
  .UNSPECIFIED.,.F.,.F.,(4,4),(0.,1.),.PIECEWISE_BEZIER_KNOTS.);
#12327 = CARTESIAN_POINT('',(20.201726250156,-4.5,2.04870625));
#12328 = CARTESIAN_POINT('',(20.134005536125,-4.5,1.975904900969));
#12329 = CARTESIAN_POINT('',(20.042384084875,-4.5,1.959291574563));
#12330 = CARTESIAN_POINT('',(19.964196562656,-4.5,1.9111890625));
#12331 = PCURVE('',#5452,#12332);
#12332 = DEFINITIONAL_REPRESENTATION('',(#12333),#12337);
#12333 = LINE('',#12334,#12335);
#12334 = CARTESIAN_POINT('',(0.,0.));
#12335 = VECTOR('',#12336,1.);
#12336 = DIRECTION('',(1.,0.));
#12337 = ( GEOMETRIC_REPRESENTATION_CONTEXT(2) 
PARAMETRIC_REPRESENTATION_CONTEXT() REPRESENTATION_CONTEXT('2D SPACE',''
  ) );
#12338 = PCURVE('',#10571,#12339);
#12339 = DEFINITIONAL_REPRESENTATION('',(#12340),#12345);
#12340 = B_SPLINE_CURVE_WITH_KNOTS('',3,(#12341,#12342,#12343,#12344),
  .UNSPECIFIED.,.F.,.F.,(4,4),(0.,1.),.PIECEWISE_BEZIER_KNOTS.);
#12341 = CARTESIAN_POINT('',(2.04870625,-17.79827374984));
#12342 = CARTESIAN_POINT('',(1.975904900969,-17.86599446387));
#12343 = CARTESIAN_POINT('',(1.959291574563,-17.95761591512));
#12344 = CARTESIAN_POINT('',(1.9111890625,-18.03580343734));
#12345 = ( GEOMETRIC_REPRESENTATION_CONTEXT(2) 
PARAMETRIC_REPRESENTATION_CONTEXT() REPRESENTATION_CONTEXT('2D SPACE',''
  ) );
#12346 = ADVANCED_FACE('',(#12347,#12356),#6074,.F.);
#12347 = FACE_BOUND('',#12348,.F.);
#12348 = EDGE_LOOP('',(#12349,#12350,#12351,#12352,#12353,#12354,#12355)
  );
#12349 = ORIENTED_EDGE('',*,*,#6506,.F.);
#12350 = ORIENTED_EDGE('',*,*,#6900,.F.);
#12351 = ORIENTED_EDGE('',*,*,#6058,.F.);
#12352 = ORIENTED_EDGE('',*,*,#7039,.T.);
#12353 = ORIENTED_EDGE('',*,*,#7115,.T.);
#12354 = ORIENTED_EDGE('',*,*,#7166,.T.);
#12355 = ORIENTED_EDGE('',*,*,#7192,.T.);
#12356 = FACE_BOUND('',#12357,.F.);
#12357 = EDGE_LOOP('',(#12358));
#12358 = ORIENTED_EDGE('',*,*,#6954,.T.);
#12359 = ADVANCED_FACE('',(#12360),#7506,.F.);
#12360 = FACE_BOUND('',#12361,.F.);
#12361 = EDGE_LOOP('',(#12362,#12363,#12364,#12365,#12366,#12367,#12368,
    #12369,#12370,#12371,#12372,#12373,#12374,#12375,#12376,#12377,
    #12378,#12379,#12380,#12381,#12382,#12383,#12384,#12385,#12386,
    #12387,#12388,#12389,#12390,#12391,#12392,#12393,#12394,#12395,
    #12396,#12397,#12398,#12399,#12400,#12401,#12402,#12403,#12404,
    #12405,#12406,#12407,#12408,#12409,#12410,#12411,#12412,#12413,
    #12414,#12415,#12416,#12417,#12418,#12419,#12420,#12421));
#12362 = ORIENTED_EDGE('',*,*,#7547,.T.);
#12363 = ORIENTED_EDGE('',*,*,#7491,.T.);
#12364 = ORIENTED_EDGE('',*,*,#7598,.T.);
#12365 = ORIENTED_EDGE('',*,*,#7700,.T.);
#12366 = ORIENTED_EDGE('',*,*,#7802,.T.);
#12367 = ORIENTED_EDGE('',*,*,#7904,.T.);
#12368 = ORIENTED_EDGE('',*,*,#8006,.T.);
#12369 = ORIENTED_EDGE('',*,*,#8108,.T.);
#12370 = ORIENTED_EDGE('',*,*,#8210,.T.);
#12371 = ORIENTED_EDGE('',*,*,#8312,.T.);
#12372 = ORIENTED_EDGE('',*,*,#8414,.T.);
#12373 = ORIENTED_EDGE('',*,*,#8516,.T.);
#12374 = ORIENTED_EDGE('',*,*,#8618,.T.);
#12375 = ORIENTED_EDGE('',*,*,#8720,.T.);
#12376 = ORIENTED_EDGE('',*,*,#8822,.T.);
#12377 = ORIENTED_EDGE('',*,*,#8924,.T.);
#12378 = ORIENTED_EDGE('',*,*,#9026,.T.);
#12379 = ORIENTED_EDGE('',*,*,#9128,.T.);
#12380 = ORIENTED_EDGE('',*,*,#9230,.T.);
#12381 = ORIENTED_EDGE('',*,*,#9332,.T.);
#12382 = ORIENTED_EDGE('',*,*,#9434,.T.);
#12383 = ORIENTED_EDGE('',*,*,#9536,.T.);
#12384 = ORIENTED_EDGE('',*,*,#9638,.T.);
#12385 = ORIENTED_EDGE('',*,*,#9740,.T.);
#12386 = ORIENTED_EDGE('',*,*,#9842,.T.);
#12387 = ORIENTED_EDGE('',*,*,#9944,.T.);
#12388 = ORIENTED_EDGE('',*,*,#10046,.T.);
#12389 = ORIENTED_EDGE('',*,*,#10148,.T.);
#12390 = ORIENTED_EDGE('',*,*,#10250,.T.);
#12391 = ORIENTED_EDGE('',*,*,#10352,.T.);
#12392 = ORIENTED_EDGE('',*,*,#10454,.T.);
#12393 = ORIENTED_EDGE('',*,*,#10483,.T.);
#12394 = ORIENTED_EDGE('',*,*,#10403,.T.);
#12395 = ORIENTED_EDGE('',*,*,#10301,.T.);
#12396 = ORIENTED_EDGE('',*,*,#10199,.T.);
#12397 = ORIENTED_EDGE('',*,*,#10097,.T.);
#12398 = ORIENTED_EDGE('',*,*,#9995,.T.);
#12399 = ORIENTED_EDGE('',*,*,#9893,.T.);
#12400 = ORIENTED_EDGE('',*,*,#9791,.T.);
#12401 = ORIENTED_EDGE('',*,*,#9689,.T.);
#12402 = ORIENTED_EDGE('',*,*,#9587,.T.);
#12403 = ORIENTED_EDGE('',*,*,#9485,.T.);
#12404 = ORIENTED_EDGE('',*,*,#9383,.T.);
#12405 = ORIENTED_EDGE('',*,*,#9281,.T.);
#12406 = ORIENTED_EDGE('',*,*,#9179,.T.);
#12407 = ORIENTED_EDGE('',*,*,#9077,.T.);
#12408 = ORIENTED_EDGE('',*,*,#8975,.T.);
#12409 = ORIENTED_EDGE('',*,*,#8873,.T.);
#12410 = ORIENTED_EDGE('',*,*,#8771,.T.);
#12411 = ORIENTED_EDGE('',*,*,#8669,.T.);
#12412 = ORIENTED_EDGE('',*,*,#8567,.T.);
#12413 = ORIENTED_EDGE('',*,*,#8465,.T.);
#12414 = ORIENTED_EDGE('',*,*,#8363,.T.);
#12415 = ORIENTED_EDGE('',*,*,#8261,.T.);
#12416 = ORIENTED_EDGE('',*,*,#8159,.T.);
#12417 = ORIENTED_EDGE('',*,*,#8057,.T.);
#12418 = ORIENTED_EDGE('',*,*,#7955,.T.);
#12419 = ORIENTED_EDGE('',*,*,#7853,.T.);
#12420 = ORIENTED_EDGE('',*,*,#7751,.T.);
#12421 = ORIENTED_EDGE('',*,*,#7649,.T.);
#12422 = ADVANCED_FACE('',(#12423),#10571,.F.);
#12423 = FACE_BOUND('',#12424,.F.);
#12424 = EDGE_LOOP('',(#12425,#12426,#12427,#12428,#12429,#12430,#12431,
    #12432,#12433,#12434,#12435,#12436,#12437,#12438,#12439,#12440,
    #12441,#12442,#12443,#12444,#12445,#12446,#12447,#12448,#12449,
    #12450,#12451,#12452,#12453,#12454,#12455,#12456,#12457,#12458,
    #12459,#12460));
#12425 = ORIENTED_EDGE('',*,*,#10612,.T.);
#12426 = ORIENTED_EDGE('',*,*,#10556,.T.);
#12427 = ORIENTED_EDGE('',*,*,#10663,.T.);
#12428 = ORIENTED_EDGE('',*,*,#10765,.T.);
#12429 = ORIENTED_EDGE('',*,*,#10867,.T.);
#12430 = ORIENTED_EDGE('',*,*,#10969,.T.);
#12431 = ORIENTED_EDGE('',*,*,#11071,.T.);
#12432 = ORIENTED_EDGE('',*,*,#11173,.T.);
#12433 = ORIENTED_EDGE('',*,*,#11275,.T.);
#12434 = ORIENTED_EDGE('',*,*,#11377,.T.);
#12435 = ORIENTED_EDGE('',*,*,#11479,.T.);
#12436 = ORIENTED_EDGE('',*,*,#11581,.T.);
#12437 = ORIENTED_EDGE('',*,*,#11683,.T.);
#12438 = ORIENTED_EDGE('',*,*,#11785,.T.);
#12439 = ORIENTED_EDGE('',*,*,#11887,.T.);
#12440 = ORIENTED_EDGE('',*,*,#11989,.T.);
#12441 = ORIENTED_EDGE('',*,*,#12091,.T.);
#12442 = ORIENTED_EDGE('',*,*,#12193,.T.);
#12443 = ORIENTED_EDGE('',*,*,#12295,.T.);
#12444 = ORIENTED_EDGE('',*,*,#12324,.T.);
#12445 = ORIENTED_EDGE('',*,*,#12244,.T.);
#12446 = ORIENTED_EDGE('',*,*,#12142,.T.);
#12447 = ORIENTED_EDGE('',*,*,#12040,.T.);
#12448 = ORIENTED_EDGE('',*,*,#11938,.T.);
#12449 = ORIENTED_EDGE('',*,*,#11836,.T.);
#12450 = ORIENTED_EDGE('',*,*,#11734,.T.);
#12451 = ORIENTED_EDGE('',*,*,#11632,.T.);
#12452 = ORIENTED_EDGE('',*,*,#11530,.T.);
#12453 = ORIENTED_EDGE('',*,*,#11428,.T.);
#12454 = ORIENTED_EDGE('',*,*,#11326,.T.);
#12455 = ORIENTED_EDGE('',*,*,#11224,.T.);
#12456 = ORIENTED_EDGE('',*,*,#11122,.T.);
#12457 = ORIENTED_EDGE('',*,*,#11020,.T.);
#12458 = ORIENTED_EDGE('',*,*,#10918,.T.);
#12459 = ORIENTED_EDGE('',*,*,#10816,.T.);
#12460 = ORIENTED_EDGE('',*,*,#10714,.T.);
#12461 = ( GEOMETRIC_REPRESENTATION_CONTEXT(3) 
GLOBAL_UNCERTAINTY_ASSIGNED_CONTEXT((#12465)) 
GLOBAL_UNIT_ASSIGNED_CONTEXT((#12462,#12463,#12464)) 
REPRESENTATION_CONTEXT('Context #1',
  '3D Context with UNIT and UNCERTAINTY') );
#12462 = ( LENGTH_UNIT() NAMED_UNIT(*) SI_UNIT(.MILLI.,.METRE.) );
#12463 = ( NAMED_UNIT(*) PLANE_ANGLE_UNIT() SI_UNIT($,.RADIAN.) );
#12464 = ( NAMED_UNIT(*) SI_UNIT($,.STERADIAN.) SOLID_ANGLE_UNIT() );
#12465 = UNCERTAINTY_MEASURE_WITH_UNIT(LENGTH_MEASURE(2.E-07),#12462,
  'distance_accuracy_value','confusion accuracy');
#12466 = PRODUCT_RELATED_PRODUCT_CATEGORY('part',$,(#7));
#12467 = MECHANICAL_DESIGN_GEOMETRIC_PRESENTATION_REPRESENTATION('',(
    #12468),#12461);
#12468 = STYLED_ITEM('color',(#12469),#15);
#12469 = PRESENTATION_STYLE_ASSIGNMENT((#12470,#12476));
#12470 = SURFACE_STYLE_USAGE(.BOTH.,#12471);
#12471 = SURFACE_SIDE_STYLE('',(#12472));
#12472 = SURFACE_STYLE_FILL_AREA(#12473);
#12473 = FILL_AREA_STYLE('',(#12474));
#12474 = FILL_AREA_STYLE_COLOUR('',#12475);
#12475 = COLOUR_RGB('',0.447058818107,0.474509808674,0.501960817233);
#12476 = CURVE_STYLE('',#12477,POSITIVE_LENGTH_MEASURE(0.1),#12478);
#12477 = DRAUGHTING_PRE_DEFINED_CURVE_FONT('continuous');
#12478 = COLOUR_RGB('',9.803921802644E-02,9.803921802644E-02,
  9.803921802644E-02);
ENDSEC;
END-ISO-10303-21;
