ISO-10303-21;
HEADER;
FILE_DESCRIPTION(('FreeCAD Model'),'2;1');
FILE_NAME('Open CASCADE Shape Model','2026-08-31T00:14:35',(''),(''),
  'Open CASCADE STEP processor 7.8','FreeCAD','Unknown');
FILE_SCHEMA(('AUTOMOTIVE_DESIGN { 1 0 10303 214 1 1 1 1 }'));
ENDSEC;
DATA;
#1 = APPLICATION_PROTOCOL_DEFINITION('international standard',
  'automotive_design',2000,#2);
#2 = APPLICATION_CONTEXT(
  'core data for automotive mechanical design processes');
#3 = SHAPE_DEFINITION_REPRESENTATION(#4,#10);
#4 = PRODUCT_DEFINITION_SHAPE('','',#5);
#5 = PRODUCT_DEFINITION('design','',#6,#9);
#6 = PRODUCT_DEFINITION_FORMATION('','',#7);
#7 = PRODUCT('Arm_HSI','Arm_HSI','',(#8));
#8 = PRODUCT_CONTEXT('',#2,'mechanical');
#9 = PRODUCT_DEFINITION_CONTEXT('part definition',#2,'design');
#10 = ADVANCED_BREP_SHAPE_REPRESENTATION('',(#11,#15),#12077);
#11 = AXIS2_PLACEMENT_3D('',#12,#13,#14);
#12 = CARTESIAN_POINT('',(0.,0.,0.));
#13 = DIRECTION('',(0.,0.,1.));
#14 = DIRECTION('',(1.,0.,-0.));
#15 = MANIFOLD_SOLID_BREP('',#16);
#16 = CLOSED_SHELL('',(#17,#109,#164,#203,#267,#322,#399,#517,#576,#629,
    #688,#969,#1051,#1192,#1231,#1281,#1413,#1502,#1509,#1585,#1634,
    #1683,#1732,#1781,#1808,#1867,#1972,#2053,#2086,#2141,#2196,#2259,
    #5886,#5968,#6022,#6076,#6088,#6095,#6172,#6227,#6511,#6543,#6597,
    #6624,#6651,#6702,#6753,#6804,#6833,#6860,#6887,#6914,#6941,#6968,
    #6995,#7022,#7049,#7056,#7134,#7185,#7236,#7287,#7338,#7389,#7440,
    #7491,#7542,#7593,#7644,#7695,#7746,#7797,#7848,#7899,#7950,#8001,
    #8052,#8103,#8154,#8205,#8256,#8307,#8358,#8409,#8460,#8511,#8562,
    #8613,#8664,#8715,#8766,#8817,#8868,#8919,#8970,#9021,#9072,#9123,
    #9174,#9225,#9276,#9327,#9378,#9429,#9480,#9531,#9582,#9633,#9684,
    #9735,#9786,#9837,#9888,#9939,#9990,#10041,#10092,#10121,#10199,
    #10250,#10301,#10352,#10403,#10454,#10505,#10556,#10607,#10658,
    #10709,#10760,#10811,#10862,#10913,#10964,#11015,#11066,#11117,
    #11168,#11219,#11270,#11321,#11372,#11423,#11474,#11525,#11576,
    #11627,#11678,#11729,#11780,#11831,#11882,#11933,#11962,#11975,
    #12038));
#17 = ADVANCED_FACE('',(#18),#32,.F.);
#18 = FACE_BOUND('',#19,.T.);
#19 = EDGE_LOOP('',(#20,#50,#81,#82));
#20 = ORIENTED_EDGE('',*,*,#21,.F.);
#21 = EDGE_CURVE('',#22,#24,#26,.T.);
#22 = VERTEX_POINT('',#23);
#23 = CARTESIAN_POINT('',(81.05,9.9,4.440892098501E-15));
#24 = VERTEX_POINT('',#25);
#25 = CARTESIAN_POINT('',(81.05,14.1,2.886579864025E-15));
#26 = SEAM_CURVE('',#27,(#31,#43),.PCURVE_S1.);
#27 = LINE('',#28,#29);
#28 = CARTESIAN_POINT('',(81.05,-0.5,-1.E-17));
#29 = VECTOR('',#30,1.);
#30 = DIRECTION('',(0.,1.,4.430669073875E-16));
#31 = PCURVE('',#32,#37);
#32 = CYLINDRICAL_SURFACE('',#33,5.05);
#33 = AXIS2_PLACEMENT_3D('',#34,#35,#36);
#34 = CARTESIAN_POINT('',(76.,-0.5,-1.E-17));
#35 = DIRECTION('',(0.,-1.,-2.230669073875E-16));
#36 = DIRECTION('',(1.,0.,0.));
#37 = DEFINITIONAL_REPRESENTATION('',(#38),#42);
#38 = LINE('',#39,#40);
#39 = CARTESIAN_POINT('',(-6.28318530718,0.));
#40 = VECTOR('',#41,1.);
#41 = DIRECTION('',(-0.,-1.));
#42 = ( GEOMETRIC_REPRESENTATION_CONTEXT(2) 
PARAMETRIC_REPRESENTATION_CONTEXT() REPRESENTATION_CONTEXT('2D SPACE',''
  ) );
#43 = PCURVE('',#32,#44);
#44 = DEFINITIONAL_REPRESENTATION('',(#45),#49);
#45 = LINE('',#46,#47);
#46 = CARTESIAN_POINT('',(-0.,0.));
#47 = VECTOR('',#48,1.);
#48 = DIRECTION('',(-0.,-1.));
#49 = ( GEOMETRIC_REPRESENTATION_CONTEXT(2) 
PARAMETRIC_REPRESENTATION_CONTEXT() REPRESENTATION_CONTEXT('2D SPACE',''
  ) );
#50 = ORIENTED_EDGE('',*,*,#51,.T.);
#51 = EDGE_CURVE('',#22,#22,#52,.T.);
#52 = SURFACE_CURVE('',#53,(#58,#65),.PCURVE_S1.);
#53 = CIRCLE('',#54,5.05);
#54 = AXIS2_PLACEMENT_3D('',#55,#56,#57);
#55 = CARTESIAN_POINT('',(76.,9.9,5.329070518201E-15));
#56 = DIRECTION('',(0.,-1.,-3.330669073875E-16));
#57 = DIRECTION('',(1.,0.,0.));
#58 = PCURVE('',#32,#59);
#59 = DEFINITIONAL_REPRESENTATION('',(#60),#64);
#60 = LINE('',#61,#62);
#61 = CARTESIAN_POINT('',(-6.28318530718,-10.4));
#62 = VECTOR('',#63,1.);
#63 = DIRECTION('',(1.,-0.));
#64 = ( GEOMETRIC_REPRESENTATION_CONTEXT(2) 
PARAMETRIC_REPRESENTATION_CONTEXT() REPRESENTATION_CONTEXT('2D SPACE',''
  ) );
#65 = PCURVE('',#66,#71);
#66 = PLANE('',#67);
#67 = AXIS2_PLACEMENT_3D('',#68,#69,#70);
#68 = CARTESIAN_POINT('',(76.,9.9,5.329070518201E-15));
#69 = DIRECTION('',(0.,1.,1.130669073875E-16));
#70 = DIRECTION('',(0.,-1.130669073875E-16,1.));
#71 = DEFINITIONAL_REPRESENTATION('',(#72),#80);
#72 = ( BOUNDED_CURVE() B_SPLINE_CURVE(2,(#73,#74,#75,#76,#77,#78,#79),
.UNSPECIFIED.,.T.,.F.) B_SPLINE_CURVE_WITH_KNOTS((1,2,2,2,2,1),(
    -2.094395102393,0.,2.094395102393,4.188790204786,6.28318530718,
8.377580409573),.UNSPECIFIED.) CURVE() GEOMETRIC_REPRESENTATION_ITEM() 
RATIONAL_B_SPLINE_CURVE((1.,0.5,1.,0.5,1.,0.5,1.)) REPRESENTATION_ITEM(
  '') );
#73 = CARTESIAN_POINT('',(0.,5.05));
#74 = CARTESIAN_POINT('',(8.746856578223,5.05));
#75 = CARTESIAN_POINT('',(4.373428289111,-2.525));
#76 = CARTESIAN_POINT('',(1.236893267139E-15,-10.1));
#77 = CARTESIAN_POINT('',(-4.373428289111,-2.525));
#78 = CARTESIAN_POINT('',(-8.746856578223,5.05));
#79 = CARTESIAN_POINT('',(0.,5.05));
#80 = ( GEOMETRIC_REPRESENTATION_CONTEXT(2) 
PARAMETRIC_REPRESENTATION_CONTEXT() REPRESENTATION_CONTEXT('2D SPACE',''
  ) );
#81 = ORIENTED_EDGE('',*,*,#21,.T.);
#82 = ORIENTED_EDGE('',*,*,#83,.T.);
#83 = EDGE_CURVE('',#24,#24,#84,.T.);
#84 = SURFACE_CURVE('',#85,(#90,#97),.PCURVE_S1.);
#85 = CIRCLE('',#86,5.05);
#86 = AXIS2_PLACEMENT_3D('',#87,#88,#89);
#87 = CARTESIAN_POINT('',(76.,14.1,2.776847858185E-18));
#88 = DIRECTION('',(-5.131708243377E-48,1.,3.066907387547E-18));
#89 = DIRECTION('',(1.,-2.024158875781E-33,6.6E-16));
#90 = PCURVE('',#32,#91);
#91 = DEFINITIONAL_REPRESENTATION('',(#92),#96);
#92 = LINE('',#93,#94);
#93 = CARTESIAN_POINT('',(-0.,-14.6));
#94 = VECTOR('',#95,1.);
#95 = DIRECTION('',(-1.,0.));
#96 = ( GEOMETRIC_REPRESENTATION_CONTEXT(2) 
PARAMETRIC_REPRESENTATION_CONTEXT() REPRESENTATION_CONTEXT('2D SPACE',''
  ) );
#97 = PCURVE('',#98,#103);
#98 = CONICAL_SURFACE('',#99,5.05,0.785398163397);
#99 = AXIS2_PLACEMENT_3D('',#100,#101,#102);
#100 = CARTESIAN_POINT('',(76.,14.1,2.776847858185E-18));
#101 = DIRECTION('',(0.,1.,3.066907387547E-18));
#102 = DIRECTION('',(1.,-2.024158875781E-33,6.6E-16));
#103 = DEFINITIONAL_REPRESENTATION('',(#104),#108);
#104 = LINE('',#105,#106);
#105 = CARTESIAN_POINT('',(0.,0.));
#106 = VECTOR('',#107,1.);
#107 = DIRECTION('',(1.,0.));
#108 = ( GEOMETRIC_REPRESENTATION_CONTEXT(2) 
PARAMETRIC_REPRESENTATION_CONTEXT() REPRESENTATION_CONTEXT('2D SPACE',''
  ) );
#109 = ADVANCED_FACE('',(#110),#98,.F.);
#110 = FACE_BOUND('',#111,.F.);
#111 = EDGE_LOOP('',(#112,#135,#136,#137));
#112 = ORIENTED_EDGE('',*,*,#113,.F.);
#113 = EDGE_CURVE('',#24,#114,#116,.T.);
#114 = VERTEX_POINT('',#115);
#115 = CARTESIAN_POINT('',(81.45,14.5,3.996802888651E-15));
#116 = SEAM_CURVE('',#117,(#121,#128),.PCURVE_S1.);
#117 = LINE('',#118,#119);
#118 = CARTESIAN_POINT('',(81.05,14.1,3.322776847858E-15));
#119 = VECTOR('',#120,1.);
#120 = DIRECTION('',(0.707106781187,0.707106781187,4.655138688026E-16));
#121 = PCURVE('',#98,#122);
#122 = DEFINITIONAL_REPRESENTATION('',(#123),#127);
#123 = LINE('',#124,#125);
#124 = CARTESIAN_POINT('',(0.,0.));
#125 = VECTOR('',#126,1.);
#126 = DIRECTION('',(0.,1.));
#127 = ( GEOMETRIC_REPRESENTATION_CONTEXT(2) 
PARAMETRIC_REPRESENTATION_CONTEXT() REPRESENTATION_CONTEXT('2D SPACE',''
  ) );
#128 = PCURVE('',#98,#129);
#129 = DEFINITIONAL_REPRESENTATION('',(#130),#134);
#130 = LINE('',#131,#132);
#131 = CARTESIAN_POINT('',(6.28318530718,0.));
#132 = VECTOR('',#133,1.);
#133 = DIRECTION('',(0.,1.));
#134 = ( GEOMETRIC_REPRESENTATION_CONTEXT(2) 
PARAMETRIC_REPRESENTATION_CONTEXT() REPRESENTATION_CONTEXT('2D SPACE',''
  ) );
#135 = ORIENTED_EDGE('',*,*,#83,.T.);
#136 = ORIENTED_EDGE('',*,*,#113,.T.);
#137 = ORIENTED_EDGE('',*,*,#138,.F.);
#138 = EDGE_CURVE('',#114,#114,#139,.T.);
#139 = SURFACE_CURVE('',#140,(#145,#152),.PCURVE_S1.);
#140 = CIRCLE('',#141,5.45);
#141 = AXIS2_PLACEMENT_3D('',#142,#143,#144);
#142 = CARTESIAN_POINT('',(76.,14.5,-3.996389186796E-18));
#143 = DIRECTION('',(-5.131708243377E-48,1.,3.066907387547E-18));
#144 = DIRECTION('',(1.,-2.024158875781E-33,6.6E-16));
#145 = PCURVE('',#98,#146);
#146 = DEFINITIONAL_REPRESENTATION('',(#147),#151);
#147 = LINE('',#148,#149);
#148 = CARTESIAN_POINT('',(0.,0.4));
#149 = VECTOR('',#150,1.);
#150 = DIRECTION('',(1.,0.));
#151 = ( GEOMETRIC_REPRESENTATION_CONTEXT(2) 
PARAMETRIC_REPRESENTATION_CONTEXT() REPRESENTATION_CONTEXT('2D SPACE',''
  ) );
#152 = PCURVE('',#153,#158);
#153 = PLANE('',#154);
#154 = AXIS2_PLACEMENT_3D('',#155,#156,#157);
#155 = CARTESIAN_POINT('',(75.389542640229,14.5,0.610457359773));
#156 = DIRECTION('',(0.,1.,1.130669073875E-16));
#157 = DIRECTION('',(0.,-1.130669073875E-16,1.));
#158 = DEFINITIONAL_REPRESENTATION('',(#159),#163);
#159 = CIRCLE('',#160,5.45);
#160 = AXIS2_PLACEMENT_2D('',#161,#162);
#161 = CARTESIAN_POINT('',(-0.610457359773,0.610457359771));
#162 = DIRECTION('',(6.6E-16,1.));
#163 = ( GEOMETRIC_REPRESENTATION_CONTEXT(2) 
PARAMETRIC_REPRESENTATION_CONTEXT() REPRESENTATION_CONTEXT('2D SPACE',''
  ) );
#164 = ADVANCED_FACE('',(#165,#168),#66,.T.);
#165 = FACE_BOUND('',#166,.F.);
#166 = EDGE_LOOP('',(#167));
#167 = ORIENTED_EDGE('',*,*,#51,.T.);
#168 = FACE_BOUND('',#169,.T.);
#169 = EDGE_LOOP('',(#170));
#170 = ORIENTED_EDGE('',*,*,#171,.T.);
#171 = EDGE_CURVE('',#172,#172,#174,.T.);
#172 = VERTEX_POINT('',#173);
#173 = CARTESIAN_POINT('',(80.5,9.9,4.440892098501E-15));
#174 = SURFACE_CURVE('',#175,(#180,#191),.PCURVE_S1.);
#175 = CIRCLE('',#176,4.5);
#176 = AXIS2_PLACEMENT_3D('',#177,#178,#179);
#177 = CARTESIAN_POINT('',(76.,9.9,5.329070518201E-15));
#178 = DIRECTION('',(0.,-1.,-3.330669073875E-16));
#179 = DIRECTION('',(1.,0.,0.));
#180 = PCURVE('',#66,#181);
#181 = DEFINITIONAL_REPRESENTATION('',(#182),#190);
#182 = ( BOUNDED_CURVE() B_SPLINE_CURVE(2,(#183,#184,#185,#186,#187,#188
,#189),.UNSPECIFIED.,.T.,.F.) B_SPLINE_CURVE_WITH_KNOTS((1,2,2,2,2,1),(
    -2.094395102393,0.,2.094395102393,4.188790204786,6.28318530718,
8.377580409573),.UNSPECIFIED.) CURVE() GEOMETRIC_REPRESENTATION_ITEM() 
RATIONAL_B_SPLINE_CURVE((1.,0.5,1.,0.5,1.,0.5,1.)) REPRESENTATION_ITEM(
  '') );
#183 = CARTESIAN_POINT('',(0.,4.5));
#184 = CARTESIAN_POINT('',(7.79422863406,4.5));
#185 = CARTESIAN_POINT('',(3.89711431703,-2.25));
#186 = CARTESIAN_POINT('',(1.102182119233E-15,-9.));
#187 = CARTESIAN_POINT('',(-3.89711431703,-2.25));
#188 = CARTESIAN_POINT('',(-7.79422863406,4.5));
#189 = CARTESIAN_POINT('',(0.,4.5));
#190 = ( GEOMETRIC_REPRESENTATION_CONTEXT(2) 
PARAMETRIC_REPRESENTATION_CONTEXT() REPRESENTATION_CONTEXT('2D SPACE',''
  ) );
#191 = PCURVE('',#192,#197);
#192 = CYLINDRICAL_SURFACE('',#193,4.5);
#193 = AXIS2_PLACEMENT_3D('',#194,#195,#196);
#194 = CARTESIAN_POINT('',(76.,-0.5,2.22E-15));
#195 = DIRECTION('',(0.,-1.,-2.230669073875E-16));
#196 = DIRECTION('',(1.,0.,0.));
#197 = DEFINITIONAL_REPRESENTATION('',(#198),#202);
#198 = LINE('',#199,#200);
#199 = CARTESIAN_POINT('',(0.,-10.4));
#200 = VECTOR('',#201,1.);
#201 = DIRECTION('',(1.,0.));
#202 = ( GEOMETRIC_REPRESENTATION_CONTEXT(2) 
PARAMETRIC_REPRESENTATION_CONTEXT() REPRESENTATION_CONTEXT('2D SPACE',''
  ) );
#203 = ADVANCED_FACE('',(#204,#207),#153,.T.);
#204 = FACE_BOUND('',#205,.T.);
#205 = EDGE_LOOP('',(#206));
#206 = ORIENTED_EDGE('',*,*,#138,.F.);
#207 = FACE_BOUND('',#208,.T.);
#208 = EDGE_LOOP('',(#209,#240));
#209 = ORIENTED_EDGE('',*,*,#210,.T.);
#210 = EDGE_CURVE('',#211,#213,#215,.T.);
#211 = VERTEX_POINT('',#212);
#212 = CARTESIAN_POINT('',(68.50000000002,14.5,-1.000310945187E-13));
#213 = VERTEX_POINT('',#214);
#214 = CARTESIAN_POINT('',(76.000000000055,14.5,7.49999999998));
#215 = SURFACE_CURVE('',#216,(#221,#228),.PCURVE_S1.);
#216 = CIRCLE('',#217,7.49999999998);
#217 = AXIS2_PLACEMENT_3D('',#218,#219,#220);
#218 = CARTESIAN_POINT('',(76.,14.5,1.7763568394E-15));
#219 = DIRECTION('',(-0.,1.,3.330669073875E-16));
#220 = DIRECTION('',(1.,0.,0.));
#221 = PCURVE('',#153,#222);
#222 = DEFINITIONAL_REPRESENTATION('',(#223),#227);
#223 = CIRCLE('',#224,7.49999999998);
#224 = AXIS2_PLACEMENT_2D('',#225,#226);
#225 = CARTESIAN_POINT('',(-0.610457359773,0.610457359771));
#226 = DIRECTION('',(0.,1.));
#227 = ( GEOMETRIC_REPRESENTATION_CONTEXT(2) 
PARAMETRIC_REPRESENTATION_CONTEXT() REPRESENTATION_CONTEXT('2D SPACE',''
  ) );
#228 = PCURVE('',#229,#234);
#229 = CYLINDRICAL_SURFACE('',#230,7.49999999998);
#230 = AXIS2_PLACEMENT_3D('',#231,#232,#233);
#231 = CARTESIAN_POINT('',(76.,14.5,3.196003610813E-15));
#232 = DIRECTION('',(0.,1.,6.630669073875E-16));
#233 = DIRECTION('',(1.,0.,0.));
#234 = DEFINITIONAL_REPRESENTATION('',(#235),#239);
#235 = LINE('',#236,#237);
#236 = CARTESIAN_POINT('',(0.,0.));
#237 = VECTOR('',#238,1.);
#238 = DIRECTION('',(1.,0.));
#239 = ( GEOMETRIC_REPRESENTATION_CONTEXT(2) 
PARAMETRIC_REPRESENTATION_CONTEXT() REPRESENTATION_CONTEXT('2D SPACE',''
  ) );
#240 = ORIENTED_EDGE('',*,*,#241,.T.);
#241 = EDGE_CURVE('',#213,#211,#242,.T.);
#242 = SURFACE_CURVE('',#243,(#248,#255),.PCURVE_S1.);
#243 = CIRCLE('',#244,7.49999999998);
#244 = AXIS2_PLACEMENT_3D('',#245,#246,#247);
#245 = CARTESIAN_POINT('',(76.,14.5,7.105427357601E-15));
#246 = DIRECTION('',(-0.,1.,3.330669073875E-16));
#247 = DIRECTION('',(1.,0.,0.));
#248 = PCURVE('',#153,#249);
#249 = DEFINITIONAL_REPRESENTATION('',(#250),#254);
#250 = CIRCLE('',#251,7.49999999998);
#251 = AXIS2_PLACEMENT_2D('',#252,#253);
#252 = CARTESIAN_POINT('',(-0.610457359773,0.610457359771));
#253 = DIRECTION('',(0.,1.));
#254 = ( GEOMETRIC_REPRESENTATION_CONTEXT(2) 
PARAMETRIC_REPRESENTATION_CONTEXT() REPRESENTATION_CONTEXT('2D SPACE',''
  ) );
#255 = PCURVE('',#256,#261);
#256 = CYLINDRICAL_SURFACE('',#257,7.49999999998);
#257 = AXIS2_PLACEMENT_3D('',#258,#259,#260);
#258 = CARTESIAN_POINT('',(76.,-0.5,-1.E-17));
#259 = DIRECTION('',(0.,-1.,-2.230669073875E-16));
#260 = DIRECTION('',(1.,0.,0.));
#261 = DEFINITIONAL_REPRESENTATION('',(#262),#266);
#262 = LINE('',#263,#264);
#263 = CARTESIAN_POINT('',(-0.,-15.));
#264 = VECTOR('',#265,1.);
#265 = DIRECTION('',(-1.,0.));
#266 = ( GEOMETRIC_REPRESENTATION_CONTEXT(2) 
PARAMETRIC_REPRESENTATION_CONTEXT() REPRESENTATION_CONTEXT('2D SPACE',''
  ) );
#267 = ADVANCED_FACE('',(#268),#192,.F.);
#268 = FACE_BOUND('',#269,.F.);
#269 = EDGE_LOOP('',(#270,#293,#294,#295));
#270 = ORIENTED_EDGE('',*,*,#271,.T.);
#271 = EDGE_CURVE('',#272,#172,#274,.T.);
#272 = VERTEX_POINT('',#273);
#273 = CARTESIAN_POINT('',(80.5,-5.E-02,2.109423746788E-15));
#274 = SEAM_CURVE('',#275,(#279,#286),.PCURVE_S1.);
#275 = LINE('',#276,#277);
#276 = CARTESIAN_POINT('',(80.5,-0.5,2.22E-15));
#277 = VECTOR('',#278,1.);
#278 = DIRECTION('',(0.,1.,2.230669073875E-16));
#279 = PCURVE('',#192,#280);
#280 = DEFINITIONAL_REPRESENTATION('',(#281),#285);
#281 = LINE('',#282,#283);
#282 = CARTESIAN_POINT('',(0.,0.));
#283 = VECTOR('',#284,1.);
#284 = DIRECTION('',(0.,-1.));
#285 = ( GEOMETRIC_REPRESENTATION_CONTEXT(2) 
PARAMETRIC_REPRESENTATION_CONTEXT() REPRESENTATION_CONTEXT('2D SPACE',''
  ) );
#286 = PCURVE('',#192,#287);
#287 = DEFINITIONAL_REPRESENTATION('',(#288),#292);
#288 = LINE('',#289,#290);
#289 = CARTESIAN_POINT('',(6.28318530718,0.));
#290 = VECTOR('',#291,1.);
#291 = DIRECTION('',(0.,-1.));
#292 = ( GEOMETRIC_REPRESENTATION_CONTEXT(2) 
PARAMETRIC_REPRESENTATION_CONTEXT() REPRESENTATION_CONTEXT('2D SPACE',''
  ) );
#293 = ORIENTED_EDGE('',*,*,#171,.T.);
#294 = ORIENTED_EDGE('',*,*,#271,.F.);
#295 = ORIENTED_EDGE('',*,*,#296,.F.);
#296 = EDGE_CURVE('',#272,#272,#297,.T.);
#297 = SURFACE_CURVE('',#298,(#303,#310),.PCURVE_S1.);
#298 = CIRCLE('',#299,4.5);
#299 = AXIS2_PLACEMENT_3D('',#300,#301,#302);
#300 = CARTESIAN_POINT('',(76.,-5.E-02,2.319880108324E-15));
#301 = DIRECTION('',(0.,-1.,-2.230669073875E-16));
#302 = DIRECTION('',(1.,0.,0.));
#303 = PCURVE('',#192,#304);
#304 = DEFINITIONAL_REPRESENTATION('',(#305),#309);
#305 = LINE('',#306,#307);
#306 = CARTESIAN_POINT('',(0.,-0.45));
#307 = VECTOR('',#308,1.);
#308 = DIRECTION('',(1.,0.));
#309 = ( GEOMETRIC_REPRESENTATION_CONTEXT(2) 
PARAMETRIC_REPRESENTATION_CONTEXT() REPRESENTATION_CONTEXT('2D SPACE',''
  ) );
#310 = PCURVE('',#311,#316);
#311 = CONICAL_SURFACE('',#312,4.5,0.785398163397);
#312 = AXIS2_PLACEMENT_3D('',#313,#314,#315);
#313 = CARTESIAN_POINT('',(76.,-5.E-02,2.319880108324E-15));
#314 = DIRECTION('',(-0.,-1.,-2.230669073875E-16));
#315 = DIRECTION('',(1.,0.,0.));
#316 = DEFINITIONAL_REPRESENTATION('',(#317),#321);
#317 = LINE('',#318,#319);
#318 = CARTESIAN_POINT('',(0.,-0.));
#319 = VECTOR('',#320,1.);
#320 = DIRECTION('',(1.,-0.));
#321 = ( GEOMETRIC_REPRESENTATION_CONTEXT(2) 
PARAMETRIC_REPRESENTATION_CONTEXT() REPRESENTATION_CONTEXT('2D SPACE',''
  ) );
#322 = ADVANCED_FACE('',(#323),#229,.T.);
#323 = FACE_BOUND('',#324,.T.);
#324 = EDGE_LOOP('',(#325,#326,#349,#378));
#325 = ORIENTED_EDGE('',*,*,#210,.F.);
#326 = ORIENTED_EDGE('',*,*,#327,.F.);
#327 = EDGE_CURVE('',#328,#211,#330,.T.);
#328 = VERTEX_POINT('',#329);
#329 = CARTESIAN_POINT('',(68.500000000013,9.,7.216449660064E-15));
#330 = SURFACE_CURVE('',#331,(#335,#342),.PCURVE_S1.);
#331 = LINE('',#332,#333);
#332 = CARTESIAN_POINT('',(68.50000000002,-0.5,-2.1593E-13));
#333 = VECTOR('',#334,1.);
#334 = DIRECTION('',(0.,1.,4.430669073875E-16));
#335 = PCURVE('',#229,#336);
#336 = DEFINITIONAL_REPRESENTATION('',(#337),#341);
#337 = LINE('',#338,#339);
#338 = CARTESIAN_POINT('',(3.14159265359,-15.));
#339 = VECTOR('',#340,1.);
#340 = DIRECTION('',(-0.,1.));
#341 = ( GEOMETRIC_REPRESENTATION_CONTEXT(2) 
PARAMETRIC_REPRESENTATION_CONTEXT() REPRESENTATION_CONTEXT('2D SPACE',''
  ) );
#342 = PCURVE('',#256,#343);
#343 = DEFINITIONAL_REPRESENTATION('',(#344),#348);
#344 = LINE('',#345,#346);
#345 = CARTESIAN_POINT('',(-9.424777960769,0.));
#346 = VECTOR('',#347,1.);
#347 = DIRECTION('',(-0.,-1.));
#348 = ( GEOMETRIC_REPRESENTATION_CONTEXT(2) 
PARAMETRIC_REPRESENTATION_CONTEXT() REPRESENTATION_CONTEXT('2D SPACE',''
  ) );
#349 = ORIENTED_EDGE('',*,*,#350,.T.);
#350 = EDGE_CURVE('',#328,#351,#353,.T.);
#351 = VERTEX_POINT('',#352);
#352 = CARTESIAN_POINT('',(76.000000000053,9.,7.49999999998));
#353 = SURFACE_CURVE('',#354,(#359,#366),.PCURVE_S1.);
#354 = CIRCLE('',#355,7.49999999998);
#355 = AXIS2_PLACEMENT_3D('',#356,#357,#358);
#356 = CARTESIAN_POINT('',(76.,9.,-4.658643798183E-16));
#357 = DIRECTION('',(-0.,1.,6.630669073875E-16));
#358 = DIRECTION('',(1.,0.,0.));
#359 = PCURVE('',#229,#360);
#360 = DEFINITIONAL_REPRESENTATION('',(#361),#365);
#361 = LINE('',#362,#363);
#362 = CARTESIAN_POINT('',(0.,-5.5));
#363 = VECTOR('',#364,1.);
#364 = DIRECTION('',(1.,0.));
#365 = ( GEOMETRIC_REPRESENTATION_CONTEXT(2) 
PARAMETRIC_REPRESENTATION_CONTEXT() REPRESENTATION_CONTEXT('2D SPACE',''
  ) );
#366 = PCURVE('',#367,#372);
#367 = PLANE('',#368);
#368 = AXIS2_PLACEMENT_3D('',#369,#370,#371);
#369 = CARTESIAN_POINT('',(41.728528479535,9.,3.811626100297));
#370 = DIRECTION('',(0.,1.,-1.069330926125E-16));
#371 = DIRECTION('',(0.,1.069330926125E-16,1.));
#372 = DEFINITIONAL_REPRESENTATION('',(#373),#377);
#373 = CIRCLE('',#374,7.49999999998);
#374 = AXIS2_PLACEMENT_2D('',#375,#376);
#375 = CARTESIAN_POINT('',(-3.811626100297,34.271471520465));
#376 = DIRECTION('',(0.,1.));
#377 = ( GEOMETRIC_REPRESENTATION_CONTEXT(2) 
PARAMETRIC_REPRESENTATION_CONTEXT() REPRESENTATION_CONTEXT('2D SPACE',''
  ) );
#378 = ORIENTED_EDGE('',*,*,#379,.T.);
#379 = EDGE_CURVE('',#351,#213,#380,.T.);
#380 = SURFACE_CURVE('',#381,(#385,#392),.PCURVE_S1.);
#381 = LINE('',#382,#383);
#382 = CARTESIAN_POINT('',(76.000000000057,-0.5,7.49999999998));
#383 = VECTOR('',#384,1.);
#384 = DIRECTION('',(0.,1.,4.430669073875E-16));
#385 = PCURVE('',#229,#386);
#386 = DEFINITIONAL_REPRESENTATION('',(#387),#391);
#387 = LINE('',#388,#389);
#388 = CARTESIAN_POINT('',(4.712388980392,-15.));
#389 = VECTOR('',#390,1.);
#390 = DIRECTION('',(-0.,1.));
#391 = ( GEOMETRIC_REPRESENTATION_CONTEXT(2) 
PARAMETRIC_REPRESENTATION_CONTEXT() REPRESENTATION_CONTEXT('2D SPACE',''
  ) );
#392 = PCURVE('',#256,#393);
#393 = DEFINITIONAL_REPRESENTATION('',(#394),#398);
#394 = LINE('',#395,#396);
#395 = CARTESIAN_POINT('',(-4.712388980392,0.));
#396 = VECTOR('',#397,1.);
#397 = DIRECTION('',(-0.,-1.));
#398 = ( GEOMETRIC_REPRESENTATION_CONTEXT(2) 
PARAMETRIC_REPRESENTATION_CONTEXT() REPRESENTATION_CONTEXT('2D SPACE',''
  ) );
#399 = ADVANCED_FACE('',(#400),#256,.T.);
#400 = FACE_BOUND('',#401,.F.);
#401 = EDGE_LOOP('',(#402,#430,#431,#432,#433,#461,#490));
#402 = ORIENTED_EDGE('',*,*,#403,.T.);
#403 = EDGE_CURVE('',#404,#351,#406,.T.);
#404 = VERTEX_POINT('',#405);
#405 = CARTESIAN_POINT('',(76.000000000029,-0.5,7.49999999999));
#406 = SURFACE_CURVE('',#407,(#411,#418),.PCURVE_S1.);
#407 = LINE('',#408,#409);
#408 = CARTESIAN_POINT('',(76.000000000057,-0.5,7.49999999998));
#409 = VECTOR('',#410,1.);
#410 = DIRECTION('',(0.,1.,4.430669073875E-16));
#411 = PCURVE('',#256,#412);
#412 = DEFINITIONAL_REPRESENTATION('',(#413),#417);
#413 = LINE('',#414,#415);
#414 = CARTESIAN_POINT('',(-4.712388980392,0.));
#415 = VECTOR('',#416,1.);
#416 = DIRECTION('',(-0.,-1.));
#417 = ( GEOMETRIC_REPRESENTATION_CONTEXT(2) 
PARAMETRIC_REPRESENTATION_CONTEXT() REPRESENTATION_CONTEXT('2D SPACE',''
  ) );
#418 = PCURVE('',#419,#424);
#419 = PLANE('',#420);
#420 = AXIS2_PLACEMENT_3D('',#421,#422,#423);
#421 = CARTESIAN_POINT('',(68.50000000002,-0.5,7.49999999998));
#422 = DIRECTION('',(0.,4.430669073875E-16,-1.));
#423 = DIRECTION('',(1.,0.,0.));
#424 = DEFINITIONAL_REPRESENTATION('',(#425),#429);
#425 = LINE('',#426,#427);
#426 = CARTESIAN_POINT('',(7.500000000037,0.));
#427 = VECTOR('',#428,1.);
#428 = DIRECTION('',(0.,-1.));
#429 = ( GEOMETRIC_REPRESENTATION_CONTEXT(2) 
PARAMETRIC_REPRESENTATION_CONTEXT() REPRESENTATION_CONTEXT('2D SPACE',''
  ) );
#430 = ORIENTED_EDGE('',*,*,#379,.T.);
#431 = ORIENTED_EDGE('',*,*,#241,.T.);
#432 = ORIENTED_EDGE('',*,*,#327,.F.);
#433 = ORIENTED_EDGE('',*,*,#434,.F.);
#434 = EDGE_CURVE('',#435,#328,#437,.T.);
#435 = VERTEX_POINT('',#436);
#436 = CARTESIAN_POINT('',(68.50000000001,-0.5,-1.060262988517E-13));
#437 = SURFACE_CURVE('',#438,(#442,#449),.PCURVE_S1.);
#438 = LINE('',#439,#440);
#439 = CARTESIAN_POINT('',(68.5,-0.5,3.73E-15));
#440 = VECTOR('',#441,1.);
#441 = DIRECTION('',(0.,1.,6.630669073875E-16));
#442 = PCURVE('',#256,#443);
#443 = DEFINITIONAL_REPRESENTATION('',(#444),#448);
#444 = LINE('',#445,#446);
#445 = CARTESIAN_POINT('',(-9.424777960769,0.));
#446 = VECTOR('',#447,1.);
#447 = DIRECTION('',(-0.,-1.));
#448 = ( GEOMETRIC_REPRESENTATION_CONTEXT(2) 
PARAMETRIC_REPRESENTATION_CONTEXT() REPRESENTATION_CONTEXT('2D SPACE',''
  ) );
#449 = PCURVE('',#450,#455);
#450 = PLANE('',#451);
#451 = AXIS2_PLACEMENT_3D('',#452,#453,#454);
#452 = CARTESIAN_POINT('',(68.5,-0.5,3.9E-15));
#453 = DIRECTION('',(0.,-6.630669073875E-16,1.));
#454 = DIRECTION('',(-1.,-0.,0.));
#455 = DEFINITIONAL_REPRESENTATION('',(#456),#460);
#456 = LINE('',#457,#458);
#457 = CARTESIAN_POINT('',(0.,0.));
#458 = VECTOR('',#459,1.);
#459 = DIRECTION('',(0.,-1.));
#460 = ( GEOMETRIC_REPRESENTATION_CONTEXT(2) 
PARAMETRIC_REPRESENTATION_CONTEXT() REPRESENTATION_CONTEXT('2D SPACE',''
  ) );
#461 = ORIENTED_EDGE('',*,*,#462,.F.);
#462 = EDGE_CURVE('',#463,#435,#465,.T.);
#463 = VERTEX_POINT('',#464);
#464 = CARTESIAN_POINT('',(76.,-0.5,-7.5));
#465 = SURFACE_CURVE('',#466,(#471,#478),.PCURVE_S1.);
#466 = CIRCLE('',#467,7.49999999998);
#467 = AXIS2_PLACEMENT_3D('',#468,#469,#470);
#468 = CARTESIAN_POINT('',(76.,-0.5,1.232595164408E-32));
#469 = DIRECTION('',(-0.,1.,3.330669073875E-16));
#470 = DIRECTION('',(1.,0.,0.));
#471 = PCURVE('',#256,#472);
#472 = DEFINITIONAL_REPRESENTATION('',(#473),#477);
#473 = LINE('',#474,#475);
#474 = CARTESIAN_POINT('',(-0.,0.));
#475 = VECTOR('',#476,1.);
#476 = DIRECTION('',(-1.,0.));
#477 = ( GEOMETRIC_REPRESENTATION_CONTEXT(2) 
PARAMETRIC_REPRESENTATION_CONTEXT() REPRESENTATION_CONTEXT('2D SPACE',''
  ) );
#478 = PCURVE('',#479,#484);
#479 = PLANE('',#480);
#480 = AXIS2_PLACEMENT_3D('',#481,#482,#483);
#481 = CARTESIAN_POINT('',(38.,-0.5,-5.551115123126E-17));
#482 = DIRECTION('',(0.,1.,1.130669073875E-16));
#483 = DIRECTION('',(0.,-1.130669073875E-16,1.));
#484 = DEFINITIONAL_REPRESENTATION('',(#485),#489);
#485 = CIRCLE('',#486,7.49999999998);
#486 = AXIS2_PLACEMENT_2D('',#487,#488);
#487 = CARTESIAN_POINT('',(0.,38.));
#488 = DIRECTION('',(0.,1.));
#489 = ( GEOMETRIC_REPRESENTATION_CONTEXT(2) 
PARAMETRIC_REPRESENTATION_CONTEXT() REPRESENTATION_CONTEXT('2D SPACE',''
  ) );
#490 = ORIENTED_EDGE('',*,*,#491,.T.);
#491 = EDGE_CURVE('',#463,#404,#492,.T.);
#492 = SURFACE_CURVE('',#493,(#498,#505),.PCURVE_S1.);
#493 = CIRCLE('',#494,7.5);
#494 = AXIS2_PLACEMENT_3D('',#495,#496,#497);
#495 = CARTESIAN_POINT('',(76.,-0.5,1.232595164408E-32));
#496 = DIRECTION('',(0.,-1.,-3.330669073875E-16));
#497 = DIRECTION('',(1.,0.,0.));
#498 = PCURVE('',#256,#499);
#499 = DEFINITIONAL_REPRESENTATION('',(#500),#504);
#500 = LINE('',#501,#502);
#501 = CARTESIAN_POINT('',(-12.56637061435,0.));
#502 = VECTOR('',#503,1.);
#503 = DIRECTION('',(1.,-0.));
#504 = ( GEOMETRIC_REPRESENTATION_CONTEXT(2) 
PARAMETRIC_REPRESENTATION_CONTEXT() REPRESENTATION_CONTEXT('2D SPACE',''
  ) );
#505 = PCURVE('',#506,#511);
#506 = CYLINDRICAL_SURFACE('',#507,7.5);
#507 = AXIS2_PLACEMENT_3D('',#508,#509,#510);
#508 = CARTESIAN_POINT('',(76.,-0.5,1.232595164408E-32));
#509 = DIRECTION('',(0.,1.,2.230669073875E-16));
#510 = DIRECTION('',(1.,0.,0.));
#511 = DEFINITIONAL_REPRESENTATION('',(#512),#516);
#512 = LINE('',#513,#514);
#513 = CARTESIAN_POINT('',(-0.,0.));
#514 = VECTOR('',#515,1.);
#515 = DIRECTION('',(-1.,0.));
#516 = ( GEOMETRIC_REPRESENTATION_CONTEXT(2) 
PARAMETRIC_REPRESENTATION_CONTEXT() REPRESENTATION_CONTEXT('2D SPACE',''
  ) );
#517 = ADVANCED_FACE('',(#518),#311,.F.);
#518 = FACE_BOUND('',#519,.T.);
#519 = EDGE_LOOP('',(#520,#543,#574,#575));
#520 = ORIENTED_EDGE('',*,*,#521,.F.);
#521 = EDGE_CURVE('',#522,#272,#524,.T.);
#522 = VERTEX_POINT('',#523);
#523 = CARTESIAN_POINT('',(80.95,-0.5,1.998401444325E-15));
#524 = SEAM_CURVE('',#525,(#529,#536),.PCURVE_S1.);
#525 = LINE('',#526,#527);
#526 = CARTESIAN_POINT('',(80.5,-5.E-02,2.319880108324E-15));
#527 = VECTOR('',#528,1.);
#528 = DIRECTION('',(-0.707106781187,0.707106781187,1.555138688026E-16)
  );
#529 = PCURVE('',#311,#530);
#530 = DEFINITIONAL_REPRESENTATION('',(#531),#535);
#531 = LINE('',#532,#533);
#532 = CARTESIAN_POINT('',(0.,-0.));
#533 = VECTOR('',#534,1.);
#534 = DIRECTION('',(0.,-1.));
#535 = ( GEOMETRIC_REPRESENTATION_CONTEXT(2) 
PARAMETRIC_REPRESENTATION_CONTEXT() REPRESENTATION_CONTEXT('2D SPACE',''
  ) );
#536 = PCURVE('',#311,#537);
#537 = DEFINITIONAL_REPRESENTATION('',(#538),#542);
#538 = LINE('',#539,#540);
#539 = CARTESIAN_POINT('',(6.28318530718,-0.));
#540 = VECTOR('',#541,1.);
#541 = DIRECTION('',(0.,-1.));
#542 = ( GEOMETRIC_REPRESENTATION_CONTEXT(2) 
PARAMETRIC_REPRESENTATION_CONTEXT() REPRESENTATION_CONTEXT('2D SPACE',''
  ) );
#543 = ORIENTED_EDGE('',*,*,#544,.T.);
#544 = EDGE_CURVE('',#522,#522,#545,.T.);
#545 = SURFACE_CURVE('',#546,(#551,#558),.PCURVE_S1.);
#546 = CIRCLE('',#547,4.95);
#547 = AXIS2_PLACEMENT_3D('',#548,#549,#550);
#548 = CARTESIAN_POINT('',(76.,-0.5,2.22E-15));
#549 = DIRECTION('',(0.,-1.,-2.230669073875E-16));
#550 = DIRECTION('',(1.,0.,0.));
#551 = PCURVE('',#311,#552);
#552 = DEFINITIONAL_REPRESENTATION('',(#553),#557);
#553 = LINE('',#554,#555);
#554 = CARTESIAN_POINT('',(-0.,0.45));
#555 = VECTOR('',#556,1.);
#556 = DIRECTION('',(1.,-0.));
#557 = ( GEOMETRIC_REPRESENTATION_CONTEXT(2) 
PARAMETRIC_REPRESENTATION_CONTEXT() REPRESENTATION_CONTEXT('2D SPACE',''
  ) );
#558 = PCURVE('',#559,#564);
#559 = PLANE('',#560);
#560 = AXIS2_PLACEMENT_3D('',#561,#562,#563);
#561 = CARTESIAN_POINT('',(76.,-0.5,2.6645352591E-15));
#562 = DIRECTION('',(0.,1.,1.130669073875E-16));
#563 = DIRECTION('',(0.,-1.130669073875E-16,1.));
#564 = DEFINITIONAL_REPRESENTATION('',(#565),#573);
#565 = ( BOUNDED_CURVE() B_SPLINE_CURVE(2,(#566,#567,#568,#569,#570,#571
,#572),.UNSPECIFIED.,.T.,.F.) B_SPLINE_CURVE_WITH_KNOTS((1,2,2,2,2,1),(
    -2.094395102393,0.,2.094395102393,4.188790204786,6.28318530718,
8.377580409573),.UNSPECIFIED.) CURVE() GEOMETRIC_REPRESENTATION_ITEM() 
RATIONAL_B_SPLINE_CURVE((1.,0.5,1.,0.5,1.,0.5,1.)) REPRESENTATION_ITEM(
  '') );
#566 = CARTESIAN_POINT('',(-4.440892098501E-16,4.95));
#567 = CARTESIAN_POINT('',(8.573651497466,4.95));
#568 = CARTESIAN_POINT('',(4.286825748733,-2.475));
#569 = CARTESIAN_POINT('',(7.683111213058E-16,-9.9));
#570 = CARTESIAN_POINT('',(-4.286825748733,-2.475));
#571 = CARTESIAN_POINT('',(-8.573651497466,4.95));
#572 = CARTESIAN_POINT('',(-4.440892098501E-16,4.95));
#573 = ( GEOMETRIC_REPRESENTATION_CONTEXT(2) 
PARAMETRIC_REPRESENTATION_CONTEXT() REPRESENTATION_CONTEXT('2D SPACE',''
  ) );
#574 = ORIENTED_EDGE('',*,*,#521,.T.);
#575 = ORIENTED_EDGE('',*,*,#296,.F.);
#576 = ADVANCED_FACE('',(#577),#367,.T.);
#577 = FACE_BOUND('',#578,.T.);
#578 = EDGE_LOOP('',(#579,#580,#608));
#579 = ORIENTED_EDGE('',*,*,#350,.F.);
#580 = ORIENTED_EDGE('',*,*,#581,.F.);
#581 = EDGE_CURVE('',#582,#328,#584,.T.);
#582 = VERTEX_POINT('',#583);
#583 = CARTESIAN_POINT('',(68.500000000013,9.,7.499999999986));
#584 = SURFACE_CURVE('',#585,(#589,#596),.PCURVE_S1.);
#585 = LINE('',#586,#587);
#586 = CARTESIAN_POINT('',(68.5,9.,7.499999999999));
#587 = VECTOR('',#588,1.);
#588 = DIRECTION('',(0.,3.330669073875E-16,-1.));
#589 = PCURVE('',#367,#590);
#590 = DEFINITIONAL_REPRESENTATION('',(#591),#595);
#591 = LINE('',#592,#593);
#592 = CARTESIAN_POINT('',(3.688373899702,26.771471520465));
#593 = VECTOR('',#594,1.);
#594 = DIRECTION('',(-1.,0.));
#595 = ( GEOMETRIC_REPRESENTATION_CONTEXT(2) 
PARAMETRIC_REPRESENTATION_CONTEXT() REPRESENTATION_CONTEXT('2D SPACE',''
  ) );
#596 = PCURVE('',#597,#602);
#597 = PLANE('',#598);
#598 = AXIS2_PLACEMENT_3D('',#599,#600,#601);
#599 = CARTESIAN_POINT('',(41.728528479535,9.,3.811626100297));
#600 = DIRECTION('',(0.,1.,3.330669073875E-16));
#601 = DIRECTION('',(0.,-3.330669073875E-16,1.));
#602 = DEFINITIONAL_REPRESENTATION('',(#603),#607);
#603 = LINE('',#604,#605);
#604 = CARTESIAN_POINT('',(3.688373899702,26.771471520465));
#605 = VECTOR('',#606,1.);
#606 = DIRECTION('',(-1.,0.));
#607 = ( GEOMETRIC_REPRESENTATION_CONTEXT(2) 
PARAMETRIC_REPRESENTATION_CONTEXT() REPRESENTATION_CONTEXT('2D SPACE',''
  ) );
#608 = ORIENTED_EDGE('',*,*,#609,.F.);
#609 = EDGE_CURVE('',#351,#582,#610,.T.);
#610 = SURFACE_CURVE('',#611,(#615,#622),.PCURVE_S1.);
#611 = LINE('',#612,#613);
#612 = CARTESIAN_POINT('',(55.114264239778,9.,7.49999999998));
#613 = VECTOR('',#614,1.);
#614 = DIRECTION('',(-1.,-0.,0.));
#615 = PCURVE('',#367,#616);
#616 = DEFINITIONAL_REPRESENTATION('',(#617),#621);
#617 = LINE('',#618,#619);
#618 = CARTESIAN_POINT('',(3.688373899683,13.385735760242));
#619 = VECTOR('',#620,1.);
#620 = DIRECTION('',(0.,-1.));
#621 = ( GEOMETRIC_REPRESENTATION_CONTEXT(2) 
PARAMETRIC_REPRESENTATION_CONTEXT() REPRESENTATION_CONTEXT('2D SPACE',''
  ) );
#622 = PCURVE('',#419,#623);
#623 = DEFINITIONAL_REPRESENTATION('',(#624),#628);
#624 = LINE('',#625,#626);
#625 = CARTESIAN_POINT('',(-13.38573576024,-9.5));
#626 = VECTOR('',#627,1.);
#627 = DIRECTION('',(-1.,-0.));
#628 = ( GEOMETRIC_REPRESENTATION_CONTEXT(2) 
PARAMETRIC_REPRESENTATION_CONTEXT() REPRESENTATION_CONTEXT('2D SPACE',''
  ) );
#629 = ADVANCED_FACE('',(#630),#419,.F.);
#630 = FACE_BOUND('',#631,.F.);
#631 = EDGE_LOOP('',(#632,#660,#686,#687));
#632 = ORIENTED_EDGE('',*,*,#633,.F.);
#633 = EDGE_CURVE('',#634,#404,#636,.T.);
#634 = VERTEX_POINT('',#635);
#635 = CARTESIAN_POINT('',(68.50000000001,-0.5,7.49999999999));
#636 = SURFACE_CURVE('',#637,(#641,#648),.PCURVE_S1.);
#637 = LINE('',#638,#639);
#638 = CARTESIAN_POINT('',(-1.21E-15,-0.5,7.5));
#639 = VECTOR('',#640,1.);
#640 = DIRECTION('',(1.,0.,0.));
#641 = PCURVE('',#419,#642);
#642 = DEFINITIONAL_REPRESENTATION('',(#643),#647);
#643 = LINE('',#644,#645);
#644 = CARTESIAN_POINT('',(-68.50000000002,7.771561172376E-16));
#645 = VECTOR('',#646,1.);
#646 = DIRECTION('',(1.,0.));
#647 = ( GEOMETRIC_REPRESENTATION_CONTEXT(2) 
PARAMETRIC_REPRESENTATION_CONTEXT() REPRESENTATION_CONTEXT('2D SPACE',''
  ) );
#648 = PCURVE('',#649,#654);
#649 = PLANE('',#650);
#650 = AXIS2_PLACEMENT_3D('',#651,#652,#653);
#651 = CARTESIAN_POINT('',(-1.21E-15,-0.5,7.5));
#652 = DIRECTION('',(0.,-2.230669073875E-16,1.));
#653 = DIRECTION('',(1.,0.,0.));
#654 = DEFINITIONAL_REPRESENTATION('',(#655),#659);
#655 = LINE('',#656,#657);
#656 = CARTESIAN_POINT('',(0.,-7.771561172376E-16));
#657 = VECTOR('',#658,1.);
#658 = DIRECTION('',(1.,0.));
#659 = ( GEOMETRIC_REPRESENTATION_CONTEXT(2) 
PARAMETRIC_REPRESENTATION_CONTEXT() REPRESENTATION_CONTEXT('2D SPACE',''
  ) );
#660 = ORIENTED_EDGE('',*,*,#661,.T.);
#661 = EDGE_CURVE('',#634,#582,#662,.T.);
#662 = SURFACE_CURVE('',#663,(#667,#674),.PCURVE_S1.);
#663 = LINE('',#664,#665);
#664 = CARTESIAN_POINT('',(68.5,-0.5,7.499999999999));
#665 = VECTOR('',#666,1.);
#666 = DIRECTION('',(0.,1.,6.630669073875E-16));
#667 = PCURVE('',#419,#668);
#668 = DEFINITIONAL_REPRESENTATION('',(#669),#673);
#669 = LINE('',#670,#671);
#670 = CARTESIAN_POINT('',(-2.007993771258E-11,3.330669073875E-15));
#671 = VECTOR('',#672,1.);
#672 = DIRECTION('',(0.,-1.));
#673 = ( GEOMETRIC_REPRESENTATION_CONTEXT(2) 
PARAMETRIC_REPRESENTATION_CONTEXT() REPRESENTATION_CONTEXT('2D SPACE',''
  ) );
#674 = PCURVE('',#675,#680);
#675 = PLANE('',#676);
#676 = AXIS2_PLACEMENT_3D('',#677,#678,#679);
#677 = CARTESIAN_POINT('',(14.133294025103,-0.5,7.499999999999));
#678 = DIRECTION('',(0.,6.630669073875E-16,-1.));
#679 = DIRECTION('',(1.,0.,0.));
#680 = DEFINITIONAL_REPRESENTATION('',(#681),#685);
#681 = LINE('',#682,#683);
#682 = CARTESIAN_POINT('',(54.366705974897,0.));
#683 = VECTOR('',#684,1.);
#684 = DIRECTION('',(0.,-1.));
#685 = ( GEOMETRIC_REPRESENTATION_CONTEXT(2) 
PARAMETRIC_REPRESENTATION_CONTEXT() REPRESENTATION_CONTEXT('2D SPACE',''
  ) );
#686 = ORIENTED_EDGE('',*,*,#609,.F.);
#687 = ORIENTED_EDGE('',*,*,#403,.F.);
#688 = ADVANCED_FACE('',(#689,#764,#934),#450,.F.);
#689 = FACE_BOUND('',#690,.F.);
#690 = EDGE_LOOP('',(#691,#692,#715,#743));
#691 = ORIENTED_EDGE('',*,*,#434,.T.);
#692 = ORIENTED_EDGE('',*,*,#693,.T.);
#693 = EDGE_CURVE('',#328,#694,#696,.T.);
#694 = VERTEX_POINT('',#695);
#695 = CARTESIAN_POINT('',(16.,9.,1.021405182655E-14));
#696 = SURFACE_CURVE('',#697,(#701,#708),.PCURVE_S1.);
#697 = LINE('',#698,#699);
#698 = CARTESIAN_POINT('',(68.5,9.,1.06581410364E-14));
#699 = VECTOR('',#700,1.);
#700 = DIRECTION('',(-1.,0.,0.));
#701 = PCURVE('',#450,#702);
#702 = DEFINITIONAL_REPRESENTATION('',(#703),#707);
#703 = LINE('',#704,#705);
#704 = CARTESIAN_POINT('',(0.,-9.5));
#705 = VECTOR('',#706,1.);
#706 = DIRECTION('',(1.,-0.));
#707 = ( GEOMETRIC_REPRESENTATION_CONTEXT(2) 
PARAMETRIC_REPRESENTATION_CONTEXT() REPRESENTATION_CONTEXT('2D SPACE',''
  ) );
#708 = PCURVE('',#597,#709);
#709 = DEFINITIONAL_REPRESENTATION('',(#710),#714);
#710 = LINE('',#711,#712);
#711 = CARTESIAN_POINT('',(-3.811626100297,26.771471520465));
#712 = VECTOR('',#713,1.);
#713 = DIRECTION('',(-0.,-1.));
#714 = ( GEOMETRIC_REPRESENTATION_CONTEXT(2) 
PARAMETRIC_REPRESENTATION_CONTEXT() REPRESENTATION_CONTEXT('2D SPACE',''
  ) );
#715 = ORIENTED_EDGE('',*,*,#716,.F.);
#716 = EDGE_CURVE('',#717,#694,#719,.T.);
#717 = VERTEX_POINT('',#718);
#718 = CARTESIAN_POINT('',(16.,-0.5,3.996802888651E-15));
#719 = SURFACE_CURVE('',#720,(#724,#731),.PCURVE_S1.);
#720 = LINE('',#721,#722);
#721 = CARTESIAN_POINT('',(16.,-0.5,3.91E-15));
#722 = VECTOR('',#723,1.);
#723 = DIRECTION('',(0.,1.,6.630669073875E-16));
#724 = PCURVE('',#450,#725);
#725 = DEFINITIONAL_REPRESENTATION('',(#726),#730);
#726 = LINE('',#727,#728);
#727 = CARTESIAN_POINT('',(52.5,-0.));
#728 = VECTOR('',#729,1.);
#729 = DIRECTION('',(0.,-1.));
#730 = ( GEOMETRIC_REPRESENTATION_CONTEXT(2) 
PARAMETRIC_REPRESENTATION_CONTEXT() REPRESENTATION_CONTEXT('2D SPACE',''
  ) );
#731 = PCURVE('',#732,#737);
#732 = CYLINDRICAL_SURFACE('',#733,16.);
#733 = AXIS2_PLACEMENT_3D('',#734,#735,#736);
#734 = CARTESIAN_POINT('',(0.,-0.5,1.232595164408E-32));
#735 = DIRECTION('',(0.,-1.,-6.630669073875E-16));
#736 = DIRECTION('',(1.,0.,0.));
#737 = DEFINITIONAL_REPRESENTATION('',(#738),#742);
#738 = LINE('',#739,#740);
#739 = CARTESIAN_POINT('',(-6.28318530718,0.));
#740 = VECTOR('',#741,1.);
#741 = DIRECTION('',(-0.,-1.));
#742 = ( GEOMETRIC_REPRESENTATION_CONTEXT(2) 
PARAMETRIC_REPRESENTATION_CONTEXT() REPRESENTATION_CONTEXT('2D SPACE',''
  ) );
#743 = ORIENTED_EDGE('',*,*,#744,.F.);
#744 = EDGE_CURVE('',#435,#717,#745,.T.);
#745 = SURFACE_CURVE('',#746,(#750,#757),.PCURVE_S1.);
#746 = LINE('',#747,#748);
#747 = CARTESIAN_POINT('',(68.5,-0.5,3.9E-15));
#748 = VECTOR('',#749,1.);
#749 = DIRECTION('',(-1.,0.,0.));
#750 = PCURVE('',#450,#751);
#751 = DEFINITIONAL_REPRESENTATION('',(#752),#756);
#752 = LINE('',#753,#754);
#753 = CARTESIAN_POINT('',(0.,0.));
#754 = VECTOR('',#755,1.);
#755 = DIRECTION('',(1.,-0.));
#756 = ( GEOMETRIC_REPRESENTATION_CONTEXT(2) 
PARAMETRIC_REPRESENTATION_CONTEXT() REPRESENTATION_CONTEXT('2D SPACE',''
  ) );
#757 = PCURVE('',#479,#758);
#758 = DEFINITIONAL_REPRESENTATION('',(#759),#763);
#759 = LINE('',#760,#761);
#760 = CARTESIAN_POINT('',(3.996802888651E-15,30.5));
#761 = VECTOR('',#762,1.);
#762 = DIRECTION('',(-0.,-1.));
#763 = ( GEOMETRIC_REPRESENTATION_CONTEXT(2) 
PARAMETRIC_REPRESENTATION_CONTEXT() REPRESENTATION_CONTEXT('2D SPACE',''
  ) );
#764 = FACE_BOUND('',#765,.F.);
#765 = EDGE_LOOP('',(#766,#796,#824,#852,#880,#908));
#766 = ORIENTED_EDGE('',*,*,#767,.T.);
#767 = EDGE_CURVE('',#768,#770,#772,.T.);
#768 = VERTEX_POINT('',#769);
#769 = CARTESIAN_POINT('',(54.267949192431,7.5,7.660538869914E-15));
#770 = VERTEX_POINT('',#771);
#771 = CARTESIAN_POINT('',(57.732050807569,7.5,7.660538869914E-15));
#772 = SURFACE_CURVE('',#773,(#777,#784),.PCURVE_S1.);
#773 = LINE('',#774,#775);
#774 = CARTESIAN_POINT('',(54.267949192431,7.5,6.6645352591E-15));
#775 = VECTOR('',#776,1.);
#776 = DIRECTION('',(1.,-1.03E-15,-3.430589146092E-31));
#777 = PCURVE('',#450,#778);
#778 = DEFINITIONAL_REPRESENTATION('',(#779),#783);
#779 = LINE('',#780,#781);
#780 = CARTESIAN_POINT('',(14.232050807569,-8.));
#781 = VECTOR('',#782,1.);
#782 = DIRECTION('',(-1.,1.03E-15));
#783 = ( GEOMETRIC_REPRESENTATION_CONTEXT(2) 
PARAMETRIC_REPRESENTATION_CONTEXT() REPRESENTATION_CONTEXT('2D SPACE',''
  ) );
#784 = PCURVE('',#785,#790);
#785 = PLANE('',#786);
#786 = AXIS2_PLACEMENT_3D('',#787,#788,#789);
#787 = CARTESIAN_POINT('',(54.267949192431,7.5,7.4545352591E-15));
#788 = DIRECTION('',(1.03E-15,1.,4.430669073875E-16));
#789 = DIRECTION('',(1.,-1.03E-15,-3.430589146092E-31));
#790 = DEFINITIONAL_REPRESENTATION('',(#791),#795);
#791 = LINE('',#792,#793);
#792 = CARTESIAN_POINT('',(1.806776950275E-46,7.9E-16));
#793 = VECTOR('',#794,1.);
#794 = DIRECTION('',(1.,0.));
#795 = ( GEOMETRIC_REPRESENTATION_CONTEXT(2) 
PARAMETRIC_REPRESENTATION_CONTEXT() REPRESENTATION_CONTEXT('2D SPACE',''
  ) );
#796 = ORIENTED_EDGE('',*,*,#797,.T.);
#797 = EDGE_CURVE('',#770,#798,#800,.T.);
#798 = VERTEX_POINT('',#799);
#799 = CARTESIAN_POINT('',(59.464101615138,4.5,5.662137425588E-15));
#800 = SURFACE_CURVE('',#801,(#805,#812),.PCURVE_S1.);
#801 = LINE('',#802,#803);
#802 = CARTESIAN_POINT('',(57.732050807569,7.5,6.6645352591E-15));
#803 = VECTOR('',#804,1.);
#804 = DIRECTION('',(0.5,-0.866025403784,-2.884444029575E-16));
#805 = PCURVE('',#450,#806);
#806 = DEFINITIONAL_REPRESENTATION('',(#807),#811);
#807 = LINE('',#808,#809);
#808 = CARTESIAN_POINT('',(10.767949192431,-8.));
#809 = VECTOR('',#810,1.);
#810 = DIRECTION('',(-0.5,0.866025403784));
#811 = ( GEOMETRIC_REPRESENTATION_CONTEXT(2) 
PARAMETRIC_REPRESENTATION_CONTEXT() REPRESENTATION_CONTEXT('2D SPACE',''
  ) );
#812 = PCURVE('',#813,#818);
#813 = PLANE('',#814);
#814 = AXIS2_PLACEMENT_3D('',#815,#816,#817);
#815 = CARTESIAN_POINT('',(57.732050807569,7.5,7.4545352591E-15));
#816 = DIRECTION('',(0.866025403784,0.5,2.265334536938E-16));
#817 = DIRECTION('',(0.5,-0.866025403784,-3.884444029575E-16));
#818 = DEFINITIONAL_REPRESENTATION('',(#819),#823);
#819 = LINE('',#820,#821);
#820 = CARTESIAN_POINT('',(-7.691850745534E-16,7.9E-16));
#821 = VECTOR('',#822,1.);
#822 = DIRECTION('',(1.,-1.E-16));
#823 = ( GEOMETRIC_REPRESENTATION_CONTEXT(2) 
PARAMETRIC_REPRESENTATION_CONTEXT() REPRESENTATION_CONTEXT('2D SPACE',''
  ) );
#824 = ORIENTED_EDGE('',*,*,#825,.T.);
#825 = EDGE_CURVE('',#798,#826,#828,.T.);
#826 = VERTEX_POINT('',#827);
#827 = CARTESIAN_POINT('',(57.732050807569,1.5,4.662936703426E-15));
#828 = SURFACE_CURVE('',#829,(#833,#840),.PCURVE_S1.);
#829 = LINE('',#830,#831);
#830 = CARTESIAN_POINT('',(59.464101615138,4.5,5.665334536938E-15));
#831 = VECTOR('',#832,1.);
#832 = DIRECTION('',(-0.5,-0.866025403784,-2.884444029575E-16));
#833 = PCURVE('',#450,#834);
#834 = DEFINITIONAL_REPRESENTATION('',(#835),#839);
#835 = LINE('',#836,#837);
#836 = CARTESIAN_POINT('',(9.035898384862,-5.));
#837 = VECTOR('',#838,1.);
#838 = DIRECTION('',(0.5,0.866025403784));
#839 = ( GEOMETRIC_REPRESENTATION_CONTEXT(2) 
PARAMETRIC_REPRESENTATION_CONTEXT() REPRESENTATION_CONTEXT('2D SPACE',''
  ) );
#840 = PCURVE('',#841,#846);
#841 = PLANE('',#842);
#842 = AXIS2_PLACEMENT_3D('',#843,#844,#845);
#843 = CARTESIAN_POINT('',(59.464101615138,4.5,6.125334536938E-15));
#844 = DIRECTION('',(0.866025403784,-0.5,-2.265334536938E-16));
#845 = DIRECTION('',(-0.5,-0.866025403784,-3.884444029575E-16));
#846 = DEFINITIONAL_REPRESENTATION('',(#847),#851);
#847 = LINE('',#848,#849);
#848 = CARTESIAN_POINT('',(-7.691850745534E-16,4.6E-16));
#849 = VECTOR('',#850,1.);
#850 = DIRECTION('',(1.,-1.E-16));
#851 = ( GEOMETRIC_REPRESENTATION_CONTEXT(2) 
PARAMETRIC_REPRESENTATION_CONTEXT() REPRESENTATION_CONTEXT('2D SPACE',''
  ) );
#852 = ORIENTED_EDGE('',*,*,#853,.T.);
#853 = EDGE_CURVE('',#826,#854,#856,.T.);
#854 = VERTEX_POINT('',#855);
#855 = CARTESIAN_POINT('',(54.267949192431,1.5,4.662936703426E-15));
#856 = SURFACE_CURVE('',#857,(#861,#868),.PCURVE_S1.);
#857 = LINE('',#858,#859);
#858 = CARTESIAN_POINT('',(57.732050807569,1.5,4.666133814775E-15));
#859 = VECTOR('',#860,1.);
#860 = DIRECTION('',(-1.,0.,-0.));
#861 = PCURVE('',#450,#862);
#862 = DEFINITIONAL_REPRESENTATION('',(#863),#867);
#863 = LINE('',#864,#865);
#864 = CARTESIAN_POINT('',(10.767949192431,-2.));
#865 = VECTOR('',#866,1.);
#866 = DIRECTION('',(1.,-0.));
#867 = ( GEOMETRIC_REPRESENTATION_CONTEXT(2) 
PARAMETRIC_REPRESENTATION_CONTEXT() REPRESENTATION_CONTEXT('2D SPACE',''
  ) );
#868 = PCURVE('',#869,#874);
#869 = PLANE('',#870);
#870 = AXIS2_PLACEMENT_3D('',#871,#872,#873);
#871 = CARTESIAN_POINT('',(57.732050807569,1.5,4.786133814775E-15));
#872 = DIRECTION('',(0.,-1.,-4.430669073875E-16));
#873 = DIRECTION('',(-1.,-0.,0.));
#874 = DEFINITIONAL_REPRESENTATION('',(#875),#879);
#875 = LINE('',#876,#877);
#876 = CARTESIAN_POINT('',(-0.,1.2E-16));
#877 = VECTOR('',#878,1.);
#878 = DIRECTION('',(1.,0.));
#879 = ( GEOMETRIC_REPRESENTATION_CONTEXT(2) 
PARAMETRIC_REPRESENTATION_CONTEXT() REPRESENTATION_CONTEXT('2D SPACE',''
  ) );
#880 = ORIENTED_EDGE('',*,*,#881,.T.);
#881 = EDGE_CURVE('',#854,#882,#884,.T.);
#882 = VERTEX_POINT('',#883);
#883 = CARTESIAN_POINT('',(52.535898384862,4.5,5.662137425588E-15));
#884 = SURFACE_CURVE('',#885,(#889,#896),.PCURVE_S1.);
#885 = LINE('',#886,#887);
#886 = CARTESIAN_POINT('',(54.267949192431,1.5,4.666133814775E-15));
#887 = VECTOR('',#888,1.);
#888 = DIRECTION('',(-0.5,0.866025403784,2.884444029575E-16));
#889 = PCURVE('',#450,#890);
#890 = DEFINITIONAL_REPRESENTATION('',(#891),#895);
#891 = LINE('',#892,#893);
#892 = CARTESIAN_POINT('',(14.232050807569,-2.));
#893 = VECTOR('',#894,1.);
#894 = DIRECTION('',(0.5,-0.866025403784));
#895 = ( GEOMETRIC_REPRESENTATION_CONTEXT(2) 
PARAMETRIC_REPRESENTATION_CONTEXT() REPRESENTATION_CONTEXT('2D SPACE',''
  ) );
#896 = PCURVE('',#897,#902);
#897 = PLANE('',#898);
#898 = AXIS2_PLACEMENT_3D('',#899,#900,#901);
#899 = CARTESIAN_POINT('',(54.267949192431,1.5,4.786133814775E-15));
#900 = DIRECTION('',(-0.866025403784,-0.5,-2.265334536938E-16));
#901 = DIRECTION('',(-0.5,0.866025403784,3.884444029575E-16));
#902 = DEFINITIONAL_REPRESENTATION('',(#903),#907);
#903 = LINE('',#904,#905);
#904 = CARTESIAN_POINT('',(-3.50755522366E-32,1.2E-16));
#905 = VECTOR('',#906,1.);
#906 = DIRECTION('',(1.,1.E-16));
#907 = ( GEOMETRIC_REPRESENTATION_CONTEXT(2) 
PARAMETRIC_REPRESENTATION_CONTEXT() REPRESENTATION_CONTEXT('2D SPACE',''
  ) );
#908 = ORIENTED_EDGE('',*,*,#909,.T.);
#909 = EDGE_CURVE('',#882,#768,#910,.T.);
#910 = SURFACE_CURVE('',#911,(#915,#922),.PCURVE_S1.);
#911 = LINE('',#912,#913);
#912 = CARTESIAN_POINT('',(52.535898384862,4.5,5.665334536938E-15));
#913 = VECTOR('',#914,1.);
#914 = DIRECTION('',(0.5,0.866025403784,2.884444029575E-16));
#915 = PCURVE('',#450,#916);
#916 = DEFINITIONAL_REPRESENTATION('',(#917),#921);
#917 = LINE('',#918,#919);
#918 = CARTESIAN_POINT('',(15.964101615138,-5.));
#919 = VECTOR('',#920,1.);
#920 = DIRECTION('',(-0.5,-0.866025403784));
#921 = ( GEOMETRIC_REPRESENTATION_CONTEXT(2) 
PARAMETRIC_REPRESENTATION_CONTEXT() REPRESENTATION_CONTEXT('2D SPACE',''
  ) );
#922 = PCURVE('',#923,#928);
#923 = PLANE('',#924);
#924 = AXIS2_PLACEMENT_3D('',#925,#926,#927);
#925 = CARTESIAN_POINT('',(52.535898384862,4.5,6.125334536938E-15));
#926 = DIRECTION('',(-0.866025403784,0.5,2.265334536938E-16));
#927 = DIRECTION('',(0.5,0.866025403784,3.884444029575E-16));
#928 = DEFINITIONAL_REPRESENTATION('',(#929),#933);
#929 = LINE('',#930,#931);
#930 = CARTESIAN_POINT('',(7.691850745534E-16,4.6E-16));
#931 = VECTOR('',#932,1.);
#932 = DIRECTION('',(1.,1.E-16));
#933 = ( GEOMETRIC_REPRESENTATION_CONTEXT(2) 
PARAMETRIC_REPRESENTATION_CONTEXT() REPRESENTATION_CONTEXT('2D SPACE',''
  ) );
#934 = FACE_BOUND('',#935,.F.);
#935 = EDGE_LOOP('',(#936));
#936 = ORIENTED_EDGE('',*,*,#937,.T.);
#937 = EDGE_CURVE('',#938,#938,#940,.T.);
#938 = VERTEX_POINT('',#939);
#939 = CARTESIAN_POINT('',(45.25,4.5,5.662137425588E-15));
#940 = SURFACE_CURVE('',#941,(#946,#957),.PCURVE_S1.);
#941 = CIRCLE('',#942,2.25);
#942 = AXIS2_PLACEMENT_3D('',#943,#944,#945);
#943 = CARTESIAN_POINT('',(43.,4.5,5.665334536938E-15));
#944 = DIRECTION('',(0.,3.330669073875E-16,-1.));
#945 = DIRECTION('',(1.,0.,0.));
#946 = PCURVE('',#450,#947);
#947 = DEFINITIONAL_REPRESENTATION('',(#948),#956);
#948 = ( BOUNDED_CURVE() B_SPLINE_CURVE(2,(#949,#950,#951,#952,#953,#954
,#955),.UNSPECIFIED.,.T.,.F.) B_SPLINE_CURVE_WITH_KNOTS((1,2,2,2,2,1),(
    -2.094395102393,0.,2.094395102393,4.188790204786,6.28318530718,
8.377580409573),.UNSPECIFIED.) CURVE() GEOMETRIC_REPRESENTATION_ITEM() 
RATIONAL_B_SPLINE_CURVE((1.,0.5,1.,0.5,1.,0.5,1.)) REPRESENTATION_ITEM(
  '') );
#949 = CARTESIAN_POINT('',(23.25,-5.));
#950 = CARTESIAN_POINT('',(23.25,-1.10288568297));
#951 = CARTESIAN_POINT('',(26.625,-3.051442841485));
#952 = CARTESIAN_POINT('',(30.,-5.));
#953 = CARTESIAN_POINT('',(26.625,-6.948557158515));
#954 = CARTESIAN_POINT('',(23.25,-8.89711431703));
#955 = CARTESIAN_POINT('',(23.25,-5.));
#956 = ( GEOMETRIC_REPRESENTATION_CONTEXT(2) 
PARAMETRIC_REPRESENTATION_CONTEXT() REPRESENTATION_CONTEXT('2D SPACE',''
  ) );
#957 = PCURVE('',#958,#963);
#958 = CYLINDRICAL_SURFACE('',#959,2.25);
#959 = AXIS2_PLACEMENT_3D('',#960,#961,#962);
#960 = CARTESIAN_POINT('',(43.,4.5,6.125334536938E-15));
#961 = DIRECTION('',(0.,4.430669073875E-16,-1.));
#962 = DIRECTION('',(1.,0.,0.));
#963 = DEFINITIONAL_REPRESENTATION('',(#964),#968);
#964 = LINE('',#965,#966);
#965 = CARTESIAN_POINT('',(0.,0.));
#966 = VECTOR('',#967,1.);
#967 = DIRECTION('',(1.,0.));
#968 = ( GEOMETRIC_REPRESENTATION_CONTEXT(2) 
PARAMETRIC_REPRESENTATION_CONTEXT() REPRESENTATION_CONTEXT('2D SPACE',''
  ) );
#969 = ADVANCED_FACE('',(#970),#506,.T.);
#970 = FACE_BOUND('',#971,.F.);
#971 = EDGE_LOOP('',(#972,#1000,#1029,#1050));
#972 = ORIENTED_EDGE('',*,*,#973,.T.);
#973 = EDGE_CURVE('',#463,#974,#976,.T.);
#974 = VERTEX_POINT('',#975);
#975 = CARTESIAN_POINT('',(76.,-4.3,-7.5));
#976 = SURFACE_CURVE('',#977,(#981,#988),.PCURVE_S1.);
#977 = LINE('',#978,#979);
#978 = CARTESIAN_POINT('',(76.,-0.5,-7.5));
#979 = VECTOR('',#980,1.);
#980 = DIRECTION('',(0.,-1.,-2.230669073875E-16));
#981 = PCURVE('',#506,#982);
#982 = DEFINITIONAL_REPRESENTATION('',(#983),#987);
#983 = LINE('',#984,#985);
#984 = CARTESIAN_POINT('',(-4.712388980385,0.));
#985 = VECTOR('',#986,1.);
#986 = DIRECTION('',(-0.,-1.));
#987 = ( GEOMETRIC_REPRESENTATION_CONTEXT(2) 
PARAMETRIC_REPRESENTATION_CONTEXT() REPRESENTATION_CONTEXT('2D SPACE',''
  ) );
#988 = PCURVE('',#989,#994);
#989 = PLANE('',#990);
#990 = AXIS2_PLACEMENT_3D('',#991,#992,#993);
#991 = CARTESIAN_POINT('',(-1.4E-15,-0.5,-7.5));
#992 = DIRECTION('',(0.,-2.230669073875E-16,1.));
#993 = DIRECTION('',(1.,0.,0.));
#994 = DEFINITIONAL_REPRESENTATION('',(#995),#999);
#995 = LINE('',#996,#997);
#996 = CARTESIAN_POINT('',(76.,0.));
#997 = VECTOR('',#998,1.);
#998 = DIRECTION('',(0.,-1.));
#999 = ( GEOMETRIC_REPRESENTATION_CONTEXT(2) 
PARAMETRIC_REPRESENTATION_CONTEXT() REPRESENTATION_CONTEXT('2D SPACE',''
  ) );
#1000 = ORIENTED_EDGE('',*,*,#1001,.T.);
#1001 = EDGE_CURVE('',#974,#1002,#1004,.T.);
#1002 = VERTEX_POINT('',#1003);
#1003 = CARTESIAN_POINT('',(76.,-4.3,7.5));
#1004 = SURFACE_CURVE('',#1005,(#1010,#1017),.PCURVE_S1.);
#1005 = CIRCLE('',#1006,7.5);
#1006 = AXIS2_PLACEMENT_3D('',#1007,#1008,#1009);
#1007 = CARTESIAN_POINT('',(76.,-4.3,1.264345751927E-15));
#1008 = DIRECTION('',(0.,-1.,3.369330926125E-16));
#1009 = DIRECTION('',(0.,-3.369330926125E-16,-1.));
#1010 = PCURVE('',#506,#1011);
#1011 = DEFINITIONAL_REPRESENTATION('',(#1012),#1016);
#1012 = LINE('',#1013,#1014);
#1013 = CARTESIAN_POINT('',(-4.712388980385,-3.8));
#1014 = VECTOR('',#1015,1.);
#1015 = DIRECTION('',(-1.,0.));
#1016 = ( GEOMETRIC_REPRESENTATION_CONTEXT(2) 
PARAMETRIC_REPRESENTATION_CONTEXT() REPRESENTATION_CONTEXT('2D SPACE',''
  ) );
#1017 = PCURVE('',#1018,#1023);
#1018 = CONICAL_SURFACE('',#1019,7.5,0.785398163397);
#1019 = AXIS2_PLACEMENT_3D('',#1020,#1021,#1022);
#1020 = CARTESIAN_POINT('',(76.,-4.3,1.264345751927E-15));
#1021 = DIRECTION('',(0.,1.,-3.369330926125E-16));
#1022 = DIRECTION('',(0.,-3.369330926125E-16,-1.));
#1023 = DEFINITIONAL_REPRESENTATION('',(#1024),#1028);
#1024 = LINE('',#1025,#1026);
#1025 = CARTESIAN_POINT('',(-0.,0.));
#1026 = VECTOR('',#1027,1.);
#1027 = DIRECTION('',(-1.,0.));
#1028 = ( GEOMETRIC_REPRESENTATION_CONTEXT(2) 
PARAMETRIC_REPRESENTATION_CONTEXT() REPRESENTATION_CONTEXT('2D SPACE',''
  ) );
#1029 = ORIENTED_EDGE('',*,*,#1030,.F.);
#1030 = EDGE_CURVE('',#404,#1002,#1031,.T.);
#1031 = SURFACE_CURVE('',#1032,(#1036,#1043),.PCURVE_S1.);
#1032 = LINE('',#1033,#1034);
#1033 = CARTESIAN_POINT('',(76.,-0.5,7.5));
#1034 = VECTOR('',#1035,1.);
#1035 = DIRECTION('',(0.,-1.,-2.230669073875E-16));
#1036 = PCURVE('',#506,#1037);
#1037 = DEFINITIONAL_REPRESENTATION('',(#1038),#1042);
#1038 = LINE('',#1039,#1040);
#1039 = CARTESIAN_POINT('',(-7.853981633974,0.));
#1040 = VECTOR('',#1041,1.);
#1041 = DIRECTION('',(-0.,-1.));
#1042 = ( GEOMETRIC_REPRESENTATION_CONTEXT(2) 
PARAMETRIC_REPRESENTATION_CONTEXT() REPRESENTATION_CONTEXT('2D SPACE',''
  ) );
#1043 = PCURVE('',#649,#1044);
#1044 = DEFINITIONAL_REPRESENTATION('',(#1045),#1049);
#1045 = LINE('',#1046,#1047);
#1046 = CARTESIAN_POINT('',(76.,0.));
#1047 = VECTOR('',#1048,1.);
#1048 = DIRECTION('',(0.,-1.));
#1049 = ( GEOMETRIC_REPRESENTATION_CONTEXT(2) 
PARAMETRIC_REPRESENTATION_CONTEXT() REPRESENTATION_CONTEXT('2D SPACE',''
  ) );
#1050 = ORIENTED_EDGE('',*,*,#491,.F.);
#1051 = ADVANCED_FACE('',(#1052,#1157),#479,.T.);
#1052 = FACE_BOUND('',#1053,.T.);
#1053 = EDGE_LOOP('',(#1054,#1089,#1112,#1134,#1135,#1136));
#1054 = ORIENTED_EDGE('',*,*,#1055,.F.);
#1055 = EDGE_CURVE('',#1056,#1058,#1060,.T.);
#1056 = VERTEX_POINT('',#1057);
#1057 = CARTESIAN_POINT('',(-1.E-15,-0.5,7.5));
#1058 = VERTEX_POINT('',#1059);
#1059 = CARTESIAN_POINT('',(-1.E-15,-0.5,-7.5));
#1060 = SURFACE_CURVE('',#1061,(#1066,#1077),.PCURVE_S1.);
#1061 = CIRCLE('',#1062,7.5);
#1062 = AXIS2_PLACEMENT_3D('',#1063,#1064,#1065);
#1063 = CARTESIAN_POINT('',(0.,-0.5,1.232595164408E-32));
#1064 = DIRECTION('',(0.,-1.,-3.330669073875E-16));
#1065 = DIRECTION('',(1.,0.,0.));
#1066 = PCURVE('',#479,#1067);
#1067 = DEFINITIONAL_REPRESENTATION('',(#1068),#1076);
#1068 = ( BOUNDED_CURVE() B_SPLINE_CURVE(2,(#1069,#1070,#1071,#1072,
#1073,#1074,#1075),.UNSPECIFIED.,.T.,.F.) B_SPLINE_CURVE_WITH_KNOTS((1,2
    ,2,2,2,1),(-2.094395102393,0.,2.094395102393,4.188790204786,
6.28318530718,8.377580409573),.UNSPECIFIED.) CURVE() 
GEOMETRIC_REPRESENTATION_ITEM() RATIONAL_B_SPLINE_CURVE((1.,0.5,1.,0.5,
1.,0.5,1.)) REPRESENTATION_ITEM('') );
#1069 = CARTESIAN_POINT('',(0.,-30.5));
#1070 = CARTESIAN_POINT('',(12.990381056767,-30.5));
#1071 = CARTESIAN_POINT('',(6.495190528383,-41.75));
#1072 = CARTESIAN_POINT('',(1.836970198721E-15,-53.));
#1073 = CARTESIAN_POINT('',(-6.495190528383,-41.75));
#1074 = CARTESIAN_POINT('',(-12.99038105676,-30.5));
#1075 = CARTESIAN_POINT('',(0.,-30.5));
#1076 = ( GEOMETRIC_REPRESENTATION_CONTEXT(2) 
PARAMETRIC_REPRESENTATION_CONTEXT() REPRESENTATION_CONTEXT('2D SPACE',''
  ) );
#1077 = PCURVE('',#1078,#1083);
#1078 = CYLINDRICAL_SURFACE('',#1079,7.5);
#1079 = AXIS2_PLACEMENT_3D('',#1080,#1081,#1082);
#1080 = CARTESIAN_POINT('',(0.,-0.5,1.232595164408E-32));
#1081 = DIRECTION('',(0.,1.,2.230669073875E-16));
#1082 = DIRECTION('',(1.,0.,0.));
#1083 = DEFINITIONAL_REPRESENTATION('',(#1084),#1088);
#1084 = LINE('',#1085,#1086);
#1085 = CARTESIAN_POINT('',(-0.,0.));
#1086 = VECTOR('',#1087,1.);
#1087 = DIRECTION('',(-1.,0.));
#1088 = ( GEOMETRIC_REPRESENTATION_CONTEXT(2) 
PARAMETRIC_REPRESENTATION_CONTEXT() REPRESENTATION_CONTEXT('2D SPACE',''
  ) );
#1089 = ORIENTED_EDGE('',*,*,#1090,.T.);
#1090 = EDGE_CURVE('',#1056,#1091,#1093,.T.);
#1091 = VERTEX_POINT('',#1092);
#1092 = CARTESIAN_POINT('',(14.133294025103,-0.5,7.499999999999));
#1093 = SURFACE_CURVE('',#1094,(#1098,#1105),.PCURVE_S1.);
#1094 = LINE('',#1095,#1096);
#1095 = CARTESIAN_POINT('',(-1.21E-15,-0.5,7.5));
#1096 = VECTOR('',#1097,1.);
#1097 = DIRECTION('',(1.,0.,0.));
#1098 = PCURVE('',#479,#1099);
#1099 = DEFINITIONAL_REPRESENTATION('',(#1100),#1104);
#1100 = LINE('',#1101,#1102);
#1101 = CARTESIAN_POINT('',(7.5,-38.));
#1102 = VECTOR('',#1103,1.);
#1103 = DIRECTION('',(0.,1.));
#1104 = ( GEOMETRIC_REPRESENTATION_CONTEXT(2) 
PARAMETRIC_REPRESENTATION_CONTEXT() REPRESENTATION_CONTEXT('2D SPACE',''
  ) );
#1105 = PCURVE('',#649,#1106);
#1106 = DEFINITIONAL_REPRESENTATION('',(#1107),#1111);
#1107 = LINE('',#1108,#1109);
#1108 = CARTESIAN_POINT('',(0.,-7.771561172376E-16));
#1109 = VECTOR('',#1110,1.);
#1110 = DIRECTION('',(1.,0.));
#1111 = ( GEOMETRIC_REPRESENTATION_CONTEXT(2) 
PARAMETRIC_REPRESENTATION_CONTEXT() REPRESENTATION_CONTEXT('2D SPACE',''
  ) );
#1112 = ORIENTED_EDGE('',*,*,#1113,.T.);
#1113 = EDGE_CURVE('',#1091,#717,#1114,.T.);
#1114 = SURFACE_CURVE('',#1115,(#1120,#1127),.PCURVE_S1.);
#1115 = CIRCLE('',#1116,16.);
#1116 = AXIS2_PLACEMENT_3D('',#1117,#1118,#1119);
#1117 = CARTESIAN_POINT('',(0.,-0.5,1.232595164408E-32));
#1118 = DIRECTION('',(-0.,1.,3.330669073875E-16));
#1119 = DIRECTION('',(1.,0.,0.));
#1120 = PCURVE('',#479,#1121);
#1121 = DEFINITIONAL_REPRESENTATION('',(#1122),#1126);
#1122 = CIRCLE('',#1123,16.);
#1123 = AXIS2_PLACEMENT_2D('',#1124,#1125);
#1124 = CARTESIAN_POINT('',(0.,-38.));
#1125 = DIRECTION('',(0.,1.));
#1126 = ( GEOMETRIC_REPRESENTATION_CONTEXT(2) 
PARAMETRIC_REPRESENTATION_CONTEXT() REPRESENTATION_CONTEXT('2D SPACE',''
  ) );
#1127 = PCURVE('',#732,#1128);
#1128 = DEFINITIONAL_REPRESENTATION('',(#1129),#1133);
#1129 = LINE('',#1130,#1131);
#1130 = CARTESIAN_POINT('',(-0.,0.));
#1131 = VECTOR('',#1132,1.);
#1132 = DIRECTION('',(-1.,0.));
#1133 = ( GEOMETRIC_REPRESENTATION_CONTEXT(2) 
PARAMETRIC_REPRESENTATION_CONTEXT() REPRESENTATION_CONTEXT('2D SPACE',''
  ) );
#1134 = ORIENTED_EDGE('',*,*,#744,.F.);
#1135 = ORIENTED_EDGE('',*,*,#462,.F.);
#1136 = ORIENTED_EDGE('',*,*,#1137,.F.);
#1137 = EDGE_CURVE('',#1058,#463,#1138,.T.);
#1138 = SURFACE_CURVE('',#1139,(#1143,#1150),.PCURVE_S1.);
#1139 = LINE('',#1140,#1141);
#1140 = CARTESIAN_POINT('',(-1.4E-15,-0.5,-7.5));
#1141 = VECTOR('',#1142,1.);
#1142 = DIRECTION('',(1.,0.,0.));
#1143 = PCURVE('',#479,#1144);
#1144 = DEFINITIONAL_REPRESENTATION('',(#1145),#1149);
#1145 = LINE('',#1146,#1147);
#1146 = CARTESIAN_POINT('',(-7.5,-38.));
#1147 = VECTOR('',#1148,1.);
#1148 = DIRECTION('',(0.,1.));
#1149 = ( GEOMETRIC_REPRESENTATION_CONTEXT(2) 
PARAMETRIC_REPRESENTATION_CONTEXT() REPRESENTATION_CONTEXT('2D SPACE',''
  ) );
#1150 = PCURVE('',#989,#1151);
#1151 = DEFINITIONAL_REPRESENTATION('',(#1152),#1156);
#1152 = LINE('',#1153,#1154);
#1153 = CARTESIAN_POINT('',(0.,8.326672684689E-16));
#1154 = VECTOR('',#1155,1.);
#1155 = DIRECTION('',(1.,0.));
#1156 = ( GEOMETRIC_REPRESENTATION_CONTEXT(2) 
PARAMETRIC_REPRESENTATION_CONTEXT() REPRESENTATION_CONTEXT('2D SPACE',''
  ) );
#1157 = FACE_BOUND('',#1158,.T.);
#1158 = EDGE_LOOP('',(#1159));
#1159 = ORIENTED_EDGE('',*,*,#1160,.T.);
#1160 = EDGE_CURVE('',#1161,#1161,#1163,.T.);
#1161 = VERTEX_POINT('',#1162);
#1162 = CARTESIAN_POINT('',(5.05,-0.5,0.));
#1163 = SURFACE_CURVE('',#1164,(#1169,#1180),.PCURVE_S1.);
#1164 = CIRCLE('',#1165,5.05);
#1165 = AXIS2_PLACEMENT_3D('',#1166,#1167,#1168);
#1166 = CARTESIAN_POINT('',(0.,-0.5,1.232595164408E-32));
#1167 = DIRECTION('',(0.,-1.,-3.330669073875E-16));
#1168 = DIRECTION('',(1.,0.,0.));
#1169 = PCURVE('',#479,#1170);
#1170 = DEFINITIONAL_REPRESENTATION('',(#1171),#1179);
#1171 = ( BOUNDED_CURVE() B_SPLINE_CURVE(2,(#1172,#1173,#1174,#1175,
#1176,#1177,#1178),.UNSPECIFIED.,.T.,.F.) B_SPLINE_CURVE_WITH_KNOTS((1,2
    ,2,2,2,1),(-2.094395102393,0.,2.094395102393,4.188790204786,
6.28318530718,8.377580409573),.UNSPECIFIED.) CURVE() 
GEOMETRIC_REPRESENTATION_ITEM() RATIONAL_B_SPLINE_CURVE((1.,0.5,1.,0.5,
1.,0.5,1.)) REPRESENTATION_ITEM('') );
#1172 = CARTESIAN_POINT('',(0.,-32.95));
#1173 = CARTESIAN_POINT('',(8.746856578223,-32.95));
#1174 = CARTESIAN_POINT('',(4.373428289111,-40.525));
#1175 = CARTESIAN_POINT('',(1.236893267139E-15,-48.1));
#1176 = CARTESIAN_POINT('',(-4.373428289111,-40.525));
#1177 = CARTESIAN_POINT('',(-8.746856578223,-32.95));
#1178 = CARTESIAN_POINT('',(0.,-32.95));
#1179 = ( GEOMETRIC_REPRESENTATION_CONTEXT(2) 
PARAMETRIC_REPRESENTATION_CONTEXT() REPRESENTATION_CONTEXT('2D SPACE',''
  ) );
#1180 = PCURVE('',#1181,#1186);
#1181 = CYLINDRICAL_SURFACE('',#1182,5.05);
#1182 = AXIS2_PLACEMENT_3D('',#1183,#1184,#1185);
#1183 = CARTESIAN_POINT('',(0.,-0.5,1.232595164408E-32));
#1184 = DIRECTION('',(0.,1.,2.230669073875E-16));
#1185 = DIRECTION('',(1.,0.,0.));
#1186 = DEFINITIONAL_REPRESENTATION('',(#1187),#1191);
#1187 = LINE('',#1188,#1189);
#1188 = CARTESIAN_POINT('',(-0.,0.));
#1189 = VECTOR('',#1190,1.);
#1190 = DIRECTION('',(-1.,0.));
#1191 = ( GEOMETRIC_REPRESENTATION_CONTEXT(2) 
PARAMETRIC_REPRESENTATION_CONTEXT() REPRESENTATION_CONTEXT('2D SPACE',''
  ) );
#1192 = ADVANCED_FACE('',(#1193,#1196),#559,.F.);
#1193 = FACE_BOUND('',#1194,.F.);
#1194 = EDGE_LOOP('',(#1195));
#1195 = ORIENTED_EDGE('',*,*,#544,.T.);
#1196 = FACE_BOUND('',#1197,.T.);
#1197 = EDGE_LOOP('',(#1198));
#1198 = ORIENTED_EDGE('',*,*,#1199,.T.);
#1199 = EDGE_CURVE('',#1200,#1200,#1202,.T.);
#1200 = VERTEX_POINT('',#1201);
#1201 = CARTESIAN_POINT('',(81.05,-0.5,0.));
#1202 = SURFACE_CURVE('',#1203,(#1208,#1219),.PCURVE_S1.);
#1203 = CIRCLE('',#1204,5.05);
#1204 = AXIS2_PLACEMENT_3D('',#1205,#1206,#1207);
#1205 = CARTESIAN_POINT('',(76.,-0.5,1.232595164408E-32));
#1206 = DIRECTION('',(0.,-1.,-3.330669073875E-16));
#1207 = DIRECTION('',(1.,0.,0.));
#1208 = PCURVE('',#559,#1209);
#1209 = DEFINITIONAL_REPRESENTATION('',(#1210),#1218);
#1210 = ( BOUNDED_CURVE() B_SPLINE_CURVE(2,(#1211,#1212,#1213,#1214,
#1215,#1216,#1217),.UNSPECIFIED.,.T.,.F.) B_SPLINE_CURVE_WITH_KNOTS((1,2
    ,2,2,2,1),(-2.094395102393,0.,2.094395102393,4.188790204786,
6.28318530718,8.377580409573),.UNSPECIFIED.) CURVE() 
GEOMETRIC_REPRESENTATION_ITEM() RATIONAL_B_SPLINE_CURVE((1.,0.5,1.,0.5,
1.,0.5,1.)) REPRESENTATION_ITEM('') );
#1211 = CARTESIAN_POINT('',(-2.6645352591E-15,5.05));
#1212 = CARTESIAN_POINT('',(8.746856578223,5.05));
#1213 = CARTESIAN_POINT('',(4.373428289111,-2.525));
#1214 = CARTESIAN_POINT('',(-1.427641991962E-15,-10.1));
#1215 = CARTESIAN_POINT('',(-4.373428289111,-2.525));
#1216 = CARTESIAN_POINT('',(-8.746856578223,5.05));
#1217 = CARTESIAN_POINT('',(-2.6645352591E-15,5.05));
#1218 = ( GEOMETRIC_REPRESENTATION_CONTEXT(2) 
PARAMETRIC_REPRESENTATION_CONTEXT() REPRESENTATION_CONTEXT('2D SPACE',''
  ) );
#1219 = PCURVE('',#1220,#1225);
#1220 = CYLINDRICAL_SURFACE('',#1221,5.05);
#1221 = AXIS2_PLACEMENT_3D('',#1222,#1223,#1224);
#1222 = CARTESIAN_POINT('',(76.,-0.5,1.232595164408E-32));
#1223 = DIRECTION('',(0.,1.,2.230669073875E-16));
#1224 = DIRECTION('',(1.,0.,0.));
#1225 = DEFINITIONAL_REPRESENTATION('',(#1226),#1230);
#1226 = LINE('',#1227,#1228);
#1227 = CARTESIAN_POINT('',(-0.,0.));
#1228 = VECTOR('',#1229,1.);
#1229 = DIRECTION('',(-1.,0.));
#1230 = ( GEOMETRIC_REPRESENTATION_CONTEXT(2) 
PARAMETRIC_REPRESENTATION_CONTEXT() REPRESENTATION_CONTEXT('2D SPACE',''
  ) );
#1231 = ADVANCED_FACE('',(#1232),#597,.T.);
#1232 = FACE_BOUND('',#1233,.T.);
#1233 = EDGE_LOOP('',(#1234,#1257,#1258,#1259));
#1234 = ORIENTED_EDGE('',*,*,#1235,.T.);
#1235 = EDGE_CURVE('',#1236,#582,#1238,.T.);
#1236 = VERTEX_POINT('',#1237);
#1237 = CARTESIAN_POINT('',(14.133294025103,9.,7.499999999999));
#1238 = SURFACE_CURVE('',#1239,(#1243,#1250),.PCURVE_S1.);
#1239 = LINE('',#1240,#1241);
#1240 = CARTESIAN_POINT('',(14.133294025103,9.,7.499999999999));
#1241 = VECTOR('',#1242,1.);
#1242 = DIRECTION('',(1.,0.,0.));
#1243 = PCURVE('',#597,#1244);
#1244 = DEFINITIONAL_REPRESENTATION('',(#1245),#1249);
#1245 = LINE('',#1246,#1247);
#1246 = CARTESIAN_POINT('',(3.688373899702,-27.59523445443));
#1247 = VECTOR('',#1248,1.);
#1248 = DIRECTION('',(0.,1.));
#1249 = ( GEOMETRIC_REPRESENTATION_CONTEXT(2) 
PARAMETRIC_REPRESENTATION_CONTEXT() REPRESENTATION_CONTEXT('2D SPACE',''
  ) );
#1250 = PCURVE('',#675,#1251);
#1251 = DEFINITIONAL_REPRESENTATION('',(#1252),#1256);
#1252 = LINE('',#1253,#1254);
#1253 = CARTESIAN_POINT('',(0.,-9.5));
#1254 = VECTOR('',#1255,1.);
#1255 = DIRECTION('',(1.,0.));
#1256 = ( GEOMETRIC_REPRESENTATION_CONTEXT(2) 
PARAMETRIC_REPRESENTATION_CONTEXT() REPRESENTATION_CONTEXT('2D SPACE',''
  ) );
#1257 = ORIENTED_EDGE('',*,*,#581,.T.);
#1258 = ORIENTED_EDGE('',*,*,#693,.T.);
#1259 = ORIENTED_EDGE('',*,*,#1260,.F.);
#1260 = EDGE_CURVE('',#1236,#694,#1261,.T.);
#1261 = SURFACE_CURVE('',#1262,(#1267,#1274),.PCURVE_S1.);
#1262 = CIRCLE('',#1263,16.);
#1263 = AXIS2_PLACEMENT_3D('',#1264,#1265,#1266);
#1264 = CARTESIAN_POINT('',(0.,9.,7.105427357601E-15));
#1265 = DIRECTION('',(-0.,1.,3.330669073875E-16));
#1266 = DIRECTION('',(1.,0.,0.));
#1267 = PCURVE('',#597,#1268);
#1268 = DEFINITIONAL_REPRESENTATION('',(#1269),#1273);
#1269 = CIRCLE('',#1270,16.);
#1270 = AXIS2_PLACEMENT_2D('',#1271,#1272);
#1271 = CARTESIAN_POINT('',(-3.811626100297,-41.72852847953));
#1272 = DIRECTION('',(0.,1.));
#1273 = ( GEOMETRIC_REPRESENTATION_CONTEXT(2) 
PARAMETRIC_REPRESENTATION_CONTEXT() REPRESENTATION_CONTEXT('2D SPACE',''
  ) );
#1274 = PCURVE('',#732,#1275);
#1275 = DEFINITIONAL_REPRESENTATION('',(#1276),#1280);
#1276 = LINE('',#1277,#1278);
#1277 = CARTESIAN_POINT('',(-0.,-9.5));
#1278 = VECTOR('',#1279,1.);
#1279 = DIRECTION('',(-1.,0.));
#1280 = ( GEOMETRIC_REPRESENTATION_CONTEXT(2) 
PARAMETRIC_REPRESENTATION_CONTEXT() REPRESENTATION_CONTEXT('2D SPACE',''
  ) );
#1281 = ADVANCED_FACE('',(#1282),#649,.T.);
#1282 = FACE_BOUND('',#1283,.T.);
#1283 = EDGE_LOOP('',(#1284,#1307,#1335,#1363,#1389,#1390,#1391,#1412));
#1284 = ORIENTED_EDGE('',*,*,#1285,.T.);
#1285 = EDGE_CURVE('',#1056,#1286,#1288,.T.);
#1286 = VERTEX_POINT('',#1287);
#1287 = CARTESIAN_POINT('',(0.,-4.3,7.5));
#1288 = SURFACE_CURVE('',#1289,(#1293,#1300),.PCURVE_S1.);
#1289 = LINE('',#1290,#1291);
#1290 = CARTESIAN_POINT('',(-1.21E-15,-0.5,7.5));
#1291 = VECTOR('',#1292,1.);
#1292 = DIRECTION('',(0.,-1.,-2.230669073875E-16));
#1293 = PCURVE('',#649,#1294);
#1294 = DEFINITIONAL_REPRESENTATION('',(#1295),#1299);
#1295 = LINE('',#1296,#1297);
#1296 = CARTESIAN_POINT('',(0.,0.));
#1297 = VECTOR('',#1298,1.);
#1298 = DIRECTION('',(0.,-1.));
#1299 = ( GEOMETRIC_REPRESENTATION_CONTEXT(2) 
PARAMETRIC_REPRESENTATION_CONTEXT() REPRESENTATION_CONTEXT('2D SPACE',''
  ) );
#1300 = PCURVE('',#1078,#1301);
#1301 = DEFINITIONAL_REPRESENTATION('',(#1302),#1306);
#1302 = LINE('',#1303,#1304);
#1303 = CARTESIAN_POINT('',(-1.570796326795,0.));
#1304 = VECTOR('',#1305,1.);
#1305 = DIRECTION('',(-0.,-1.));
#1306 = ( GEOMETRIC_REPRESENTATION_CONTEXT(2) 
PARAMETRIC_REPRESENTATION_CONTEXT() REPRESENTATION_CONTEXT('2D SPACE',''
  ) );
#1307 = ORIENTED_EDGE('',*,*,#1308,.F.);
#1308 = EDGE_CURVE('',#1309,#1286,#1311,.T.);
#1309 = VERTEX_POINT('',#1310);
#1310 = CARTESIAN_POINT('',(13.558054869277,-4.3,7.5));
#1311 = SURFACE_CURVE('',#1312,(#1316,#1323),.PCURVE_S1.);
#1312 = LINE('',#1313,#1314);
#1313 = CARTESIAN_POINT('',(76.,-4.3,7.5));
#1314 = VECTOR('',#1315,1.);
#1315 = DIRECTION('',(-1.,0.,0.));
#1316 = PCURVE('',#649,#1317);
#1317 = DEFINITIONAL_REPRESENTATION('',(#1318),#1322);
#1318 = LINE('',#1319,#1320);
#1319 = CARTESIAN_POINT('',(76.,-3.8));
#1320 = VECTOR('',#1321,1.);
#1321 = DIRECTION('',(-1.,0.));
#1322 = ( GEOMETRIC_REPRESENTATION_CONTEXT(2) 
PARAMETRIC_REPRESENTATION_CONTEXT() REPRESENTATION_CONTEXT('2D SPACE',''
  ) );
#1323 = PCURVE('',#1324,#1329);
#1324 = PLANE('',#1325);
#1325 = AXIS2_PLACEMENT_3D('',#1326,#1327,#1328);
#1326 = CARTESIAN_POINT('',(76.,-4.4,7.4));
#1327 = DIRECTION('',(0.,0.707106781187,-0.707106781187));
#1328 = DIRECTION('',(-1.,0.,0.));
#1329 = DEFINITIONAL_REPRESENTATION('',(#1330),#1334);
#1330 = LINE('',#1331,#1332);
#1331 = CARTESIAN_POINT('',(0.,0.141421356237));
#1332 = VECTOR('',#1333,1.);
#1333 = DIRECTION('',(1.,0.));
#1334 = ( GEOMETRIC_REPRESENTATION_CONTEXT(2) 
PARAMETRIC_REPRESENTATION_CONTEXT() REPRESENTATION_CONTEXT('2D SPACE',''
  ) );
#1335 = ORIENTED_EDGE('',*,*,#1336,.F.);
#1336 = EDGE_CURVE('',#1337,#1309,#1339,.T.);
#1337 = VERTEX_POINT('',#1338);
#1338 = CARTESIAN_POINT('',(21.090451637793,-4.3,7.5));
#1339 = SURFACE_CURVE('',#1340,(#1344,#1351),.PCURVE_S1.);
#1340 = LINE('',#1341,#1342);
#1341 = CARTESIAN_POINT('',(76.,-4.3,7.5));
#1342 = VECTOR('',#1343,1.);
#1343 = DIRECTION('',(-1.,0.,0.));
#1344 = PCURVE('',#649,#1345);
#1345 = DEFINITIONAL_REPRESENTATION('',(#1346),#1350);
#1346 = LINE('',#1347,#1348);
#1347 = CARTESIAN_POINT('',(76.,-3.8));
#1348 = VECTOR('',#1349,1.);
#1349 = DIRECTION('',(-1.,0.));
#1350 = ( GEOMETRIC_REPRESENTATION_CONTEXT(2) 
PARAMETRIC_REPRESENTATION_CONTEXT() REPRESENTATION_CONTEXT('2D SPACE',''
  ) );
#1351 = PCURVE('',#1352,#1357);
#1352 = PLANE('',#1353);
#1353 = AXIS2_PLACEMENT_3D('',#1354,#1355,#1356);
#1354 = CARTESIAN_POINT('',(17.697655432604,-4.3,-0.433085879933));
#1355 = DIRECTION('',(0.,1.,1.030669073875E-16));
#1356 = DIRECTION('',(0.,-1.030669073875E-16,1.));
#1357 = DEFINITIONAL_REPRESENTATION('',(#1358),#1362);
#1358 = LINE('',#1359,#1360);
#1359 = CARTESIAN_POINT('',(7.933085879933,58.302344567396));
#1360 = VECTOR('',#1361,1.);
#1361 = DIRECTION('',(0.,-1.));
#1362 = ( GEOMETRIC_REPRESENTATION_CONTEXT(2) 
PARAMETRIC_REPRESENTATION_CONTEXT() REPRESENTATION_CONTEXT('2D SPACE',''
  ) );
#1363 = ORIENTED_EDGE('',*,*,#1364,.F.);
#1364 = EDGE_CURVE('',#1002,#1337,#1365,.T.);
#1365 = SURFACE_CURVE('',#1366,(#1370,#1377),.PCURVE_S1.);
#1366 = LINE('',#1367,#1368);
#1367 = CARTESIAN_POINT('',(76.,-4.3,7.5));
#1368 = VECTOR('',#1369,1.);
#1369 = DIRECTION('',(-1.,0.,0.));
#1370 = PCURVE('',#649,#1371);
#1371 = DEFINITIONAL_REPRESENTATION('',(#1372),#1376);
#1372 = LINE('',#1373,#1374);
#1373 = CARTESIAN_POINT('',(76.,-3.8));
#1374 = VECTOR('',#1375,1.);
#1375 = DIRECTION('',(-1.,0.));
#1376 = ( GEOMETRIC_REPRESENTATION_CONTEXT(2) 
PARAMETRIC_REPRESENTATION_CONTEXT() REPRESENTATION_CONTEXT('2D SPACE',''
  ) );
#1377 = PCURVE('',#1378,#1383);
#1378 = PLANE('',#1379);
#1379 = AXIS2_PLACEMENT_3D('',#1380,#1381,#1382);
#1380 = CARTESIAN_POINT('',(76.,-4.4,7.4));
#1381 = DIRECTION('',(0.,0.707106781187,-0.707106781187));
#1382 = DIRECTION('',(-1.,0.,0.));
#1383 = DEFINITIONAL_REPRESENTATION('',(#1384),#1388);
#1384 = LINE('',#1385,#1386);
#1385 = CARTESIAN_POINT('',(0.,0.141421356237));
#1386 = VECTOR('',#1387,1.);
#1387 = DIRECTION('',(1.,0.));
#1388 = ( GEOMETRIC_REPRESENTATION_CONTEXT(2) 
PARAMETRIC_REPRESENTATION_CONTEXT() REPRESENTATION_CONTEXT('2D SPACE',''
  ) );
#1389 = ORIENTED_EDGE('',*,*,#1030,.F.);
#1390 = ORIENTED_EDGE('',*,*,#633,.F.);
#1391 = ORIENTED_EDGE('',*,*,#1392,.F.);
#1392 = EDGE_CURVE('',#1091,#634,#1393,.T.);
#1393 = SURFACE_CURVE('',#1394,(#1398,#1405),.PCURVE_S1.);
#1394 = LINE('',#1395,#1396);
#1395 = CARTESIAN_POINT('',(-1.21E-15,-0.5,7.5));
#1396 = VECTOR('',#1397,1.);
#1397 = DIRECTION('',(1.,0.,0.));
#1398 = PCURVE('',#649,#1399);
#1399 = DEFINITIONAL_REPRESENTATION('',(#1400),#1404);
#1400 = LINE('',#1401,#1402);
#1401 = CARTESIAN_POINT('',(0.,-7.771561172376E-16));
#1402 = VECTOR('',#1403,1.);
#1403 = DIRECTION('',(1.,0.));
#1404 = ( GEOMETRIC_REPRESENTATION_CONTEXT(2) 
PARAMETRIC_REPRESENTATION_CONTEXT() REPRESENTATION_CONTEXT('2D SPACE',''
  ) );
#1405 = PCURVE('',#675,#1406);
#1406 = DEFINITIONAL_REPRESENTATION('',(#1407),#1411);
#1407 = LINE('',#1408,#1409);
#1408 = CARTESIAN_POINT('',(-14.1332940251,-2.553512956638E-15));
#1409 = VECTOR('',#1410,1.);
#1410 = DIRECTION('',(1.,0.));
#1411 = ( GEOMETRIC_REPRESENTATION_CONTEXT(2) 
PARAMETRIC_REPRESENTATION_CONTEXT() REPRESENTATION_CONTEXT('2D SPACE',''
  ) );
#1412 = ORIENTED_EDGE('',*,*,#1090,.F.);
#1413 = ADVANCED_FACE('',(#1414,#1440,#1471),#675,.F.);
#1414 = FACE_BOUND('',#1415,.F.);
#1415 = EDGE_LOOP('',(#1416,#1437,#1438,#1439));
#1416 = ORIENTED_EDGE('',*,*,#1417,.T.);
#1417 = EDGE_CURVE('',#1091,#1236,#1418,.T.);
#1418 = SURFACE_CURVE('',#1419,(#1423,#1430),.PCURVE_S1.);
#1419 = LINE('',#1420,#1421);
#1420 = CARTESIAN_POINT('',(14.133294025103,-0.5,7.499999999999));
#1421 = VECTOR('',#1422,1.);
#1422 = DIRECTION('',(0.,1.,6.630669073875E-16));
#1423 = PCURVE('',#675,#1424);
#1424 = DEFINITIONAL_REPRESENTATION('',(#1425),#1429);
#1425 = LINE('',#1426,#1427);
#1426 = CARTESIAN_POINT('',(0.,0.));
#1427 = VECTOR('',#1428,1.);
#1428 = DIRECTION('',(0.,-1.));
#1429 = ( GEOMETRIC_REPRESENTATION_CONTEXT(2) 
PARAMETRIC_REPRESENTATION_CONTEXT() REPRESENTATION_CONTEXT('2D SPACE',''
  ) );
#1430 = PCURVE('',#732,#1431);
#1431 = DEFINITIONAL_REPRESENTATION('',(#1432),#1436);
#1432 = LINE('',#1433,#1434);
#1433 = CARTESIAN_POINT('',(-5.795310159639,0.));
#1434 = VECTOR('',#1435,1.);
#1435 = DIRECTION('',(-0.,-1.));
#1436 = ( GEOMETRIC_REPRESENTATION_CONTEXT(2) 
PARAMETRIC_REPRESENTATION_CONTEXT() REPRESENTATION_CONTEXT('2D SPACE',''
  ) );
#1437 = ORIENTED_EDGE('',*,*,#1235,.T.);
#1438 = ORIENTED_EDGE('',*,*,#661,.F.);
#1439 = ORIENTED_EDGE('',*,*,#1392,.F.);
#1440 = FACE_BOUND('',#1441,.F.);
#1441 = EDGE_LOOP('',(#1442));
#1442 = ORIENTED_EDGE('',*,*,#1443,.F.);
#1443 = EDGE_CURVE('',#1444,#1444,#1446,.T.);
#1444 = VERTEX_POINT('',#1445);
#1445 = CARTESIAN_POINT('',(57.35,4.5,7.499999999999));
#1446 = SURFACE_CURVE('',#1447,(#1452,#1459),.PCURVE_S1.);
#1447 = CIRCLE('',#1448,1.35);
#1448 = AXIS2_PLACEMENT_3D('',#1449,#1450,#1451);
#1449 = CARTESIAN_POINT('',(56.,4.5,7.499999999999));
#1450 = DIRECTION('',(0.,3.330669073875E-16,-1.));
#1451 = DIRECTION('',(1.,0.,0.));
#1452 = PCURVE('',#675,#1453);
#1453 = DEFINITIONAL_REPRESENTATION('',(#1454),#1458);
#1454 = CIRCLE('',#1455,1.35);
#1455 = AXIS2_PLACEMENT_2D('',#1456,#1457);
#1456 = CARTESIAN_POINT('',(41.866705974897,-5.));
#1457 = DIRECTION('',(1.,0.));
#1458 = ( GEOMETRIC_REPRESENTATION_CONTEXT(2) 
PARAMETRIC_REPRESENTATION_CONTEXT() REPRESENTATION_CONTEXT('2D SPACE',''
  ) );
#1459 = PCURVE('',#1460,#1465);
#1460 = CYLINDRICAL_SURFACE('',#1461,1.35);
#1461 = AXIS2_PLACEMENT_3D('',#1462,#1463,#1464);
#1462 = CARTESIAN_POINT('',(56.,4.5,3.));
#1463 = DIRECTION('',(0.,3.330669073875E-16,-1.));
#1464 = DIRECTION('',(1.,0.,0.));
#1465 = DEFINITIONAL_REPRESENTATION('',(#1466),#1470);
#1466 = LINE('',#1467,#1468);
#1467 = CARTESIAN_POINT('',(0.,-4.499999999999));
#1468 = VECTOR('',#1469,1.);
#1469 = DIRECTION('',(1.,0.));
#1470 = ( GEOMETRIC_REPRESENTATION_CONTEXT(2) 
PARAMETRIC_REPRESENTATION_CONTEXT() REPRESENTATION_CONTEXT('2D SPACE',''
  ) );
#1471 = FACE_BOUND('',#1472,.F.);
#1472 = EDGE_LOOP('',(#1473));
#1473 = ORIENTED_EDGE('',*,*,#1474,.F.);
#1474 = EDGE_CURVE('',#1475,#1475,#1477,.T.);
#1475 = VERTEX_POINT('',#1476);
#1476 = CARTESIAN_POINT('',(44.35,4.5,7.499999999999));
#1477 = SURFACE_CURVE('',#1478,(#1483,#1490),.PCURVE_S1.);
#1478 = CIRCLE('',#1479,1.35);
#1479 = AXIS2_PLACEMENT_3D('',#1480,#1481,#1482);
#1480 = CARTESIAN_POINT('',(43.,4.5,7.499999999999));
#1481 = DIRECTION('',(0.,4.430669073875E-16,-1.));
#1482 = DIRECTION('',(1.,0.,0.));
#1483 = PCURVE('',#675,#1484);
#1484 = DEFINITIONAL_REPRESENTATION('',(#1485),#1489);
#1485 = CIRCLE('',#1486,1.35);
#1486 = AXIS2_PLACEMENT_2D('',#1487,#1488);
#1487 = CARTESIAN_POINT('',(28.866705974897,-5.));
#1488 = DIRECTION('',(1.,0.));
#1489 = ( GEOMETRIC_REPRESENTATION_CONTEXT(2) 
PARAMETRIC_REPRESENTATION_CONTEXT() REPRESENTATION_CONTEXT('2D SPACE',''
  ) );
#1490 = PCURVE('',#1491,#1496);
#1491 = CYLINDRICAL_SURFACE('',#1492,1.35);
#1492 = AXIS2_PLACEMENT_3D('',#1493,#1494,#1495);
#1493 = CARTESIAN_POINT('',(43.,4.5,6.125334536938E-15));
#1494 = DIRECTION('',(0.,4.430669073875E-16,-1.));
#1495 = DIRECTION('',(1.,0.,0.));
#1496 = DEFINITIONAL_REPRESENTATION('',(#1497),#1501);
#1497 = LINE('',#1498,#1499);
#1498 = CARTESIAN_POINT('',(0.,-7.499999999999));
#1499 = VECTOR('',#1500,1.);
#1500 = DIRECTION('',(1.,0.));
#1501 = ( GEOMETRIC_REPRESENTATION_CONTEXT(2) 
PARAMETRIC_REPRESENTATION_CONTEXT() REPRESENTATION_CONTEXT('2D SPACE',''
  ) );
#1502 = ADVANCED_FACE('',(#1503),#732,.F.);
#1503 = FACE_BOUND('',#1504,.T.);
#1504 = EDGE_LOOP('',(#1505,#1506,#1507,#1508));
#1505 = ORIENTED_EDGE('',*,*,#1417,.T.);
#1506 = ORIENTED_EDGE('',*,*,#1260,.T.);
#1507 = ORIENTED_EDGE('',*,*,#716,.F.);
#1508 = ORIENTED_EDGE('',*,*,#1113,.F.);
#1509 = ADVANCED_FACE('',(#1510),#785,.F.);
#1510 = FACE_BOUND('',#1511,.F.);
#1511 = EDGE_LOOP('',(#1512,#1535,#1563,#1584));
#1512 = ORIENTED_EDGE('',*,*,#1513,.T.);
#1513 = EDGE_CURVE('',#768,#1514,#1516,.T.);
#1514 = VERTEX_POINT('',#1515);
#1515 = CARTESIAN_POINT('',(54.267949192431,7.5,3.));
#1516 = SURFACE_CURVE('',#1517,(#1521,#1528),.PCURVE_S1.);
#1517 = LINE('',#1518,#1519);
#1518 = CARTESIAN_POINT('',(54.267949192431,7.5,7.4545352591E-15));
#1519 = VECTOR('',#1520,1.);
#1520 = DIRECTION('',(0.,-4.430669073875E-16,1.));
#1521 = PCURVE('',#785,#1522);
#1522 = DEFINITIONAL_REPRESENTATION('',(#1523),#1527);
#1523 = LINE('',#1524,#1525);
#1524 = CARTESIAN_POINT('',(0.,0.));
#1525 = VECTOR('',#1526,1.);
#1526 = DIRECTION('',(1.133E-31,-1.));
#1527 = ( GEOMETRIC_REPRESENTATION_CONTEXT(2) 
PARAMETRIC_REPRESENTATION_CONTEXT() REPRESENTATION_CONTEXT('2D SPACE',''
  ) );
#1528 = PCURVE('',#923,#1529);
#1529 = DEFINITIONAL_REPRESENTATION('',(#1530),#1534);
#1530 = LINE('',#1531,#1532);
#1531 = CARTESIAN_POINT('',(3.464101615138,1.641016151378E-17));
#1532 = VECTOR('',#1533,1.);
#1533 = DIRECTION('',(4.737205583711E-18,-1.));
#1534 = ( GEOMETRIC_REPRESENTATION_CONTEXT(2) 
PARAMETRIC_REPRESENTATION_CONTEXT() REPRESENTATION_CONTEXT('2D SPACE',''
  ) );
#1535 = ORIENTED_EDGE('',*,*,#1536,.T.);
#1536 = EDGE_CURVE('',#1514,#1537,#1539,.T.);
#1537 = VERTEX_POINT('',#1538);
#1538 = CARTESIAN_POINT('',(57.732050807569,7.5,3.));
#1539 = SURFACE_CURVE('',#1540,(#1544,#1551),.PCURVE_S1.);
#1540 = LINE('',#1541,#1542);
#1541 = CARTESIAN_POINT('',(54.267949192431,7.5,3.));
#1542 = VECTOR('',#1543,1.);
#1543 = DIRECTION('',(1.,-1.03E-15,-3.430589146092E-31));
#1544 = PCURVE('',#785,#1545);
#1545 = DEFINITIONAL_REPRESENTATION('',(#1546),#1550);
#1546 = LINE('',#1547,#1548);
#1547 = CARTESIAN_POINT('',(2.287059430728E-31,-3.));
#1548 = VECTOR('',#1549,1.);
#1549 = DIRECTION('',(1.,0.));
#1550 = ( GEOMETRIC_REPRESENTATION_CONTEXT(2) 
PARAMETRIC_REPRESENTATION_CONTEXT() REPRESENTATION_CONTEXT('2D SPACE',''
  ) );
#1551 = PCURVE('',#1552,#1557);
#1552 = PLANE('',#1553);
#1553 = AXIS2_PLACEMENT_3D('',#1554,#1555,#1556);
#1554 = CARTESIAN_POINT('',(56.,4.5,3.));
#1555 = DIRECTION('',(0.,-3.330669073875E-16,1.));
#1556 = DIRECTION('',(1.,0.,0.));
#1557 = DEFINITIONAL_REPRESENTATION('',(#1558),#1562);
#1558 = LINE('',#1559,#1560);
#1559 = CARTESIAN_POINT('',(-1.732050807569,3.));
#1560 = VECTOR('',#1561,1.);
#1561 = DIRECTION('',(1.,-1.03E-15));
#1562 = ( GEOMETRIC_REPRESENTATION_CONTEXT(2) 
PARAMETRIC_REPRESENTATION_CONTEXT() REPRESENTATION_CONTEXT('2D SPACE',''
  ) );
#1563 = ORIENTED_EDGE('',*,*,#1564,.F.);
#1564 = EDGE_CURVE('',#770,#1537,#1565,.T.);
#1565 = SURFACE_CURVE('',#1566,(#1570,#1577),.PCURVE_S1.);
#1566 = LINE('',#1567,#1568);
#1567 = CARTESIAN_POINT('',(57.732050807569,7.5,7.4545352591E-15));
#1568 = VECTOR('',#1569,1.);
#1569 = DIRECTION('',(0.,-4.430669073875E-16,1.));
#1570 = PCURVE('',#785,#1571);
#1571 = DEFINITIONAL_REPRESENTATION('',(#1572),#1576);
#1572 = LINE('',#1573,#1574);
#1573 = CARTESIAN_POINT('',(3.464101615138,1.684208327053E-33));
#1574 = VECTOR('',#1575,1.);
#1575 = DIRECTION('',(1.133E-31,-1.));
#1576 = ( GEOMETRIC_REPRESENTATION_CONTEXT(2) 
PARAMETRIC_REPRESENTATION_CONTEXT() REPRESENTATION_CONTEXT('2D SPACE',''
  ) );
#1577 = PCURVE('',#813,#1578);
#1578 = DEFINITIONAL_REPRESENTATION('',(#1579),#1583);
#1579 = LINE('',#1580,#1581);
#1580 = CARTESIAN_POINT('',(0.,0.));
#1581 = VECTOR('',#1582,1.);
#1582 = DIRECTION('',(-4.737205583712E-18,-1.));
#1583 = ( GEOMETRIC_REPRESENTATION_CONTEXT(2) 
PARAMETRIC_REPRESENTATION_CONTEXT() REPRESENTATION_CONTEXT('2D SPACE',''
  ) );
#1584 = ORIENTED_EDGE('',*,*,#767,.F.);
#1585 = ADVANCED_FACE('',(#1586),#923,.F.);
#1586 = FACE_BOUND('',#1587,.F.);
#1587 = EDGE_LOOP('',(#1588,#1611,#1632,#1633));
#1588 = ORIENTED_EDGE('',*,*,#1589,.T.);
#1589 = EDGE_CURVE('',#882,#1590,#1592,.T.);
#1590 = VERTEX_POINT('',#1591);
#1591 = CARTESIAN_POINT('',(52.535898384862,4.5,3.));
#1592 = SURFACE_CURVE('',#1593,(#1597,#1604),.PCURVE_S1.);
#1593 = LINE('',#1594,#1595);
#1594 = CARTESIAN_POINT('',(52.535898384862,4.5,6.125334536938E-15));
#1595 = VECTOR('',#1596,1.);
#1596 = DIRECTION('',(0.,-4.430669073875E-16,1.));
#1597 = PCURVE('',#923,#1598);
#1598 = DEFINITIONAL_REPRESENTATION('',(#1599),#1603);
#1599 = LINE('',#1600,#1601);
#1600 = CARTESIAN_POINT('',(0.,0.));
#1601 = VECTOR('',#1602,1.);
#1602 = DIRECTION('',(4.737205583711E-18,-1.));
#1603 = ( GEOMETRIC_REPRESENTATION_CONTEXT(2) 
PARAMETRIC_REPRESENTATION_CONTEXT() REPRESENTATION_CONTEXT('2D SPACE',''
  ) );
#1604 = PCURVE('',#897,#1605);
#1605 = DEFINITIONAL_REPRESENTATION('',(#1606),#1610);
#1606 = LINE('',#1607,#1608);
#1607 = CARTESIAN_POINT('',(3.464101615138,6.410161513775E-18));
#1608 = VECTOR('',#1609,1.);
#1609 = DIRECTION('',(4.737205583712E-18,-1.));
#1610 = ( GEOMETRIC_REPRESENTATION_CONTEXT(2) 
PARAMETRIC_REPRESENTATION_CONTEXT() REPRESENTATION_CONTEXT('2D SPACE',''
  ) );
#1611 = ORIENTED_EDGE('',*,*,#1612,.T.);
#1612 = EDGE_CURVE('',#1590,#1514,#1613,.T.);
#1613 = SURFACE_CURVE('',#1614,(#1618,#1625),.PCURVE_S1.);
#1614 = LINE('',#1615,#1616);
#1615 = CARTESIAN_POINT('',(52.535898384862,4.5,3.));
#1616 = VECTOR('',#1617,1.);
#1617 = DIRECTION('',(0.5,0.866025403784,2.884444029575E-16));
#1618 = PCURVE('',#923,#1619);
#1619 = DEFINITIONAL_REPRESENTATION('',(#1620),#1624);
#1620 = LINE('',#1621,#1622);
#1621 = CARTESIAN_POINT('',(8.768888059151E-16,-3.));
#1622 = VECTOR('',#1623,1.);
#1623 = DIRECTION('',(1.,1.E-16));
#1624 = ( GEOMETRIC_REPRESENTATION_CONTEXT(2) 
PARAMETRIC_REPRESENTATION_CONTEXT() REPRESENTATION_CONTEXT('2D SPACE',''
  ) );
#1625 = PCURVE('',#1552,#1626);
#1626 = DEFINITIONAL_REPRESENTATION('',(#1627),#1631);
#1627 = LINE('',#1628,#1629);
#1628 = CARTESIAN_POINT('',(-3.464101615138,-6.217248937901E-15));
#1629 = VECTOR('',#1630,1.);
#1630 = DIRECTION('',(0.5,0.866025403784));
#1631 = ( GEOMETRIC_REPRESENTATION_CONTEXT(2) 
PARAMETRIC_REPRESENTATION_CONTEXT() REPRESENTATION_CONTEXT('2D SPACE',''
  ) );
#1632 = ORIENTED_EDGE('',*,*,#1513,.F.);
#1633 = ORIENTED_EDGE('',*,*,#909,.F.);
#1634 = ADVANCED_FACE('',(#1635),#813,.F.);
#1635 = FACE_BOUND('',#1636,.F.);
#1636 = EDGE_LOOP('',(#1637,#1638,#1661,#1682));
#1637 = ORIENTED_EDGE('',*,*,#1564,.T.);
#1638 = ORIENTED_EDGE('',*,*,#1639,.T.);
#1639 = EDGE_CURVE('',#1537,#1640,#1642,.T.);
#1640 = VERTEX_POINT('',#1641);
#1641 = CARTESIAN_POINT('',(59.464101615138,4.5,3.));
#1642 = SURFACE_CURVE('',#1643,(#1647,#1654),.PCURVE_S1.);
#1643 = LINE('',#1644,#1645);
#1644 = CARTESIAN_POINT('',(57.732050807569,7.5,3.));
#1645 = VECTOR('',#1646,1.);
#1646 = DIRECTION('',(0.5,-0.866025403784,-2.884444029575E-16));
#1647 = PCURVE('',#813,#1648);
#1648 = DEFINITIONAL_REPRESENTATION('',(#1649),#1653);
#1649 = LINE('',#1650,#1651);
#1650 = CARTESIAN_POINT('',(-8.768888059151E-16,-3.));
#1651 = VECTOR('',#1652,1.);
#1652 = DIRECTION('',(1.,-1.E-16));
#1653 = ( GEOMETRIC_REPRESENTATION_CONTEXT(2) 
PARAMETRIC_REPRESENTATION_CONTEXT() REPRESENTATION_CONTEXT('2D SPACE',''
  ) );
#1654 = PCURVE('',#1552,#1655);
#1655 = DEFINITIONAL_REPRESENTATION('',(#1656),#1660);
#1656 = LINE('',#1657,#1658);
#1657 = CARTESIAN_POINT('',(1.732050807569,3.));
#1658 = VECTOR('',#1659,1.);
#1659 = DIRECTION('',(0.5,-0.866025403784));
#1660 = ( GEOMETRIC_REPRESENTATION_CONTEXT(2) 
PARAMETRIC_REPRESENTATION_CONTEXT() REPRESENTATION_CONTEXT('2D SPACE',''
  ) );
#1661 = ORIENTED_EDGE('',*,*,#1662,.F.);
#1662 = EDGE_CURVE('',#798,#1640,#1663,.T.);
#1663 = SURFACE_CURVE('',#1664,(#1668,#1675),.PCURVE_S1.);
#1664 = LINE('',#1665,#1666);
#1665 = CARTESIAN_POINT('',(59.464101615138,4.5,6.125334536938E-15));
#1666 = VECTOR('',#1667,1.);
#1667 = DIRECTION('',(0.,-4.430669073875E-16,1.));
#1668 = PCURVE('',#813,#1669);
#1669 = DEFINITIONAL_REPRESENTATION('',(#1670),#1674);
#1670 = LINE('',#1671,#1672);
#1671 = CARTESIAN_POINT('',(3.464101615138,-1.641016151377E-17));
#1672 = VECTOR('',#1673,1.);
#1673 = DIRECTION('',(-4.737205583712E-18,-1.));
#1674 = ( GEOMETRIC_REPRESENTATION_CONTEXT(2) 
PARAMETRIC_REPRESENTATION_CONTEXT() REPRESENTATION_CONTEXT('2D SPACE',''
  ) );
#1675 = PCURVE('',#841,#1676);
#1676 = DEFINITIONAL_REPRESENTATION('',(#1677),#1681);
#1677 = LINE('',#1678,#1679);
#1678 = CARTESIAN_POINT('',(-0.,0.));
#1679 = VECTOR('',#1680,1.);
#1680 = DIRECTION('',(-4.737205583712E-18,-1.));
#1681 = ( GEOMETRIC_REPRESENTATION_CONTEXT(2) 
PARAMETRIC_REPRESENTATION_CONTEXT() REPRESENTATION_CONTEXT('2D SPACE',''
  ) );
#1682 = ORIENTED_EDGE('',*,*,#797,.F.);
#1683 = ADVANCED_FACE('',(#1684),#897,.F.);
#1684 = FACE_BOUND('',#1685,.F.);
#1685 = EDGE_LOOP('',(#1686,#1709,#1730,#1731));
#1686 = ORIENTED_EDGE('',*,*,#1687,.T.);
#1687 = EDGE_CURVE('',#854,#1688,#1690,.T.);
#1688 = VERTEX_POINT('',#1689);
#1689 = CARTESIAN_POINT('',(54.267949192431,1.5,3.));
#1690 = SURFACE_CURVE('',#1691,(#1695,#1702),.PCURVE_S1.);
#1691 = LINE('',#1692,#1693);
#1692 = CARTESIAN_POINT('',(54.267949192431,1.5,4.786133814775E-15));
#1693 = VECTOR('',#1694,1.);
#1694 = DIRECTION('',(0.,-4.430669073875E-16,1.));
#1695 = PCURVE('',#897,#1696);
#1696 = DEFINITIONAL_REPRESENTATION('',(#1697),#1701);
#1697 = LINE('',#1698,#1699);
#1698 = CARTESIAN_POINT('',(0.,0.));
#1699 = VECTOR('',#1700,1.);
#1700 = DIRECTION('',(4.737205583712E-18,-1.));
#1701 = ( GEOMETRIC_REPRESENTATION_CONTEXT(2) 
PARAMETRIC_REPRESENTATION_CONTEXT() REPRESENTATION_CONTEXT('2D SPACE',''
  ) );
#1702 = PCURVE('',#869,#1703);
#1703 = DEFINITIONAL_REPRESENTATION('',(#1704),#1708);
#1704 = LINE('',#1705,#1706);
#1705 = CARTESIAN_POINT('',(3.464101615138,0.));
#1706 = VECTOR('',#1707,1.);
#1707 = DIRECTION('',(0.,-1.));
#1708 = ( GEOMETRIC_REPRESENTATION_CONTEXT(2) 
PARAMETRIC_REPRESENTATION_CONTEXT() REPRESENTATION_CONTEXT('2D SPACE',''
  ) );
#1709 = ORIENTED_EDGE('',*,*,#1710,.T.);
#1710 = EDGE_CURVE('',#1688,#1590,#1711,.T.);
#1711 = SURFACE_CURVE('',#1712,(#1716,#1723),.PCURVE_S1.);
#1712 = LINE('',#1713,#1714);
#1713 = CARTESIAN_POINT('',(54.267949192431,1.5,3.));
#1714 = VECTOR('',#1715,1.);
#1715 = DIRECTION('',(-0.5,0.866025403784,2.884444029575E-16));
#1716 = PCURVE('',#897,#1717);
#1717 = DEFINITIONAL_REPRESENTATION('',(#1718),#1722);
#1718 = LINE('',#1719,#1720);
#1719 = CARTESIAN_POINT('',(4.922962686384E-16,-3.));
#1720 = VECTOR('',#1721,1.);
#1721 = DIRECTION('',(1.,1.E-16));
#1722 = ( GEOMETRIC_REPRESENTATION_CONTEXT(2) 
PARAMETRIC_REPRESENTATION_CONTEXT() REPRESENTATION_CONTEXT('2D SPACE',''
  ) );
#1723 = PCURVE('',#1552,#1724);
#1724 = DEFINITIONAL_REPRESENTATION('',(#1725),#1729);
#1725 = LINE('',#1726,#1727);
#1726 = CARTESIAN_POINT('',(-1.732050807569,-3.));
#1727 = VECTOR('',#1728,1.);
#1728 = DIRECTION('',(-0.5,0.866025403784));
#1729 = ( GEOMETRIC_REPRESENTATION_CONTEXT(2) 
PARAMETRIC_REPRESENTATION_CONTEXT() REPRESENTATION_CONTEXT('2D SPACE',''
  ) );
#1730 = ORIENTED_EDGE('',*,*,#1589,.F.);
#1731 = ORIENTED_EDGE('',*,*,#881,.F.);
#1732 = ADVANCED_FACE('',(#1733),#841,.F.);
#1733 = FACE_BOUND('',#1734,.F.);
#1734 = EDGE_LOOP('',(#1735,#1736,#1759,#1780));
#1735 = ORIENTED_EDGE('',*,*,#1662,.T.);
#1736 = ORIENTED_EDGE('',*,*,#1737,.T.);
#1737 = EDGE_CURVE('',#1640,#1738,#1740,.T.);
#1738 = VERTEX_POINT('',#1739);
#1739 = CARTESIAN_POINT('',(57.732050807569,1.5,3.));
#1740 = SURFACE_CURVE('',#1741,(#1745,#1752),.PCURVE_S1.);
#1741 = LINE('',#1742,#1743);
#1742 = CARTESIAN_POINT('',(59.464101615138,4.5,3.));
#1743 = VECTOR('',#1744,1.);
#1744 = DIRECTION('',(-0.5,-0.866025403784,-2.884444029575E-16));
#1745 = PCURVE('',#841,#1746);
#1746 = DEFINITIONAL_REPRESENTATION('',(#1747),#1751);
#1747 = LINE('',#1748,#1749);
#1748 = CARTESIAN_POINT('',(-8.768888059151E-16,-3.));
#1749 = VECTOR('',#1750,1.);
#1750 = DIRECTION('',(1.,-1.E-16));
#1751 = ( GEOMETRIC_REPRESENTATION_CONTEXT(2) 
PARAMETRIC_REPRESENTATION_CONTEXT() REPRESENTATION_CONTEXT('2D SPACE',''
  ) );
#1752 = PCURVE('',#1552,#1753);
#1753 = DEFINITIONAL_REPRESENTATION('',(#1754),#1758);
#1754 = LINE('',#1755,#1756);
#1755 = CARTESIAN_POINT('',(3.464101615138,2.6645352591E-15));
#1756 = VECTOR('',#1757,1.);
#1757 = DIRECTION('',(-0.5,-0.866025403784));
#1758 = ( GEOMETRIC_REPRESENTATION_CONTEXT(2) 
PARAMETRIC_REPRESENTATION_CONTEXT() REPRESENTATION_CONTEXT('2D SPACE',''
  ) );
#1759 = ORIENTED_EDGE('',*,*,#1760,.F.);
#1760 = EDGE_CURVE('',#826,#1738,#1761,.T.);
#1761 = SURFACE_CURVE('',#1762,(#1766,#1773),.PCURVE_S1.);
#1762 = LINE('',#1763,#1764);
#1763 = CARTESIAN_POINT('',(57.732050807569,1.5,4.786133814775E-15));
#1764 = VECTOR('',#1765,1.);
#1765 = DIRECTION('',(0.,-4.430669073875E-16,1.));
#1766 = PCURVE('',#841,#1767);
#1767 = DEFINITIONAL_REPRESENTATION('',(#1768),#1772);
#1768 = LINE('',#1769,#1770);
#1769 = CARTESIAN_POINT('',(3.464101615138,-6.410161513775E-18));
#1770 = VECTOR('',#1771,1.);
#1771 = DIRECTION('',(-4.737205583712E-18,-1.));
#1772 = ( GEOMETRIC_REPRESENTATION_CONTEXT(2) 
PARAMETRIC_REPRESENTATION_CONTEXT() REPRESENTATION_CONTEXT('2D SPACE',''
  ) );
#1773 = PCURVE('',#869,#1774);
#1774 = DEFINITIONAL_REPRESENTATION('',(#1775),#1779);
#1775 = LINE('',#1776,#1777);
#1776 = CARTESIAN_POINT('',(0.,0.));
#1777 = VECTOR('',#1778,1.);
#1778 = DIRECTION('',(0.,-1.));
#1779 = ( GEOMETRIC_REPRESENTATION_CONTEXT(2) 
PARAMETRIC_REPRESENTATION_CONTEXT() REPRESENTATION_CONTEXT('2D SPACE',''
  ) );
#1780 = ORIENTED_EDGE('',*,*,#825,.F.);
#1781 = ADVANCED_FACE('',(#1782),#869,.F.);
#1782 = FACE_BOUND('',#1783,.F.);
#1783 = EDGE_LOOP('',(#1784,#1785,#1806,#1807));
#1784 = ORIENTED_EDGE('',*,*,#1760,.T.);
#1785 = ORIENTED_EDGE('',*,*,#1786,.T.);
#1786 = EDGE_CURVE('',#1738,#1688,#1787,.T.);
#1787 = SURFACE_CURVE('',#1788,(#1792,#1799),.PCURVE_S1.);
#1788 = LINE('',#1789,#1790);
#1789 = CARTESIAN_POINT('',(57.732050807569,1.5,3.));
#1790 = VECTOR('',#1791,1.);
#1791 = DIRECTION('',(-1.,0.,-0.));
#1792 = PCURVE('',#869,#1793);
#1793 = DEFINITIONAL_REPRESENTATION('',(#1794),#1798);
#1794 = LINE('',#1795,#1796);
#1795 = CARTESIAN_POINT('',(0.,-3.));
#1796 = VECTOR('',#1797,1.);
#1797 = DIRECTION('',(1.,0.));
#1798 = ( GEOMETRIC_REPRESENTATION_CONTEXT(2) 
PARAMETRIC_REPRESENTATION_CONTEXT() REPRESENTATION_CONTEXT('2D SPACE',''
  ) );
#1799 = PCURVE('',#1552,#1800);
#1800 = DEFINITIONAL_REPRESENTATION('',(#1801),#1805);
#1801 = LINE('',#1802,#1803);
#1802 = CARTESIAN_POINT('',(1.732050807569,-3.));
#1803 = VECTOR('',#1804,1.);
#1804 = DIRECTION('',(-1.,0.));
#1805 = ( GEOMETRIC_REPRESENTATION_CONTEXT(2) 
PARAMETRIC_REPRESENTATION_CONTEXT() REPRESENTATION_CONTEXT('2D SPACE',''
  ) );
#1806 = ORIENTED_EDGE('',*,*,#1687,.F.);
#1807 = ORIENTED_EDGE('',*,*,#853,.F.);
#1808 = ADVANCED_FACE('',(#1809),#958,.F.);
#1809 = FACE_BOUND('',#1810,.F.);
#1810 = EDGE_LOOP('',(#1811,#1834,#1865,#1866));
#1811 = ORIENTED_EDGE('',*,*,#1812,.T.);
#1812 = EDGE_CURVE('',#938,#1813,#1815,.T.);
#1813 = VERTEX_POINT('',#1814);
#1814 = CARTESIAN_POINT('',(45.25,4.5,5.));
#1815 = SEAM_CURVE('',#1816,(#1820,#1827),.PCURVE_S1.);
#1816 = LINE('',#1817,#1818);
#1817 = CARTESIAN_POINT('',(45.25,4.5,6.125334536938E-15));
#1818 = VECTOR('',#1819,1.);
#1819 = DIRECTION('',(0.,-4.430669073875E-16,1.));
#1820 = PCURVE('',#958,#1821);
#1821 = DEFINITIONAL_REPRESENTATION('',(#1822),#1826);
#1822 = LINE('',#1823,#1824);
#1823 = CARTESIAN_POINT('',(0.,0.));
#1824 = VECTOR('',#1825,1.);
#1825 = DIRECTION('',(0.,-1.));
#1826 = ( GEOMETRIC_REPRESENTATION_CONTEXT(2) 
PARAMETRIC_REPRESENTATION_CONTEXT() REPRESENTATION_CONTEXT('2D SPACE',''
  ) );
#1827 = PCURVE('',#958,#1828);
#1828 = DEFINITIONAL_REPRESENTATION('',(#1829),#1833);
#1829 = LINE('',#1830,#1831);
#1830 = CARTESIAN_POINT('',(6.28318530718,0.));
#1831 = VECTOR('',#1832,1.);
#1832 = DIRECTION('',(0.,-1.));
#1833 = ( GEOMETRIC_REPRESENTATION_CONTEXT(2) 
PARAMETRIC_REPRESENTATION_CONTEXT() REPRESENTATION_CONTEXT('2D SPACE',''
  ) );
#1834 = ORIENTED_EDGE('',*,*,#1835,.T.);
#1835 = EDGE_CURVE('',#1813,#1813,#1836,.T.);
#1836 = SURFACE_CURVE('',#1837,(#1842,#1849),.PCURVE_S1.);
#1837 = CIRCLE('',#1838,2.25);
#1838 = AXIS2_PLACEMENT_3D('',#1839,#1840,#1841);
#1839 = CARTESIAN_POINT('',(43.,4.5,5.));
#1840 = DIRECTION('',(0.,3.330669073875E-16,-1.));
#1841 = DIRECTION('',(1.,0.,0.));
#1842 = PCURVE('',#958,#1843);
#1843 = DEFINITIONAL_REPRESENTATION('',(#1844),#1848);
#1844 = LINE('',#1845,#1846);
#1845 = CARTESIAN_POINT('',(0.,-5.));
#1846 = VECTOR('',#1847,1.);
#1847 = DIRECTION('',(1.,0.));
#1848 = ( GEOMETRIC_REPRESENTATION_CONTEXT(2) 
PARAMETRIC_REPRESENTATION_CONTEXT() REPRESENTATION_CONTEXT('2D SPACE',''
  ) );
#1849 = PCURVE('',#1850,#1855);
#1850 = PLANE('',#1851);
#1851 = AXIS2_PLACEMENT_3D('',#1852,#1853,#1854);
#1852 = CARTESIAN_POINT('',(43.,4.5,5.));
#1853 = DIRECTION('',(0.,-3.330669073875E-16,1.));
#1854 = DIRECTION('',(1.,0.,0.));
#1855 = DEFINITIONAL_REPRESENTATION('',(#1856),#1864);
#1856 = ( BOUNDED_CURVE() B_SPLINE_CURVE(2,(#1857,#1858,#1859,#1860,
#1861,#1862,#1863),.UNSPECIFIED.,.T.,.F.) B_SPLINE_CURVE_WITH_KNOTS((1,2
    ,2,2,2,1),(-2.094395102393,0.,2.094395102393,4.188790204786,
6.28318530718,8.377580409573),.UNSPECIFIED.) CURVE() 
GEOMETRIC_REPRESENTATION_ITEM() RATIONAL_B_SPLINE_CURVE((1.,0.5,1.,0.5,
1.,0.5,1.)) REPRESENTATION_ITEM('') );
#1857 = CARTESIAN_POINT('',(2.25,4.440892098501E-16));
#1858 = CARTESIAN_POINT('',(2.25,-3.89711431703));
#1859 = CARTESIAN_POINT('',(-1.125,-1.948557158515));
#1860 = CARTESIAN_POINT('',(-4.5,-1.070018497662E-16));
#1861 = CARTESIAN_POINT('',(-1.125,1.948557158515));
#1862 = CARTESIAN_POINT('',(2.25,3.89711431703));
#1863 = CARTESIAN_POINT('',(2.25,4.440892098501E-16));
#1864 = ( GEOMETRIC_REPRESENTATION_CONTEXT(2) 
PARAMETRIC_REPRESENTATION_CONTEXT() REPRESENTATION_CONTEXT('2D SPACE',''
  ) );
#1865 = ORIENTED_EDGE('',*,*,#1812,.F.);
#1866 = ORIENTED_EDGE('',*,*,#937,.F.);
#1867 = ADVANCED_FACE('',(#1868),#989,.F.);
#1868 = FACE_BOUND('',#1869,.F.);
#1869 = EDGE_LOOP('',(#1870,#1893,#1921,#1944,#1970,#1971));
#1870 = ORIENTED_EDGE('',*,*,#1871,.T.);
#1871 = EDGE_CURVE('',#1058,#1872,#1874,.T.);
#1872 = VERTEX_POINT('',#1873);
#1873 = CARTESIAN_POINT('',(-1.E-15,-4.3,-7.5));
#1874 = SURFACE_CURVE('',#1875,(#1879,#1886),.PCURVE_S1.);
#1875 = LINE('',#1876,#1877);
#1876 = CARTESIAN_POINT('',(-1.39E-15,-0.5,-7.5));
#1877 = VECTOR('',#1878,1.);
#1878 = DIRECTION('',(0.,-1.,-2.230669073875E-16));
#1879 = PCURVE('',#989,#1880);
#1880 = DEFINITIONAL_REPRESENTATION('',(#1881),#1885);
#1881 = LINE('',#1882,#1883);
#1882 = CARTESIAN_POINT('',(1.E-17,0.));
#1883 = VECTOR('',#1884,1.);
#1884 = DIRECTION('',(0.,-1.));
#1885 = ( GEOMETRIC_REPRESENTATION_CONTEXT(2) 
PARAMETRIC_REPRESENTATION_CONTEXT() REPRESENTATION_CONTEXT('2D SPACE',''
  ) );
#1886 = PCURVE('',#1078,#1887);
#1887 = DEFINITIONAL_REPRESENTATION('',(#1888),#1892);
#1888 = LINE('',#1889,#1890);
#1889 = CARTESIAN_POINT('',(-4.712388980385,0.));
#1890 = VECTOR('',#1891,1.);
#1891 = DIRECTION('',(-0.,-1.));
#1892 = ( GEOMETRIC_REPRESENTATION_CONTEXT(2) 
PARAMETRIC_REPRESENTATION_CONTEXT() REPRESENTATION_CONTEXT('2D SPACE',''
  ) );
#1893 = ORIENTED_EDGE('',*,*,#1894,.T.);
#1894 = EDGE_CURVE('',#1872,#1895,#1897,.T.);
#1895 = VERTEX_POINT('',#1896);
#1896 = CARTESIAN_POINT('',(10.328744205289,-4.3,-7.5));
#1897 = SURFACE_CURVE('',#1898,(#1902,#1909),.PCURVE_S1.);
#1898 = LINE('',#1899,#1900);
#1899 = CARTESIAN_POINT('',(0.,-4.3,-7.5));
#1900 = VECTOR('',#1901,1.);
#1901 = DIRECTION('',(1.,0.,0.));
#1902 = PCURVE('',#989,#1903);
#1903 = DEFINITIONAL_REPRESENTATION('',(#1904),#1908);
#1904 = LINE('',#1905,#1906);
#1905 = CARTESIAN_POINT('',(1.4E-15,-3.8));
#1906 = VECTOR('',#1907,1.);
#1907 = DIRECTION('',(1.,0.));
#1908 = ( GEOMETRIC_REPRESENTATION_CONTEXT(2) 
PARAMETRIC_REPRESENTATION_CONTEXT() REPRESENTATION_CONTEXT('2D SPACE',''
  ) );
#1909 = PCURVE('',#1910,#1915);
#1910 = PLANE('',#1911);
#1911 = AXIS2_PLACEMENT_3D('',#1912,#1913,#1914);
#1912 = CARTESIAN_POINT('',(0.,-4.4,-7.4));
#1913 = DIRECTION('',(0.,-0.707106781187,-0.707106781187));
#1914 = DIRECTION('',(-1.,0.,-0.));
#1915 = DEFINITIONAL_REPRESENTATION('',(#1916),#1920);
#1916 = LINE('',#1917,#1918);
#1917 = CARTESIAN_POINT('',(-0.,0.141421356237));
#1918 = VECTOR('',#1919,1.);
#1919 = DIRECTION('',(-1.,0.));
#1920 = ( GEOMETRIC_REPRESENTATION_CONTEXT(2) 
PARAMETRIC_REPRESENTATION_CONTEXT() REPRESENTATION_CONTEXT('2D SPACE',''
  ) );
#1921 = ORIENTED_EDGE('',*,*,#1922,.T.);
#1922 = EDGE_CURVE('',#1895,#1923,#1925,.T.);
#1923 = VERTEX_POINT('',#1924);
#1924 = CARTESIAN_POINT('',(19.131434356623,-4.3,-7.5));
#1925 = SURFACE_CURVE('',#1926,(#1930,#1937),.PCURVE_S1.);
#1926 = LINE('',#1927,#1928);
#1927 = CARTESIAN_POINT('',(0.,-4.3,-7.5));
#1928 = VECTOR('',#1929,1.);
#1929 = DIRECTION('',(1.,0.,0.));
#1930 = PCURVE('',#989,#1931);
#1931 = DEFINITIONAL_REPRESENTATION('',(#1932),#1936);
#1932 = LINE('',#1933,#1934);
#1933 = CARTESIAN_POINT('',(1.4E-15,-3.8));
#1934 = VECTOR('',#1935,1.);
#1935 = DIRECTION('',(1.,0.));
#1936 = ( GEOMETRIC_REPRESENTATION_CONTEXT(2) 
PARAMETRIC_REPRESENTATION_CONTEXT() REPRESENTATION_CONTEXT('2D SPACE',''
  ) );
#1937 = PCURVE('',#1352,#1938);
#1938 = DEFINITIONAL_REPRESENTATION('',(#1939),#1943);
#1939 = LINE('',#1940,#1941);
#1940 = CARTESIAN_POINT('',(-7.066914120067,-17.6976554326));
#1941 = VECTOR('',#1942,1.);
#1942 = DIRECTION('',(0.,1.));
#1943 = ( GEOMETRIC_REPRESENTATION_CONTEXT(2) 
PARAMETRIC_REPRESENTATION_CONTEXT() REPRESENTATION_CONTEXT('2D SPACE',''
  ) );
#1944 = ORIENTED_EDGE('',*,*,#1945,.T.);
#1945 = EDGE_CURVE('',#1923,#974,#1946,.T.);
#1946 = SURFACE_CURVE('',#1947,(#1951,#1958),.PCURVE_S1.);
#1947 = LINE('',#1948,#1949);
#1948 = CARTESIAN_POINT('',(0.,-4.3,-7.5));
#1949 = VECTOR('',#1950,1.);
#1950 = DIRECTION('',(1.,0.,0.));
#1951 = PCURVE('',#989,#1952);
#1952 = DEFINITIONAL_REPRESENTATION('',(#1953),#1957);
#1953 = LINE('',#1954,#1955);
#1954 = CARTESIAN_POINT('',(1.4E-15,-3.8));
#1955 = VECTOR('',#1956,1.);
#1956 = DIRECTION('',(1.,0.));
#1957 = ( GEOMETRIC_REPRESENTATION_CONTEXT(2) 
PARAMETRIC_REPRESENTATION_CONTEXT() REPRESENTATION_CONTEXT('2D SPACE',''
  ) );
#1958 = PCURVE('',#1959,#1964);
#1959 = PLANE('',#1960);
#1960 = AXIS2_PLACEMENT_3D('',#1961,#1962,#1963);
#1961 = CARTESIAN_POINT('',(0.,-4.4,-7.4));
#1962 = DIRECTION('',(0.,-0.707106781187,-0.707106781187));
#1963 = DIRECTION('',(-1.,0.,-0.));
#1964 = DEFINITIONAL_REPRESENTATION('',(#1965),#1969);
#1965 = LINE('',#1966,#1967);
#1966 = CARTESIAN_POINT('',(-0.,0.141421356237));
#1967 = VECTOR('',#1968,1.);
#1968 = DIRECTION('',(-1.,0.));
#1969 = ( GEOMETRIC_REPRESENTATION_CONTEXT(2) 
PARAMETRIC_REPRESENTATION_CONTEXT() REPRESENTATION_CONTEXT('2D SPACE',''
  ) );
#1970 = ORIENTED_EDGE('',*,*,#973,.F.);
#1971 = ORIENTED_EDGE('',*,*,#1137,.F.);
#1972 = ADVANCED_FACE('',(#1973),#1018,.T.);
#1973 = FACE_BOUND('',#1974,.F.);
#1974 = EDGE_LOOP('',(#1975,#1998,#2031,#2052));
#1975 = ORIENTED_EDGE('',*,*,#1976,.F.);
#1976 = EDGE_CURVE('',#1977,#974,#1979,.T.);
#1977 = VERTEX_POINT('',#1978);
#1978 = CARTESIAN_POINT('',(76.,-4.5,-7.3));
#1979 = SURFACE_CURVE('',#1980,(#1984,#1991),.PCURVE_S1.);
#1980 = LINE('',#1981,#1982);
#1981 = CARTESIAN_POINT('',(76.,-4.4,-7.4));
#1982 = VECTOR('',#1983,1.);
#1983 = DIRECTION('',(0.,0.707106781187,-0.707106781187));
#1984 = PCURVE('',#1018,#1985);
#1985 = DEFINITIONAL_REPRESENTATION('',(#1986),#1990);
#1986 = LINE('',#1987,#1988);
#1987 = CARTESIAN_POINT('',(-0.,-0.1));
#1988 = VECTOR('',#1989,1.);
#1989 = DIRECTION('',(-0.,1.));
#1990 = ( GEOMETRIC_REPRESENTATION_CONTEXT(2) 
PARAMETRIC_REPRESENTATION_CONTEXT() REPRESENTATION_CONTEXT('2D SPACE',''
  ) );
#1991 = PCURVE('',#1959,#1992);
#1992 = DEFINITIONAL_REPRESENTATION('',(#1993),#1997);
#1993 = LINE('',#1994,#1995);
#1994 = CARTESIAN_POINT('',(-76.,0.));
#1995 = VECTOR('',#1996,1.);
#1996 = DIRECTION('',(-0.,1.));
#1997 = ( GEOMETRIC_REPRESENTATION_CONTEXT(2) 
PARAMETRIC_REPRESENTATION_CONTEXT() REPRESENTATION_CONTEXT('2D SPACE',''
  ) );
#1998 = ORIENTED_EDGE('',*,*,#1999,.T.);
#1999 = EDGE_CURVE('',#1977,#2000,#2002,.T.);
#2000 = VERTEX_POINT('',#2001);
#2001 = CARTESIAN_POINT('',(76.,-4.5,7.3));
#2002 = SURFACE_CURVE('',#2003,(#2008,#2015),.PCURVE_S1.);
#2003 = CIRCLE('',#2004,7.3);
#2004 = AXIS2_PLACEMENT_3D('',#2005,#2006,#2007);
#2005 = CARTESIAN_POINT('',(76.,-4.5,1.32773237045E-15));
#2006 = DIRECTION('',(0.,-1.,3.369330926125E-16));
#2007 = DIRECTION('',(0.,-3.369330926125E-16,-1.));
#2008 = PCURVE('',#1018,#2009);
#2009 = DEFINITIONAL_REPRESENTATION('',(#2010),#2014);
#2010 = LINE('',#2011,#2012);
#2011 = CARTESIAN_POINT('',(-0.,-0.2));
#2012 = VECTOR('',#2013,1.);
#2013 = DIRECTION('',(-1.,0.));
#2014 = ( GEOMETRIC_REPRESENTATION_CONTEXT(2) 
PARAMETRIC_REPRESENTATION_CONTEXT() REPRESENTATION_CONTEXT('2D SPACE',''
  ) );
#2015 = PCURVE('',#2016,#2021);
#2016 = PLANE('',#2017);
#2017 = AXIS2_PLACEMENT_3D('',#2018,#2019,#2020);
#2018 = CARTESIAN_POINT('',(38.,-4.5,-1.33226762955E-15));
#2019 = DIRECTION('',(0.,1.,1.130669073875E-16));
#2020 = DIRECTION('',(0.,-1.130669073875E-16,1.));
#2021 = DEFINITIONAL_REPRESENTATION('',(#2022),#2030);
#2022 = ( BOUNDED_CURVE() B_SPLINE_CURVE(2,(#2023,#2024,#2025,#2026,
#2027,#2028,#2029),.UNSPECIFIED.,.T.,.F.) B_SPLINE_CURVE_WITH_KNOTS((1,2
    ,2,2,2,1),(-2.094395102393,0.,2.094395102393,4.188790204786,
6.28318530718,8.377580409573),.UNSPECIFIED.) CURVE() 
GEOMETRIC_REPRESENTATION_ITEM() RATIONAL_B_SPLINE_CURVE((1.,0.5,1.,0.5,
1.,0.5,1.)) REPRESENTATION_ITEM('') );
#2023 = CARTESIAN_POINT('',(-7.3,38.));
#2024 = CARTESIAN_POINT('',(-7.3,50.643970895253));
#2025 = CARTESIAN_POINT('',(3.65,44.321985447626));
#2026 = CARTESIAN_POINT('',(14.6,38.));
#2027 = CARTESIAN_POINT('',(3.65,31.678014552374));
#2028 = CARTESIAN_POINT('',(-7.3,25.356029104747));
#2029 = CARTESIAN_POINT('',(-7.3,38.));
#2030 = ( GEOMETRIC_REPRESENTATION_CONTEXT(2) 
PARAMETRIC_REPRESENTATION_CONTEXT() REPRESENTATION_CONTEXT('2D SPACE',''
  ) );
#2031 = ORIENTED_EDGE('',*,*,#2032,.T.);
#2032 = EDGE_CURVE('',#2000,#1002,#2033,.T.);
#2033 = SURFACE_CURVE('',#2034,(#2038,#2045),.PCURVE_S1.);
#2034 = LINE('',#2035,#2036);
#2035 = CARTESIAN_POINT('',(76.,-4.3,7.5));
#2036 = VECTOR('',#2037,1.);
#2037 = DIRECTION('',(-5.4E-16,0.707106781187,0.707106781187));
#2038 = PCURVE('',#1018,#2039);
#2039 = DEFINITIONAL_REPRESENTATION('',(#2040),#2044);
#2040 = LINE('',#2041,#2042);
#2041 = CARTESIAN_POINT('',(-3.14159265359,0.));
#2042 = VECTOR('',#2043,1.);
#2043 = DIRECTION('',(-0.,1.));
#2044 = ( GEOMETRIC_REPRESENTATION_CONTEXT(2) 
PARAMETRIC_REPRESENTATION_CONTEXT() REPRESENTATION_CONTEXT('2D SPACE',''
  ) );
#2045 = PCURVE('',#1378,#2046);
#2046 = DEFINITIONAL_REPRESENTATION('',(#2047),#2051);
#2047 = LINE('',#2048,#2049);
#2048 = CARTESIAN_POINT('',(0.,0.141421356237));
#2049 = VECTOR('',#2050,1.);
#2050 = DIRECTION('',(5.4E-16,1.));
#2051 = ( GEOMETRIC_REPRESENTATION_CONTEXT(2) 
PARAMETRIC_REPRESENTATION_CONTEXT() REPRESENTATION_CONTEXT('2D SPACE',''
  ) );
#2052 = ORIENTED_EDGE('',*,*,#1001,.F.);
#2053 = ADVANCED_FACE('',(#2054),#1078,.T.);
#2054 = FACE_BOUND('',#2055,.F.);
#2055 = EDGE_LOOP('',(#2056,#2057,#2084,#2085));
#2056 = ORIENTED_EDGE('',*,*,#1285,.T.);
#2057 = ORIENTED_EDGE('',*,*,#2058,.T.);
#2058 = EDGE_CURVE('',#1286,#1872,#2059,.T.);
#2059 = SURFACE_CURVE('',#2060,(#2065,#2072),.PCURVE_S1.);
#2060 = CIRCLE('',#2061,7.5);
#2061 = AXIS2_PLACEMENT_3D('',#2062,#2063,#2064);
#2062 = CARTESIAN_POINT('',(0.,-4.3,1.264345751927E-15));
#2063 = DIRECTION('',(-1.094764425254E-47,-1.,3.369330926125E-16));
#2064 = DIRECTION('',(-1.6E-16,3.369330926125E-16,1.));
#2065 = PCURVE('',#1078,#2066);
#2066 = DEFINITIONAL_REPRESENTATION('',(#2067),#2071);
#2067 = LINE('',#2068,#2069);
#2068 = CARTESIAN_POINT('',(-1.570796326795,-3.8));
#2069 = VECTOR('',#2070,1.);
#2070 = DIRECTION('',(-1.,0.));
#2071 = ( GEOMETRIC_REPRESENTATION_CONTEXT(2) 
PARAMETRIC_REPRESENTATION_CONTEXT() REPRESENTATION_CONTEXT('2D SPACE',''
  ) );
#2072 = PCURVE('',#2073,#2078);
#2073 = CONICAL_SURFACE('',#2074,7.5,0.785398163397);
#2074 = AXIS2_PLACEMENT_3D('',#2075,#2076,#2077);
#2075 = CARTESIAN_POINT('',(0.,-4.3,1.264345751927E-15));
#2076 = DIRECTION('',(0.,1.,-3.369330926125E-16));
#2077 = DIRECTION('',(-1.6E-16,3.369330926125E-16,1.));
#2078 = DEFINITIONAL_REPRESENTATION('',(#2079),#2083);
#2079 = LINE('',#2080,#2081);
#2080 = CARTESIAN_POINT('',(-0.,0.));
#2081 = VECTOR('',#2082,1.);
#2082 = DIRECTION('',(-1.,0.));
#2083 = ( GEOMETRIC_REPRESENTATION_CONTEXT(2) 
PARAMETRIC_REPRESENTATION_CONTEXT() REPRESENTATION_CONTEXT('2D SPACE',''
  ) );
#2084 = ORIENTED_EDGE('',*,*,#1871,.F.);
#2085 = ORIENTED_EDGE('',*,*,#1055,.F.);
#2086 = ADVANCED_FACE('',(#2087),#1181,.F.);
#2087 = FACE_BOUND('',#2088,.T.);
#2088 = EDGE_LOOP('',(#2089,#2112,#2139,#2140));
#2089 = ORIENTED_EDGE('',*,*,#2090,.T.);
#2090 = EDGE_CURVE('',#1161,#2091,#2093,.T.);
#2091 = VERTEX_POINT('',#2092);
#2092 = CARTESIAN_POINT('',(5.05,-4.3,1.7763568394E-15));
#2093 = SEAM_CURVE('',#2094,(#2098,#2105),.PCURVE_S1.);
#2094 = LINE('',#2095,#2096);
#2095 = CARTESIAN_POINT('',(5.05,-0.5,1.232595164408E-32));
#2096 = VECTOR('',#2097,1.);
#2097 = DIRECTION('',(0.,-1.,-2.230669073875E-16));
#2098 = PCURVE('',#1181,#2099);
#2099 = DEFINITIONAL_REPRESENTATION('',(#2100),#2104);
#2100 = LINE('',#2101,#2102);
#2101 = CARTESIAN_POINT('',(-0.,0.));
#2102 = VECTOR('',#2103,1.);
#2103 = DIRECTION('',(-0.,-1.));
#2104 = ( GEOMETRIC_REPRESENTATION_CONTEXT(2) 
PARAMETRIC_REPRESENTATION_CONTEXT() REPRESENTATION_CONTEXT('2D SPACE',''
  ) );
#2105 = PCURVE('',#1181,#2106);
#2106 = DEFINITIONAL_REPRESENTATION('',(#2107),#2111);
#2107 = LINE('',#2108,#2109);
#2108 = CARTESIAN_POINT('',(-6.28318530718,0.));
#2109 = VECTOR('',#2110,1.);
#2110 = DIRECTION('',(-0.,-1.));
#2111 = ( GEOMETRIC_REPRESENTATION_CONTEXT(2) 
PARAMETRIC_REPRESENTATION_CONTEXT() REPRESENTATION_CONTEXT('2D SPACE',''
  ) );
#2112 = ORIENTED_EDGE('',*,*,#2113,.T.);
#2113 = EDGE_CURVE('',#2091,#2091,#2114,.T.);
#2114 = SURFACE_CURVE('',#2115,(#2120,#2127),.PCURVE_S1.);
#2115 = CIRCLE('',#2116,5.05);
#2116 = AXIS2_PLACEMENT_3D('',#2117,#2118,#2119);
#2117 = CARTESIAN_POINT('',(0.,-4.3,1.264345751927E-15));
#2118 = DIRECTION('',(0.,-1.,3.369330926125E-16));
#2119 = DIRECTION('',(1.,0.,0.));
#2120 = PCURVE('',#1181,#2121);
#2121 = DEFINITIONAL_REPRESENTATION('',(#2122),#2126);
#2122 = LINE('',#2123,#2124);
#2123 = CARTESIAN_POINT('',(-0.,-3.8));
#2124 = VECTOR('',#2125,1.);
#2125 = DIRECTION('',(-1.,0.));
#2126 = ( GEOMETRIC_REPRESENTATION_CONTEXT(2) 
PARAMETRIC_REPRESENTATION_CONTEXT() REPRESENTATION_CONTEXT('2D SPACE',''
  ) );
#2127 = PCURVE('',#2128,#2133);
#2128 = CONICAL_SURFACE('',#2129,5.05,0.785398163397);
#2129 = AXIS2_PLACEMENT_3D('',#2130,#2131,#2132);
#2130 = CARTESIAN_POINT('',(0.,-4.3,1.264345751927E-15));
#2131 = DIRECTION('',(0.,-1.,3.369330926125E-16));
#2132 = DIRECTION('',(1.,0.,0.));
#2133 = DEFINITIONAL_REPRESENTATION('',(#2134),#2138);
#2134 = LINE('',#2135,#2136);
#2135 = CARTESIAN_POINT('',(0.,-0.));
#2136 = VECTOR('',#2137,1.);
#2137 = DIRECTION('',(1.,-0.));
#2138 = ( GEOMETRIC_REPRESENTATION_CONTEXT(2) 
PARAMETRIC_REPRESENTATION_CONTEXT() REPRESENTATION_CONTEXT('2D SPACE',''
  ) );
#2139 = ORIENTED_EDGE('',*,*,#2090,.F.);
#2140 = ORIENTED_EDGE('',*,*,#1160,.F.);
#2141 = ADVANCED_FACE('',(#2142),#1220,.F.);
#2142 = FACE_BOUND('',#2143,.T.);
#2143 = EDGE_LOOP('',(#2144,#2167,#2194,#2195));
#2144 = ORIENTED_EDGE('',*,*,#2145,.T.);
#2145 = EDGE_CURVE('',#1200,#2146,#2148,.T.);
#2146 = VERTEX_POINT('',#2147);
#2147 = CARTESIAN_POINT('',(81.05,-4.3,1.7763568394E-15));
#2148 = SEAM_CURVE('',#2149,(#2153,#2160),.PCURVE_S1.);
#2149 = LINE('',#2150,#2151);
#2150 = CARTESIAN_POINT('',(81.05,-0.5,1.232595164408E-32));
#2151 = VECTOR('',#2152,1.);
#2152 = DIRECTION('',(0.,-1.,-2.230669073875E-16));
#2153 = PCURVE('',#1220,#2154);
#2154 = DEFINITIONAL_REPRESENTATION('',(#2155),#2159);
#2155 = LINE('',#2156,#2157);
#2156 = CARTESIAN_POINT('',(-0.,0.));
#2157 = VECTOR('',#2158,1.);
#2158 = DIRECTION('',(-0.,-1.));
#2159 = ( GEOMETRIC_REPRESENTATION_CONTEXT(2) 
PARAMETRIC_REPRESENTATION_CONTEXT() REPRESENTATION_CONTEXT('2D SPACE',''
  ) );
#2160 = PCURVE('',#1220,#2161);
#2161 = DEFINITIONAL_REPRESENTATION('',(#2162),#2166);
#2162 = LINE('',#2163,#2164);
#2163 = CARTESIAN_POINT('',(-6.28318530718,0.));
#2164 = VECTOR('',#2165,1.);
#2165 = DIRECTION('',(-0.,-1.));
#2166 = ( GEOMETRIC_REPRESENTATION_CONTEXT(2) 
PARAMETRIC_REPRESENTATION_CONTEXT() REPRESENTATION_CONTEXT('2D SPACE',''
  ) );
#2167 = ORIENTED_EDGE('',*,*,#2168,.T.);
#2168 = EDGE_CURVE('',#2146,#2146,#2169,.T.);
#2169 = SURFACE_CURVE('',#2170,(#2175,#2182),.PCURVE_S1.);
#2170 = CIRCLE('',#2171,5.05);
#2171 = AXIS2_PLACEMENT_3D('',#2172,#2173,#2174);
#2172 = CARTESIAN_POINT('',(76.,-4.3,1.264345751927E-15));
#2173 = DIRECTION('',(0.,-1.,3.369330926125E-16));
#2174 = DIRECTION('',(1.,0.,0.));
#2175 = PCURVE('',#1220,#2176);
#2176 = DEFINITIONAL_REPRESENTATION('',(#2177),#2181);
#2177 = LINE('',#2178,#2179);
#2178 = CARTESIAN_POINT('',(-0.,-3.8));
#2179 = VECTOR('',#2180,1.);
#2180 = DIRECTION('',(-1.,0.));
#2181 = ( GEOMETRIC_REPRESENTATION_CONTEXT(2) 
PARAMETRIC_REPRESENTATION_CONTEXT() REPRESENTATION_CONTEXT('2D SPACE',''
  ) );
#2182 = PCURVE('',#2183,#2188);
#2183 = CONICAL_SURFACE('',#2184,5.05,0.785398163397);
#2184 = AXIS2_PLACEMENT_3D('',#2185,#2186,#2187);
#2185 = CARTESIAN_POINT('',(76.,-4.3,1.264345751927E-15));
#2186 = DIRECTION('',(0.,-1.,3.369330926125E-16));
#2187 = DIRECTION('',(1.,0.,0.));
#2188 = DEFINITIONAL_REPRESENTATION('',(#2189),#2193);
#2189 = LINE('',#2190,#2191);
#2190 = CARTESIAN_POINT('',(0.,0.));
#2191 = VECTOR('',#2192,1.);
#2192 = DIRECTION('',(1.,0.));
#2193 = ( GEOMETRIC_REPRESENTATION_CONTEXT(2) 
PARAMETRIC_REPRESENTATION_CONTEXT() REPRESENTATION_CONTEXT('2D SPACE',''
  ) );
#2194 = ORIENTED_EDGE('',*,*,#2145,.F.);
#2195 = ORIENTED_EDGE('',*,*,#1199,.F.);
#2196 = ADVANCED_FACE('',(#2197),#1378,.F.);
#2197 = FACE_BOUND('',#2198,.F.);
#2198 = EDGE_LOOP('',(#2199,#2200,#2223,#2258));
#2199 = ORIENTED_EDGE('',*,*,#2032,.F.);
#2200 = ORIENTED_EDGE('',*,*,#2201,.T.);
#2201 = EDGE_CURVE('',#2000,#2202,#2204,.T.);
#2202 = VERTEX_POINT('',#2203);
#2203 = CARTESIAN_POINT('',(21.445411261592,-4.5,7.3));
#2204 = SURFACE_CURVE('',#2205,(#2209,#2216),.PCURVE_S1.);
#2205 = LINE('',#2206,#2207);
#2206 = CARTESIAN_POINT('',(76.,-4.5,7.3));
#2207 = VECTOR('',#2208,1.);
#2208 = DIRECTION('',(-1.,0.,0.));
#2209 = PCURVE('',#1378,#2210);
#2210 = DEFINITIONAL_REPRESENTATION('',(#2211),#2215);
#2211 = LINE('',#2212,#2213);
#2212 = CARTESIAN_POINT('',(0.,-0.141421356237));
#2213 = VECTOR('',#2214,1.);
#2214 = DIRECTION('',(1.,0.));
#2215 = ( GEOMETRIC_REPRESENTATION_CONTEXT(2) 
PARAMETRIC_REPRESENTATION_CONTEXT() REPRESENTATION_CONTEXT('2D SPACE',''
  ) );
#2216 = PCURVE('',#2016,#2217);
#2217 = DEFINITIONAL_REPRESENTATION('',(#2218),#2222);
#2218 = LINE('',#2219,#2220);
#2219 = CARTESIAN_POINT('',(7.3,38.));
#2220 = VECTOR('',#2221,1.);
#2221 = DIRECTION('',(-0.,-1.));
#2222 = ( GEOMETRIC_REPRESENTATION_CONTEXT(2) 
PARAMETRIC_REPRESENTATION_CONTEXT() REPRESENTATION_CONTEXT('2D SPACE',''
  ) );
#2223 = ORIENTED_EDGE('',*,*,#2224,.F.);
#2224 = EDGE_CURVE('',#1337,#2202,#2225,.T.);
#2225 = SURFACE_CURVE('',#2226,(#2232,#2241),.PCURVE_S1.);
#2226 = B_SPLINE_CURVE_WITH_KNOTS('',4,(#2227,#2228,#2229,#2230,#2231),
  .UNSPECIFIED.,.F.,.F.,(5,5),(0.,1.),.PIECEWISE_BEZIER_KNOTS.);
#2227 = CARTESIAN_POINT('',(21.090451637793,-4.3,7.5));
#2228 = CARTESIAN_POINT('',(21.182162798124,-4.348169567288,
    7.451830432712));
#2229 = CARTESIAN_POINT('',(21.271889258858,-4.397620118144,
    7.402379881856));
#2230 = CARTESIAN_POINT('',(21.359634588925,-4.448256988239,
    7.351743011761));
#2231 = CARTESIAN_POINT('',(21.445411261592,-4.5,7.3));
#2232 = PCURVE('',#1378,#2233);
#2233 = DEFINITIONAL_REPRESENTATION('',(#2234),#2240);
#2234 = B_SPLINE_CURVE_WITH_KNOTS('',4,(#2235,#2236,#2237,#2238,#2239),
  .UNSPECIFIED.,.F.,.F.,(5,5),(0.,1.),.PIECEWISE_BEZIER_KNOTS.);
#2235 = CARTESIAN_POINT('',(54.909548362207,0.141421356237));
#2236 = CARTESIAN_POINT('',(54.817837201876,7.329930088553E-02));
#2237 = CARTESIAN_POINT('',(54.728110741142,3.365661198046E-03));
#2238 = CARTESIAN_POINT('',(54.640365411075,-6.82456872468E-02));
#2239 = CARTESIAN_POINT('',(54.554588738408,-0.141421356237));
#2240 = ( GEOMETRIC_REPRESENTATION_CONTEXT(2) 
PARAMETRIC_REPRESENTATION_CONTEXT() REPRESENTATION_CONTEXT('2D SPACE',''
  ) );
#2241 = PCURVE('',#2242,#2250);
#2242 = SURFACE_OF_LINEAR_EXTRUSION('',#2243,#2248);
#2243 = B_SPLINE_CURVE_WITH_KNOTS('',3,(#2244,#2245,#2246,#2247),
  .UNSPECIFIED.,.F.,.F.,(4,4),(0.,1.),.PIECEWISE_BEZIER_KNOTS.);
#2244 = CARTESIAN_POINT('',(23.927190625,-4.5,4.424003125));
#2245 = CARTESIAN_POINT('',(23.1901425055,-4.5,6.384418646313));
#2246 = CARTESIAN_POINT('',(21.299605467906,-4.5,7.717804548719));
#2247 = CARTESIAN_POINT('',(19.3016125,-4.5,8.14946875));
#2248 = VECTOR('',#2249,1.);
#2249 = DIRECTION('',(0.,-1.,-2.230669073875E-16));
#2250 = DEFINITIONAL_REPRESENTATION('',(#2251),#2257);
#2251 = B_SPLINE_CURVE_WITH_KNOTS('',4,(#2252,#2253,#2254,#2255,#2256),
  .UNSPECIFIED.,.F.,.F.,(5,5),(0.,1.),.PIECEWISE_BEZIER_KNOTS.);
#2252 = CARTESIAN_POINT('',(0.691301805345,-0.199999999999));
#2253 = CARTESIAN_POINT('',(0.674614628763,-0.151830432711));
#2254 = CARTESIAN_POINT('',(0.658114124504,-0.102379881857));
#2255 = CARTESIAN_POINT('',(0.641794322057,-5.174301176196E-02));
#2256 = CARTESIAN_POINT('',(0.62564919785,-9.1499E-13));
#2257 = ( GEOMETRIC_REPRESENTATION_CONTEXT(2) 
PARAMETRIC_REPRESENTATION_CONTEXT() REPRESENTATION_CONTEXT('2D SPACE',''
  ) );
#2258 = ORIENTED_EDGE('',*,*,#1364,.F.);
#2259 = ADVANCED_FACE('',(#2260,#2714,#4696),#1352,.F.);
#2260 = FACE_BOUND('',#2261,.F.);
#2261 = EDGE_LOOP('',(#2262,#2295,#2296,#2321,#2354,#2387,#2420,#2453,
    #2486,#2519,#2552,#2585,#2616,#2617,#2650,#2683));
#2262 = ORIENTED_EDGE('',*,*,#2263,.F.);
#2263 = EDGE_CURVE('',#1309,#2264,#2266,.T.);
#2264 = VERTEX_POINT('',#2265);
#2265 = CARTESIAN_POINT('',(13.15084375,-4.3,7.224353125));
#2266 = SURFACE_CURVE('',#2267,(#2272,#2280),.PCURVE_S1.);
#2267 = B_SPLINE_CURVE_WITH_KNOTS('',3,(#2268,#2269,#2270,#2271),
  .UNSPECIFIED.,.F.,.F.,(4,4),(0.,1.),.PIECEWISE_BEZIER_KNOTS.);
#2268 = CARTESIAN_POINT('',(16.45125625,-4.3,8.3995));
#2269 = CARTESIAN_POINT('',(15.277486047063,-4.3,8.298582136844));
#2270 = CARTESIAN_POINT('',(14.105168525688,-4.3,7.937931561156));
#2271 = CARTESIAN_POINT('',(13.15084375,-4.3,7.224353125));
#2272 = PCURVE('',#1352,#2273);
#2273 = DEFINITIONAL_REPRESENTATION('',(#2274),#2279);
#2274 = B_SPLINE_CURVE_WITH_KNOTS('',3,(#2275,#2276,#2277,#2278),
  .UNSPECIFIED.,.F.,.F.,(4,4),(0.,1.),.PIECEWISE_BEZIER_KNOTS.);
#2275 = CARTESIAN_POINT('',(8.832585879933,-1.246399182604));
#2276 = CARTESIAN_POINT('',(8.731668016777,-2.420169385541));
#2277 = CARTESIAN_POINT('',(8.37101744109,-3.592486906916));
#2278 = CARTESIAN_POINT('',(7.657439004933,-4.546811682604));
#2279 = ( GEOMETRIC_REPRESENTATION_CONTEXT(2) 
PARAMETRIC_REPRESENTATION_CONTEXT() REPRESENTATION_CONTEXT('2D SPACE',''
  ) );
#2280 = PCURVE('',#2281,#2289);
#2281 = SURFACE_OF_LINEAR_EXTRUSION('',#2282,#2287);
#2282 = B_SPLINE_CURVE_WITH_KNOTS('',3,(#2283,#2284,#2285,#2286),
  .UNSPECIFIED.,.F.,.F.,(4,4),(0.,1.),.PIECEWISE_BEZIER_KNOTS.);
#2283 = CARTESIAN_POINT('',(16.45125625,-4.5,8.3995));
#2284 = CARTESIAN_POINT('',(15.277486047063,-4.5,8.298582136844));
#2285 = CARTESIAN_POINT('',(14.105168525688,-4.5,7.937931561156));
#2286 = CARTESIAN_POINT('',(13.15084375,-4.5,7.224353125));
#2287 = VECTOR('',#2288,1.);
#2288 = DIRECTION('',(0.,-1.,-2.230669073875E-16));
#2289 = DEFINITIONAL_REPRESENTATION('',(#2290),#2294);
#2290 = LINE('',#2291,#2292);
#2291 = CARTESIAN_POINT('',(0.,-0.2));
#2292 = VECTOR('',#2293,1.);
#2293 = DIRECTION('',(1.,0.));
#2294 = ( GEOMETRIC_REPRESENTATION_CONTEXT(2) 
PARAMETRIC_REPRESENTATION_CONTEXT() REPRESENTATION_CONTEXT('2D SPACE',''
  ) );
#2295 = ORIENTED_EDGE('',*,*,#1336,.F.);
#2296 = ORIENTED_EDGE('',*,*,#2297,.F.);
#2297 = EDGE_CURVE('',#2298,#1337,#2300,.T.);
#2298 = VERTEX_POINT('',#2299);
#2299 = CARTESIAN_POINT('',(23.927190625,-4.3,4.424003125));
#2300 = SURFACE_CURVE('',#2301,(#2306,#2314),.PCURVE_S1.);
#2301 = B_SPLINE_CURVE_WITH_KNOTS('',3,(#2302,#2303,#2304,#2305),
  .UNSPECIFIED.,.F.,.F.,(4,4),(0.,1.),.PIECEWISE_BEZIER_KNOTS.);
#2302 = CARTESIAN_POINT('',(23.927190625,-4.3,4.424003125));
#2303 = CARTESIAN_POINT('',(23.1901425055,-4.3,6.384418646313));
#2304 = CARTESIAN_POINT('',(21.299605467906,-4.3,7.717804548719));
#2305 = CARTESIAN_POINT('',(19.3016125,-4.3,8.14946875));
#2306 = PCURVE('',#1352,#2307);
#2307 = DEFINITIONAL_REPRESENTATION('',(#2308),#2313);
#2308 = B_SPLINE_CURVE_WITH_KNOTS('',3,(#2309,#2310,#2311,#2312),
  .UNSPECIFIED.,.F.,.F.,(4,4),(0.,1.),.PIECEWISE_BEZIER_KNOTS.);
#2309 = CARTESIAN_POINT('',(4.857089004933,6.229535192396));
#2310 = CARTESIAN_POINT('',(6.817504526246,5.492487072896));
#2311 = CARTESIAN_POINT('',(8.150890428652,3.601950035302));
#2312 = CARTESIAN_POINT('',(8.582554629933,1.603957067396));
#2313 = ( GEOMETRIC_REPRESENTATION_CONTEXT(2) 
PARAMETRIC_REPRESENTATION_CONTEXT() REPRESENTATION_CONTEXT('2D SPACE',''
  ) );
#2314 = PCURVE('',#2242,#2315);
#2315 = DEFINITIONAL_REPRESENTATION('',(#2316),#2320);
#2316 = LINE('',#2317,#2318);
#2317 = CARTESIAN_POINT('',(0.,-0.2));
#2318 = VECTOR('',#2319,1.);
#2319 = DIRECTION('',(1.,0.));
#2320 = ( GEOMETRIC_REPRESENTATION_CONTEXT(2) 
PARAMETRIC_REPRESENTATION_CONTEXT() REPRESENTATION_CONTEXT('2D SPACE',''
  ) );
#2321 = ORIENTED_EDGE('',*,*,#2322,.F.);
#2322 = EDGE_CURVE('',#2323,#2298,#2325,.T.);
#2323 = VERTEX_POINT('',#2324);
#2324 = CARTESIAN_POINT('',(24.227228125,-4.3,2.723790625));
#2325 = SURFACE_CURVE('',#2326,(#2331,#2339),.PCURVE_S1.);
#2326 = B_SPLINE_CURVE_WITH_KNOTS('',3,(#2327,#2328,#2329,#2330),
  .UNSPECIFIED.,.F.,.F.,(4,4),(0.,1.),.PIECEWISE_BEZIER_KNOTS.);
#2327 = CARTESIAN_POINT('',(24.227228125,-4.3,2.723790625));
#2328 = CARTESIAN_POINT('',(24.145048103781,-4.3,3.293556836875));
#2329 = CARTESIAN_POINT('',(24.212367017594,-4.3,3.895764103375));
#2330 = CARTESIAN_POINT('',(23.927190625,-4.3,4.424003125));
#2331 = PCURVE('',#1352,#2332);
#2332 = DEFINITIONAL_REPRESENTATION('',(#2333),#2338);
#2333 = B_SPLINE_CURVE_WITH_KNOTS('',3,(#2334,#2335,#2336,#2337),
  .UNSPECIFIED.,.F.,.F.,(4,4),(0.,1.),.PIECEWISE_BEZIER_KNOTS.);
#2334 = CARTESIAN_POINT('',(3.156876504933,6.529572692396));
#2335 = CARTESIAN_POINT('',(3.726642716808,6.447392671177));
#2336 = CARTESIAN_POINT('',(4.328849983308,6.51471158499));
#2337 = CARTESIAN_POINT('',(4.857089004933,6.229535192396));
#2338 = ( GEOMETRIC_REPRESENTATION_CONTEXT(2) 
PARAMETRIC_REPRESENTATION_CONTEXT() REPRESENTATION_CONTEXT('2D SPACE',''
  ) );
#2339 = PCURVE('',#2340,#2348);
#2340 = SURFACE_OF_LINEAR_EXTRUSION('',#2341,#2346);
#2341 = B_SPLINE_CURVE_WITH_KNOTS('',3,(#2342,#2343,#2344,#2345),
  .UNSPECIFIED.,.F.,.F.,(4,4),(0.,1.),.PIECEWISE_BEZIER_KNOTS.);
#2342 = CARTESIAN_POINT('',(24.227228125,-4.5,2.723790625));
#2343 = CARTESIAN_POINT('',(24.145048103781,-4.5,3.293556836875));
#2344 = CARTESIAN_POINT('',(24.212367017594,-4.5,3.895764103375));
#2345 = CARTESIAN_POINT('',(23.927190625,-4.5,4.424003125));
#2346 = VECTOR('',#2347,1.);
#2347 = DIRECTION('',(0.,-1.,-2.230669073875E-16));
#2348 = DEFINITIONAL_REPRESENTATION('',(#2349),#2353);
#2349 = LINE('',#2350,#2351);
#2350 = CARTESIAN_POINT('',(0.,-0.2));
#2351 = VECTOR('',#2352,1.);
#2352 = DIRECTION('',(1.,0.));
#2353 = ( GEOMETRIC_REPRESENTATION_CONTEXT(2) 
PARAMETRIC_REPRESENTATION_CONTEXT() REPRESENTATION_CONTEXT('2D SPACE',''
  ) );
#2354 = ORIENTED_EDGE('',*,*,#2355,.F.);
#2355 = EDGE_CURVE('',#2356,#2323,#2358,.T.);
#2356 = VERTEX_POINT('',#2357);
#2357 = CARTESIAN_POINT('',(27.35261875,-4.3,-1.026678125));
#2358 = SURFACE_CURVE('',#2359,(#2364,#2372),.PCURVE_S1.);
#2359 = B_SPLINE_CURVE_WITH_KNOTS('',3,(#2360,#2361,#2362,#2363),
  .UNSPECIFIED.,.F.,.F.,(4,4),(0.,1.),.PIECEWISE_BEZIER_KNOTS.);
#2360 = CARTESIAN_POINT('',(27.35261875,-4.3,-1.026678125));
#2361 = CARTESIAN_POINT('',(26.120927807875,-4.3,4.618721640625E-02));
#2362 = CARTESIAN_POINT('',(25.066708546938,-4.3,1.326986546313));
#2363 = CARTESIAN_POINT('',(24.227228125,-4.3,2.723790625));
#2364 = PCURVE('',#1352,#2365);
#2365 = DEFINITIONAL_REPRESENTATION('',(#2366),#2371);
#2366 = B_SPLINE_CURVE_WITH_KNOTS('',3,(#2367,#2368,#2369,#2370),
  .UNSPECIFIED.,.F.,.F.,(4,4),(0.,1.),.PIECEWISE_BEZIER_KNOTS.);
#2367 = CARTESIAN_POINT('',(-0.593592245067,9.654963317396));
#2368 = CARTESIAN_POINT('',(0.47927309634,8.423272375271));
#2369 = CARTESIAN_POINT('',(1.760072426246,7.369053114334));
#2370 = CARTESIAN_POINT('',(3.156876504933,6.529572692396));
#2371 = ( GEOMETRIC_REPRESENTATION_CONTEXT(2) 
PARAMETRIC_REPRESENTATION_CONTEXT() REPRESENTATION_CONTEXT('2D SPACE',''
  ) );
#2372 = PCURVE('',#2373,#2381);
#2373 = SURFACE_OF_LINEAR_EXTRUSION('',#2374,#2379);
#2374 = B_SPLINE_CURVE_WITH_KNOTS('',3,(#2375,#2376,#2377,#2378),
  .UNSPECIFIED.,.F.,.F.,(4,4),(0.,1.),.PIECEWISE_BEZIER_KNOTS.);
#2375 = CARTESIAN_POINT('',(27.35261875,-4.5,-1.026678125));
#2376 = CARTESIAN_POINT('',(26.120927807875,-4.5,4.618721640625E-02));
#2377 = CARTESIAN_POINT('',(25.066708546938,-4.5,1.326986546313));
#2378 = CARTESIAN_POINT('',(24.227228125,-4.5,2.723790625));
#2379 = VECTOR('',#2380,1.);
#2380 = DIRECTION('',(0.,-1.,-2.230669073875E-16));
#2381 = DEFINITIONAL_REPRESENTATION('',(#2382),#2386);
#2382 = LINE('',#2383,#2384);
#2383 = CARTESIAN_POINT('',(0.,-0.2));
#2384 = VECTOR('',#2385,1.);
#2385 = DIRECTION('',(1.,0.));
#2386 = ( GEOMETRIC_REPRESENTATION_CONTEXT(2) 
PARAMETRIC_REPRESENTATION_CONTEXT() REPRESENTATION_CONTEXT('2D SPACE',''
  ) );
#2387 = ORIENTED_EDGE('',*,*,#2388,.F.);
#2388 = EDGE_CURVE('',#2389,#2356,#2391,.T.);
#2389 = VERTEX_POINT('',#2390);
#2390 = CARTESIAN_POINT('',(29.002825,-4.3,-3.75201875));
#2391 = SURFACE_CURVE('',#2392,(#2397,#2405),.PCURVE_S1.);
#2392 = B_SPLINE_CURVE_WITH_KNOTS('',3,(#2393,#2394,#2395,#2396),
  .UNSPECIFIED.,.F.,.F.,(4,4),(0.,1.),.PIECEWISE_BEZIER_KNOTS.);
#2393 = CARTESIAN_POINT('',(29.002825,-4.3,-3.75201875));
#2394 = CARTESIAN_POINT('',(28.971438827219,-4.3,-2.623796739875));
#2395 = CARTESIAN_POINT('',(28.213783382125,-4.3,-1.686463587875));
#2396 = CARTESIAN_POINT('',(27.35261875,-4.3,-1.026678125));
#2397 = PCURVE('',#1352,#2398);
#2398 = DEFINITIONAL_REPRESENTATION('',(#2399),#2404);
#2399 = B_SPLINE_CURVE_WITH_KNOTS('',3,(#2400,#2401,#2402,#2403),
  .UNSPECIFIED.,.F.,.F.,(4,4),(0.,1.),.PIECEWISE_BEZIER_KNOTS.);
#2400 = CARTESIAN_POINT('',(-3.318932870067,11.305169567396));
#2401 = CARTESIAN_POINT('',(-2.190710859942,11.273783394615));
#2402 = CARTESIAN_POINT('',(-1.253377707942,10.516127949521));
#2403 = CARTESIAN_POINT('',(-0.593592245067,9.654963317396));
#2404 = ( GEOMETRIC_REPRESENTATION_CONTEXT(2) 
PARAMETRIC_REPRESENTATION_CONTEXT() REPRESENTATION_CONTEXT('2D SPACE',''
  ) );
#2405 = PCURVE('',#2406,#2414);
#2406 = SURFACE_OF_LINEAR_EXTRUSION('',#2407,#2412);
#2407 = B_SPLINE_CURVE_WITH_KNOTS('',3,(#2408,#2409,#2410,#2411),
  .UNSPECIFIED.,.F.,.F.,(4,4),(0.,1.),.PIECEWISE_BEZIER_KNOTS.);
#2408 = CARTESIAN_POINT('',(29.002825,-4.5,-3.75201875));
#2409 = CARTESIAN_POINT('',(28.971438827219,-4.5,-2.623796739875));
#2410 = CARTESIAN_POINT('',(28.213783382125,-4.5,-1.686463587875));
#2411 = CARTESIAN_POINT('',(27.35261875,-4.5,-1.026678125));
#2412 = VECTOR('',#2413,1.);
#2413 = DIRECTION('',(0.,-1.,-2.230669073875E-16));
#2414 = DEFINITIONAL_REPRESENTATION('',(#2415),#2419);
#2415 = LINE('',#2416,#2417);
#2416 = CARTESIAN_POINT('',(0.,-0.2));
#2417 = VECTOR('',#2418,1.);
#2418 = DIRECTION('',(1.,0.));
#2419 = ( GEOMETRIC_REPRESENTATION_CONTEXT(2) 
PARAMETRIC_REPRESENTATION_CONTEXT() REPRESENTATION_CONTEXT('2D SPACE',''
  ) );
#2420 = ORIENTED_EDGE('',*,*,#2421,.F.);
#2421 = EDGE_CURVE('',#2422,#2389,#2424,.T.);
#2422 = VERTEX_POINT('',#2423);
#2423 = CARTESIAN_POINT('',(27.65265625,-4.3,-4.202075));
#2424 = SURFACE_CURVE('',#2425,(#2430,#2438),.PCURVE_S1.);
#2425 = B_SPLINE_CURVE_WITH_KNOTS('',3,(#2426,#2427,#2428,#2429),
  .UNSPECIFIED.,.F.,.F.,(4,4),(0.,1.),.PIECEWISE_BEZIER_KNOTS.);
#2426 = CARTESIAN_POINT('',(27.65265625,-4.3,-4.202075));
#2427 = CARTESIAN_POINT('',(28.183256066688,-4.3,-4.589834713906));
#2428 = CARTESIAN_POINT('',(29.119320810156,-4.3,-4.677269391875));
#2429 = CARTESIAN_POINT('',(29.002825,-4.3,-3.75201875));
#2430 = PCURVE('',#1352,#2431);
#2431 = DEFINITIONAL_REPRESENTATION('',(#2432),#2437);
#2432 = B_SPLINE_CURVE_WITH_KNOTS('',3,(#2433,#2434,#2435,#2436),
  .UNSPECIFIED.,.F.,.F.,(4,4),(0.,1.),.PIECEWISE_BEZIER_KNOTS.);
#2433 = CARTESIAN_POINT('',(-3.768989120067,9.955000817396));
#2434 = CARTESIAN_POINT('',(-4.156748833973,10.485600634084));
#2435 = CARTESIAN_POINT('',(-4.244183511942,11.421665377552));
#2436 = CARTESIAN_POINT('',(-3.318932870067,11.305169567396));
#2437 = ( GEOMETRIC_REPRESENTATION_CONTEXT(2) 
PARAMETRIC_REPRESENTATION_CONTEXT() REPRESENTATION_CONTEXT('2D SPACE',''
  ) );
#2438 = PCURVE('',#2439,#2447);
#2439 = SURFACE_OF_LINEAR_EXTRUSION('',#2440,#2445);
#2440 = B_SPLINE_CURVE_WITH_KNOTS('',3,(#2441,#2442,#2443,#2444),
  .UNSPECIFIED.,.F.,.F.,(4,4),(0.,1.),.PIECEWISE_BEZIER_KNOTS.);
#2441 = CARTESIAN_POINT('',(27.65265625,-4.5,-4.202075));
#2442 = CARTESIAN_POINT('',(28.183256066688,-4.5,-4.589834713906));
#2443 = CARTESIAN_POINT('',(29.119320810156,-4.5,-4.677269391875));
#2444 = CARTESIAN_POINT('',(29.002825,-4.5,-3.75201875));
#2445 = VECTOR('',#2446,1.);
#2446 = DIRECTION('',(0.,-1.,-2.230669073875E-16));
#2447 = DEFINITIONAL_REPRESENTATION('',(#2448),#2452);
#2448 = LINE('',#2449,#2450);
#2449 = CARTESIAN_POINT('',(0.,-0.2));
#2450 = VECTOR('',#2451,1.);
#2451 = DIRECTION('',(1.,0.));
#2452 = ( GEOMETRIC_REPRESENTATION_CONTEXT(2) 
PARAMETRIC_REPRESENTATION_CONTEXT() REPRESENTATION_CONTEXT('2D SPACE',''
  ) );
#2453 = ORIENTED_EDGE('',*,*,#2454,.F.);
#2454 = EDGE_CURVE('',#2455,#2422,#2457,.T.);
#2455 = VERTEX_POINT('',#2456);
#2456 = CARTESIAN_POINT('',(24.45225625,-4.3,-3.627003125));
#2457 = SURFACE_CURVE('',#2458,(#2463,#2471),.PCURVE_S1.);
#2458 = B_SPLINE_CURVE_WITH_KNOTS('',3,(#2459,#2460,#2461,#2462),
  .UNSPECIFIED.,.F.,.F.,(4,4),(0.,1.),.PIECEWISE_BEZIER_KNOTS.);
#2459 = CARTESIAN_POINT('',(24.45225625,-4.3,-3.627003125));
#2460 = CARTESIAN_POINT('',(25.526470760031,-4.3,-3.75846555575));
#2461 = CARTESIAN_POINT('',(26.592389483219,-4.3,-3.957313908687));
#2462 = CARTESIAN_POINT('',(27.65265625,-4.3,-4.202075));
#2463 = PCURVE('',#1352,#2464);
#2464 = DEFINITIONAL_REPRESENTATION('',(#2465),#2470);
#2465 = B_SPLINE_CURVE_WITH_KNOTS('',3,(#2466,#2467,#2468,#2469),
  .UNSPECIFIED.,.F.,.F.,(4,4),(0.,1.),.PIECEWISE_BEZIER_KNOTS.);
#2466 = CARTESIAN_POINT('',(-3.193917245067,6.754600817396));
#2467 = CARTESIAN_POINT('',(-3.325379675817,7.828815327427));
#2468 = CARTESIAN_POINT('',(-3.524228028754,8.894734050615));
#2469 = CARTESIAN_POINT('',(-3.768989120067,9.955000817396));
#2470 = ( GEOMETRIC_REPRESENTATION_CONTEXT(2) 
PARAMETRIC_REPRESENTATION_CONTEXT() REPRESENTATION_CONTEXT('2D SPACE',''
  ) );
#2471 = PCURVE('',#2472,#2480);
#2472 = SURFACE_OF_LINEAR_EXTRUSION('',#2473,#2478);
#2473 = B_SPLINE_CURVE_WITH_KNOTS('',3,(#2474,#2475,#2476,#2477),
  .UNSPECIFIED.,.F.,.F.,(4,4),(0.,1.),.PIECEWISE_BEZIER_KNOTS.);
#2474 = CARTESIAN_POINT('',(24.45225625,-4.5,-3.627003125));
#2475 = CARTESIAN_POINT('',(25.526470760031,-4.5,-3.75846555575));
#2476 = CARTESIAN_POINT('',(26.592389483219,-4.5,-3.957313908687));
#2477 = CARTESIAN_POINT('',(27.65265625,-4.5,-4.202075));
#2478 = VECTOR('',#2479,1.);
#2479 = DIRECTION('',(0.,-1.,-2.230669073875E-16));
#2480 = DEFINITIONAL_REPRESENTATION('',(#2481),#2485);
#2481 = LINE('',#2482,#2483);
#2482 = CARTESIAN_POINT('',(0.,-0.2));
#2483 = VECTOR('',#2484,1.);
#2484 = DIRECTION('',(1.,0.));
#2485 = ( GEOMETRIC_REPRESENTATION_CONTEXT(2) 
PARAMETRIC_REPRESENTATION_CONTEXT() REPRESENTATION_CONTEXT('2D SPACE',''
  ) );
#2486 = ORIENTED_EDGE('',*,*,#2487,.F.);
#2487 = EDGE_CURVE('',#2488,#2455,#2490,.T.);
#2488 = VERTEX_POINT('',#2489);
#2489 = CARTESIAN_POINT('',(19.75166875,-4.3,-3.426978125));
#2490 = SURFACE_CURVE('',#2491,(#2496,#2504),.PCURVE_S1.);
#2491 = B_SPLINE_CURVE_WITH_KNOTS('',3,(#2492,#2493,#2494,#2495),
  .UNSPECIFIED.,.F.,.F.,(4,4),(0.,1.),.PIECEWISE_BEZIER_KNOTS.);
#2492 = CARTESIAN_POINT('',(19.75166875,-4.3,-3.426978125));
#2493 = CARTESIAN_POINT('',(21.320267050281,-4.3,-3.317612956063));
#2494 = CARTESIAN_POINT('',(22.906846597938,-4.3,-3.395422931094));
#2495 = CARTESIAN_POINT('',(24.45225625,-4.3,-3.627003125));
#2496 = PCURVE('',#1352,#2497);
#2497 = DEFINITIONAL_REPRESENTATION('',(#2498),#2503);
#2498 = B_SPLINE_CURVE_WITH_KNOTS('',3,(#2499,#2500,#2501,#2502),
  .UNSPECIFIED.,.F.,.F.,(4,4),(0.,1.),.PIECEWISE_BEZIER_KNOTS.);
#2499 = CARTESIAN_POINT('',(-2.993892245067,2.054013317396));
#2500 = CARTESIAN_POINT('',(-2.884527076129,3.622611617677));
#2501 = CARTESIAN_POINT('',(-2.96233705116,5.209191165334));
#2502 = CARTESIAN_POINT('',(-3.193917245067,6.754600817396));
#2503 = ( GEOMETRIC_REPRESENTATION_CONTEXT(2) 
PARAMETRIC_REPRESENTATION_CONTEXT() REPRESENTATION_CONTEXT('2D SPACE',''
  ) );
#2504 = PCURVE('',#2505,#2513);
#2505 = SURFACE_OF_LINEAR_EXTRUSION('',#2506,#2511);
#2506 = B_SPLINE_CURVE_WITH_KNOTS('',3,(#2507,#2508,#2509,#2510),
  .UNSPECIFIED.,.F.,.F.,(4,4),(0.,1.),.PIECEWISE_BEZIER_KNOTS.);
#2507 = CARTESIAN_POINT('',(19.75166875,-4.5,-3.426978125));
#2508 = CARTESIAN_POINT('',(21.320267050281,-4.5,-3.317612956063));
#2509 = CARTESIAN_POINT('',(22.906846597938,-4.5,-3.395422931094));
#2510 = CARTESIAN_POINT('',(24.45225625,-4.5,-3.627003125));
#2511 = VECTOR('',#2512,1.);
#2512 = DIRECTION('',(0.,-1.,-2.230669073875E-16));
#2513 = DEFINITIONAL_REPRESENTATION('',(#2514),#2518);
#2514 = LINE('',#2515,#2516);
#2515 = CARTESIAN_POINT('',(0.,-0.2));
#2516 = VECTOR('',#2517,1.);
#2517 = DIRECTION('',(1.,0.));
#2518 = ( GEOMETRIC_REPRESENTATION_CONTEXT(2) 
PARAMETRIC_REPRESENTATION_CONTEXT() REPRESENTATION_CONTEXT('2D SPACE',''
  ) );
#2519 = ORIENTED_EDGE('',*,*,#2520,.F.);
#2520 = EDGE_CURVE('',#2521,#2488,#2523,.T.);
#2521 = VERTEX_POINT('',#2522);
#2522 = CARTESIAN_POINT('',(17.9014375,-4.3,-3.827028125));
#2523 = SURFACE_CURVE('',#2524,(#2529,#2537),.PCURVE_S1.);
#2524 = B_SPLINE_CURVE_WITH_KNOTS('',3,(#2525,#2526,#2527,#2528),
  .UNSPECIFIED.,.F.,.F.,(4,4),(0.,1.),.PIECEWISE_BEZIER_KNOTS.);
#2525 = CARTESIAN_POINT('',(17.9014375,-4.3,-3.827028125));
#2526 = CARTESIAN_POINT('',(18.358799163062,-4.3,-3.400754097406));
#2527 = CARTESIAN_POINT('',(19.150236080313,-4.3,-3.550552069813));
#2528 = CARTESIAN_POINT('',(19.75166875,-4.3,-3.426978125));
#2529 = PCURVE('',#1352,#2530);
#2530 = DEFINITIONAL_REPRESENTATION('',(#2531),#2536);
#2531 = B_SPLINE_CURVE_WITH_KNOTS('',3,(#2532,#2533,#2534,#2535),
  .UNSPECIFIED.,.F.,.F.,(4,4),(0.,1.),.PIECEWISE_BEZIER_KNOTS.);
#2532 = CARTESIAN_POINT('',(-3.393942245067,0.203782067396));
#2533 = CARTESIAN_POINT('',(-2.967668217473,0.661143730459));
#2534 = CARTESIAN_POINT('',(-3.117466189879,1.452580647709));
#2535 = CARTESIAN_POINT('',(-2.993892245067,2.054013317396));
#2536 = ( GEOMETRIC_REPRESENTATION_CONTEXT(2) 
PARAMETRIC_REPRESENTATION_CONTEXT() REPRESENTATION_CONTEXT('2D SPACE',''
  ) );
#2537 = PCURVE('',#2538,#2546);
#2538 = SURFACE_OF_LINEAR_EXTRUSION('',#2539,#2544);
#2539 = B_SPLINE_CURVE_WITH_KNOTS('',3,(#2540,#2541,#2542,#2543),
  .UNSPECIFIED.,.F.,.F.,(4,4),(0.,1.),.PIECEWISE_BEZIER_KNOTS.);
#2540 = CARTESIAN_POINT('',(17.9014375,-4.5,-3.827028125));
#2541 = CARTESIAN_POINT('',(18.358799163062,-4.5,-3.400754097406));
#2542 = CARTESIAN_POINT('',(19.150236080313,-4.5,-3.550552069812));
#2543 = CARTESIAN_POINT('',(19.75166875,-4.5,-3.426978125));
#2544 = VECTOR('',#2545,1.);
#2545 = DIRECTION('',(0.,-1.,-2.230669073875E-16));
#2546 = DEFINITIONAL_REPRESENTATION('',(#2547),#2551);
#2547 = LINE('',#2548,#2549);
#2548 = CARTESIAN_POINT('',(0.,-0.2));
#2549 = VECTOR('',#2550,1.);
#2550 = DIRECTION('',(1.,0.));
#2551 = ( GEOMETRIC_REPRESENTATION_CONTEXT(2) 
PARAMETRIC_REPRESENTATION_CONTEXT() REPRESENTATION_CONTEXT('2D SPACE',''
  ) );
#2552 = ORIENTED_EDGE('',*,*,#2553,.F.);
#2553 = EDGE_CURVE('',#2554,#2521,#2556,.T.);
#2554 = VERTEX_POINT('',#2555);
#2555 = CARTESIAN_POINT('',(18.726540625,-4.3,-6.927415625));
#2556 = SURFACE_CURVE('',#2557,(#2562,#2570),.PCURVE_S1.);
#2557 = B_SPLINE_CURVE_WITH_KNOTS('',3,(#2558,#2559,#2560,#2561),
  .UNSPECIFIED.,.F.,.F.,(4,4),(0.,1.),.PIECEWISE_BEZIER_KNOTS.);
#2558 = CARTESIAN_POINT('',(18.726540625,-4.3,-6.927415625));
#2559 = CARTESIAN_POINT('',(18.184726656719,-4.3,-6.003828191));
#2560 = CARTESIAN_POINT('',(17.688526389438,-4.3,-4.918868838031));
#2561 = CARTESIAN_POINT('',(17.9014375,-4.3,-3.827028125));
#2562 = PCURVE('',#1352,#2563);
#2563 = DEFINITIONAL_REPRESENTATION('',(#2564),#2569);
#2564 = B_SPLINE_CURVE_WITH_KNOTS('',3,(#2565,#2566,#2567,#2568),
  .UNSPECIFIED.,.F.,.F.,(4,4),(0.,1.),.PIECEWISE_BEZIER_KNOTS.);
#2565 = CARTESIAN_POINT('',(-6.494329745067,1.028885192396));
#2566 = CARTESIAN_POINT('',(-5.570742311067,0.487071224115));
#2567 = CARTESIAN_POINT('',(-4.485782958098,-9.129043166478E-03));
#2568 = CARTESIAN_POINT('',(-3.393942245067,0.203782067396));
#2569 = ( GEOMETRIC_REPRESENTATION_CONTEXT(2) 
PARAMETRIC_REPRESENTATION_CONTEXT() REPRESENTATION_CONTEXT('2D SPACE',''
  ) );
#2570 = PCURVE('',#2571,#2579);
#2571 = SURFACE_OF_LINEAR_EXTRUSION('',#2572,#2577);
#2572 = B_SPLINE_CURVE_WITH_KNOTS('',3,(#2573,#2574,#2575,#2576),
  .UNSPECIFIED.,.F.,.F.,(4,4),(0.,1.),.PIECEWISE_BEZIER_KNOTS.);
#2573 = CARTESIAN_POINT('',(18.726540625,-4.5,-6.927415625));
#2574 = CARTESIAN_POINT('',(18.184726656719,-4.5,-6.003828191));
#2575 = CARTESIAN_POINT('',(17.688526389438,-4.5,-4.918868838031));
#2576 = CARTESIAN_POINT('',(17.9014375,-4.5,-3.827028125));
#2577 = VECTOR('',#2578,1.);
#2578 = DIRECTION('',(0.,-1.,-2.230669073875E-16));
#2579 = DEFINITIONAL_REPRESENTATION('',(#2580),#2584);
#2580 = LINE('',#2581,#2582);
#2581 = CARTESIAN_POINT('',(0.,-0.2));
#2582 = VECTOR('',#2583,1.);
#2583 = DIRECTION('',(1.,0.));
#2584 = ( GEOMETRIC_REPRESENTATION_CONTEXT(2) 
PARAMETRIC_REPRESENTATION_CONTEXT() REPRESENTATION_CONTEXT('2D SPACE',''
  ) );
#2585 = ORIENTED_EDGE('',*,*,#2586,.F.);
#2586 = EDGE_CURVE('',#1923,#2554,#2587,.T.);
#2587 = SURFACE_CURVE('',#2588,(#2593,#2601),.PCURVE_S1.);
#2588 = B_SPLINE_CURVE_WITH_KNOTS('',3,(#2589,#2590,#2591,#2592),
  .UNSPECIFIED.,.F.,.F.,(4,4),(0.,1.),.PIECEWISE_BEZIER_KNOTS.);
#2589 = CARTESIAN_POINT('',(20.526765625,-4.3,-9.7027625));
#2590 = CARTESIAN_POINT('',(20.008858144656,-4.3,-8.731113559063));
#2591 = CARTESIAN_POINT('',(19.365335464375,-4.3,-7.827866667313));
#2592 = CARTESIAN_POINT('',(18.726540625,-4.3,-6.927415625));
#2593 = PCURVE('',#1352,#2594);
#2594 = DEFINITIONAL_REPRESENTATION('',(#2595),#2600);
#2595 = B_SPLINE_CURVE_WITH_KNOTS('',3,(#2596,#2597,#2598,#2599),
  .UNSPECIFIED.,.F.,.F.,(4,4),(0.,1.),.PIECEWISE_BEZIER_KNOTS.);
#2596 = CARTESIAN_POINT('',(-9.269676620067,2.829110192396));
#2597 = CARTESIAN_POINT('',(-8.298027679129,2.311202712052));
#2598 = CARTESIAN_POINT('',(-7.394780787379,1.667680031771));
#2599 = CARTESIAN_POINT('',(-6.494329745067,1.028885192396));
#2600 = ( GEOMETRIC_REPRESENTATION_CONTEXT(2) 
PARAMETRIC_REPRESENTATION_CONTEXT() REPRESENTATION_CONTEXT('2D SPACE',''
  ) );
#2601 = PCURVE('',#2602,#2610);
#2602 = SURFACE_OF_LINEAR_EXTRUSION('',#2603,#2608);
#2603 = B_SPLINE_CURVE_WITH_KNOTS('',3,(#2604,#2605,#2606,#2607),
  .UNSPECIFIED.,.F.,.F.,(4,4),(0.,1.),.PIECEWISE_BEZIER_KNOTS.);
#2604 = CARTESIAN_POINT('',(20.526765625,-4.5,-9.7027625));
#2605 = CARTESIAN_POINT('',(20.008858144656,-4.5,-8.731113559063));
#2606 = CARTESIAN_POINT('',(19.365335464375,-4.5,-7.827866667313));
#2607 = CARTESIAN_POINT('',(18.726540625,-4.5,-6.927415625));
#2608 = VECTOR('',#2609,1.);
#2609 = DIRECTION('',(0.,-1.,-2.230669073875E-16));
#2610 = DEFINITIONAL_REPRESENTATION('',(#2611),#2615);
#2611 = LINE('',#2612,#2613);
#2612 = CARTESIAN_POINT('',(0.,-0.2));
#2613 = VECTOR('',#2614,1.);
#2614 = DIRECTION('',(1.,0.));
#2615 = ( GEOMETRIC_REPRESENTATION_CONTEXT(2) 
PARAMETRIC_REPRESENTATION_CONTEXT() REPRESENTATION_CONTEXT('2D SPACE',''
  ) );
#2616 = ORIENTED_EDGE('',*,*,#1922,.F.);
#2617 = ORIENTED_EDGE('',*,*,#2618,.F.);
#2618 = EDGE_CURVE('',#2619,#1895,#2621,.T.);
#2619 = VERTEX_POINT('',#2620);
#2620 = CARTESIAN_POINT('',(9.425378125,-4.3,-4.35209375));
#2621 = SURFACE_CURVE('',#2622,(#2627,#2635),.PCURVE_S1.);
#2622 = B_SPLINE_CURVE_WITH_KNOTS('',3,(#2623,#2624,#2625,#2626),
  .UNSPECIFIED.,.F.,.F.,(4,4),(0.,1.),.PIECEWISE_BEZIER_KNOTS.);
#2623 = CARTESIAN_POINT('',(9.425378125,-4.3,-4.35209375));
#2624 = CARTESIAN_POINT('',(9.704540765969,-4.3,-5.691929958594));
#2625 = CARTESIAN_POINT('',(10.048471751969,-4.3,-7.031690907781));
#2626 = CARTESIAN_POINT('',(10.675534375,-4.3,-8.25258125));
#2627 = PCURVE('',#1352,#2628);
#2628 = DEFINITIONAL_REPRESENTATION('',(#2629),#2634);
#2629 = B_SPLINE_CURVE_WITH_KNOTS('',3,(#2630,#2631,#2632,#2633),
  .UNSPECIFIED.,.F.,.F.,(4,4),(0.,1.),.PIECEWISE_BEZIER_KNOTS.);
#2630 = CARTESIAN_POINT('',(-3.919007870067,-8.272277307604));
#2631 = CARTESIAN_POINT('',(-5.25884407866,-7.993114666635));
#2632 = CARTESIAN_POINT('',(-6.598605027848,-7.649183680635));
#2633 = CARTESIAN_POINT('',(-7.819495370067,-7.022121057604));
#2634 = ( GEOMETRIC_REPRESENTATION_CONTEXT(2) 
PARAMETRIC_REPRESENTATION_CONTEXT() REPRESENTATION_CONTEXT('2D SPACE',''
  ) );
#2635 = PCURVE('',#2636,#2644);
#2636 = SURFACE_OF_LINEAR_EXTRUSION('',#2637,#2642);
#2637 = B_SPLINE_CURVE_WITH_KNOTS('',3,(#2638,#2639,#2640,#2641),
  .UNSPECIFIED.,.F.,.F.,(4,4),(0.,1.),.PIECEWISE_BEZIER_KNOTS.);
#2638 = CARTESIAN_POINT('',(9.425378125,-4.5,-4.35209375));
#2639 = CARTESIAN_POINT('',(9.704540765969,-4.5,-5.691929958594));
#2640 = CARTESIAN_POINT('',(10.048471751969,-4.5,-7.031690907781));
#2641 = CARTESIAN_POINT('',(10.675534375,-4.5,-8.25258125));
#2642 = VECTOR('',#2643,1.);
#2643 = DIRECTION('',(0.,-1.,-2.230669073875E-16));
#2644 = DEFINITIONAL_REPRESENTATION('',(#2645),#2649);
#2645 = LINE('',#2646,#2647);
#2646 = CARTESIAN_POINT('',(0.,-0.2));
#2647 = VECTOR('',#2648,1.);
#2648 = DIRECTION('',(1.,0.));
#2649 = ( GEOMETRIC_REPRESENTATION_CONTEXT(2) 
PARAMETRIC_REPRESENTATION_CONTEXT() REPRESENTATION_CONTEXT('2D SPACE',''
  ) );
#2650 = ORIENTED_EDGE('',*,*,#2651,.F.);
#2651 = EDGE_CURVE('',#2652,#2619,#2654,.T.);
#2652 = VERTEX_POINT('',#2653);
#2653 = CARTESIAN_POINT('',(9.35036875,-4.3,1.24860625));
#2654 = SURFACE_CURVE('',#2655,(#2660,#2668),.PCURVE_S1.);
#2655 = B_SPLINE_CURVE_WITH_KNOTS('',3,(#2656,#2657,#2658,#2659),
  .UNSPECIFIED.,.F.,.F.,(4,4),(0.,1.),.PIECEWISE_BEZIER_KNOTS.);
#2656 = CARTESIAN_POINT('',(9.35036875,-4.3,1.24860625));
#2657 = CARTESIAN_POINT('',(9.018440514156,-4.3,-0.593783269906));
#2658 = CARTESIAN_POINT('',(9.054682043781,-4.3,-2.519196166438));
#2659 = CARTESIAN_POINT('',(9.425378125,-4.3,-4.35209375));
#2660 = PCURVE('',#1352,#2661);
#2661 = DEFINITIONAL_REPRESENTATION('',(#2662),#2667);
#2662 = B_SPLINE_CURVE_WITH_KNOTS('',3,(#2663,#2664,#2665,#2666),
  .UNSPECIFIED.,.F.,.F.,(4,4),(0.,1.),.PIECEWISE_BEZIER_KNOTS.);
#2663 = CARTESIAN_POINT('',(1.681692129933,-8.347286682604));
#2664 = CARTESIAN_POINT('',(-0.160697389973,-8.679214918448));
#2665 = CARTESIAN_POINT('',(-2.086110286504,-8.642973388823));
#2666 = CARTESIAN_POINT('',(-3.919007870067,-8.272277307604));
#2667 = ( GEOMETRIC_REPRESENTATION_CONTEXT(2) 
PARAMETRIC_REPRESENTATION_CONTEXT() REPRESENTATION_CONTEXT('2D SPACE',''
  ) );
#2668 = PCURVE('',#2669,#2677);
#2669 = SURFACE_OF_LINEAR_EXTRUSION('',#2670,#2675);
#2670 = B_SPLINE_CURVE_WITH_KNOTS('',3,(#2671,#2672,#2673,#2674),
  .UNSPECIFIED.,.F.,.F.,(4,4),(0.,1.),.PIECEWISE_BEZIER_KNOTS.);
#2671 = CARTESIAN_POINT('',(9.35036875,-4.5,1.24860625));
#2672 = CARTESIAN_POINT('',(9.018440514156,-4.5,-0.593783269906));
#2673 = CARTESIAN_POINT('',(9.054682043781,-4.5,-2.519196166438));
#2674 = CARTESIAN_POINT('',(9.425378125,-4.5,-4.35209375));
#2675 = VECTOR('',#2676,1.);
#2676 = DIRECTION('',(0.,-1.,-2.230669073875E-16));
#2677 = DEFINITIONAL_REPRESENTATION('',(#2678),#2682);
#2678 = LINE('',#2679,#2680);
#2679 = CARTESIAN_POINT('',(0.,-0.2));
#2680 = VECTOR('',#2681,1.);
#2681 = DIRECTION('',(1.,0.));
#2682 = ( GEOMETRIC_REPRESENTATION_CONTEXT(2) 
PARAMETRIC_REPRESENTATION_CONTEXT() REPRESENTATION_CONTEXT('2D SPACE',''
  ) );
#2683 = ORIENTED_EDGE('',*,*,#2684,.F.);
#2684 = EDGE_CURVE('',#2264,#2652,#2685,.T.);
#2685 = SURFACE_CURVE('',#2686,(#2691,#2699),.PCURVE_S1.);
#2686 = B_SPLINE_CURVE_WITH_KNOTS('',3,(#2687,#2688,#2689,#2690),
  .UNSPECIFIED.,.F.,.F.,(4,4),(0.,1.),.PIECEWISE_BEZIER_KNOTS.);
#2687 = CARTESIAN_POINT('',(13.15084375,-4.3,7.224353125));
#2688 = CARTESIAN_POINT('',(11.105495613438,-4.3,5.884473160938));
#2689 = CARTESIAN_POINT('',(9.851776418125,-4.3,3.596843993031));
#2690 = CARTESIAN_POINT('',(9.35036875,-4.3,1.24860625));
#2691 = PCURVE('',#1352,#2692);
#2692 = DEFINITIONAL_REPRESENTATION('',(#2693),#2698);
#2693 = B_SPLINE_CURVE_WITH_KNOTS('',3,(#2694,#2695,#2696,#2697),
  .UNSPECIFIED.,.F.,.F.,(4,4),(0.,1.),.PIECEWISE_BEZIER_KNOTS.);
#2694 = CARTESIAN_POINT('',(7.657439004933,-4.546811682604));
#2695 = CARTESIAN_POINT('',(6.317559040871,-6.592159819166));
#2696 = CARTESIAN_POINT('',(4.029929872965,-7.845879014479));
#2697 = CARTESIAN_POINT('',(1.681692129933,-8.347286682604));
#2698 = ( GEOMETRIC_REPRESENTATION_CONTEXT(2) 
PARAMETRIC_REPRESENTATION_CONTEXT() REPRESENTATION_CONTEXT('2D SPACE',''
  ) );
#2699 = PCURVE('',#2700,#2708);
#2700 = SURFACE_OF_LINEAR_EXTRUSION('',#2701,#2706);
#2701 = B_SPLINE_CURVE_WITH_KNOTS('',3,(#2702,#2703,#2704,#2705),
  .UNSPECIFIED.,.F.,.F.,(4,4),(0.,1.),.PIECEWISE_BEZIER_KNOTS.);
#2702 = CARTESIAN_POINT('',(13.15084375,-4.5,7.224353125));
#2703 = CARTESIAN_POINT('',(11.105495613438,-4.5,5.884473160938));
#2704 = CARTESIAN_POINT('',(9.851776418125,-4.5,3.596843993031));
#2705 = CARTESIAN_POINT('',(9.35036875,-4.5,1.24860625));
#2706 = VECTOR('',#2707,1.);
#2707 = DIRECTION('',(0.,-1.,-2.230669073875E-16));
#2708 = DEFINITIONAL_REPRESENTATION('',(#2709),#2713);
#2709 = LINE('',#2710,#2711);
#2710 = CARTESIAN_POINT('',(0.,-0.2));
#2711 = VECTOR('',#2712,1.);
#2712 = DIRECTION('',(1.,0.));
#2713 = ( GEOMETRIC_REPRESENTATION_CONTEXT(2) 
PARAMETRIC_REPRESENTATION_CONTEXT() REPRESENTATION_CONTEXT('2D SPACE',''
  ) );
#2714 = FACE_BOUND('',#2715,.F.);
#2715 = EDGE_LOOP('',(#2716,#2751,#2784,#2817,#2850,#2883,#2916,#2949,
    #2982,#3015,#3048,#3081,#3114,#3147,#3180,#3213,#3246,#3279,#3312,
    #3345,#3378,#3411,#3444,#3477,#3510,#3543,#3576,#3609,#3642,#3675,
    #3708,#3741,#3774,#3807,#3840,#3873,#3906,#3939,#3972,#4005,#4038,
    #4071,#4104,#4137,#4170,#4203,#4236,#4269,#4302,#4335,#4368,#4401,
    #4434,#4467,#4500,#4533,#4566,#4599,#4632,#4665));
#2716 = ORIENTED_EDGE('',*,*,#2717,.F.);
#2717 = EDGE_CURVE('',#2718,#2720,#2722,.T.);
#2718 = VERTEX_POINT('',#2719);
#2719 = CARTESIAN_POINT('',(12.8008,-4.3,5.24910625));
#2720 = VERTEX_POINT('',#2721);
#2721 = CARTESIAN_POINT('',(12.675784375,-4.3,5.44913125));
#2722 = SURFACE_CURVE('',#2723,(#2728,#2736),.PCURVE_S1.);
#2723 = B_SPLINE_CURVE_WITH_KNOTS('',3,(#2724,#2725,#2726,#2727),
  .UNSPECIFIED.,.F.,.F.,(4,4),(0.,1.),.PIECEWISE_BEZIER_KNOTS.);
#2724 = CARTESIAN_POINT('',(12.8008,-4.3,5.24910625));
#2725 = CARTESIAN_POINT('',(12.7629832735,-4.3,5.317042490969));
#2726 = CARTESIAN_POINT('',(12.701382074313,-4.3,5.377336776813));
#2727 = CARTESIAN_POINT('',(12.675784375,-4.3,5.44913125));
#2728 = PCURVE('',#1352,#2729);
#2729 = DEFINITIONAL_REPRESENTATION('',(#2730),#2735);
#2730 = B_SPLINE_CURVE_WITH_KNOTS('',3,(#2731,#2732,#2733,#2734),
  .UNSPECIFIED.,.F.,.F.,(4,4),(0.,1.),.PIECEWISE_BEZIER_KNOTS.);
#2731 = CARTESIAN_POINT('',(5.682192129933,-4.896855432604));
#2732 = CARTESIAN_POINT('',(5.750128370902,-4.934672159104));
#2733 = CARTESIAN_POINT('',(5.810422656746,-4.996273358291));
#2734 = CARTESIAN_POINT('',(5.882217129933,-5.021871057604));
#2735 = ( GEOMETRIC_REPRESENTATION_CONTEXT(2) 
PARAMETRIC_REPRESENTATION_CONTEXT() REPRESENTATION_CONTEXT('2D SPACE',''
  ) );
#2736 = PCURVE('',#2737,#2745);
#2737 = SURFACE_OF_LINEAR_EXTRUSION('',#2738,#2743);
#2738 = B_SPLINE_CURVE_WITH_KNOTS('',3,(#2739,#2740,#2741,#2742),
  .UNSPECIFIED.,.F.,.F.,(4,4),(0.,1.),.PIECEWISE_BEZIER_KNOTS.);
#2739 = CARTESIAN_POINT('',(12.8008,-4.5,5.24910625));
#2740 = CARTESIAN_POINT('',(12.7629832735,-4.5,5.317042490969));
#2741 = CARTESIAN_POINT('',(12.701382074313,-4.5,5.377336776813));
#2742 = CARTESIAN_POINT('',(12.675784375,-4.5,5.44913125));
#2743 = VECTOR('',#2744,1.);
#2744 = DIRECTION('',(0.,-1.,-2.230669073875E-16));
#2745 = DEFINITIONAL_REPRESENTATION('',(#2746),#2750);
#2746 = LINE('',#2747,#2748);
#2747 = CARTESIAN_POINT('',(0.,-0.2));
#2748 = VECTOR('',#2749,1.);
#2749 = DIRECTION('',(1.,0.));
#2750 = ( GEOMETRIC_REPRESENTATION_CONTEXT(2) 
PARAMETRIC_REPRESENTATION_CONTEXT() REPRESENTATION_CONTEXT('2D SPACE',''
  ) );
#2751 = ORIENTED_EDGE('',*,*,#2752,.F.);
#2752 = EDGE_CURVE('',#2753,#2718,#2755,.T.);
#2753 = VERTEX_POINT('',#2754);
#2754 = CARTESIAN_POINT('',(13.1008375,-4.3,4.774046875));
#2755 = SURFACE_CURVE('',#2756,(#2761,#2769),.PCURVE_S1.);
#2756 = B_SPLINE_CURVE_WITH_KNOTS('',3,(#2757,#2758,#2759,#2760),
  .UNSPECIFIED.,.F.,.F.,(4,4),(0.,1.),.PIECEWISE_BEZIER_KNOTS.);
#2757 = CARTESIAN_POINT('',(13.1008375,-4.3,4.774046875));
#2758 = CARTESIAN_POINT('',(13.006778244063,-4.3,4.934865974875));
#2759 = CARTESIAN_POINT('',(12.90837144475,-4.3,5.093884099656));
#2760 = CARTESIAN_POINT('',(12.8008,-4.3,5.24910625));
#2761 = PCURVE('',#1352,#2762);
#2762 = DEFINITIONAL_REPRESENTATION('',(#2763),#2768);
#2763 = B_SPLINE_CURVE_WITH_KNOTS('',3,(#2764,#2765,#2766,#2767),
  .UNSPECIFIED.,.F.,.F.,(4,4),(0.,1.),.PIECEWISE_BEZIER_KNOTS.);
#2764 = CARTESIAN_POINT('',(5.207132754933,-4.596817932604));
#2765 = CARTESIAN_POINT('',(5.367951854808,-4.690877188541));
#2766 = CARTESIAN_POINT('',(5.52696997959,-4.789283987854));
#2767 = CARTESIAN_POINT('',(5.682192129933,-4.896855432604));
#2768 = ( GEOMETRIC_REPRESENTATION_CONTEXT(2) 
PARAMETRIC_REPRESENTATION_CONTEXT() REPRESENTATION_CONTEXT('2D SPACE',''
  ) );
#2769 = PCURVE('',#2770,#2778);
#2770 = SURFACE_OF_LINEAR_EXTRUSION('',#2771,#2776);
#2771 = B_SPLINE_CURVE_WITH_KNOTS('',3,(#2772,#2773,#2774,#2775),
  .UNSPECIFIED.,.F.,.F.,(4,4),(0.,1.),.PIECEWISE_BEZIER_KNOTS.);
#2772 = CARTESIAN_POINT('',(13.1008375,-4.5,4.774046875));
#2773 = CARTESIAN_POINT('',(13.006778244063,-4.5,4.934865974875));
#2774 = CARTESIAN_POINT('',(12.90837144475,-4.5,5.093884099656));
#2775 = CARTESIAN_POINT('',(12.8008,-4.5,5.24910625));
#2776 = VECTOR('',#2777,1.);
#2777 = DIRECTION('',(0.,-1.,-2.230669073875E-16));
#2778 = DEFINITIONAL_REPRESENTATION('',(#2779),#2783);
#2779 = LINE('',#2780,#2781);
#2780 = CARTESIAN_POINT('',(0.,-0.2));
#2781 = VECTOR('',#2782,1.);
#2782 = DIRECTION('',(1.,0.));
#2783 = ( GEOMETRIC_REPRESENTATION_CONTEXT(2) 
PARAMETRIC_REPRESENTATION_CONTEXT() REPRESENTATION_CONTEXT('2D SPACE',''
  ) );
#2784 = ORIENTED_EDGE('',*,*,#2785,.F.);
#2785 = EDGE_CURVE('',#2786,#2753,#2788,.T.);
#2786 = VERTEX_POINT('',#2787);
#2787 = CARTESIAN_POINT('',(13.325865625,-4.3,4.2989875));
#2788 = SURFACE_CURVE('',#2789,(#2794,#2802),.PCURVE_S1.);
#2789 = B_SPLINE_CURVE_WITH_KNOTS('',3,(#2790,#2791,#2792,#2793),
  .UNSPECIFIED.,.F.,.F.,(4,4),(0.,1.),.PIECEWISE_BEZIER_KNOTS.);
#2790 = CARTESIAN_POINT('',(13.325865625,-4.3,4.2989875));
#2791 = CARTESIAN_POINT('',(13.2735030805,-4.3,4.466721214094));
#2792 = CARTESIAN_POINT('',(13.185799118875,-4.3,4.619816098563));
#2793 = CARTESIAN_POINT('',(13.1008375,-4.3,4.774046875));
#2794 = PCURVE('',#1352,#2795);
#2795 = DEFINITIONAL_REPRESENTATION('',(#2796),#2801);
#2796 = B_SPLINE_CURVE_WITH_KNOTS('',3,(#2797,#2798,#2799,#2800),
  .UNSPECIFIED.,.F.,.F.,(4,4),(0.,1.),.PIECEWISE_BEZIER_KNOTS.);
#2797 = CARTESIAN_POINT('',(4.732073379933,-4.371789807604));
#2798 = CARTESIAN_POINT('',(4.899807094027,-4.424152352104));
#2799 = CARTESIAN_POINT('',(5.052901978496,-4.511856313729));
#2800 = CARTESIAN_POINT('',(5.207132754933,-4.596817932604));
#2801 = ( GEOMETRIC_REPRESENTATION_CONTEXT(2) 
PARAMETRIC_REPRESENTATION_CONTEXT() REPRESENTATION_CONTEXT('2D SPACE',''
  ) );
#2802 = PCURVE('',#2803,#2811);
#2803 = SURFACE_OF_LINEAR_EXTRUSION('',#2804,#2809);
#2804 = B_SPLINE_CURVE_WITH_KNOTS('',3,(#2805,#2806,#2807,#2808),
  .UNSPECIFIED.,.F.,.F.,(4,4),(0.,1.),.PIECEWISE_BEZIER_KNOTS.);
#2805 = CARTESIAN_POINT('',(13.325865625,-4.5,4.2989875));
#2806 = CARTESIAN_POINT('',(13.2735030805,-4.5,4.466721214094));
#2807 = CARTESIAN_POINT('',(13.185799118875,-4.5,4.619816098563));
#2808 = CARTESIAN_POINT('',(13.1008375,-4.5,4.774046875));
#2809 = VECTOR('',#2810,1.);
#2810 = DIRECTION('',(0.,-1.,-2.230669073875E-16));
#2811 = DEFINITIONAL_REPRESENTATION('',(#2812),#2816);
#2812 = LINE('',#2813,#2814);
#2813 = CARTESIAN_POINT('',(0.,-0.2));
#2814 = VECTOR('',#2815,1.);
#2815 = DIRECTION('',(1.,0.));
#2816 = ( GEOMETRIC_REPRESENTATION_CONTEXT(2) 
PARAMETRIC_REPRESENTATION_CONTEXT() REPRESENTATION_CONTEXT('2D SPACE',''
  ) );
#2817 = ORIENTED_EDGE('',*,*,#2818,.F.);
#2818 = EDGE_CURVE('',#2819,#2786,#2821,.T.);
#2819 = VERTEX_POINT('',#2820);
#2820 = CARTESIAN_POINT('',(13.475884375,-4.3,3.871482318531));
#2821 = SURFACE_CURVE('',#2822,(#2827,#2835),.PCURVE_S1.);
#2822 = B_SPLINE_CURVE_WITH_KNOTS('',3,(#2823,#2824,#2825,#2826),
  .UNSPECIFIED.,.F.,.F.,(4,4),(0.,1.),.PIECEWISE_BEZIER_KNOTS.);
#2823 = CARTESIAN_POINT('',(13.475884375,-4.3,3.871482318531));
#2824 = CARTESIAN_POINT('',(13.437540082563,-4.3,4.018814732781));
#2825 = CARTESIAN_POINT('',(13.395640095719,-4.3,4.164674212938));
#2826 = CARTESIAN_POINT('',(13.325865625,-4.3,4.2989875));
#2827 = PCURVE('',#1352,#2828);
#2828 = DEFINITIONAL_REPRESENTATION('',(#2829),#2834);
#2829 = B_SPLINE_CURVE_WITH_KNOTS('',3,(#2830,#2831,#2832,#2833),
  .UNSPECIFIED.,.F.,.F.,(4,4),(0.,1.),.PIECEWISE_BEZIER_KNOTS.);
#2830 = CARTESIAN_POINT('',(4.304568198465,-4.221771057604));
#2831 = CARTESIAN_POINT('',(4.451900612715,-4.260115350041));
#2832 = CARTESIAN_POINT('',(4.597760092871,-4.302015336885));
#2833 = CARTESIAN_POINT('',(4.732073379933,-4.371789807604));
#2834 = ( GEOMETRIC_REPRESENTATION_CONTEXT(2) 
PARAMETRIC_REPRESENTATION_CONTEXT() REPRESENTATION_CONTEXT('2D SPACE',''
  ) );
#2835 = PCURVE('',#2836,#2844);
#2836 = SURFACE_OF_LINEAR_EXTRUSION('',#2837,#2842);
#2837 = B_SPLINE_CURVE_WITH_KNOTS('',3,(#2838,#2839,#2840,#2841),
  .UNSPECIFIED.,.F.,.F.,(4,4),(0.,1.),.PIECEWISE_BEZIER_KNOTS.);
#2838 = CARTESIAN_POINT('',(13.475884375,-4.5,3.871482318531));
#2839 = CARTESIAN_POINT('',(13.437540082563,-4.5,4.018814732781));
#2840 = CARTESIAN_POINT('',(13.395640095719,-4.5,4.164674212938));
#2841 = CARTESIAN_POINT('',(13.325865625,-4.5,4.2989875));
#2842 = VECTOR('',#2843,1.);
#2843 = DIRECTION('',(0.,-1.,-2.230669073875E-16));
#2844 = DEFINITIONAL_REPRESENTATION('',(#2845),#2849);
#2845 = LINE('',#2846,#2847);
#2846 = CARTESIAN_POINT('',(0.,-0.2));
#2847 = VECTOR('',#2848,1.);
#2848 = DIRECTION('',(1.,0.));
#2849 = ( GEOMETRIC_REPRESENTATION_CONTEXT(2) 
PARAMETRIC_REPRESENTATION_CONTEXT() REPRESENTATION_CONTEXT('2D SPACE',''
  ) );
#2850 = ORIENTED_EDGE('',*,*,#2851,.F.);
#2851 = EDGE_CURVE('',#2852,#2819,#2854,.T.);
#2852 = VERTEX_POINT('',#2853);
#2853 = CARTESIAN_POINT('',(13.55089375,-4.3,3.523890625));
#2854 = SURFACE_CURVE('',#2855,(#2860,#2868),.PCURVE_S1.);
#2855 = B_SPLINE_CURVE_WITH_KNOTS('',3,(#2856,#2857,#2858,#2859),
  .UNSPECIFIED.,.F.,.F.,(4,4),(0.,1.),.PIECEWISE_BEZIER_KNOTS.);
#2856 = CARTESIAN_POINT('',(13.55089375,-4.3,3.523890625));
#2857 = CARTESIAN_POINT('',(13.509572335469,-4.3,3.632995261375));
#2858 = CARTESIAN_POINT('',(13.509558833781,-4.3,3.759210286281));
#2859 = CARTESIAN_POINT('',(13.475884375,-4.3,3.871482318531));
#2860 = PCURVE('',#1352,#2861);
#2861 = DEFINITIONAL_REPRESENTATION('',(#2862),#2867);
#2862 = B_SPLINE_CURVE_WITH_KNOTS('',3,(#2863,#2864,#2865,#2866),
  .UNSPECIFIED.,.F.,.F.,(4,4),(0.,1.),.PIECEWISE_BEZIER_KNOTS.);
#2863 = CARTESIAN_POINT('',(3.956976504933,-4.146761682604));
#2864 = CARTESIAN_POINT('',(4.066081141308,-4.188083097135));
#2865 = CARTESIAN_POINT('',(4.192296166215,-4.188096598823));
#2866 = CARTESIAN_POINT('',(4.304568198465,-4.221771057604));
#2867 = ( GEOMETRIC_REPRESENTATION_CONTEXT(2) 
PARAMETRIC_REPRESENTATION_CONTEXT() REPRESENTATION_CONTEXT('2D SPACE',''
  ) );
#2868 = PCURVE('',#2869,#2877);
#2869 = SURFACE_OF_LINEAR_EXTRUSION('',#2870,#2875);
#2870 = B_SPLINE_CURVE_WITH_KNOTS('',3,(#2871,#2872,#2873,#2874),
  .UNSPECIFIED.,.F.,.F.,(4,4),(0.,1.),.PIECEWISE_BEZIER_KNOTS.);
#2871 = CARTESIAN_POINT('',(13.55089375,-4.5,3.523890625));
#2872 = CARTESIAN_POINT('',(13.509572335469,-4.5,3.632995261375));
#2873 = CARTESIAN_POINT('',(13.509558833781,-4.5,3.759210286281));
#2874 = CARTESIAN_POINT('',(13.475884375,-4.5,3.871482318531));
#2875 = VECTOR('',#2876,1.);
#2876 = DIRECTION('',(0.,-1.,-2.230669073875E-16));
#2877 = DEFINITIONAL_REPRESENTATION('',(#2878),#2882);
#2878 = LINE('',#2879,#2880);
#2879 = CARTESIAN_POINT('',(0.,-0.2));
#2880 = VECTOR('',#2881,1.);
#2881 = DIRECTION('',(1.,0.));
#2882 = ( GEOMETRIC_REPRESENTATION_CONTEXT(2) 
PARAMETRIC_REPRESENTATION_CONTEXT() REPRESENTATION_CONTEXT('2D SPACE',''
  ) );
#2883 = ORIENTED_EDGE('',*,*,#2884,.F.);
#2884 = EDGE_CURVE('',#2885,#2852,#2887,.T.);
#2885 = VERTEX_POINT('',#2886);
#2886 = CARTESIAN_POINT('',(13.55089375,-4.3,2.573771875));
#2887 = SURFACE_CURVE('',#2888,(#2893,#2901),.PCURVE_S1.);
#2888 = B_SPLINE_CURVE_WITH_KNOTS('',3,(#2889,#2890,#2891,#2892),
  .UNSPECIFIED.,.F.,.F.,(4,4),(0.,1.),.PIECEWISE_BEZIER_KNOTS.);
#2889 = CARTESIAN_POINT('',(13.55089375,-4.3,2.573771875));
#2890 = CARTESIAN_POINT('',(13.55089375,-4.3,2.890478208344));
#2891 = CARTESIAN_POINT('',(13.55089375,-4.3,3.207184291656));
#2892 = CARTESIAN_POINT('',(13.55089375,-4.3,3.523890625));
#2893 = PCURVE('',#1352,#2894);
#2894 = DEFINITIONAL_REPRESENTATION('',(#2895),#2900);
#2895 = B_SPLINE_CURVE_WITH_KNOTS('',3,(#2896,#2897,#2898,#2899),
  .UNSPECIFIED.,.F.,.F.,(4,4),(0.,1.),.PIECEWISE_BEZIER_KNOTS.);
#2896 = CARTESIAN_POINT('',(3.006857754933,-4.146761682604));
#2897 = CARTESIAN_POINT('',(3.323564088277,-4.146761682604));
#2898 = CARTESIAN_POINT('',(3.64027017159,-4.146761682604));
#2899 = CARTESIAN_POINT('',(3.956976504933,-4.146761682604));
#2900 = ( GEOMETRIC_REPRESENTATION_CONTEXT(2) 
PARAMETRIC_REPRESENTATION_CONTEXT() REPRESENTATION_CONTEXT('2D SPACE',''
  ) );
#2901 = PCURVE('',#2902,#2910);
#2902 = SURFACE_OF_LINEAR_EXTRUSION('',#2903,#2908);
#2903 = B_SPLINE_CURVE_WITH_KNOTS('',3,(#2904,#2905,#2906,#2907),
  .UNSPECIFIED.,.F.,.F.,(4,4),(0.,1.),.PIECEWISE_BEZIER_KNOTS.);
#2904 = CARTESIAN_POINT('',(13.55089375,-4.5,2.573771875));
#2905 = CARTESIAN_POINT('',(13.55089375,-4.5,2.890478208344));
#2906 = CARTESIAN_POINT('',(13.55089375,-4.5,3.207184291656));
#2907 = CARTESIAN_POINT('',(13.55089375,-4.5,3.523890625));
#2908 = VECTOR('',#2909,1.);
#2909 = DIRECTION('',(0.,-1.,-2.230669073875E-16));
#2910 = DEFINITIONAL_REPRESENTATION('',(#2911),#2915);
#2911 = LINE('',#2912,#2913);
#2912 = CARTESIAN_POINT('',(0.,-0.2));
#2913 = VECTOR('',#2914,1.);
#2914 = DIRECTION('',(1.,0.));
#2915 = ( GEOMETRIC_REPRESENTATION_CONTEXT(2) 
PARAMETRIC_REPRESENTATION_CONTEXT() REPRESENTATION_CONTEXT('2D SPACE',''
  ) );
#2916 = ORIENTED_EDGE('',*,*,#2917,.F.);
#2917 = EDGE_CURVE('',#2918,#2885,#2920,.T.);
#2918 = VERTEX_POINT('',#2919);
#2919 = CARTESIAN_POINT('',(13.525890625,-4.3,2.273734375));
#2920 = SURFACE_CURVE('',#2921,(#2926,#2934),.PCURVE_S1.);
#2921 = B_SPLINE_CURVE_WITH_KNOTS('',3,(#2922,#2923,#2924,#2925),
  .UNSPECIFIED.,.F.,.F.,(4,4),(0.,1.),.PIECEWISE_BEZIER_KNOTS.);
#2922 = CARTESIAN_POINT('',(13.525890625,-4.3,2.273734375));
#2923 = CARTESIAN_POINT('',(13.515891875313,-4.3,2.381340824125));
#2924 = CARTESIAN_POINT('',(13.536260171031,-4.3,2.476368451094));
#2925 = CARTESIAN_POINT('',(13.55089375,-4.3,2.573771875));
#2926 = PCURVE('',#1352,#2927);
#2927 = DEFINITIONAL_REPRESENTATION('',(#2928),#2933);
#2928 = B_SPLINE_CURVE_WITH_KNOTS('',3,(#2929,#2930,#2931,#2932),
  .UNSPECIFIED.,.F.,.F.,(4,4),(0.,1.),.PIECEWISE_BEZIER_KNOTS.);
#2929 = CARTESIAN_POINT('',(2.706820254933,-4.171764807604));
#2930 = CARTESIAN_POINT('',(2.814426704058,-4.181763557291));
#2931 = CARTESIAN_POINT('',(2.909454331027,-4.161395261573));
#2932 = CARTESIAN_POINT('',(3.006857754933,-4.146761682604));
#2933 = ( GEOMETRIC_REPRESENTATION_CONTEXT(2) 
PARAMETRIC_REPRESENTATION_CONTEXT() REPRESENTATION_CONTEXT('2D SPACE',''
  ) );
#2934 = PCURVE('',#2935,#2943);
#2935 = SURFACE_OF_LINEAR_EXTRUSION('',#2936,#2941);
#2936 = B_SPLINE_CURVE_WITH_KNOTS('',3,(#2937,#2938,#2939,#2940),
  .UNSPECIFIED.,.F.,.F.,(4,4),(0.,1.),.PIECEWISE_BEZIER_KNOTS.);
#2937 = CARTESIAN_POINT('',(13.525890625,-4.5,2.273734375));
#2938 = CARTESIAN_POINT('',(13.515891875313,-4.5,2.381340824125));
#2939 = CARTESIAN_POINT('',(13.536260171031,-4.5,2.476368451094));
#2940 = CARTESIAN_POINT('',(13.55089375,-4.5,2.573771875));
#2941 = VECTOR('',#2942,1.);
#2942 = DIRECTION('',(0.,-1.,-2.230669073875E-16));
#2943 = DEFINITIONAL_REPRESENTATION('',(#2944),#2948);
#2944 = LINE('',#2945,#2946);
#2945 = CARTESIAN_POINT('',(0.,-0.2));
#2946 = VECTOR('',#2947,1.);
#2947 = DIRECTION('',(1.,0.));
#2948 = ( GEOMETRIC_REPRESENTATION_CONTEXT(2) 
PARAMETRIC_REPRESENTATION_CONTEXT() REPRESENTATION_CONTEXT('2D SPACE',''
  ) );
#2949 = ORIENTED_EDGE('',*,*,#2950,.F.);
#2950 = EDGE_CURVE('',#2951,#2918,#2953,.T.);
#2951 = VERTEX_POINT('',#2952);
#2952 = CARTESIAN_POINT('',(13.5008875,-4.3,1.973696875));
#2953 = SURFACE_CURVE('',#2954,(#2959,#2967),.PCURVE_S1.);
#2954 = B_SPLINE_CURVE_WITH_KNOTS('',3,(#2955,#2956,#2957,#2958),
  .UNSPECIFIED.,.F.,.F.,(4,4),(0.,1.),.PIECEWISE_BEZIER_KNOTS.);
#2955 = CARTESIAN_POINT('',(13.5008875,-4.3,1.973696875));
#2956 = CARTESIAN_POINT('',(13.490888750313,-4.3,2.081303324125));
#2957 = CARTESIAN_POINT('',(13.511257046031,-4.3,2.176330951094));
#2958 = CARTESIAN_POINT('',(13.525890625,-4.3,2.273734375));
#2959 = PCURVE('',#1352,#2960);
#2960 = DEFINITIONAL_REPRESENTATION('',(#2961),#2966);
#2961 = B_SPLINE_CURVE_WITH_KNOTS('',3,(#2962,#2963,#2964,#2965),
  .UNSPECIFIED.,.F.,.F.,(4,4),(0.,1.),.PIECEWISE_BEZIER_KNOTS.);
#2962 = CARTESIAN_POINT('',(2.406782754933,-4.196767932604));
#2963 = CARTESIAN_POINT('',(2.514389204058,-4.206766682291));
#2964 = CARTESIAN_POINT('',(2.609416831027,-4.186398386573));
#2965 = CARTESIAN_POINT('',(2.706820254933,-4.171764807604));
#2966 = ( GEOMETRIC_REPRESENTATION_CONTEXT(2) 
PARAMETRIC_REPRESENTATION_CONTEXT() REPRESENTATION_CONTEXT('2D SPACE',''
  ) );
#2967 = PCURVE('',#2968,#2976);
#2968 = SURFACE_OF_LINEAR_EXTRUSION('',#2969,#2974);
#2969 = B_SPLINE_CURVE_WITH_KNOTS('',3,(#2970,#2971,#2972,#2973),
  .UNSPECIFIED.,.F.,.F.,(4,4),(0.,1.),.PIECEWISE_BEZIER_KNOTS.);
#2970 = CARTESIAN_POINT('',(13.5008875,-4.5,1.973696875));
#2971 = CARTESIAN_POINT('',(13.490888750313,-4.5,2.081303324125));
#2972 = CARTESIAN_POINT('',(13.511257046031,-4.5,2.176330951094));
#2973 = CARTESIAN_POINT('',(13.525890625,-4.5,2.273734375));
#2974 = VECTOR('',#2975,1.);
#2975 = DIRECTION('',(0.,-1.,-2.230669073875E-16));
#2976 = DEFINITIONAL_REPRESENTATION('',(#2977),#2981);
#2977 = LINE('',#2978,#2979);
#2978 = CARTESIAN_POINT('',(0.,-0.2));
#2979 = VECTOR('',#2980,1.);
#2980 = DIRECTION('',(1.,0.));
#2981 = ( GEOMETRIC_REPRESENTATION_CONTEXT(2) 
PARAMETRIC_REPRESENTATION_CONTEXT() REPRESENTATION_CONTEXT('2D SPACE',''
  ) );
#2982 = ORIENTED_EDGE('',*,*,#2983,.F.);
#2983 = EDGE_CURVE('',#2984,#2951,#2986,.T.);
#2984 = VERTEX_POINT('',#2985);
#2985 = CARTESIAN_POINT('',(13.475884375,-4.3,1.573646875));
#2986 = SURFACE_CURVE('',#2987,(#2992,#3000),.PCURVE_S1.);
#2987 = B_SPLINE_CURVE_WITH_KNOTS('',3,(#2988,#2989,#2990,#2991),
  .UNSPECIFIED.,.F.,.F.,(4,4),(0.,1.),.PIECEWISE_BEZIER_KNOTS.);
#2988 = CARTESIAN_POINT('',(13.475884375,-4.3,1.573646875));
#2989 = CARTESIAN_POINT('',(13.480628467938,-4.3,1.708483977531));
#2990 = CARTESIAN_POINT('',(13.45996838575,-4.3,1.85384389525));
#2991 = CARTESIAN_POINT('',(13.5008875,-4.3,1.973696875));
#2992 = PCURVE('',#1352,#2993);
#2993 = DEFINITIONAL_REPRESENTATION('',(#2994),#2999);
#2994 = B_SPLINE_CURVE_WITH_KNOTS('',3,(#2995,#2996,#2997,#2998),
  .UNSPECIFIED.,.F.,.F.,(4,4),(0.,1.),.PIECEWISE_BEZIER_KNOTS.);
#2995 = CARTESIAN_POINT('',(2.006732754933,-4.221771057604));
#2996 = CARTESIAN_POINT('',(2.141569857465,-4.217026964666));
#2997 = CARTESIAN_POINT('',(2.286929775183,-4.237687046854));
#2998 = CARTESIAN_POINT('',(2.406782754933,-4.196767932604));
#2999 = ( GEOMETRIC_REPRESENTATION_CONTEXT(2) 
PARAMETRIC_REPRESENTATION_CONTEXT() REPRESENTATION_CONTEXT('2D SPACE',''
  ) );
#3000 = PCURVE('',#3001,#3009);
#3001 = SURFACE_OF_LINEAR_EXTRUSION('',#3002,#3007);
#3002 = B_SPLINE_CURVE_WITH_KNOTS('',3,(#3003,#3004,#3005,#3006),
  .UNSPECIFIED.,.F.,.F.,(4,4),(0.,1.),.PIECEWISE_BEZIER_KNOTS.);
#3003 = CARTESIAN_POINT('',(13.475884375,-4.5,1.573646875));
#3004 = CARTESIAN_POINT('',(13.480628467938,-4.5,1.708483977531));
#3005 = CARTESIAN_POINT('',(13.45996838575,-4.5,1.85384389525));
#3006 = CARTESIAN_POINT('',(13.5008875,-4.5,1.973696875));
#3007 = VECTOR('',#3008,1.);
#3008 = DIRECTION('',(0.,-1.,-2.230669073875E-16));
#3009 = DEFINITIONAL_REPRESENTATION('',(#3010),#3014);
#3010 = LINE('',#3011,#3012);
#3011 = CARTESIAN_POINT('',(0.,-0.2));
#3012 = VECTOR('',#3013,1.);
#3013 = DIRECTION('',(1.,0.));
#3014 = ( GEOMETRIC_REPRESENTATION_CONTEXT(2) 
PARAMETRIC_REPRESENTATION_CONTEXT() REPRESENTATION_CONTEXT('2D SPACE',''
  ) );
#3015 = ORIENTED_EDGE('',*,*,#3016,.F.);
#3016 = EDGE_CURVE('',#3017,#2984,#3019,.T.);
#3017 = VERTEX_POINT('',#3018);
#3018 = CARTESIAN_POINT('',(13.45088125,-4.3,1.273609375));
#3019 = SURFACE_CURVE('',#3020,(#3025,#3033),.PCURVE_S1.);
#3020 = B_SPLINE_CURVE_WITH_KNOTS('',3,(#3021,#3022,#3023,#3024),
  .UNSPECIFIED.,.F.,.F.,(4,4),(0.,1.),.PIECEWISE_BEZIER_KNOTS.);
#3021 = CARTESIAN_POINT('',(13.45088125,-4.3,1.273609375));
#3022 = CARTESIAN_POINT('',(13.440882500313,-4.3,1.381215824125));
#3023 = CARTESIAN_POINT('',(13.461250796031,-4.3,1.476243451094));
#3024 = CARTESIAN_POINT('',(13.475884375,-4.3,1.573646875));
#3025 = PCURVE('',#1352,#3026);
#3026 = DEFINITIONAL_REPRESENTATION('',(#3027),#3032);
#3027 = B_SPLINE_CURVE_WITH_KNOTS('',3,(#3028,#3029,#3030,#3031),
  .UNSPECIFIED.,.F.,.F.,(4,4),(0.,1.),.PIECEWISE_BEZIER_KNOTS.);
#3028 = CARTESIAN_POINT('',(1.706695254933,-4.246774182604));
#3029 = CARTESIAN_POINT('',(1.814301704058,-4.256772932291));
#3030 = CARTESIAN_POINT('',(1.909329331027,-4.236404636573));
#3031 = CARTESIAN_POINT('',(2.006732754933,-4.221771057604));
#3032 = ( GEOMETRIC_REPRESENTATION_CONTEXT(2) 
PARAMETRIC_REPRESENTATION_CONTEXT() REPRESENTATION_CONTEXT('2D SPACE',''
  ) );
#3033 = PCURVE('',#3034,#3042);
#3034 = SURFACE_OF_LINEAR_EXTRUSION('',#3035,#3040);
#3035 = B_SPLINE_CURVE_WITH_KNOTS('',3,(#3036,#3037,#3038,#3039),
  .UNSPECIFIED.,.F.,.F.,(4,4),(0.,1.),.PIECEWISE_BEZIER_KNOTS.);
#3036 = CARTESIAN_POINT('',(13.45088125,-4.5,1.273609375));
#3037 = CARTESIAN_POINT('',(13.440882500313,-4.5,1.381215824125));
#3038 = CARTESIAN_POINT('',(13.461250796031,-4.5,1.476243451094));
#3039 = CARTESIAN_POINT('',(13.475884375,-4.5,1.573646875));
#3040 = VECTOR('',#3041,1.);
#3041 = DIRECTION('',(0.,-1.,-2.230669073875E-16));
#3042 = DEFINITIONAL_REPRESENTATION('',(#3043),#3047);
#3043 = LINE('',#3044,#3045);
#3044 = CARTESIAN_POINT('',(0.,-0.2));
#3045 = VECTOR('',#3046,1.);
#3046 = DIRECTION('',(1.,0.));
#3047 = ( GEOMETRIC_REPRESENTATION_CONTEXT(2) 
PARAMETRIC_REPRESENTATION_CONTEXT() REPRESENTATION_CONTEXT('2D SPACE',''
  ) );
#3048 = ORIENTED_EDGE('',*,*,#3049,.F.);
#3049 = EDGE_CURVE('',#3050,#3017,#3052,.T.);
#3050 = VERTEX_POINT('',#3051);
#3051 = CARTESIAN_POINT('',(13.475884375,-4.3,0.923565625));
#3052 = SURFACE_CURVE('',#3053,(#3058,#3066),.PCURVE_S1.);
#3053 = B_SPLINE_CURVE_WITH_KNOTS('',3,(#3054,#3055,#3056,#3057),
  .UNSPECIFIED.,.F.,.F.,(4,4),(0.,1.),.PIECEWISE_BEZIER_KNOTS.);
#3054 = CARTESIAN_POINT('',(13.475884375,-4.3,0.923565625));
#3055 = CARTESIAN_POINT('',(13.482497451531,-4.3,1.046438232156));
#3056 = CARTESIAN_POINT('',(13.4335310815,-4.3,1.146289211969));
#3057 = CARTESIAN_POINT('',(13.45088125,-4.3,1.273609375));
#3058 = PCURVE('',#1352,#3059);
#3059 = DEFINITIONAL_REPRESENTATION('',(#3060),#3065);
#3060 = B_SPLINE_CURVE_WITH_KNOTS('',3,(#3061,#3062,#3063,#3064),
  .UNSPECIFIED.,.F.,.F.,(4,4),(0.,1.),.PIECEWISE_BEZIER_KNOTS.);
#3061 = CARTESIAN_POINT('',(1.356651504933,-4.221771057604));
#3062 = CARTESIAN_POINT('',(1.47952411209,-4.215157981073));
#3063 = CARTESIAN_POINT('',(1.579375091902,-4.264124351104));
#3064 = CARTESIAN_POINT('',(1.706695254933,-4.246774182604));
#3065 = ( GEOMETRIC_REPRESENTATION_CONTEXT(2) 
PARAMETRIC_REPRESENTATION_CONTEXT() REPRESENTATION_CONTEXT('2D SPACE',''
  ) );
#3066 = PCURVE('',#3067,#3075);
#3067 = SURFACE_OF_LINEAR_EXTRUSION('',#3068,#3073);
#3068 = B_SPLINE_CURVE_WITH_KNOTS('',3,(#3069,#3070,#3071,#3072),
  .UNSPECIFIED.,.F.,.F.,(4,4),(0.,1.),.PIECEWISE_BEZIER_KNOTS.);
#3069 = CARTESIAN_POINT('',(13.475884375,-4.5,0.923565625));
#3070 = CARTESIAN_POINT('',(13.482497451531,-4.5,1.046438232156));
#3071 = CARTESIAN_POINT('',(13.4335310815,-4.5,1.146289211969));
#3072 = CARTESIAN_POINT('',(13.45088125,-4.5,1.273609375));
#3073 = VECTOR('',#3074,1.);
#3074 = DIRECTION('',(0.,-1.,-2.230669073875E-16));
#3075 = DEFINITIONAL_REPRESENTATION('',(#3076),#3080);
#3076 = LINE('',#3077,#3078);
#3077 = CARTESIAN_POINT('',(0.,-0.2));
#3078 = VECTOR('',#3079,1.);
#3079 = DIRECTION('',(1.,0.));
#3080 = ( GEOMETRIC_REPRESENTATION_CONTEXT(2) 
PARAMETRIC_REPRESENTATION_CONTEXT() REPRESENTATION_CONTEXT('2D SPACE',''
  ) );
#3081 = ORIENTED_EDGE('',*,*,#3082,.F.);
#3082 = EDGE_CURVE('',#3083,#3050,#3085,.T.);
#3083 = VERTEX_POINT('',#3084);
#3084 = CARTESIAN_POINT('',(13.5008875,-4.3,0.573521875));
#3085 = SURFACE_CURVE('',#3086,(#3091,#3099),.PCURVE_S1.);
#3086 = B_SPLINE_CURVE_WITH_KNOTS('',3,(#3087,#3088,#3089,#3090),
  .UNSPECIFIED.,.F.,.F.,(4,4),(0.,1.),.PIECEWISE_BEZIER_KNOTS.);
#3087 = CARTESIAN_POINT('',(13.5008875,-4.3,0.573521875));
#3088 = CARTESIAN_POINT('',(13.507500576531,-4.3,0.696394482156));
#3089 = CARTESIAN_POINT('',(13.4585342065,-4.3,0.796245461969));
#3090 = CARTESIAN_POINT('',(13.475884375,-4.3,0.923565625));
#3091 = PCURVE('',#1352,#3092);
#3092 = DEFINITIONAL_REPRESENTATION('',(#3093),#3098);
#3093 = B_SPLINE_CURVE_WITH_KNOTS('',3,(#3094,#3095,#3096,#3097),
  .UNSPECIFIED.,.F.,.F.,(4,4),(0.,1.),.PIECEWISE_BEZIER_KNOTS.);
#3094 = CARTESIAN_POINT('',(1.006607754933,-4.196767932604));
#3095 = CARTESIAN_POINT('',(1.12948036209,-4.190154856073));
#3096 = CARTESIAN_POINT('',(1.229331341902,-4.239121226104));
#3097 = CARTESIAN_POINT('',(1.356651504933,-4.221771057604));
#3098 = ( GEOMETRIC_REPRESENTATION_CONTEXT(2) 
PARAMETRIC_REPRESENTATION_CONTEXT() REPRESENTATION_CONTEXT('2D SPACE',''
  ) );
#3099 = PCURVE('',#3100,#3108);
#3100 = SURFACE_OF_LINEAR_EXTRUSION('',#3101,#3106);
#3101 = B_SPLINE_CURVE_WITH_KNOTS('',3,(#3102,#3103,#3104,#3105),
  .UNSPECIFIED.,.F.,.F.,(4,4),(0.,1.),.PIECEWISE_BEZIER_KNOTS.);
#3102 = CARTESIAN_POINT('',(13.5008875,-4.5,0.573521875));
#3103 = CARTESIAN_POINT('',(13.507500576531,-4.5,0.696394482156));
#3104 = CARTESIAN_POINT('',(13.4585342065,-4.5,0.796245461969));
#3105 = CARTESIAN_POINT('',(13.475884375,-4.5,0.923565625));
#3106 = VECTOR('',#3107,1.);
#3107 = DIRECTION('',(0.,-1.,-2.230669073875E-16));
#3108 = DEFINITIONAL_REPRESENTATION('',(#3109),#3113);
#3109 = LINE('',#3110,#3111);
#3110 = CARTESIAN_POINT('',(0.,-0.2));
#3111 = VECTOR('',#3112,1.);
#3112 = DIRECTION('',(1.,0.));
#3113 = ( GEOMETRIC_REPRESENTATION_CONTEXT(2) 
PARAMETRIC_REPRESENTATION_CONTEXT() REPRESENTATION_CONTEXT('2D SPACE',''
  ) );
#3114 = ORIENTED_EDGE('',*,*,#3115,.F.);
#3115 = EDGE_CURVE('',#3116,#3083,#3118,.T.);
#3116 = VERTEX_POINT('',#3117);
#3117 = CARTESIAN_POINT('',(13.575896875,-4.3,0.223478125));
#3118 = SURFACE_CURVE('',#3119,(#3124,#3132),.PCURVE_S1.);
#3119 = B_SPLINE_CURVE_WITH_KNOTS('',3,(#3120,#3121,#3122,#3123),
  .UNSPECIFIED.,.F.,.F.,(4,4),(0.,1.),.PIECEWISE_BEZIER_KNOTS.);
#3120 = CARTESIAN_POINT('',(13.575896875,-4.3,0.223478125));
#3121 = CARTESIAN_POINT('',(13.535117528219,-4.3,0.333624641594));
#3122 = CARTESIAN_POINT('',(13.539101776188,-4.3,0.462312975625));
#3123 = CARTESIAN_POINT('',(13.5008875,-4.3,0.573521875));
#3124 = PCURVE('',#1352,#3125);
#3125 = DEFINITIONAL_REPRESENTATION('',(#3126),#3131);
#3126 = B_SPLINE_CURVE_WITH_KNOTS('',3,(#3127,#3128,#3129,#3130),
  .UNSPECIFIED.,.F.,.F.,(4,4),(0.,1.),.PIECEWISE_BEZIER_KNOTS.);
#3127 = CARTESIAN_POINT('',(0.656564004933,-4.121758557604));
#3128 = CARTESIAN_POINT('',(0.766710521527,-4.162537904385));
#3129 = CARTESIAN_POINT('',(0.895398855558,-4.158553656416));
#3130 = CARTESIAN_POINT('',(1.006607754933,-4.196767932604));
#3131 = ( GEOMETRIC_REPRESENTATION_CONTEXT(2) 
PARAMETRIC_REPRESENTATION_CONTEXT() REPRESENTATION_CONTEXT('2D SPACE',''
  ) );
#3132 = PCURVE('',#3133,#3141);
#3133 = SURFACE_OF_LINEAR_EXTRUSION('',#3134,#3139);
#3134 = B_SPLINE_CURVE_WITH_KNOTS('',3,(#3135,#3136,#3137,#3138),
  .UNSPECIFIED.,.F.,.F.,(4,4),(0.,1.),.PIECEWISE_BEZIER_KNOTS.);
#3135 = CARTESIAN_POINT('',(13.575896875,-4.5,0.223478125));
#3136 = CARTESIAN_POINT('',(13.535117528219,-4.5,0.333624641594));
#3137 = CARTESIAN_POINT('',(13.539101776188,-4.5,0.462312975625));
#3138 = CARTESIAN_POINT('',(13.5008875,-4.5,0.573521875));
#3139 = VECTOR('',#3140,1.);
#3140 = DIRECTION('',(0.,-1.,-2.230669073875E-16));
#3141 = DEFINITIONAL_REPRESENTATION('',(#3142),#3146);
#3142 = LINE('',#3143,#3144);
#3143 = CARTESIAN_POINT('',(0.,-0.2));
#3144 = VECTOR('',#3145,1.);
#3145 = DIRECTION('',(1.,0.));
#3146 = ( GEOMETRIC_REPRESENTATION_CONTEXT(2) 
PARAMETRIC_REPRESENTATION_CONTEXT() REPRESENTATION_CONTEXT('2D SPACE',''
  ) );
#3147 = ORIENTED_EDGE('',*,*,#3148,.F.);
#3148 = EDGE_CURVE('',#3149,#3116,#3151,.T.);
#3149 = VERTEX_POINT('',#3150);
#3150 = CARTESIAN_POINT('',(13.7009125,-4.3,-0.201575));
#3151 = SURFACE_CURVE('',#3152,(#3157,#3165),.PCURVE_S1.);
#3152 = B_SPLINE_CURVE_WITH_KNOTS('',3,(#3153,#3154,#3155,#3156),
  .UNSPECIFIED.,.F.,.F.,(4,4),(0.,1.),.PIECEWISE_BEZIER_KNOTS.);
#3153 = CARTESIAN_POINT('',(13.7009125,-4.3,-0.201575));
#3154 = CARTESIAN_POINT('',(13.656341179281,-4.3,-6.109169178125E-02));
#3155 = CARTESIAN_POINT('',(13.600465195656,-4.3,7.470928121875E-02));
#3156 = CARTESIAN_POINT('',(13.575896875,-4.3,0.223478125));
#3157 = PCURVE('',#1352,#3158);
#3158 = DEFINITIONAL_REPRESENTATION('',(#3159),#3164);
#3159 = B_SPLINE_CURVE_WITH_KNOTS('',3,(#3160,#3161,#3162,#3163),
  .UNSPECIFIED.,.F.,.F.,(4,4),(0.,1.),.PIECEWISE_BEZIER_KNOTS.);
#3160 = CARTESIAN_POINT('',(0.231510879933,-3.996742932604));
#3161 = CARTESIAN_POINT('',(0.371994188152,-4.041314253323));
#3162 = CARTESIAN_POINT('',(0.507795161152,-4.097190236948));
#3163 = CARTESIAN_POINT('',(0.656564004933,-4.121758557604));
#3164 = ( GEOMETRIC_REPRESENTATION_CONTEXT(2) 
PARAMETRIC_REPRESENTATION_CONTEXT() REPRESENTATION_CONTEXT('2D SPACE',''
  ) );
#3165 = PCURVE('',#3166,#3174);
#3166 = SURFACE_OF_LINEAR_EXTRUSION('',#3167,#3172);
#3167 = B_SPLINE_CURVE_WITH_KNOTS('',3,(#3168,#3169,#3170,#3171),
  .UNSPECIFIED.,.F.,.F.,(4,4),(0.,1.),.PIECEWISE_BEZIER_KNOTS.);
#3168 = CARTESIAN_POINT('',(13.7009125,-4.5,-0.201575));
#3169 = CARTESIAN_POINT('',(13.656341179281,-4.5,-6.109169178125E-02));
#3170 = CARTESIAN_POINT('',(13.600465195656,-4.5,7.470928121875E-02));
#3171 = CARTESIAN_POINT('',(13.575896875,-4.5,0.223478125));
#3172 = VECTOR('',#3173,1.);
#3173 = DIRECTION('',(0.,-1.,-2.230669073875E-16));
#3174 = DEFINITIONAL_REPRESENTATION('',(#3175),#3179);
#3175 = LINE('',#3176,#3177);
#3176 = CARTESIAN_POINT('',(0.,-0.2));
#3177 = VECTOR('',#3178,1.);
#3178 = DIRECTION('',(1.,0.));
#3179 = ( GEOMETRIC_REPRESENTATION_CONTEXT(2) 
PARAMETRIC_REPRESENTATION_CONTEXT() REPRESENTATION_CONTEXT('2D SPACE',''
  ) );
#3180 = ORIENTED_EDGE('',*,*,#3181,.F.);
#3181 = EDGE_CURVE('',#3182,#3149,#3184,.T.);
#3182 = VERTEX_POINT('',#3183);
#3183 = CARTESIAN_POINT('',(13.925940625,-4.3,-0.676634375));
#3184 = SURFACE_CURVE('',#3185,(#3190,#3198),.PCURVE_S1.);
#3185 = B_SPLINE_CURVE_WITH_KNOTS('',3,(#3186,#3187,#3188,#3189),
  .UNSPECIFIED.,.F.,.F.,(4,4),(0.,1.),.PIECEWISE_BEZIER_KNOTS.);
#3186 = CARTESIAN_POINT('',(13.925940625,-4.3,-0.676634375));
#3187 = CARTESIAN_POINT('',(13.8353092975,-4.3,-0.524752142094));
#3188 = CARTESIAN_POINT('',(13.762542952844,-4.3,-0.365469734281));
#3189 = CARTESIAN_POINT('',(13.7009125,-4.3,-0.201575));
#3190 = PCURVE('',#1352,#3191);
#3191 = DEFINITIONAL_REPRESENTATION('',(#3192),#3197);
#3192 = B_SPLINE_CURVE_WITH_KNOTS('',3,(#3193,#3194,#3195,#3196),
  .UNSPECIFIED.,.F.,.F.,(4,4),(0.,1.),.PIECEWISE_BEZIER_KNOTS.);
#3193 = CARTESIAN_POINT('',(-0.243548495067,-3.771714807604));
#3194 = CARTESIAN_POINT('',(-9.166626216034E-02,-3.862346135104));
#3195 = CARTESIAN_POINT('',(6.761614565216E-02,-3.93511247976));
#3196 = CARTESIAN_POINT('',(0.231510879933,-3.996742932604));
#3197 = ( GEOMETRIC_REPRESENTATION_CONTEXT(2) 
PARAMETRIC_REPRESENTATION_CONTEXT() REPRESENTATION_CONTEXT('2D SPACE',''
  ) );
#3198 = PCURVE('',#3199,#3207);
#3199 = SURFACE_OF_LINEAR_EXTRUSION('',#3200,#3205);
#3200 = B_SPLINE_CURVE_WITH_KNOTS('',3,(#3201,#3202,#3203,#3204),
  .UNSPECIFIED.,.F.,.F.,(4,4),(0.,1.),.PIECEWISE_BEZIER_KNOTS.);
#3201 = CARTESIAN_POINT('',(13.925940625,-4.5,-0.676634375));
#3202 = CARTESIAN_POINT('',(13.8353092975,-4.5,-0.524752142094));
#3203 = CARTESIAN_POINT('',(13.762542952844,-4.5,-0.365469734281));
#3204 = CARTESIAN_POINT('',(13.7009125,-4.5,-0.201575));
#3205 = VECTOR('',#3206,1.);
#3206 = DIRECTION('',(0.,-1.,-2.230669073875E-16));
#3207 = DEFINITIONAL_REPRESENTATION('',(#3208),#3212);
#3208 = LINE('',#3209,#3210);
#3209 = CARTESIAN_POINT('',(0.,-0.2));
#3210 = VECTOR('',#3211,1.);
#3211 = DIRECTION('',(1.,0.));
#3212 = ( GEOMETRIC_REPRESENTATION_CONTEXT(2) 
PARAMETRIC_REPRESENTATION_CONTEXT() REPRESENTATION_CONTEXT('2D SPACE',''
  ) );
#3213 = ORIENTED_EDGE('',*,*,#3214,.F.);
#3214 = EDGE_CURVE('',#3215,#3182,#3217,.T.);
#3215 = VERTEX_POINT('',#3216);
#3216 = CARTESIAN_POINT('',(14.210032132,-4.3,-1.110744632));
#3217 = SURFACE_CURVE('',#3218,(#3223,#3231),.PCURVE_S1.);
#3218 = B_SPLINE_CURVE_WITH_KNOTS('',3,(#3219,#3220,#3221,#3222),
  .UNSPECIFIED.,.F.,.F.,(4,4),(0.,1.),.PIECEWISE_BEZIER_KNOTS.);
#3219 = CARTESIAN_POINT('',(14.210032132,-4.3,-1.110744632));
#3220 = CARTESIAN_POINT('',(14.095074764125,-4.3,-0.974433095187));
#3221 = CARTESIAN_POINT('',(14.007346299438,-4.3,-0.82684314875));
#3222 = CARTESIAN_POINT('',(13.925940625,-4.3,-0.676634375));
#3223 = PCURVE('',#1352,#3224);
#3224 = DEFINITIONAL_REPRESENTATION('',(#3225),#3230);
#3225 = B_SPLINE_CURVE_WITH_KNOTS('',3,(#3226,#3227,#3228,#3229),
  .UNSPECIFIED.,.F.,.F.,(4,4),(0.,1.),.PIECEWISE_BEZIER_KNOTS.);
#3226 = CARTESIAN_POINT('',(-0.677658752067,-3.487623300604));
#3227 = CARTESIAN_POINT('',(-0.541347215254,-3.602580668479));
#3228 = CARTESIAN_POINT('',(-0.393757268817,-3.690309133166));
#3229 = CARTESIAN_POINT('',(-0.243548495067,-3.771714807604));
#3230 = ( GEOMETRIC_REPRESENTATION_CONTEXT(2) 
PARAMETRIC_REPRESENTATION_CONTEXT() REPRESENTATION_CONTEXT('2D SPACE',''
  ) );
#3231 = PCURVE('',#3232,#3240);
#3232 = SURFACE_OF_LINEAR_EXTRUSION('',#3233,#3238);
#3233 = B_SPLINE_CURVE_WITH_KNOTS('',3,(#3234,#3235,#3236,#3237),
  .UNSPECIFIED.,.F.,.F.,(4,4),(0.,1.),.PIECEWISE_BEZIER_KNOTS.);
#3234 = CARTESIAN_POINT('',(14.210032132,-4.5,-1.110744632));
#3235 = CARTESIAN_POINT('',(14.095074764125,-4.5,-0.974433095187));
#3236 = CARTESIAN_POINT('',(14.007346299438,-4.5,-0.82684314875));
#3237 = CARTESIAN_POINT('',(13.925940625,-4.5,-0.676634375));
#3238 = VECTOR('',#3239,1.);
#3239 = DIRECTION('',(0.,-1.,-2.230669073875E-16));
#3240 = DEFINITIONAL_REPRESENTATION('',(#3241),#3245);
#3241 = LINE('',#3242,#3243);
#3242 = CARTESIAN_POINT('',(0.,-0.2));
#3243 = VECTOR('',#3244,1.);
#3244 = DIRECTION('',(1.,0.));
#3245 = ( GEOMETRIC_REPRESENTATION_CONTEXT(2) 
PARAMETRIC_REPRESENTATION_CONTEXT() REPRESENTATION_CONTEXT('2D SPACE',''
  ) );
#3246 = ORIENTED_EDGE('',*,*,#3247,.F.);
#3247 = EDGE_CURVE('',#3248,#3215,#3250,.T.);
#3248 = VERTEX_POINT('',#3249);
#3249 = CARTESIAN_POINT('',(14.676034375,-4.3,-1.626753125));
#3250 = SURFACE_CURVE('',#3251,(#3256,#3264),.PCURVE_S1.);
#3251 = B_SPLINE_CURVE_WITH_KNOTS('',3,(#3252,#3253,#3254,#3255),
  .UNSPECIFIED.,.F.,.F.,(4,4),(0.,1.),.PIECEWISE_BEZIER_KNOTS.);
#3252 = CARTESIAN_POINT('',(14.676034375,-4.3,-1.626753125));
#3253 = CARTESIAN_POINT('',(14.503826601719,-4.3,-1.461739500875));
#3254 = CARTESIAN_POINT('',(14.344083636344,-4.3,-1.291562981469));
#3255 = CARTESIAN_POINT('',(14.210032132,-4.3,-1.110744632));
#3256 = PCURVE('',#1352,#3257);
#3257 = DEFINITIONAL_REPRESENTATION('',(#3258),#3263);
#3258 = B_SPLINE_CURVE_WITH_KNOTS('',3,(#3259,#3260,#3261,#3262),
  .UNSPECIFIED.,.F.,.F.,(4,4),(0.,1.),.PIECEWISE_BEZIER_KNOTS.);
#3259 = CARTESIAN_POINT('',(-1.193667245067,-3.021621057604));
#3260 = CARTESIAN_POINT('',(-1.028653620942,-3.193828830885));
#3261 = CARTESIAN_POINT('',(-0.858477101535,-3.35357179626));
#3262 = CARTESIAN_POINT('',(-0.677658752067,-3.487623300604));
#3263 = ( GEOMETRIC_REPRESENTATION_CONTEXT(2) 
PARAMETRIC_REPRESENTATION_CONTEXT() REPRESENTATION_CONTEXT('2D SPACE',''
  ) );
#3264 = PCURVE('',#3265,#3273);
#3265 = SURFACE_OF_LINEAR_EXTRUSION('',#3266,#3271);
#3266 = B_SPLINE_CURVE_WITH_KNOTS('',3,(#3267,#3268,#3269,#3270),
  .UNSPECIFIED.,.F.,.F.,(4,4),(0.,1.),.PIECEWISE_BEZIER_KNOTS.);
#3267 = CARTESIAN_POINT('',(14.676034375,-4.5,-1.626753125));
#3268 = CARTESIAN_POINT('',(14.503826601719,-4.5,-1.461739500875));
#3269 = CARTESIAN_POINT('',(14.344083636344,-4.5,-1.291562981469));
#3270 = CARTESIAN_POINT('',(14.210032132,-4.5,-1.110744632));
#3271 = VECTOR('',#3272,1.);
#3272 = DIRECTION('',(0.,-1.,-2.230669073875E-16));
#3273 = DEFINITIONAL_REPRESENTATION('',(#3274),#3278);
#3274 = LINE('',#3275,#3276);
#3275 = CARTESIAN_POINT('',(0.,-0.2));
#3276 = VECTOR('',#3277,1.);
#3277 = DIRECTION('',(1.,0.));
#3278 = ( GEOMETRIC_REPRESENTATION_CONTEXT(2) 
PARAMETRIC_REPRESENTATION_CONTEXT() REPRESENTATION_CONTEXT('2D SPACE',''
  ) );
#3279 = ORIENTED_EDGE('',*,*,#3280,.F.);
#3280 = EDGE_CURVE('',#3281,#3248,#3283,.T.);
#3281 = VERTEX_POINT('',#3282);
#3282 = CARTESIAN_POINT('',(15.026078125,-4.3,-1.9017875));
#3283 = SURFACE_CURVE('',#3284,(#3289,#3297),.PCURVE_S1.);
#3284 = B_SPLINE_CURVE_WITH_KNOTS('',3,(#3285,#3286,#3287,#3288),
  .UNSPECIFIED.,.F.,.F.,(4,4),(0.,1.),.PIECEWISE_BEZIER_KNOTS.);
#3285 = CARTESIAN_POINT('',(15.026078125,-4.3,-1.9017875));
#3286 = CARTESIAN_POINT('',(14.911708330563,-4.3,-1.80452934425));
#3287 = CARTESIAN_POINT('',(14.796055625781,-4.3,-1.7103675755));
#3288 = CARTESIAN_POINT('',(14.676034375,-4.3,-1.626753125));
#3289 = PCURVE('',#1352,#3290);
#3290 = DEFINITIONAL_REPRESENTATION('',(#3291),#3296);
#3291 = B_SPLINE_CURVE_WITH_KNOTS('',3,(#3292,#3293,#3294,#3295),
  .UNSPECIFIED.,.F.,.F.,(4,4),(0.,1.),.PIECEWISE_BEZIER_KNOTS.);
#3292 = CARTESIAN_POINT('',(-1.468701620067,-2.671577307604));
#3293 = CARTESIAN_POINT('',(-1.371443464317,-2.785947102041));
#3294 = CARTESIAN_POINT('',(-1.277281695567,-2.901599806823));
#3295 = CARTESIAN_POINT('',(-1.193667245067,-3.021621057604));
#3296 = ( GEOMETRIC_REPRESENTATION_CONTEXT(2) 
PARAMETRIC_REPRESENTATION_CONTEXT() REPRESENTATION_CONTEXT('2D SPACE',''
  ) );
#3297 = PCURVE('',#3298,#3306);
#3298 = SURFACE_OF_LINEAR_EXTRUSION('',#3299,#3304);
#3299 = B_SPLINE_CURVE_WITH_KNOTS('',3,(#3300,#3301,#3302,#3303),
  .UNSPECIFIED.,.F.,.F.,(4,4),(0.,1.),.PIECEWISE_BEZIER_KNOTS.);
#3300 = CARTESIAN_POINT('',(15.026078125,-4.5,-1.9017875));
#3301 = CARTESIAN_POINT('',(14.911708330563,-4.5,-1.80452934425));
#3302 = CARTESIAN_POINT('',(14.796055625781,-4.5,-1.7103675755));
#3303 = CARTESIAN_POINT('',(14.676034375,-4.5,-1.626753125));
#3304 = VECTOR('',#3305,1.);
#3305 = DIRECTION('',(0.,-1.,-2.230669073875E-16));
#3306 = DEFINITIONAL_REPRESENTATION('',(#3307),#3311);
#3307 = LINE('',#3308,#3309);
#3308 = CARTESIAN_POINT('',(0.,-0.2));
#3309 = VECTOR('',#3310,1.);
#3310 = DIRECTION('',(1.,0.));
#3311 = ( GEOMETRIC_REPRESENTATION_CONTEXT(2) 
PARAMETRIC_REPRESENTATION_CONTEXT() REPRESENTATION_CONTEXT('2D SPACE',''
  ) );
#3312 = ORIENTED_EDGE('',*,*,#3313,.F.);
#3313 = EDGE_CURVE('',#3314,#3281,#3316,.T.);
#3314 = VERTEX_POINT('',#3315);
#3315 = CARTESIAN_POINT('',(15.5011375,-4.3,-2.176821875));
#3316 = SURFACE_CURVE('',#3317,(#3322,#3330),.PCURVE_S1.);
#3317 = B_SPLINE_CURVE_WITH_KNOTS('',3,(#3318,#3319,#3320,#3321),
  .UNSPECIFIED.,.F.,.F.,(4,4),(0.,1.),.PIECEWISE_BEZIER_KNOTS.);
#3318 = CARTESIAN_POINT('',(15.5011375,-4.3,-2.176821875));
#3319 = CARTESIAN_POINT('',(15.34050342325,-4.3,-2.090650604938));
#3320 = CARTESIAN_POINT('',(15.18714025525,-4.3,-1.986925640937));
#3321 = CARTESIAN_POINT('',(15.026078125,-4.3,-1.9017875));
#3322 = PCURVE('',#1352,#3323);
#3323 = DEFINITIONAL_REPRESENTATION('',(#3324),#3329);
#3324 = B_SPLINE_CURVE_WITH_KNOTS('',3,(#3325,#3326,#3327,#3328),
  .UNSPECIFIED.,.F.,.F.,(4,4),(0.,1.),.PIECEWISE_BEZIER_KNOTS.);
#3325 = CARTESIAN_POINT('',(-1.743735995067,-2.196517932604));
#3326 = CARTESIAN_POINT('',(-1.657564725004,-2.357152009354));
#3327 = CARTESIAN_POINT('',(-1.553839761004,-2.510515177354));
#3328 = CARTESIAN_POINT('',(-1.468701620067,-2.671577307604));
#3329 = ( GEOMETRIC_REPRESENTATION_CONTEXT(2) 
PARAMETRIC_REPRESENTATION_CONTEXT() REPRESENTATION_CONTEXT('2D SPACE',''
  ) );
#3330 = PCURVE('',#3331,#3339);
#3331 = SURFACE_OF_LINEAR_EXTRUSION('',#3332,#3337);
#3332 = B_SPLINE_CURVE_WITH_KNOTS('',3,(#3333,#3334,#3335,#3336),
  .UNSPECIFIED.,.F.,.F.,(4,4),(0.,1.),.PIECEWISE_BEZIER_KNOTS.);
#3333 = CARTESIAN_POINT('',(15.5011375,-4.5,-2.176821875));
#3334 = CARTESIAN_POINT('',(15.34050342325,-4.5,-2.090650604938));
#3335 = CARTESIAN_POINT('',(15.18714025525,-4.5,-1.986925640937));
#3336 = CARTESIAN_POINT('',(15.026078125,-4.5,-1.9017875));
#3337 = VECTOR('',#3338,1.);
#3338 = DIRECTION('',(0.,-1.,-2.230669073875E-16));
#3339 = DEFINITIONAL_REPRESENTATION('',(#3340),#3344);
#3340 = LINE('',#3341,#3342);
#3341 = CARTESIAN_POINT('',(0.,-0.2));
#3342 = VECTOR('',#3343,1.);
#3343 = DIRECTION('',(1.,0.));
#3344 = ( GEOMETRIC_REPRESENTATION_CONTEXT(2) 
PARAMETRIC_REPRESENTATION_CONTEXT() REPRESENTATION_CONTEXT('2D SPACE',''
  ) );
#3345 = ORIENTED_EDGE('',*,*,#3346,.F.);
#3346 = EDGE_CURVE('',#3347,#3314,#3349,.T.);
#3347 = VERTEX_POINT('',#3348);
#3348 = CARTESIAN_POINT('',(15.976196875,-4.3,-2.376846875));
#3349 = SURFACE_CURVE('',#3350,(#3355,#3363),.PCURVE_S1.);
#3350 = B_SPLINE_CURVE_WITH_KNOTS('',3,(#3351,#3352,#3353,#3354),
  .UNSPECIFIED.,.F.,.F.,(4,4),(0.,1.),.PIECEWISE_BEZIER_KNOTS.);
#3351 = CARTESIAN_POINT('',(15.976196875,-4.3,-2.376846875));
#3352 = CARTESIAN_POINT('',(15.810041858219,-4.3,-2.329007145781));
#3353 = CARTESIAN_POINT('',(15.659199755313,-4.3,-2.244199296125));
#3354 = CARTESIAN_POINT('',(15.5011375,-4.3,-2.176821875));
#3355 = PCURVE('',#1352,#3356);
#3356 = DEFINITIONAL_REPRESENTATION('',(#3357),#3362);
#3357 = B_SPLINE_CURVE_WITH_KNOTS('',3,(#3358,#3359,#3360,#3361),
  .UNSPECIFIED.,.F.,.F.,(4,4),(0.,1.),.PIECEWISE_BEZIER_KNOTS.);
#3358 = CARTESIAN_POINT('',(-1.943760995067,-1.721458557604));
#3359 = CARTESIAN_POINT('',(-1.895921265848,-1.887613574385));
#3360 = CARTESIAN_POINT('',(-1.811113416192,-2.038455677291));
#3361 = CARTESIAN_POINT('',(-1.743735995067,-2.196517932604));
#3362 = ( GEOMETRIC_REPRESENTATION_CONTEXT(2) 
PARAMETRIC_REPRESENTATION_CONTEXT() REPRESENTATION_CONTEXT('2D SPACE',''
  ) );
#3363 = PCURVE('',#3364,#3372);
#3364 = SURFACE_OF_LINEAR_EXTRUSION('',#3365,#3370);
#3365 = B_SPLINE_CURVE_WITH_KNOTS('',3,(#3366,#3367,#3368,#3369),
  .UNSPECIFIED.,.F.,.F.,(4,4),(0.,1.),.PIECEWISE_BEZIER_KNOTS.);
#3366 = CARTESIAN_POINT('',(15.976196875,-4.5,-2.376846875));
#3367 = CARTESIAN_POINT('',(15.810041858219,-4.5,-2.329007145781));
#3368 = CARTESIAN_POINT('',(15.659199755313,-4.5,-2.244199296125));
#3369 = CARTESIAN_POINT('',(15.5011375,-4.5,-2.176821875));
#3370 = VECTOR('',#3371,1.);
#3371 = DIRECTION('',(0.,-1.,-2.230669073875E-16));
#3372 = DEFINITIONAL_REPRESENTATION('',(#3373),#3377);
#3373 = LINE('',#3374,#3375);
#3374 = CARTESIAN_POINT('',(0.,-0.2));
#3375 = VECTOR('',#3376,1.);
#3376 = DIRECTION('',(1.,0.));
#3377 = ( GEOMETRIC_REPRESENTATION_CONTEXT(2) 
PARAMETRIC_REPRESENTATION_CONTEXT() REPRESENTATION_CONTEXT('2D SPACE',''
  ) );
#3378 = ORIENTED_EDGE('',*,*,#3379,.F.);
#3379 = EDGE_CURVE('',#3380,#3347,#3382,.T.);
#3380 = VERTEX_POINT('',#3381);
#3381 = CARTESIAN_POINT('',(16.426253125,-4.3,-2.526865625));
#3382 = SURFACE_CURVE('',#3383,(#3388,#3396),.PCURVE_S1.);
#3383 = B_SPLINE_CURVE_WITH_KNOTS('',3,(#3384,#3385,#3386,#3387),
  .UNSPECIFIED.,.F.,.F.,(4,4),(0.,1.),.PIECEWISE_BEZIER_KNOTS.);
#3384 = CARTESIAN_POINT('',(16.426253125,-4.3,-2.526865625));
#3385 = CARTESIAN_POINT('',(16.272525661469,-4.3,-2.485813244094));
#3386 = CARTESIAN_POINT('',(16.121110987,-4.3,-2.439177165313));
#3387 = CARTESIAN_POINT('',(15.976196875,-4.3,-2.376846875));
#3388 = PCURVE('',#1352,#3389);
#3389 = DEFINITIONAL_REPRESENTATION('',(#3390),#3395);
#3390 = B_SPLINE_CURVE_WITH_KNOTS('',3,(#3391,#3392,#3393,#3394),
  .UNSPECIFIED.,.F.,.F.,(4,4),(0.,1.),.PIECEWISE_BEZIER_KNOTS.);
#3391 = CARTESIAN_POINT('',(-2.093779745067,-1.271402307604));
#3392 = CARTESIAN_POINT('',(-2.05272736416,-1.425129771135));
#3393 = CARTESIAN_POINT('',(-2.006091285379,-1.576544445604));
#3394 = CARTESIAN_POINT('',(-1.943760995067,-1.721458557604));
#3395 = ( GEOMETRIC_REPRESENTATION_CONTEXT(2) 
PARAMETRIC_REPRESENTATION_CONTEXT() REPRESENTATION_CONTEXT('2D SPACE',''
  ) );
#3396 = PCURVE('',#3397,#3405);
#3397 = SURFACE_OF_LINEAR_EXTRUSION('',#3398,#3403);
#3398 = B_SPLINE_CURVE_WITH_KNOTS('',3,(#3399,#3400,#3401,#3402),
  .UNSPECIFIED.,.F.,.F.,(4,4),(0.,1.),.PIECEWISE_BEZIER_KNOTS.);
#3399 = CARTESIAN_POINT('',(16.426253125,-4.5,-2.526865625));
#3400 = CARTESIAN_POINT('',(16.272525661469,-4.5,-2.485813244094));
#3401 = CARTESIAN_POINT('',(16.121110987,-4.5,-2.439177165313));
#3402 = CARTESIAN_POINT('',(15.976196875,-4.5,-2.376846875));
#3403 = VECTOR('',#3404,1.);
#3404 = DIRECTION('',(0.,-1.,-2.230669073875E-16));
#3405 = DEFINITIONAL_REPRESENTATION('',(#3406),#3410);
#3406 = LINE('',#3407,#3408);
#3407 = CARTESIAN_POINT('',(0.,-0.2));
#3408 = VECTOR('',#3409,1.);
#3409 = DIRECTION('',(1.,0.));
#3410 = ( GEOMETRIC_REPRESENTATION_CONTEXT(2) 
PARAMETRIC_REPRESENTATION_CONTEXT() REPRESENTATION_CONTEXT('2D SPACE',''
  ) );
#3411 = ORIENTED_EDGE('',*,*,#3412,.F.);
#3412 = EDGE_CURVE('',#3413,#3380,#3415,.T.);
#3413 = VERTEX_POINT('',#3414);
#3414 = CARTESIAN_POINT('',(16.803752056469,-4.3,-2.626878125));
#3415 = SURFACE_CURVE('',#3416,(#3421,#3429),.PCURVE_S1.);
#3416 = B_SPLINE_CURVE_WITH_KNOTS('',3,(#3417,#3418,#3419,#3420),
  .UNSPECIFIED.,.F.,.F.,(4,4),(0.,1.),.PIECEWISE_BEZIER_KNOTS.);
#3417 = CARTESIAN_POINT('',(16.803752056469,-4.3,-2.626878125));
#3418 = CARTESIAN_POINT('',(16.680043844875,-4.3,-2.588411067219));
#3419 = CARTESIAN_POINT('',(16.548961961688,-4.3,-2.567745484344));
#3420 = CARTESIAN_POINT('',(16.426253125,-4.3,-2.526865625));
#3421 = PCURVE('',#1352,#3422);
#3422 = DEFINITIONAL_REPRESENTATION('',(#3423),#3428);
#3423 = B_SPLINE_CURVE_WITH_KNOTS('',3,(#3424,#3425,#3426,#3427),
  .UNSPECIFIED.,.F.,.F.,(4,4),(0.,1.),.PIECEWISE_BEZIER_KNOTS.);
#3424 = CARTESIAN_POINT('',(-2.193792245067,-0.893903376135));
#3425 = CARTESIAN_POINT('',(-2.155325187285,-1.017611587729));
#3426 = CARTESIAN_POINT('',(-2.13465960441,-1.148693470916));
#3427 = CARTESIAN_POINT('',(-2.093779745067,-1.271402307604));
#3428 = ( GEOMETRIC_REPRESENTATION_CONTEXT(2) 
PARAMETRIC_REPRESENTATION_CONTEXT() REPRESENTATION_CONTEXT('2D SPACE',''
  ) );
#3429 = PCURVE('',#3430,#3438);
#3430 = SURFACE_OF_LINEAR_EXTRUSION('',#3431,#3436);
#3431 = B_SPLINE_CURVE_WITH_KNOTS('',3,(#3432,#3433,#3434,#3435),
  .UNSPECIFIED.,.F.,.F.,(4,4),(0.,1.),.PIECEWISE_BEZIER_KNOTS.);
#3432 = CARTESIAN_POINT('',(16.803752056469,-4.5,-2.626878125));
#3433 = CARTESIAN_POINT('',(16.680043844875,-4.5,-2.588411067219));
#3434 = CARTESIAN_POINT('',(16.548961961688,-4.5,-2.567745484344));
#3435 = CARTESIAN_POINT('',(16.426253125,-4.5,-2.526865625));
#3436 = VECTOR('',#3437,1.);
#3437 = DIRECTION('',(0.,-1.,-2.230669073875E-16));
#3438 = DEFINITIONAL_REPRESENTATION('',(#3439),#3443);
#3439 = LINE('',#3440,#3441);
#3440 = CARTESIAN_POINT('',(0.,-0.2));
#3441 = VECTOR('',#3442,1.);
#3442 = DIRECTION('',(1.,0.));
#3443 = ( GEOMETRIC_REPRESENTATION_CONTEXT(2) 
PARAMETRIC_REPRESENTATION_CONTEXT() REPRESENTATION_CONTEXT('2D SPACE',''
  ) );
#3444 = ORIENTED_EDGE('',*,*,#3445,.F.);
#3445 = EDGE_CURVE('',#3446,#3413,#3448,.T.);
#3446 = VERTEX_POINT('',#3447);
#3447 = CARTESIAN_POINT('',(17.15134375,-4.3,-2.7018875));
#3448 = SURFACE_CURVE('',#3449,(#3454,#3462),.PCURVE_S1.);
#3449 = B_SPLINE_CURVE_WITH_KNOTS('',3,(#3450,#3451,#3452,#3453),
  .UNSPECIFIED.,.F.,.F.,(4,4),(0.,1.),.PIECEWISE_BEZIER_KNOTS.);
#3450 = CARTESIAN_POINT('',(17.15134375,-4.3,-2.7018875));
#3451 = CARTESIAN_POINT('',(17.0421020965,-4.3,-2.660896626781));
#3452 = CARTESIAN_POINT('',(16.921772557188,-4.3,-2.646674849281));
#3453 = CARTESIAN_POINT('',(16.803752056469,-4.3,-2.626878125));
#3454 = PCURVE('',#1352,#3455);
#3455 = DEFINITIONAL_REPRESENTATION('',(#3456),#3461);
#3456 = B_SPLINE_CURVE_WITH_KNOTS('',3,(#3457,#3458,#3459,#3460),
  .UNSPECIFIED.,.F.,.F.,(4,4),(0.,1.),.PIECEWISE_BEZIER_KNOTS.);
#3457 = CARTESIAN_POINT('',(-2.268801620067,-0.546311682604));
#3458 = CARTESIAN_POINT('',(-2.227810746848,-0.655553336104));
#3459 = CARTESIAN_POINT('',(-2.213588969348,-0.775882875416));
#3460 = CARTESIAN_POINT('',(-2.193792245067,-0.893903376135));
#3461 = ( GEOMETRIC_REPRESENTATION_CONTEXT(2) 
PARAMETRIC_REPRESENTATION_CONTEXT() REPRESENTATION_CONTEXT('2D SPACE',''
  ) );
#3462 = PCURVE('',#3463,#3471);
#3463 = SURFACE_OF_LINEAR_EXTRUSION('',#3464,#3469);
#3464 = B_SPLINE_CURVE_WITH_KNOTS('',3,(#3465,#3466,#3467,#3468),
  .UNSPECIFIED.,.F.,.F.,(4,4),(0.,1.),.PIECEWISE_BEZIER_KNOTS.);
#3465 = CARTESIAN_POINT('',(17.15134375,-4.5,-2.7018875));
#3466 = CARTESIAN_POINT('',(17.0421020965,-4.5,-2.660896626781));
#3467 = CARTESIAN_POINT('',(16.921772557188,-4.5,-2.646674849281));
#3468 = CARTESIAN_POINT('',(16.803752056469,-4.5,-2.626878125));
#3469 = VECTOR('',#3470,1.);
#3470 = DIRECTION('',(0.,-1.,-2.230669073875E-16));
#3471 = DEFINITIONAL_REPRESENTATION('',(#3472),#3476);
#3472 = LINE('',#3473,#3474);
#3473 = CARTESIAN_POINT('',(0.,-0.2));
#3474 = VECTOR('',#3475,1.);
#3475 = DIRECTION('',(1.,0.));
#3476 = ( GEOMETRIC_REPRESENTATION_CONTEXT(2) 
PARAMETRIC_REPRESENTATION_CONTEXT() REPRESENTATION_CONTEXT('2D SPACE',''
  ) );
#3477 = ORIENTED_EDGE('',*,*,#3478,.F.);
#3478 = EDGE_CURVE('',#3479,#3446,#3481,.T.);
#3479 = VERTEX_POINT('',#3480);
#3480 = CARTESIAN_POINT('',(17.476384375,-4.3,-2.726890625));
#3481 = SURFACE_CURVE('',#3482,(#3487,#3495),.PCURVE_S1.);
#3482 = B_SPLINE_CURVE_WITH_KNOTS('',3,(#3483,#3484,#3485,#3486),
  .UNSPECIFIED.,.F.,.F.,(4,4),(0.,1.),.PIECEWISE_BEZIER_KNOTS.);
#3483 = CARTESIAN_POINT('',(17.476384375,-4.3,-2.726890625));
#3484 = CARTESIAN_POINT('',(17.358111842781,-4.3,-2.742518828281));
#3485 = CARTESIAN_POINT('',(17.26922048275,-4.3,-2.687214666125));
#3486 = CARTESIAN_POINT('',(17.15134375,-4.3,-2.7018875));
#3487 = PCURVE('',#1352,#3488);
#3488 = DEFINITIONAL_REPRESENTATION('',(#3489),#3494);
#3489 = B_SPLINE_CURVE_WITH_KNOTS('',3,(#3490,#3491,#3492,#3493),
  .UNSPECIFIED.,.F.,.F.,(4,4),(0.,1.),.PIECEWISE_BEZIER_KNOTS.);
#3490 = CARTESIAN_POINT('',(-2.293804745067,-0.221271057604));
#3491 = CARTESIAN_POINT('',(-2.309432948348,-0.339543589823));
#3492 = CARTESIAN_POINT('',(-2.254128786192,-0.428434949854));
#3493 = CARTESIAN_POINT('',(-2.268801620067,-0.546311682604));
#3494 = ( GEOMETRIC_REPRESENTATION_CONTEXT(2) 
PARAMETRIC_REPRESENTATION_CONTEXT() REPRESENTATION_CONTEXT('2D SPACE',''
  ) );
#3495 = PCURVE('',#3496,#3504);
#3496 = SURFACE_OF_LINEAR_EXTRUSION('',#3497,#3502);
#3497 = B_SPLINE_CURVE_WITH_KNOTS('',3,(#3498,#3499,#3500,#3501),
  .UNSPECIFIED.,.F.,.F.,(4,4),(0.,1.),.PIECEWISE_BEZIER_KNOTS.);
#3498 = CARTESIAN_POINT('',(17.476384375,-4.5,-2.726890625));
#3499 = CARTESIAN_POINT('',(17.358111842781,-4.5,-2.742518828281));
#3500 = CARTESIAN_POINT('',(17.26922048275,-4.5,-2.687214666125));
#3501 = CARTESIAN_POINT('',(17.15134375,-4.5,-2.7018875));
#3502 = VECTOR('',#3503,1.);
#3503 = DIRECTION('',(0.,-1.,-2.230669073875E-16));
#3504 = DEFINITIONAL_REPRESENTATION('',(#3505),#3509);
#3505 = LINE('',#3506,#3507);
#3506 = CARTESIAN_POINT('',(0.,-0.2));
#3507 = VECTOR('',#3508,1.);
#3508 = DIRECTION('',(1.,0.));
#3509 = ( GEOMETRIC_REPRESENTATION_CONTEXT(2) 
PARAMETRIC_REPRESENTATION_CONTEXT() REPRESENTATION_CONTEXT('2D SPACE',''
  ) );
#3510 = ORIENTED_EDGE('',*,*,#3511,.F.);
#3511 = EDGE_CURVE('',#3512,#3479,#3514,.T.);
#3512 = VERTEX_POINT('',#3513);
#3513 = CARTESIAN_POINT('',(17.776421875,-4.3,-2.776896875));
#3514 = SURFACE_CURVE('',#3515,(#3520,#3528),.PCURVE_S1.);
#3515 = B_SPLINE_CURVE_WITH_KNOTS('',3,(#3516,#3517,#3518,#3519),
  .UNSPECIFIED.,.F.,.F.,(4,4),(0.,1.),.PIECEWISE_BEZIER_KNOTS.);
#3516 = CARTESIAN_POINT('',(17.776421875,-4.3,-2.776896875));
#3517 = CARTESIAN_POINT('',(17.694694410344,-4.3,-2.716084024344));
#3518 = CARTESIAN_POINT('',(17.55875667025,-4.3,-2.786146531063));
#3519 = CARTESIAN_POINT('',(17.476384375,-4.3,-2.726890625));
#3520 = PCURVE('',#1352,#3521);
#3521 = DEFINITIONAL_REPRESENTATION('',(#3522),#3527);
#3522 = B_SPLINE_CURVE_WITH_KNOTS('',3,(#3523,#3524,#3525,#3526),
  .UNSPECIFIED.,.F.,.F.,(4,4),(0.,1.),.PIECEWISE_BEZIER_KNOTS.);
#3523 = CARTESIAN_POINT('',(-2.343810995067,7.876644239602E-02));
#3524 = CARTESIAN_POINT('',(-2.28299814441,-2.96102226023E-03));
#3525 = CARTESIAN_POINT('',(-2.353060651129,-0.138898762354));
#3526 = CARTESIAN_POINT('',(-2.293804745067,-0.221271057604));
#3527 = ( GEOMETRIC_REPRESENTATION_CONTEXT(2) 
PARAMETRIC_REPRESENTATION_CONTEXT() REPRESENTATION_CONTEXT('2D SPACE',''
  ) );
#3528 = PCURVE('',#3529,#3537);
#3529 = SURFACE_OF_LINEAR_EXTRUSION('',#3530,#3535);
#3530 = B_SPLINE_CURVE_WITH_KNOTS('',3,(#3531,#3532,#3533,#3534),
  .UNSPECIFIED.,.F.,.F.,(4,4),(0.,1.),.PIECEWISE_BEZIER_KNOTS.);
#3531 = CARTESIAN_POINT('',(17.776421875,-4.5,-2.776896875));
#3532 = CARTESIAN_POINT('',(17.694694410344,-4.5,-2.716084024344));
#3533 = CARTESIAN_POINT('',(17.55875667025,-4.5,-2.786146531063));
#3534 = CARTESIAN_POINT('',(17.476384375,-4.5,-2.726890625));
#3535 = VECTOR('',#3536,1.);
#3536 = DIRECTION('',(0.,-1.,-2.230669073875E-16));
#3537 = DEFINITIONAL_REPRESENTATION('',(#3538),#3542);
#3538 = LINE('',#3539,#3540);
#3539 = CARTESIAN_POINT('',(0.,-0.2));
#3540 = VECTOR('',#3541,1.);
#3541 = DIRECTION('',(1.,0.));
#3542 = ( GEOMETRIC_REPRESENTATION_CONTEXT(2) 
PARAMETRIC_REPRESENTATION_CONTEXT() REPRESENTATION_CONTEXT('2D SPACE',''
  ) );
#3543 = ORIENTED_EDGE('',*,*,#3544,.F.);
#3544 = EDGE_CURVE('',#3545,#3512,#3547,.T.);
#3545 = VERTEX_POINT('',#3546);
#3546 = CARTESIAN_POINT('',(18.201475,-4.3,-2.8019));
#3547 = SURFACE_CURVE('',#3548,(#3553,#3561),.PCURVE_S1.);
#3548 = B_SPLINE_CURVE_WITH_KNOTS('',3,(#3549,#3550,#3551,#3552),
  .UNSPECIFIED.,.F.,.F.,(4,4),(0.,1.),.PIECEWISE_BEZIER_KNOTS.);
#3549 = CARTESIAN_POINT('',(18.201475,-4.3,-2.8019));
#3550 = CARTESIAN_POINT('',(18.07822959625,-4.3,-2.749050144594));
#3551 = CARTESIAN_POINT('',(17.916263603031,-4.3,-2.789679972687));
#3552 = CARTESIAN_POINT('',(17.776421875,-4.3,-2.776896875));
#3553 = PCURVE('',#1352,#3554);
#3554 = DEFINITIONAL_REPRESENTATION('',(#3555),#3560);
#3555 = B_SPLINE_CURVE_WITH_KNOTS('',3,(#3556,#3557,#3558,#3559),
  .UNSPECIFIED.,.F.,.F.,(4,4),(0.,1.),.PIECEWISE_BEZIER_KNOTS.);
#3556 = CARTESIAN_POINT('',(-2.368814120067,0.503819567396));
#3557 = CARTESIAN_POINT('',(-2.31596426466,0.380574163646));
#3558 = CARTESIAN_POINT('',(-2.356594092754,0.218608170427));
#3559 = CARTESIAN_POINT('',(-2.343810995067,7.876644239602E-02));
#3560 = ( GEOMETRIC_REPRESENTATION_CONTEXT(2) 
PARAMETRIC_REPRESENTATION_CONTEXT() REPRESENTATION_CONTEXT('2D SPACE',''
  ) );
#3561 = PCURVE('',#3562,#3570);
#3562 = SURFACE_OF_LINEAR_EXTRUSION('',#3563,#3568);
#3563 = B_SPLINE_CURVE_WITH_KNOTS('',3,(#3564,#3565,#3566,#3567),
  .UNSPECIFIED.,.F.,.F.,(4,4),(0.,1.),.PIECEWISE_BEZIER_KNOTS.);
#3564 = CARTESIAN_POINT('',(18.201475,-4.5,-2.8019));
#3565 = CARTESIAN_POINT('',(18.07822959625,-4.5,-2.749050144594));
#3566 = CARTESIAN_POINT('',(17.916263603031,-4.5,-2.789679972687));
#3567 = CARTESIAN_POINT('',(17.776421875,-4.5,-2.776896875));
#3568 = VECTOR('',#3569,1.);
#3569 = DIRECTION('',(0.,-1.,-2.230669073875E-16));
#3570 = DEFINITIONAL_REPRESENTATION('',(#3571),#3575);
#3571 = LINE('',#3572,#3573);
#3572 = CARTESIAN_POINT('',(0.,-0.2));
#3573 = VECTOR('',#3574,1.);
#3574 = DIRECTION('',(1.,0.));
#3575 = ( GEOMETRIC_REPRESENTATION_CONTEXT(2) 
PARAMETRIC_REPRESENTATION_CONTEXT() REPRESENTATION_CONTEXT('2D SPACE',''
  ) );
#3576 = ORIENTED_EDGE('',*,*,#3577,.F.);
#3577 = EDGE_CURVE('',#3578,#3545,#3580,.T.);
#3578 = VERTEX_POINT('',#3579);
#3579 = CARTESIAN_POINT('',(18.976571875,-4.3,-2.8019));
#3580 = SURFACE_CURVE('',#3581,(#3586,#3594),.PCURVE_S1.);
#3581 = B_SPLINE_CURVE_WITH_KNOTS('',3,(#3582,#3583,#3584,#3585),
  .UNSPECIFIED.,.F.,.F.,(4,4),(0.,1.),.PIECEWISE_BEZIER_KNOTS.);
#3582 = CARTESIAN_POINT('',(18.976571875,-4.3,-2.8019));
#3583 = CARTESIAN_POINT('',(18.718206333344,-4.3,-2.8019));
#3584 = CARTESIAN_POINT('',(18.459840541656,-4.3,-2.8019));
#3585 = CARTESIAN_POINT('',(18.201475,-4.3,-2.8019));
#3586 = PCURVE('',#1352,#3587);
#3587 = DEFINITIONAL_REPRESENTATION('',(#3588),#3593);
#3588 = B_SPLINE_CURVE_WITH_KNOTS('',3,(#3589,#3590,#3591,#3592),
  .UNSPECIFIED.,.F.,.F.,(4,4),(0.,1.),.PIECEWISE_BEZIER_KNOTS.);
#3589 = CARTESIAN_POINT('',(-2.368814120067,1.278916442396));
#3590 = CARTESIAN_POINT('',(-2.368814120067,1.02055090074));
#3591 = CARTESIAN_POINT('',(-2.368814120067,0.762185109052));
#3592 = CARTESIAN_POINT('',(-2.368814120067,0.503819567396));
#3593 = ( GEOMETRIC_REPRESENTATION_CONTEXT(2) 
PARAMETRIC_REPRESENTATION_CONTEXT() REPRESENTATION_CONTEXT('2D SPACE',''
  ) );
#3594 = PCURVE('',#3595,#3603);
#3595 = SURFACE_OF_LINEAR_EXTRUSION('',#3596,#3601);
#3596 = B_SPLINE_CURVE_WITH_KNOTS('',3,(#3597,#3598,#3599,#3600),
  .UNSPECIFIED.,.F.,.F.,(4,4),(0.,1.),.PIECEWISE_BEZIER_KNOTS.);
#3597 = CARTESIAN_POINT('',(18.976571875,-4.5,-2.8019));
#3598 = CARTESIAN_POINT('',(18.718206333344,-4.5,-2.8019));
#3599 = CARTESIAN_POINT('',(18.459840541656,-4.5,-2.8019));
#3600 = CARTESIAN_POINT('',(18.201475,-4.5,-2.8019));
#3601 = VECTOR('',#3602,1.);
#3602 = DIRECTION('',(0.,-1.,-2.230669073875E-16));
#3603 = DEFINITIONAL_REPRESENTATION('',(#3604),#3608);
#3604 = LINE('',#3605,#3606);
#3605 = CARTESIAN_POINT('',(0.,-0.2));
#3606 = VECTOR('',#3607,1.);
#3607 = DIRECTION('',(1.,0.));
#3608 = ( GEOMETRIC_REPRESENTATION_CONTEXT(2) 
PARAMETRIC_REPRESENTATION_CONTEXT() REPRESENTATION_CONTEXT('2D SPACE',''
  ) );
#3609 = ORIENTED_EDGE('',*,*,#3610,.F.);
#3610 = EDGE_CURVE('',#3611,#3578,#3613,.T.);
#3611 = VERTEX_POINT('',#3612);
#3612 = CARTESIAN_POINT('',(19.326615625,-4.3,-2.776896875));
#3613 = SURFACE_CURVE('',#3614,(#3619,#3627),.PCURVE_S1.);
#3614 = B_SPLINE_CURVE_WITH_KNOTS('',3,(#3615,#3616,#3617,#3618),
  .UNSPECIFIED.,.F.,.F.,(4,4),(0.,1.),.PIECEWISE_BEZIER_KNOTS.);
#3615 = CARTESIAN_POINT('',(19.326615625,-4.3,-2.776896875));
#3616 = CARTESIAN_POINT('',(19.204184573031,-4.3,-2.77135018175));
#3617 = CARTESIAN_POINT('',(19.086934668625,-4.3,-2.778312051875));
#3618 = CARTESIAN_POINT('',(18.976571875,-4.3,-2.8019));
#3619 = PCURVE('',#1352,#3620);
#3620 = DEFINITIONAL_REPRESENTATION('',(#3621),#3626);
#3621 = B_SPLINE_CURVE_WITH_KNOTS('',3,(#3622,#3623,#3624,#3625),
  .UNSPECIFIED.,.F.,.F.,(4,4),(0.,1.),.PIECEWISE_BEZIER_KNOTS.);
#3622 = CARTESIAN_POINT('',(-2.343810995067,1.628960192396));
#3623 = CARTESIAN_POINT('',(-2.338264301817,1.506529140427));
#3624 = CARTESIAN_POINT('',(-2.345226171942,1.389279236021));
#3625 = CARTESIAN_POINT('',(-2.368814120067,1.278916442396));
#3626 = ( GEOMETRIC_REPRESENTATION_CONTEXT(2) 
PARAMETRIC_REPRESENTATION_CONTEXT() REPRESENTATION_CONTEXT('2D SPACE',''
  ) );
#3627 = PCURVE('',#3628,#3636);
#3628 = SURFACE_OF_LINEAR_EXTRUSION('',#3629,#3634);
#3629 = B_SPLINE_CURVE_WITH_KNOTS('',3,(#3630,#3631,#3632,#3633),
  .UNSPECIFIED.,.F.,.F.,(4,4),(0.,1.),.PIECEWISE_BEZIER_KNOTS.);
#3630 = CARTESIAN_POINT('',(19.326615625,-4.5,-2.776896875));
#3631 = CARTESIAN_POINT('',(19.204184573031,-4.5,-2.77135018175));
#3632 = CARTESIAN_POINT('',(19.086934668625,-4.5,-2.778312051875));
#3633 = CARTESIAN_POINT('',(18.976571875,-4.5,-2.8019));
#3634 = VECTOR('',#3635,1.);
#3635 = DIRECTION('',(0.,-1.,-2.230669073875E-16));
#3636 = DEFINITIONAL_REPRESENTATION('',(#3637),#3641);
#3637 = LINE('',#3638,#3639);
#3638 = CARTESIAN_POINT('',(0.,-0.2));
#3639 = VECTOR('',#3640,1.);
#3640 = DIRECTION('',(1.,0.));
#3641 = ( GEOMETRIC_REPRESENTATION_CONTEXT(2) 
PARAMETRIC_REPRESENTATION_CONTEXT() REPRESENTATION_CONTEXT('2D SPACE',''
  ) );
#3642 = ORIENTED_EDGE('',*,*,#3643,.F.);
#3643 = EDGE_CURVE('',#3644,#3611,#3646,.T.);
#3644 = VERTEX_POINT('',#3645);
#3645 = CARTESIAN_POINT('',(19.726665625,-4.3,-2.75189375));
#3646 = SURFACE_CURVE('',#3647,(#3652,#3660),.PCURVE_S1.);
#3647 = B_SPLINE_CURVE_WITH_KNOTS('',3,(#3648,#3649,#3650,#3651),
  .UNSPECIFIED.,.F.,.F.,(4,4),(0.,1.),.PIECEWISE_BEZIER_KNOTS.);
#3648 = CARTESIAN_POINT('',(19.726665625,-4.3,-2.75189375));
#3649 = CARTESIAN_POINT('',(19.583978291313,-4.3,-2.737685474188));
#3650 = CARTESIAN_POINT('',(19.470340338344,-4.3,-2.793609213781));
#3651 = CARTESIAN_POINT('',(19.326615625,-4.3,-2.776896875));
#3652 = PCURVE('',#1352,#3653);
#3653 = DEFINITIONAL_REPRESENTATION('',(#3654),#3659);
#3654 = B_SPLINE_CURVE_WITH_KNOTS('',3,(#3655,#3656,#3657,#3658),
  .UNSPECIFIED.,.F.,.F.,(4,4),(0.,1.),.PIECEWISE_BEZIER_KNOTS.);
#3655 = CARTESIAN_POINT('',(-2.318807870067,2.029010192396));
#3656 = CARTESIAN_POINT('',(-2.304599594254,1.886322858709));
#3657 = CARTESIAN_POINT('',(-2.360523333848,1.77268490574));
#3658 = CARTESIAN_POINT('',(-2.343810995067,1.628960192396));
#3659 = ( GEOMETRIC_REPRESENTATION_CONTEXT(2) 
PARAMETRIC_REPRESENTATION_CONTEXT() REPRESENTATION_CONTEXT('2D SPACE',''
  ) );
#3660 = PCURVE('',#3661,#3669);
#3661 = SURFACE_OF_LINEAR_EXTRUSION('',#3662,#3667);
#3662 = B_SPLINE_CURVE_WITH_KNOTS('',3,(#3663,#3664,#3665,#3666),
  .UNSPECIFIED.,.F.,.F.,(4,4),(0.,1.),.PIECEWISE_BEZIER_KNOTS.);
#3663 = CARTESIAN_POINT('',(19.726665625,-4.5,-2.75189375));
#3664 = CARTESIAN_POINT('',(19.583978291313,-4.5,-2.737685474188));
#3665 = CARTESIAN_POINT('',(19.470340338344,-4.5,-2.793609213781));
#3666 = CARTESIAN_POINT('',(19.326615625,-4.5,-2.776896875));
#3667 = VECTOR('',#3668,1.);
#3668 = DIRECTION('',(0.,-1.,-2.230669073875E-16));
#3669 = DEFINITIONAL_REPRESENTATION('',(#3670),#3674);
#3670 = LINE('',#3671,#3672);
#3671 = CARTESIAN_POINT('',(0.,-0.2));
#3672 = VECTOR('',#3673,1.);
#3673 = DIRECTION('',(1.,0.));
#3674 = ( GEOMETRIC_REPRESENTATION_CONTEXT(2) 
PARAMETRIC_REPRESENTATION_CONTEXT() REPRESENTATION_CONTEXT('2D SPACE',''
  ) );
#3675 = ORIENTED_EDGE('',*,*,#3676,.F.);
#3676 = EDGE_CURVE('',#3677,#3644,#3679,.T.);
#3677 = VERTEX_POINT('',#3678);
#3678 = CARTESIAN_POINT('',(20.029155181469,-4.3,-2.7018875));
#3679 = SURFACE_CURVE('',#3680,(#3685,#3693),.PCURVE_S1.);
#3680 = B_SPLINE_CURVE_WITH_KNOTS('',3,(#3681,#3682,#3683,#3684),
  .UNSPECIFIED.,.F.,.F.,(4,4),(0.,1.),.PIECEWISE_BEZIER_KNOTS.);
#3681 = CARTESIAN_POINT('',(20.029155181469,-4.3,-2.7018875));
#3682 = CARTESIAN_POINT('',(19.939415215375,-4.3,-2.745329429563));
#3683 = CARTESIAN_POINT('',(19.817600740469,-4.3,-2.711336931031));
#3684 = CARTESIAN_POINT('',(19.726665625,-4.3,-2.75189375));
#3685 = PCURVE('',#1352,#3686);
#3686 = DEFINITIONAL_REPRESENTATION('',(#3687),#3692);
#3687 = B_SPLINE_CURVE_WITH_KNOTS('',3,(#3688,#3689,#3690,#3691),
  .UNSPECIFIED.,.F.,.F.,(4,4),(0.,1.),.PIECEWISE_BEZIER_KNOTS.);
#3688 = CARTESIAN_POINT('',(-2.268801620067,2.331499748865));
#3689 = CARTESIAN_POINT('',(-2.312243549629,2.241759782771));
#3690 = CARTESIAN_POINT('',(-2.278251051098,2.119945307865));
#3691 = CARTESIAN_POINT('',(-2.318807870067,2.029010192396));
#3692 = ( GEOMETRIC_REPRESENTATION_CONTEXT(2) 
PARAMETRIC_REPRESENTATION_CONTEXT() REPRESENTATION_CONTEXT('2D SPACE',''
  ) );
#3693 = PCURVE('',#3694,#3702);
#3694 = SURFACE_OF_LINEAR_EXTRUSION('',#3695,#3700);
#3695 = B_SPLINE_CURVE_WITH_KNOTS('',3,(#3696,#3697,#3698,#3699),
  .UNSPECIFIED.,.F.,.F.,(4,4),(0.,1.),.PIECEWISE_BEZIER_KNOTS.);
#3696 = CARTESIAN_POINT('',(20.029155181469,-4.5,-2.7018875));
#3697 = CARTESIAN_POINT('',(19.939415215375,-4.5,-2.745329429563));
#3698 = CARTESIAN_POINT('',(19.817600740469,-4.5,-2.711336931031));
#3699 = CARTESIAN_POINT('',(19.726665625,-4.5,-2.75189375));
#3700 = VECTOR('',#3701,1.);
#3701 = DIRECTION('',(0.,-1.,-2.230669073875E-16));
#3702 = DEFINITIONAL_REPRESENTATION('',(#3703),#3707);
#3703 = LINE('',#3704,#3705);
#3704 = CARTESIAN_POINT('',(0.,-0.2));
#3705 = VECTOR('',#3706,1.);
#3706 = DIRECTION('',(1.,0.));
#3707 = ( GEOMETRIC_REPRESENTATION_CONTEXT(2) 
PARAMETRIC_REPRESENTATION_CONTEXT() REPRESENTATION_CONTEXT('2D SPACE',''
  ) );
#3708 = ORIENTED_EDGE('',*,*,#3709,.F.);
#3709 = EDGE_CURVE('',#3710,#3677,#3712,.T.);
#3710 = VERTEX_POINT('',#3711);
#3711 = CARTESIAN_POINT('',(20.126715625,-4.3,-2.55186875));
#3712 = SURFACE_CURVE('',#3713,(#3718,#3726),.PCURVE_S1.);
#3713 = B_SPLINE_CURVE_WITH_KNOTS('',3,(#3714,#3715,#3716,#3717),
  .UNSPECIFIED.,.F.,.F.,(4,4),(0.,1.),.PIECEWISE_BEZIER_KNOTS.);
#3714 = CARTESIAN_POINT('',(20.126715625,-4.3,-2.55186875));
#3715 = CARTESIAN_POINT('',(20.324513096594,-4.3,-2.624591589219));
#3716 = CARTESIAN_POINT('',(20.178721624938,-4.3,-2.722479073625));
#3717 = CARTESIAN_POINT('',(20.029155181469,-4.3,-2.7018875));
#3718 = PCURVE('',#1352,#3719);
#3719 = DEFINITIONAL_REPRESENTATION('',(#3720),#3725);
#3720 = B_SPLINE_CURVE_WITH_KNOTS('',3,(#3721,#3722,#3723,#3724),
  .UNSPECIFIED.,.F.,.F.,(4,4),(0.,1.),.PIECEWISE_BEZIER_KNOTS.);
#3721 = CARTESIAN_POINT('',(-2.118782870067,2.429060192396));
#3722 = CARTESIAN_POINT('',(-2.191505709285,2.62685766399));
#3723 = CARTESIAN_POINT('',(-2.289393193692,2.481066192334));
#3724 = CARTESIAN_POINT('',(-2.268801620067,2.331499748865));
#3725 = ( GEOMETRIC_REPRESENTATION_CONTEXT(2) 
PARAMETRIC_REPRESENTATION_CONTEXT() REPRESENTATION_CONTEXT('2D SPACE',''
  ) );
#3726 = PCURVE('',#3727,#3735);
#3727 = SURFACE_OF_LINEAR_EXTRUSION('',#3728,#3733);
#3728 = B_SPLINE_CURVE_WITH_KNOTS('',3,(#3729,#3730,#3731,#3732),
  .UNSPECIFIED.,.F.,.F.,(4,4),(0.,1.),.PIECEWISE_BEZIER_KNOTS.);
#3729 = CARTESIAN_POINT('',(20.126715625,-4.5,-2.55186875));
#3730 = CARTESIAN_POINT('',(20.324513096594,-4.5,-2.624591589219));
#3731 = CARTESIAN_POINT('',(20.178721624938,-4.5,-2.722479073625));
#3732 = CARTESIAN_POINT('',(20.029155181469,-4.5,-2.7018875));
#3733 = VECTOR('',#3734,1.);
#3734 = DIRECTION('',(0.,-1.,-2.230669073875E-16));
#3735 = DEFINITIONAL_REPRESENTATION('',(#3736),#3740);
#3736 = LINE('',#3737,#3738);
#3737 = CARTESIAN_POINT('',(0.,-0.2));
#3738 = VECTOR('',#3739,1.);
#3739 = DIRECTION('',(1.,0.));
#3740 = ( GEOMETRIC_REPRESENTATION_CONTEXT(2) 
PARAMETRIC_REPRESENTATION_CONTEXT() REPRESENTATION_CONTEXT('2D SPACE',''
  ) );
#3741 = ORIENTED_EDGE('',*,*,#3742,.F.);
#3742 = EDGE_CURVE('',#3743,#3710,#3745,.T.);
#3743 = VERTEX_POINT('',#3744);
#3744 = CARTESIAN_POINT('',(19.776671875,-4.3,-2.176821875));
#3745 = SURFACE_CURVE('',#3746,(#3751,#3759),.PCURVE_S1.);
#3746 = B_SPLINE_CURVE_WITH_KNOTS('',3,(#3747,#3748,#3749,#3750),
  .UNSPECIFIED.,.F.,.F.,(4,4),(0.,1.),.PIECEWISE_BEZIER_KNOTS.);
#3747 = CARTESIAN_POINT('',(19.776671875,-4.3,-2.176821875));
#3748 = CARTESIAN_POINT('',(19.912155808375,-4.3,-2.294049276594));
#3749 = CARTESIAN_POINT('',(19.9971194275,-4.3,-2.432202793625));
#3750 = CARTESIAN_POINT('',(20.126715625,-4.3,-2.55186875));
#3751 = PCURVE('',#1352,#3752);
#3752 = DEFINITIONAL_REPRESENTATION('',(#3753),#3758);
#3753 = B_SPLINE_CURVE_WITH_KNOTS('',3,(#3754,#3755,#3756,#3757),
  .UNSPECIFIED.,.F.,.F.,(4,4),(0.,1.),.PIECEWISE_BEZIER_KNOTS.);
#3754 = CARTESIAN_POINT('',(-1.743735995067,2.079016442396));
#3755 = CARTESIAN_POINT('',(-1.86096339666,2.214500375771));
#3756 = CARTESIAN_POINT('',(-1.999116913692,2.299463994896));
#3757 = CARTESIAN_POINT('',(-2.118782870067,2.429060192396));
#3758 = ( GEOMETRIC_REPRESENTATION_CONTEXT(2) 
PARAMETRIC_REPRESENTATION_CONTEXT() REPRESENTATION_CONTEXT('2D SPACE',''
  ) );
#3759 = PCURVE('',#3760,#3768);
#3760 = SURFACE_OF_LINEAR_EXTRUSION('',#3761,#3766);
#3761 = B_SPLINE_CURVE_WITH_KNOTS('',3,(#3762,#3763,#3764,#3765),
  .UNSPECIFIED.,.F.,.F.,(4,4),(0.,1.),.PIECEWISE_BEZIER_KNOTS.);
#3762 = CARTESIAN_POINT('',(19.776671875,-4.5,-2.176821875));
#3763 = CARTESIAN_POINT('',(19.912155808375,-4.5,-2.294049276594));
#3764 = CARTESIAN_POINT('',(19.9971194275,-4.5,-2.432202793625));
#3765 = CARTESIAN_POINT('',(20.126715625,-4.5,-2.55186875));
#3766 = VECTOR('',#3767,1.);
#3767 = DIRECTION('',(0.,-1.,-2.230669073875E-16));
#3768 = DEFINITIONAL_REPRESENTATION('',(#3769),#3773);
#3769 = LINE('',#3770,#3771);
#3770 = CARTESIAN_POINT('',(0.,-0.2));
#3771 = VECTOR('',#3772,1.);
#3772 = DIRECTION('',(1.,0.));
#3773 = ( GEOMETRIC_REPRESENTATION_CONTEXT(2) 
PARAMETRIC_REPRESENTATION_CONTEXT() REPRESENTATION_CONTEXT('2D SPACE',''
  ) );
#3774 = ORIENTED_EDGE('',*,*,#3775,.F.);
#3775 = EDGE_CURVE('',#3776,#3743,#3778,.T.);
#3776 = VERTEX_POINT('',#3777);
#3777 = CARTESIAN_POINT('',(19.55164375,-4.3,-1.801775));
#3778 = SURFACE_CURVE('',#3779,(#3784,#3792),.PCURVE_S1.);
#3779 = B_SPLINE_CURVE_WITH_KNOTS('',3,(#3780,#3781,#3782,#3783),
  .UNSPECIFIED.,.F.,.F.,(4,4),(0.,1.),.PIECEWISE_BEZIER_KNOTS.);
#3780 = CARTESIAN_POINT('',(19.55164375,-4.3,-1.801775));
#3781 = CARTESIAN_POINT('',(19.580499606531,-4.3,-1.945908014375));
#3782 = CARTESIAN_POINT('',(19.664278327563,-4.3,-2.067291185375));
#3783 = CARTESIAN_POINT('',(19.776671875,-4.3,-2.176821875));
#3784 = PCURVE('',#1352,#3785);
#3785 = DEFINITIONAL_REPRESENTATION('',(#3786),#3791);
#3786 = B_SPLINE_CURVE_WITH_KNOTS('',3,(#3787,#3788,#3789,#3790),
  .UNSPECIFIED.,.F.,.F.,(4,4),(0.,1.),.PIECEWISE_BEZIER_KNOTS.);
#3787 = CARTESIAN_POINT('',(-1.368689120067,1.853988317396));
#3788 = CARTESIAN_POINT('',(-1.512822134442,1.882844173927));
#3789 = CARTESIAN_POINT('',(-1.634205305442,1.966622894959));
#3790 = CARTESIAN_POINT('',(-1.743735995067,2.079016442396));
#3791 = ( GEOMETRIC_REPRESENTATION_CONTEXT(2) 
PARAMETRIC_REPRESENTATION_CONTEXT() REPRESENTATION_CONTEXT('2D SPACE',''
  ) );
#3792 = PCURVE('',#3793,#3801);
#3793 = SURFACE_OF_LINEAR_EXTRUSION('',#3794,#3799);
#3794 = B_SPLINE_CURVE_WITH_KNOTS('',3,(#3795,#3796,#3797,#3798),
  .UNSPECIFIED.,.F.,.F.,(4,4),(0.,1.),.PIECEWISE_BEZIER_KNOTS.);
#3795 = CARTESIAN_POINT('',(19.55164375,-4.5,-1.801775));
#3796 = CARTESIAN_POINT('',(19.580499606531,-4.5,-1.945908014375));
#3797 = CARTESIAN_POINT('',(19.664278327563,-4.5,-2.067291185375));
#3798 = CARTESIAN_POINT('',(19.776671875,-4.5,-2.176821875));
#3799 = VECTOR('',#3800,1.);
#3800 = DIRECTION('',(0.,-1.,-2.230669073875E-16));
#3801 = DEFINITIONAL_REPRESENTATION('',(#3802),#3806);
#3802 = LINE('',#3803,#3804);
#3803 = CARTESIAN_POINT('',(0.,-0.2));
#3804 = VECTOR('',#3805,1.);
#3805 = DIRECTION('',(1.,0.));
#3806 = ( GEOMETRIC_REPRESENTATION_CONTEXT(2) 
PARAMETRIC_REPRESENTATION_CONTEXT() REPRESENTATION_CONTEXT('2D SPACE',''
  ) );
#3807 = ORIENTED_EDGE('',*,*,#3808,.F.);
#3808 = EDGE_CURVE('',#3809,#3776,#3811,.T.);
#3809 = VERTEX_POINT('',#3810);
#3810 = CARTESIAN_POINT('',(19.60165,-4.3,-1.426728125));
#3811 = SURFACE_CURVE('',#3812,(#3817,#3825),.PCURVE_S1.);
#3812 = B_SPLINE_CURVE_WITH_KNOTS('',3,(#3813,#3814,#3815,#3816),
  .UNSPECIFIED.,.F.,.F.,(4,4),(0.,1.),.PIECEWISE_BEZIER_KNOTS.);
#3813 = CARTESIAN_POINT('',(19.60165,-4.3,-1.426728125));
#3814 = CARTESIAN_POINT('',(19.547435974094,-4.3,-1.539126673062));
#3815 = CARTESIAN_POINT('',(19.494392844531,-4.3,-1.673927021));
#3816 = CARTESIAN_POINT('',(19.55164375,-4.3,-1.801775));
#3817 = PCURVE('',#1352,#3818);
#3818 = DEFINITIONAL_REPRESENTATION('',(#3819),#3824);
#3819 = B_SPLINE_CURVE_WITH_KNOTS('',3,(#3820,#3821,#3822,#3823),
  .UNSPECIFIED.,.F.,.F.,(4,4),(0.,1.),.PIECEWISE_BEZIER_KNOTS.);
#3820 = CARTESIAN_POINT('',(-0.993642245067,1.903994567396));
#3821 = CARTESIAN_POINT('',(-1.106040793129,1.84978054149));
#3822 = CARTESIAN_POINT('',(-1.240841141067,1.796737411927));
#3823 = CARTESIAN_POINT('',(-1.368689120067,1.853988317396));
#3824 = ( GEOMETRIC_REPRESENTATION_CONTEXT(2) 
PARAMETRIC_REPRESENTATION_CONTEXT() REPRESENTATION_CONTEXT('2D SPACE',''
  ) );
#3825 = PCURVE('',#3826,#3834);
#3826 = SURFACE_OF_LINEAR_EXTRUSION('',#3827,#3832);
#3827 = B_SPLINE_CURVE_WITH_KNOTS('',3,(#3828,#3829,#3830,#3831),
  .UNSPECIFIED.,.F.,.F.,(4,4),(0.,1.),.PIECEWISE_BEZIER_KNOTS.);
#3828 = CARTESIAN_POINT('',(19.60165,-4.5,-1.426728125));
#3829 = CARTESIAN_POINT('',(19.547435974094,-4.5,-1.539126673062));
#3830 = CARTESIAN_POINT('',(19.494392844531,-4.5,-1.673927021));
#3831 = CARTESIAN_POINT('',(19.55164375,-4.5,-1.801775));
#3832 = VECTOR('',#3833,1.);
#3833 = DIRECTION('',(0.,-1.,-2.230669073875E-16));
#3834 = DEFINITIONAL_REPRESENTATION('',(#3835),#3839);
#3835 = LINE('',#3836,#3837);
#3836 = CARTESIAN_POINT('',(0.,-0.2));
#3837 = VECTOR('',#3838,1.);
#3838 = DIRECTION('',(1.,0.));
#3839 = ( GEOMETRIC_REPRESENTATION_CONTEXT(2) 
PARAMETRIC_REPRESENTATION_CONTEXT() REPRESENTATION_CONTEXT('2D SPACE',''
  ) );
#3840 = ORIENTED_EDGE('',*,*,#3841,.F.);
#3841 = EDGE_CURVE('',#3842,#3809,#3844,.T.);
#3842 = VERTEX_POINT('',#3843);
#3843 = CARTESIAN_POINT('',(20.235785257,-4.3,-0.767589743));
#3844 = SURFACE_CURVE('',#3845,(#3850,#3858),.PCURVE_S1.);
#3845 = B_SPLINE_CURVE_WITH_KNOTS('',3,(#3846,#3847,#3848,#3849),
  .UNSPECIFIED.,.F.,.F.,(4,4),(0.,1.),.PIECEWISE_BEZIER_KNOTS.);
#3846 = CARTESIAN_POINT('',(20.235785257,-4.3,-0.767589743));
#3847 = CARTESIAN_POINT('',(20.026590860969,-4.3,-0.98820731675));
#3848 = CARTESIAN_POINT('',(19.78285864825,-4.3,-1.194518602437));
#3849 = CARTESIAN_POINT('',(19.60165,-4.3,-1.426728125));
#3850 = PCURVE('',#1352,#3851);
#3851 = DEFINITIONAL_REPRESENTATION('',(#3852),#3857);
#3852 = B_SPLINE_CURVE_WITH_KNOTS('',3,(#3853,#3854,#3855,#3856),
  .UNSPECIFIED.,.F.,.F.,(4,4),(0.,1.),.PIECEWISE_BEZIER_KNOTS.);
#3853 = CARTESIAN_POINT('',(-0.334503863067,2.538129824396));
#3854 = CARTESIAN_POINT('',(-0.555121436817,2.328935428365));
#3855 = CARTESIAN_POINT('',(-0.761432722504,2.085203215646));
#3856 = CARTESIAN_POINT('',(-0.993642245067,1.903994567396));
#3857 = ( GEOMETRIC_REPRESENTATION_CONTEXT(2) 
PARAMETRIC_REPRESENTATION_CONTEXT() REPRESENTATION_CONTEXT('2D SPACE',''
  ) );
#3858 = PCURVE('',#3859,#3867);
#3859 = SURFACE_OF_LINEAR_EXTRUSION('',#3860,#3865);
#3860 = B_SPLINE_CURVE_WITH_KNOTS('',3,(#3861,#3862,#3863,#3864),
  .UNSPECIFIED.,.F.,.F.,(4,4),(0.,1.),.PIECEWISE_BEZIER_KNOTS.);
#3861 = CARTESIAN_POINT('',(20.235785257,-4.5,-0.767589743));
#3862 = CARTESIAN_POINT('',(20.026590860969,-4.5,-0.98820731675));
#3863 = CARTESIAN_POINT('',(19.78285864825,-4.5,-1.194518602437));
#3864 = CARTESIAN_POINT('',(19.60165,-4.5,-1.426728125));
#3865 = VECTOR('',#3866,1.);
#3866 = DIRECTION('',(0.,-1.,-2.230669073875E-16));
#3867 = DEFINITIONAL_REPRESENTATION('',(#3868),#3872);
#3868 = LINE('',#3869,#3870);
#3869 = CARTESIAN_POINT('',(0.,-0.2));
#3870 = VECTOR('',#3871,1.);
#3871 = DIRECTION('',(1.,0.));
#3872 = ( GEOMETRIC_REPRESENTATION_CONTEXT(2) 
PARAMETRIC_REPRESENTATION_CONTEXT() REPRESENTATION_CONTEXT('2D SPACE',''
  ) );
#3873 = ORIENTED_EDGE('',*,*,#3874,.F.);
#3874 = EDGE_CURVE('',#3875,#3842,#3877,.T.);
#3875 = VERTEX_POINT('',#3876);
#3876 = CARTESIAN_POINT('',(20.276734375,-4.3,-0.376596875));
#3877 = SURFACE_CURVE('',#3878,(#3883,#3891),.PCURVE_S1.);
#3878 = B_SPLINE_CURVE_WITH_KNOTS('',3,(#3879,#3880,#3881,#3882),
  .UNSPECIFIED.,.F.,.F.,(4,4),(0.,1.),.PIECEWISE_BEZIER_KNOTS.);
#3879 = CARTESIAN_POINT('',(20.276734375,-4.3,-0.376596875));
#3880 = CARTESIAN_POINT('',(20.342282067438,-4.3,-0.498953917719));
#3881 = CARTESIAN_POINT('',(20.3527878805,-4.3,-0.66611105975));
#3882 = CARTESIAN_POINT('',(20.235785257,-4.3,-0.767589743));
#3883 = PCURVE('',#1352,#3884);
#3884 = DEFINITIONAL_REPRESENTATION('',(#3885),#3890);
#3885 = B_SPLINE_CURVE_WITH_KNOTS('',3,(#3886,#3887,#3888,#3889),
  .UNSPECIFIED.,.F.,.F.,(4,4),(0.,1.),.PIECEWISE_BEZIER_KNOTS.);
#3886 = CARTESIAN_POINT('',(5.648900493341E-02,2.579078942396));
#3887 = CARTESIAN_POINT('',(-6.586803778534E-02,2.644626634834));
#3888 = CARTESIAN_POINT('',(-0.233025179817,2.655132447896));
#3889 = CARTESIAN_POINT('',(-0.334503863067,2.538129824396));
#3890 = ( GEOMETRIC_REPRESENTATION_CONTEXT(2) 
PARAMETRIC_REPRESENTATION_CONTEXT() REPRESENTATION_CONTEXT('2D SPACE',''
  ) );
#3891 = PCURVE('',#3892,#3900);
#3892 = SURFACE_OF_LINEAR_EXTRUSION('',#3893,#3898);
#3893 = B_SPLINE_CURVE_WITH_KNOTS('',3,(#3894,#3895,#3896,#3897),
  .UNSPECIFIED.,.F.,.F.,(4,4),(0.,1.),.PIECEWISE_BEZIER_KNOTS.);
#3894 = CARTESIAN_POINT('',(20.276734375,-4.5,-0.376596875));
#3895 = CARTESIAN_POINT('',(20.342282067438,-4.5,-0.498953917719));
#3896 = CARTESIAN_POINT('',(20.3527878805,-4.5,-0.66611105975));
#3897 = CARTESIAN_POINT('',(20.235785257,-4.5,-0.767589743));
#3898 = VECTOR('',#3899,1.);
#3899 = DIRECTION('',(0.,-1.,-2.230669073875E-16));
#3900 = DEFINITIONAL_REPRESENTATION('',(#3901),#3905);
#3901 = LINE('',#3902,#3903);
#3902 = CARTESIAN_POINT('',(0.,-0.2));
#3903 = VECTOR('',#3904,1.);
#3904 = DIRECTION('',(1.,0.));
#3905 = ( GEOMETRIC_REPRESENTATION_CONTEXT(2) 
PARAMETRIC_REPRESENTATION_CONTEXT() REPRESENTATION_CONTEXT('2D SPACE',''
  ) );
#3906 = ORIENTED_EDGE('',*,*,#3907,.F.);
#3907 = EDGE_CURVE('',#3908,#3875,#3910,.T.);
#3908 = VERTEX_POINT('',#3909);
#3909 = CARTESIAN_POINT('',(19.976696875,-4.3,2.3453125E-02));
#3910 = SURFACE_CURVE('',#3911,(#3916,#3924),.PCURVE_S1.);
#3911 = B_SPLINE_CURVE_WITH_KNOTS('',3,(#3912,#3913,#3914,#3915),
  .UNSPECIFIED.,.F.,.F.,(4,4),(0.,1.),.PIECEWISE_BEZIER_KNOTS.);
#3912 = CARTESIAN_POINT('',(19.976696875,-4.3,2.3453125E-02));
#3913 = CARTESIAN_POINT('',(20.104940403438,-4.3,-9.8203080125E-02));
#3914 = CARTESIAN_POINT('',(20.181941527375,-4.3,-0.241084688094));
#3915 = CARTESIAN_POINT('',(20.276734375,-4.3,-0.376596875));
#3916 = PCURVE('',#1352,#3917);
#3917 = DEFINITIONAL_REPRESENTATION('',(#3918),#3923);
#3918 = B_SPLINE_CURVE_WITH_KNOTS('',3,(#3919,#3920,#3921,#3922),
  .UNSPECIFIED.,.F.,.F.,(4,4),(0.,1.),.PIECEWISE_BEZIER_KNOTS.);
#3919 = CARTESIAN_POINT('',(0.456539004933,2.279041442396));
#3920 = CARTESIAN_POINT('',(0.334882799808,2.407284970834));
#3921 = CARTESIAN_POINT('',(0.19200119184,2.484286094771));
#3922 = CARTESIAN_POINT('',(5.648900493341E-02,2.579078942396));
#3923 = ( GEOMETRIC_REPRESENTATION_CONTEXT(2) 
PARAMETRIC_REPRESENTATION_CONTEXT() REPRESENTATION_CONTEXT('2D SPACE',''
  ) );
#3924 = PCURVE('',#3925,#3933);
#3925 = SURFACE_OF_LINEAR_EXTRUSION('',#3926,#3931);
#3926 = B_SPLINE_CURVE_WITH_KNOTS('',3,(#3927,#3928,#3929,#3930),
  .UNSPECIFIED.,.F.,.F.,(4,4),(0.,1.),.PIECEWISE_BEZIER_KNOTS.);
#3927 = CARTESIAN_POINT('',(19.976696875,-4.5,2.3453125E-02));
#3928 = CARTESIAN_POINT('',(20.104940403438,-4.5,-9.8203080125E-02));
#3929 = CARTESIAN_POINT('',(20.181941527375,-4.5,-0.241084688094));
#3930 = CARTESIAN_POINT('',(20.276734375,-4.5,-0.376596875));
#3931 = VECTOR('',#3932,1.);
#3932 = DIRECTION('',(0.,-1.,-2.230669073875E-16));
#3933 = DEFINITIONAL_REPRESENTATION('',(#3934),#3938);
#3934 = LINE('',#3935,#3936);
#3935 = CARTESIAN_POINT('',(0.,-0.2));
#3936 = VECTOR('',#3937,1.);
#3937 = DIRECTION('',(1.,0.));
#3938 = ( GEOMETRIC_REPRESENTATION_CONTEXT(2) 
PARAMETRIC_REPRESENTATION_CONTEXT() REPRESENTATION_CONTEXT('2D SPACE',''
  ) );
#3939 = ORIENTED_EDGE('',*,*,#3940,.F.);
#3940 = EDGE_CURVE('',#3941,#3908,#3943,.T.);
#3941 = VERTEX_POINT('',#3942);
#3942 = CARTESIAN_POINT('',(19.65165625,-4.3,0.34849375));
#3943 = SURFACE_CURVE('',#3944,(#3949,#3957),.PCURVE_S1.);
#3944 = B_SPLINE_CURVE_WITH_KNOTS('',3,(#3945,#3946,#3947,#3948),
  .UNSPECIFIED.,.F.,.F.,(4,4),(0.,1.),.PIECEWISE_BEZIER_KNOTS.);
#3945 = CARTESIAN_POINT('',(19.65165625,-4.3,0.34849375));
#3946 = CARTESIAN_POINT('',(19.784276575469,-4.3,0.278014441187));
#3947 = CARTESIAN_POINT('',(19.8763443325,-4.3,0.130582014438));
#3948 = CARTESIAN_POINT('',(19.976696875,-4.3,2.3453125E-02));
#3949 = PCURVE('',#1352,#3950);
#3950 = DEFINITIONAL_REPRESENTATION('',(#3951),#3956);
#3951 = B_SPLINE_CURVE_WITH_KNOTS('',3,(#3952,#3953,#3954,#3955),
  .UNSPECIFIED.,.F.,.F.,(4,4),(0.,1.),.PIECEWISE_BEZIER_KNOTS.);
#3952 = CARTESIAN_POINT('',(0.781579629933,1.954000817396));
#3953 = CARTESIAN_POINT('',(0.711100321121,2.086621142865));
#3954 = CARTESIAN_POINT('',(0.563667894371,2.178688899896));
#3955 = CARTESIAN_POINT('',(0.456539004933,2.279041442396));
#3956 = ( GEOMETRIC_REPRESENTATION_CONTEXT(2) 
PARAMETRIC_REPRESENTATION_CONTEXT() REPRESENTATION_CONTEXT('2D SPACE',''
  ) );
#3957 = PCURVE('',#3958,#3966);
#3958 = SURFACE_OF_LINEAR_EXTRUSION('',#3959,#3964);
#3959 = B_SPLINE_CURVE_WITH_KNOTS('',3,(#3960,#3961,#3962,#3963),
  .UNSPECIFIED.,.F.,.F.,(4,4),(0.,1.),.PIECEWISE_BEZIER_KNOTS.);
#3960 = CARTESIAN_POINT('',(19.65165625,-4.5,0.34849375));
#3961 = CARTESIAN_POINT('',(19.784276575469,-4.5,0.278014441187));
#3962 = CARTESIAN_POINT('',(19.8763443325,-4.5,0.130582014438));
#3963 = CARTESIAN_POINT('',(19.976696875,-4.5,2.3453125E-02));
#3964 = VECTOR('',#3965,1.);
#3965 = DIRECTION('',(0.,-1.,-2.230669073875E-16));
#3966 = DEFINITIONAL_REPRESENTATION('',(#3967),#3971);
#3967 = LINE('',#3968,#3969);
#3968 = CARTESIAN_POINT('',(0.,-0.2));
#3969 = VECTOR('',#3970,1.);
#3970 = DIRECTION('',(1.,0.));
#3971 = ( GEOMETRIC_REPRESENTATION_CONTEXT(2) 
PARAMETRIC_REPRESENTATION_CONTEXT() REPRESENTATION_CONTEXT('2D SPACE',''
  ) );
#3972 = ORIENTED_EDGE('',*,*,#3973,.F.);
#3973 = EDGE_CURVE('',#3974,#3941,#3976,.T.);
#3974 = VERTEX_POINT('',#3975);
#3975 = CARTESIAN_POINT('',(19.3016125,-4.3,0.64853125));
#3976 = SURFACE_CURVE('',#3977,(#3982,#3990),.PCURVE_S1.);
#3977 = B_SPLINE_CURVE_WITH_KNOTS('',3,(#3978,#3979,#3980,#3981),
  .UNSPECIFIED.,.F.,.F.,(4,4),(0.,1.),.PIECEWISE_BEZIER_KNOTS.);
#3978 = CARTESIAN_POINT('',(19.3016125,-4.3,0.64853125));
#3979 = CARTESIAN_POINT('',(19.423883531969,-4.3,0.562013686656));
#3980 = CARTESIAN_POINT('',(19.542438099438,-4.3,0.466524001938));
#3981 = CARTESIAN_POINT('',(19.65165625,-4.3,0.34849375));
#3982 = PCURVE('',#1352,#3983);
#3983 = DEFINITIONAL_REPRESENTATION('',(#3984),#3989);
#3984 = B_SPLINE_CURVE_WITH_KNOTS('',3,(#3985,#3986,#3987,#3988),
  .UNSPECIFIED.,.F.,.F.,(4,4),(0.,1.),.PIECEWISE_BEZIER_KNOTS.);
#3985 = CARTESIAN_POINT('',(1.081617129933,1.603957067396));
#3986 = CARTESIAN_POINT('',(0.99509956659,1.726228099365));
#3987 = CARTESIAN_POINT('',(0.899609881871,1.844782666834));
#3988 = CARTESIAN_POINT('',(0.781579629933,1.954000817396));
#3989 = ( GEOMETRIC_REPRESENTATION_CONTEXT(2) 
PARAMETRIC_REPRESENTATION_CONTEXT() REPRESENTATION_CONTEXT('2D SPACE',''
  ) );
#3990 = PCURVE('',#3991,#3999);
#3991 = SURFACE_OF_LINEAR_EXTRUSION('',#3992,#3997);
#3992 = B_SPLINE_CURVE_WITH_KNOTS('',3,(#3993,#3994,#3995,#3996),
  .UNSPECIFIED.,.F.,.F.,(4,4),(0.,1.),.PIECEWISE_BEZIER_KNOTS.);
#3993 = CARTESIAN_POINT('',(19.3016125,-4.5,0.64853125));
#3994 = CARTESIAN_POINT('',(19.423883531969,-4.5,0.562013686656));
#3995 = CARTESIAN_POINT('',(19.542438099438,-4.5,0.466524001938));
#3996 = CARTESIAN_POINT('',(19.65165625,-4.5,0.34849375));
#3997 = VECTOR('',#3998,1.);
#3998 = DIRECTION('',(0.,-1.,-2.230669073875E-16));
#3999 = DEFINITIONAL_REPRESENTATION('',(#4000),#4004);
#4000 = LINE('',#4001,#4002);
#4001 = CARTESIAN_POINT('',(0.,-0.2));
#4002 = VECTOR('',#4003,1.);
#4003 = DIRECTION('',(1.,0.));
#4004 = ( GEOMETRIC_REPRESENTATION_CONTEXT(2) 
PARAMETRIC_REPRESENTATION_CONTEXT() REPRESENTATION_CONTEXT('2D SPACE',''
  ) );
#4005 = ORIENTED_EDGE('',*,*,#4006,.F.);
#4006 = EDGE_CURVE('',#4007,#3974,#4009,.T.);
#4007 = VERTEX_POINT('',#4008);
#4008 = CARTESIAN_POINT('',(18.9015625,-4.3,0.94856875));
#4009 = SURFACE_CURVE('',#4010,(#4015,#4023),.PCURVE_S1.);
#4010 = B_SPLINE_CURVE_WITH_KNOTS('',3,(#4011,#4012,#4013,#4014),
  .UNSPECIFIED.,.F.,.F.,(4,4),(0.,1.),.PIECEWISE_BEZIER_KNOTS.);
#4011 = CARTESIAN_POINT('',(18.9015625,-4.3,0.94856875));
#4012 = CARTESIAN_POINT('',(19.033327968625,-4.3,0.844730771875));
#4013 = CARTESIAN_POINT('',(19.172015552406,-4.3,0.757604382438));
#4014 = CARTESIAN_POINT('',(19.3016125,-4.3,0.64853125));
#4015 = PCURVE('',#1352,#4016);
#4016 = DEFINITIONAL_REPRESENTATION('',(#4017),#4022);
#4017 = B_SPLINE_CURVE_WITH_KNOTS('',3,(#4018,#4019,#4020,#4021),
  .UNSPECIFIED.,.F.,.F.,(4,4),(0.,1.),.PIECEWISE_BEZIER_KNOTS.);
#4018 = CARTESIAN_POINT('',(1.381654629933,1.203907067396));
#4019 = CARTESIAN_POINT('',(1.277816651808,1.335672536021));
#4020 = CARTESIAN_POINT('',(1.190690262371,1.474360119802));
#4021 = CARTESIAN_POINT('',(1.081617129933,1.603957067396));
#4022 = ( GEOMETRIC_REPRESENTATION_CONTEXT(2) 
PARAMETRIC_REPRESENTATION_CONTEXT() REPRESENTATION_CONTEXT('2D SPACE',''
  ) );
#4023 = PCURVE('',#4024,#4032);
#4024 = SURFACE_OF_LINEAR_EXTRUSION('',#4025,#4030);
#4025 = B_SPLINE_CURVE_WITH_KNOTS('',3,(#4026,#4027,#4028,#4029),
  .UNSPECIFIED.,.F.,.F.,(4,4),(0.,1.),.PIECEWISE_BEZIER_KNOTS.);
#4026 = CARTESIAN_POINT('',(18.9015625,-4.5,0.94856875));
#4027 = CARTESIAN_POINT('',(19.033327968625,-4.5,0.844730771875));
#4028 = CARTESIAN_POINT('',(19.172015552406,-4.5,0.757604382438));
#4029 = CARTESIAN_POINT('',(19.3016125,-4.5,0.64853125));
#4030 = VECTOR('',#4031,1.);
#4031 = DIRECTION('',(0.,-1.,-2.230669073875E-16));
#4032 = DEFINITIONAL_REPRESENTATION('',(#4033),#4037);
#4033 = LINE('',#4034,#4035);
#4034 = CARTESIAN_POINT('',(0.,-0.2));
#4035 = VECTOR('',#4036,1.);
#4036 = DIRECTION('',(1.,0.));
#4037 = ( GEOMETRIC_REPRESENTATION_CONTEXT(2) 
PARAMETRIC_REPRESENTATION_CONTEXT() REPRESENTATION_CONTEXT('2D SPACE',''
  ) );
#4038 = ORIENTED_EDGE('',*,*,#4039,.F.);
#4039 = EDGE_CURVE('',#4040,#4007,#4042,.T.);
#4040 = VERTEX_POINT('',#4041);
#4041 = CARTESIAN_POINT('',(18.45150625,-4.3,1.24860625));
#4042 = SURFACE_CURVE('',#4043,(#4048,#4056),.PCURVE_S1.);
#4043 = B_SPLINE_CURVE_WITH_KNOTS('',3,(#4044,#4045,#4046,#4047),
  .UNSPECIFIED.,.F.,.F.,(4,4),(0.,1.),.PIECEWISE_BEZIER_KNOTS.);
#4044 = CARTESIAN_POINT('',(18.45150625,-4.3,1.24860625));
#4045 = CARTESIAN_POINT('',(18.602943677313,-4.3,1.152018678063));
#4046 = CARTESIAN_POINT('',(18.749543249969,-4.3,1.043751646375));
#4047 = CARTESIAN_POINT('',(18.9015625,-4.3,0.94856875));
#4048 = PCURVE('',#1352,#4049);
#4049 = DEFINITIONAL_REPRESENTATION('',(#4050),#4055);
#4050 = B_SPLINE_CURVE_WITH_KNOTS('',3,(#4051,#4052,#4053,#4054),
  .UNSPECIFIED.,.F.,.F.,(4,4),(0.,1.),.PIECEWISE_BEZIER_KNOTS.);
#4051 = CARTESIAN_POINT('',(1.681692129933,0.753850817396));
#4052 = CARTESIAN_POINT('',(1.585104557996,0.905288244709));
#4053 = CARTESIAN_POINT('',(1.476837526308,1.051887817365));
#4054 = CARTESIAN_POINT('',(1.381654629933,1.203907067396));
#4055 = ( GEOMETRIC_REPRESENTATION_CONTEXT(2) 
PARAMETRIC_REPRESENTATION_CONTEXT() REPRESENTATION_CONTEXT('2D SPACE',''
  ) );
#4056 = PCURVE('',#4057,#4065);
#4057 = SURFACE_OF_LINEAR_EXTRUSION('',#4058,#4063);
#4058 = B_SPLINE_CURVE_WITH_KNOTS('',3,(#4059,#4060,#4061,#4062),
  .UNSPECIFIED.,.F.,.F.,(4,4),(0.,1.),.PIECEWISE_BEZIER_KNOTS.);
#4059 = CARTESIAN_POINT('',(18.45150625,-4.5,1.24860625));
#4060 = CARTESIAN_POINT('',(18.602943677313,-4.5,1.152018678063));
#4061 = CARTESIAN_POINT('',(18.749543249969,-4.5,1.043751646375));
#4062 = CARTESIAN_POINT('',(18.9015625,-4.5,0.94856875));
#4063 = VECTOR('',#4064,1.);
#4064 = DIRECTION('',(0.,-1.,-2.230669073875E-16));
#4065 = DEFINITIONAL_REPRESENTATION('',(#4066),#4070);
#4066 = LINE('',#4067,#4068);
#4067 = CARTESIAN_POINT('',(0.,-0.2));
#4068 = VECTOR('',#4069,1.);
#4069 = DIRECTION('',(1.,0.));
#4070 = ( GEOMETRIC_REPRESENTATION_CONTEXT(2) 
PARAMETRIC_REPRESENTATION_CONTEXT() REPRESENTATION_CONTEXT('2D SPACE',''
  ) );
#4071 = ORIENTED_EDGE('',*,*,#4072,.F.);
#4072 = EDGE_CURVE('',#4073,#4040,#4075,.T.);
#4073 = VERTEX_POINT('',#4074);
#4074 = CARTESIAN_POINT('',(18.00145,-4.3,1.54864375));
#4075 = SURFACE_CURVE('',#4076,(#4081,#4089),.PCURVE_S1.);
#4076 = B_SPLINE_CURVE_WITH_KNOTS('',3,(#4077,#4078,#4079,#4080),
  .UNSPECIFIED.,.F.,.F.,(4,4),(0.,1.),.PIECEWISE_BEZIER_KNOTS.);
#4077 = CARTESIAN_POINT('',(18.00145,-4.3,1.54864375));
#4078 = CARTESIAN_POINT('',(18.146544884594,-4.3,1.436744264312));
#4079 = CARTESIAN_POINT('',(18.300274348375,-4.3,1.345689883938));
#4080 = CARTESIAN_POINT('',(18.45150625,-4.3,1.24860625));
#4081 = PCURVE('',#1352,#4082);
#4082 = DEFINITIONAL_REPRESENTATION('',(#4083),#4088);
#4083 = B_SPLINE_CURVE_WITH_KNOTS('',3,(#4084,#4085,#4086,#4087),
  .UNSPECIFIED.,.F.,.F.,(4,4),(0.,1.),.PIECEWISE_BEZIER_KNOTS.);
#4084 = CARTESIAN_POINT('',(1.981729629933,0.303794567396));
#4085 = CARTESIAN_POINT('',(1.869830144246,0.44888945199));
#4086 = CARTESIAN_POINT('',(1.778775763871,0.602618915771));
#4087 = CARTESIAN_POINT('',(1.681692129933,0.753850817396));
#4088 = ( GEOMETRIC_REPRESENTATION_CONTEXT(2) 
PARAMETRIC_REPRESENTATION_CONTEXT() REPRESENTATION_CONTEXT('2D SPACE',''
  ) );
#4089 = PCURVE('',#4090,#4098);
#4090 = SURFACE_OF_LINEAR_EXTRUSION('',#4091,#4096);
#4091 = B_SPLINE_CURVE_WITH_KNOTS('',3,(#4092,#4093,#4094,#4095),
  .UNSPECIFIED.,.F.,.F.,(4,4),(0.,1.),.PIECEWISE_BEZIER_KNOTS.);
#4092 = CARTESIAN_POINT('',(18.00145,-4.5,1.54864375));
#4093 = CARTESIAN_POINT('',(18.146544884594,-4.5,1.436744264313));
#4094 = CARTESIAN_POINT('',(18.300274348375,-4.5,1.345689883938));
#4095 = CARTESIAN_POINT('',(18.45150625,-4.5,1.24860625));
#4096 = VECTOR('',#4097,1.);
#4097 = DIRECTION('',(0.,-1.,-2.230669073875E-16));
#4098 = DEFINITIONAL_REPRESENTATION('',(#4099),#4103);
#4099 = LINE('',#4100,#4101);
#4100 = CARTESIAN_POINT('',(0.,-0.2));
#4101 = VECTOR('',#4102,1.);
#4102 = DIRECTION('',(1.,0.));
#4103 = ( GEOMETRIC_REPRESENTATION_CONTEXT(2) 
PARAMETRIC_REPRESENTATION_CONTEXT() REPRESENTATION_CONTEXT('2D SPACE',''
  ) );
#4104 = ORIENTED_EDGE('',*,*,#4105,.F.);
#4105 = EDGE_CURVE('',#4106,#4073,#4108,.T.);
#4106 = VERTEX_POINT('',#4107);
#4107 = CARTESIAN_POINT('',(17.626403125,-4.3,1.823678125));
#4108 = SURFACE_CURVE('',#4109,(#4114,#4122),.PCURVE_S1.);
#4109 = B_SPLINE_CURVE_WITH_KNOTS('',3,(#4110,#4111,#4112,#4113),
  .UNSPECIFIED.,.F.,.F.,(4,4),(0.,1.),.PIECEWISE_BEZIER_KNOTS.);
#4110 = CARTESIAN_POINT('',(17.626403125,-4.3,1.823678125));
#4111 = CARTESIAN_POINT('',(17.755952566656,-4.3,1.742945784719));
#4112 = CARTESIAN_POINT('',(17.872363116156,-4.3,1.630493229906));
#4113 = CARTESIAN_POINT('',(18.00145,-4.3,1.54864375));
#4114 = PCURVE('',#1352,#4115);
#4115 = DEFINITIONAL_REPRESENTATION('',(#4116),#4121);
#4116 = B_SPLINE_CURVE_WITH_KNOTS('',3,(#4117,#4118,#4119,#4120),
  .UNSPECIFIED.,.F.,.F.,(4,4),(0.,1.),.PIECEWISE_BEZIER_KNOTS.);
#4117 = CARTESIAN_POINT('',(2.256764004933,-7.125230760398E-02));
#4118 = CARTESIAN_POINT('',(2.176031664652,5.829713405227E-02));
#4119 = CARTESIAN_POINT('',(2.06357910984,0.174707683552));
#4120 = CARTESIAN_POINT('',(1.981729629933,0.303794567396));
#4121 = ( GEOMETRIC_REPRESENTATION_CONTEXT(2) 
PARAMETRIC_REPRESENTATION_CONTEXT() REPRESENTATION_CONTEXT('2D SPACE',''
  ) );
#4122 = PCURVE('',#4123,#4131);
#4123 = SURFACE_OF_LINEAR_EXTRUSION('',#4124,#4129);
#4124 = B_SPLINE_CURVE_WITH_KNOTS('',3,(#4125,#4126,#4127,#4128),
  .UNSPECIFIED.,.F.,.F.,(4,4),(0.,1.),.PIECEWISE_BEZIER_KNOTS.);
#4125 = CARTESIAN_POINT('',(17.626403125,-4.5,1.823678125));
#4126 = CARTESIAN_POINT('',(17.755952566656,-4.5,1.742945784719));
#4127 = CARTESIAN_POINT('',(17.872363116156,-4.5,1.630493229906));
#4128 = CARTESIAN_POINT('',(18.00145,-4.5,1.54864375));
#4129 = VECTOR('',#4130,1.);
#4130 = DIRECTION('',(0.,-1.,-2.230669073875E-16));
#4131 = DEFINITIONAL_REPRESENTATION('',(#4132),#4136);
#4132 = LINE('',#4133,#4134);
#4133 = CARTESIAN_POINT('',(0.,-0.2));
#4134 = VECTOR('',#4135,1.);
#4135 = DIRECTION('',(1.,0.));
#4136 = ( GEOMETRIC_REPRESENTATION_CONTEXT(2) 
PARAMETRIC_REPRESENTATION_CONTEXT() REPRESENTATION_CONTEXT('2D SPACE',''
  ) );
#4137 = ORIENTED_EDGE('',*,*,#4138,.F.);
#4138 = EDGE_CURVE('',#4139,#4106,#4141,.T.);
#4139 = VERTEX_POINT('',#4140);
#4140 = CARTESIAN_POINT('',(17.15134375,-4.3,2.34874375));
#4141 = SURFACE_CURVE('',#4142,(#4147,#4155),.PCURVE_S1.);
#4142 = B_SPLINE_CURVE_WITH_KNOTS('',3,(#4143,#4144,#4145,#4146),
  .UNSPECIFIED.,.F.,.F.,(4,4),(0.,1.),.PIECEWISE_BEZIER_KNOTS.);
#4143 = CARTESIAN_POINT('',(17.15134375,-4.3,2.34874375));
#4144 = CARTESIAN_POINT('',(17.275140972719,-4.3,2.159408336031));
#4145 = CARTESIAN_POINT('',(17.457099214656,-4.3,1.994163933063));
#4146 = CARTESIAN_POINT('',(17.626403125,-4.3,1.823678125));
#4147 = PCURVE('',#1352,#4148);
#4148 = DEFINITIONAL_REPRESENTATION('',(#4149),#4154);
#4149 = B_SPLINE_CURVE_WITH_KNOTS('',3,(#4150,#4151,#4152,#4153),
  .UNSPECIFIED.,.F.,.F.,(4,4),(0.,1.),.PIECEWISE_BEZIER_KNOTS.);
#4150 = CARTESIAN_POINT('',(2.781829629933,-0.546311682604));
#4151 = CARTESIAN_POINT('',(2.592494215965,-0.422514459885));
#4152 = CARTESIAN_POINT('',(2.427249812996,-0.240556217948));
#4153 = CARTESIAN_POINT('',(2.256764004933,-7.125230760398E-02));
#4154 = ( GEOMETRIC_REPRESENTATION_CONTEXT(2) 
PARAMETRIC_REPRESENTATION_CONTEXT() REPRESENTATION_CONTEXT('2D SPACE',''
  ) );
#4155 = PCURVE('',#4156,#4164);
#4156 = SURFACE_OF_LINEAR_EXTRUSION('',#4157,#4162);
#4157 = B_SPLINE_CURVE_WITH_KNOTS('',3,(#4158,#4159,#4160,#4161),
  .UNSPECIFIED.,.F.,.F.,(4,4),(0.,1.),.PIECEWISE_BEZIER_KNOTS.);
#4158 = CARTESIAN_POINT('',(17.15134375,-4.5,2.34874375));
#4159 = CARTESIAN_POINT('',(17.275140972719,-4.5,2.159408336031));
#4160 = CARTESIAN_POINT('',(17.457099214656,-4.5,1.994163933063));
#4161 = CARTESIAN_POINT('',(17.626403125,-4.5,1.823678125));
#4162 = VECTOR('',#4163,1.);
#4163 = DIRECTION('',(0.,-1.,-2.230669073875E-16));
#4164 = DEFINITIONAL_REPRESENTATION('',(#4165),#4169);
#4165 = LINE('',#4166,#4167);
#4166 = CARTESIAN_POINT('',(0.,-0.2));
#4167 = VECTOR('',#4168,1.);
#4168 = DIRECTION('',(1.,0.));
#4169 = ( GEOMETRIC_REPRESENTATION_CONTEXT(2) 
PARAMETRIC_REPRESENTATION_CONTEXT() REPRESENTATION_CONTEXT('2D SPACE',''
  ) );
#4170 = ORIENTED_EDGE('',*,*,#4171,.F.);
#4171 = EDGE_CURVE('',#4172,#4139,#4174,.T.);
#4172 = VERTEX_POINT('',#4173);
#4173 = CARTESIAN_POINT('',(16.876309375,-4.3,2.7988));
#4174 = SURFACE_CURVE('',#4175,(#4180,#4188),.PCURVE_S1.);
#4175 = B_SPLINE_CURVE_WITH_KNOTS('',3,(#4176,#4177,#4178,#4179),
  .UNSPECIFIED.,.F.,.F.,(4,4),(0.,1.),.PIECEWISE_BEZIER_KNOTS.);
#4176 = CARTESIAN_POINT('',(16.876309375,-4.3,2.7988));
#4177 = CARTESIAN_POINT('',(16.943599285188,-4.3,2.638679487438));
#4178 = CARTESIAN_POINT('',(17.041006209531,-4.3,2.491033534));
#4179 = CARTESIAN_POINT('',(17.15134375,-4.3,2.34874375));
#4180 = PCURVE('',#1352,#4181);
#4181 = DEFINITIONAL_REPRESENTATION('',(#4182),#4187);
#4182 = B_SPLINE_CURVE_WITH_KNOTS('',3,(#4183,#4184,#4185,#4186),
  .UNSPECIFIED.,.F.,.F.,(4,4),(0.,1.),.PIECEWISE_BEZIER_KNOTS.);
#4183 = CARTESIAN_POINT('',(3.231885879933,-0.821346057604));
#4184 = CARTESIAN_POINT('',(3.071765367371,-0.754056147416));
#4185 = CARTESIAN_POINT('',(2.924119413933,-0.656649223073));
#4186 = CARTESIAN_POINT('',(2.781829629933,-0.546311682604));
#4187 = ( GEOMETRIC_REPRESENTATION_CONTEXT(2) 
PARAMETRIC_REPRESENTATION_CONTEXT() REPRESENTATION_CONTEXT('2D SPACE',''
  ) );
#4188 = PCURVE('',#4189,#4197);
#4189 = SURFACE_OF_LINEAR_EXTRUSION('',#4190,#4195);
#4190 = B_SPLINE_CURVE_WITH_KNOTS('',3,(#4191,#4192,#4193,#4194),
  .UNSPECIFIED.,.F.,.F.,(4,4),(0.,1.),.PIECEWISE_BEZIER_KNOTS.);
#4191 = CARTESIAN_POINT('',(16.876309375,-4.5,2.7988));
#4192 = CARTESIAN_POINT('',(16.943599285188,-4.5,2.638679487438));
#4193 = CARTESIAN_POINT('',(17.041006209531,-4.5,2.491033534));
#4194 = CARTESIAN_POINT('',(17.15134375,-4.5,2.34874375));
#4195 = VECTOR('',#4196,1.);
#4196 = DIRECTION('',(0.,-1.,-2.230669073875E-16));
#4197 = DEFINITIONAL_REPRESENTATION('',(#4198),#4202);
#4198 = LINE('',#4199,#4200);
#4199 = CARTESIAN_POINT('',(0.,-0.2));
#4200 = VECTOR('',#4201,1.);
#4201 = DIRECTION('',(1.,0.));
#4202 = ( GEOMETRIC_REPRESENTATION_CONTEXT(2) 
PARAMETRIC_REPRESENTATION_CONTEXT() REPRESENTATION_CONTEXT('2D SPACE',''
  ) );
#4203 = ORIENTED_EDGE('',*,*,#4204,.F.);
#4204 = EDGE_CURVE('',#4205,#4172,#4207,.T.);
#4205 = VERTEX_POINT('',#4206);
#4206 = CARTESIAN_POINT('',(16.676284375,-4.3,3.273859375));
#4207 = SURFACE_CURVE('',#4208,(#4213,#4221),.PCURVE_S1.);
#4208 = B_SPLINE_CURVE_WITH_KNOTS('',3,(#4209,#4210,#4211,#4212),
  .UNSPECIFIED.,.F.,.F.,(4,4),(0.,1.),.PIECEWISE_BEZIER_KNOTS.);
#4209 = CARTESIAN_POINT('',(16.676284375,-4.3,3.273859375));
#4210 = CARTESIAN_POINT('',(16.751045468969,-4.3,3.118855751969));
#4211 = CARTESIAN_POINT('',(16.778208863969,-4.3,2.94413616475));
#4212 = CARTESIAN_POINT('',(16.876309375,-4.3,2.7988));
#4213 = PCURVE('',#1352,#4214);
#4214 = DEFINITIONAL_REPRESENTATION('',(#4215),#4220);
#4215 = B_SPLINE_CURVE_WITH_KNOTS('',3,(#4216,#4217,#4218,#4219),
  .UNSPECIFIED.,.F.,.F.,(4,4),(0.,1.),.PIECEWISE_BEZIER_KNOTS.);
#4216 = CARTESIAN_POINT('',(3.706945254933,-1.021371057604));
#4217 = CARTESIAN_POINT('',(3.551941631902,-0.946609963635));
#4218 = CARTESIAN_POINT('',(3.377222044683,-0.919446568635));
#4219 = CARTESIAN_POINT('',(3.231885879933,-0.821346057604));
#4220 = ( GEOMETRIC_REPRESENTATION_CONTEXT(2) 
PARAMETRIC_REPRESENTATION_CONTEXT() REPRESENTATION_CONTEXT('2D SPACE',''
  ) );
#4221 = PCURVE('',#4222,#4230);
#4222 = SURFACE_OF_LINEAR_EXTRUSION('',#4223,#4228);
#4223 = B_SPLINE_CURVE_WITH_KNOTS('',3,(#4224,#4225,#4226,#4227),
  .UNSPECIFIED.,.F.,.F.,(4,4),(0.,1.),.PIECEWISE_BEZIER_KNOTS.);
#4224 = CARTESIAN_POINT('',(16.676284375,-4.5,3.273859375));
#4225 = CARTESIAN_POINT('',(16.751045468969,-4.5,3.118855751969));
#4226 = CARTESIAN_POINT('',(16.778208863969,-4.5,2.94413616475));
#4227 = CARTESIAN_POINT('',(16.876309375,-4.5,2.7988));
#4228 = VECTOR('',#4229,1.);
#4229 = DIRECTION('',(0.,-1.,-2.230669073875E-16));
#4230 = DEFINITIONAL_REPRESENTATION('',(#4231),#4235);
#4231 = LINE('',#4232,#4233);
#4232 = CARTESIAN_POINT('',(0.,-0.2));
#4233 = VECTOR('',#4234,1.);
#4234 = DIRECTION('',(1.,0.));
#4235 = ( GEOMETRIC_REPRESENTATION_CONTEXT(2) 
PARAMETRIC_REPRESENTATION_CONTEXT() REPRESENTATION_CONTEXT('2D SPACE',''
  ) );
#4236 = ORIENTED_EDGE('',*,*,#4237,.F.);
#4237 = EDGE_CURVE('',#4238,#4205,#4240,.T.);
#4238 = VERTEX_POINT('',#4239);
#4239 = CARTESIAN_POINT('',(16.626278125,-4.3,3.5989));
#4240 = SURFACE_CURVE('',#4241,(#4246,#4254),.PCURVE_S1.);
#4241 = B_SPLINE_CURVE_WITH_KNOTS('',3,(#4242,#4243,#4244,#4245),
  .UNSPECIFIED.,.F.,.F.,(4,4),(0.,1.),.PIECEWISE_BEZIER_KNOTS.);
#4242 = CARTESIAN_POINT('',(16.626278125,-4.3,3.5989));
#4243 = CARTESIAN_POINT('',(16.617748308906,-4.3,3.480115653813));
#4244 = CARTESIAN_POINT('',(16.675454771313,-4.3,3.388766986656));
#4245 = CARTESIAN_POINT('',(16.676284375,-4.3,3.273859375));
#4246 = PCURVE('',#1352,#4247);
#4247 = DEFINITIONAL_REPRESENTATION('',(#4248),#4253);
#4248 = B_SPLINE_CURVE_WITH_KNOTS('',3,(#4249,#4250,#4251,#4252),
  .UNSPECIFIED.,.F.,.F.,(4,4),(0.,1.),.PIECEWISE_BEZIER_KNOTS.);
#4249 = CARTESIAN_POINT('',(4.031985879933,-1.071377307604));
#4250 = CARTESIAN_POINT('',(3.913201533746,-1.079907123698));
#4251 = CARTESIAN_POINT('',(3.82185286659,-1.022200661291));
#4252 = CARTESIAN_POINT('',(3.706945254933,-1.021371057604));
#4253 = ( GEOMETRIC_REPRESENTATION_CONTEXT(2) 
PARAMETRIC_REPRESENTATION_CONTEXT() REPRESENTATION_CONTEXT('2D SPACE',''
  ) );
#4254 = PCURVE('',#4255,#4263);
#4255 = SURFACE_OF_LINEAR_EXTRUSION('',#4256,#4261);
#4256 = B_SPLINE_CURVE_WITH_KNOTS('',3,(#4257,#4258,#4259,#4260),
  .UNSPECIFIED.,.F.,.F.,(4,4),(0.,1.),.PIECEWISE_BEZIER_KNOTS.);
#4257 = CARTESIAN_POINT('',(16.626278125,-4.5,3.5989));
#4258 = CARTESIAN_POINT('',(16.617748308906,-4.5,3.480115653813));
#4259 = CARTESIAN_POINT('',(16.675454771313,-4.5,3.388766986656));
#4260 = CARTESIAN_POINT('',(16.676284375,-4.5,3.273859375));
#4261 = VECTOR('',#4262,1.);
#4262 = DIRECTION('',(0.,-1.,-2.230669073875E-16));
#4263 = DEFINITIONAL_REPRESENTATION('',(#4264),#4268);
#4264 = LINE('',#4265,#4266);
#4265 = CARTESIAN_POINT('',(0.,-0.2));
#4266 = VECTOR('',#4267,1.);
#4267 = DIRECTION('',(1.,0.));
#4268 = ( GEOMETRIC_REPRESENTATION_CONTEXT(2) 
PARAMETRIC_REPRESENTATION_CONTEXT() REPRESENTATION_CONTEXT('2D SPACE',''
  ) );
#4269 = ORIENTED_EDGE('',*,*,#4270,.F.);
#4270 = EDGE_CURVE('',#4271,#4238,#4273,.T.);
#4271 = VERTEX_POINT('',#4272);
#4272 = CARTESIAN_POINT('',(16.601275,-4.3,4.051408306469));
#4273 = SURFACE_CURVE('',#4274,(#4279,#4287),.PCURVE_S1.);
#4274 = B_SPLINE_CURVE_WITH_KNOTS('',3,(#4275,#4276,#4277,#4278),
  .UNSPECIFIED.,.F.,.F.,(4,4),(0.,1.),.PIECEWISE_BEZIER_KNOTS.);
#4275 = CARTESIAN_POINT('',(16.601275,-4.3,4.051408306469));
#4276 = CARTESIAN_POINT('',(16.607795064906,-4.3,3.899820610375));
#4277 = CARTESIAN_POINT('',(16.582591414844,-4.3,3.735092521938));
#4278 = CARTESIAN_POINT('',(16.626278125,-4.3,3.5989));
#4279 = PCURVE('',#1352,#4280);
#4280 = DEFINITIONAL_REPRESENTATION('',(#4281),#4286);
#4281 = B_SPLINE_CURVE_WITH_KNOTS('',3,(#4282,#4283,#4284,#4285),
  .UNSPECIFIED.,.F.,.F.,(4,4),(0.,1.),.PIECEWISE_BEZIER_KNOTS.);
#4282 = CARTESIAN_POINT('',(4.484494186402,-1.096380432604));
#4283 = CARTESIAN_POINT('',(4.332906490308,-1.089860367698));
#4284 = CARTESIAN_POINT('',(4.168178401871,-1.11506401776));
#4285 = CARTESIAN_POINT('',(4.031985879933,-1.071377307604));
#4286 = ( GEOMETRIC_REPRESENTATION_CONTEXT(2) 
PARAMETRIC_REPRESENTATION_CONTEXT() REPRESENTATION_CONTEXT('2D SPACE',''
  ) );
#4287 = PCURVE('',#4288,#4296);
#4288 = SURFACE_OF_LINEAR_EXTRUSION('',#4289,#4294);
#4289 = B_SPLINE_CURVE_WITH_KNOTS('',3,(#4290,#4291,#4292,#4293),
  .UNSPECIFIED.,.F.,.F.,(4,4),(0.,1.),.PIECEWISE_BEZIER_KNOTS.);
#4290 = CARTESIAN_POINT('',(16.601275,-4.5,4.051408306469));
#4291 = CARTESIAN_POINT('',(16.607795064906,-4.5,3.899820610375));
#4292 = CARTESIAN_POINT('',(16.582591414844,-4.5,3.735092521938));
#4293 = CARTESIAN_POINT('',(16.626278125,-4.5,3.5989));
#4294 = VECTOR('',#4295,1.);
#4295 = DIRECTION('',(0.,-1.,-2.230669073875E-16));
#4296 = DEFINITIONAL_REPRESENTATION('',(#4297),#4301);
#4297 = LINE('',#4298,#4299);
#4298 = CARTESIAN_POINT('',(0.,-0.2));
#4299 = VECTOR('',#4300,1.);
#4300 = DIRECTION('',(1.,0.));
#4301 = ( GEOMETRIC_REPRESENTATION_CONTEXT(2) 
PARAMETRIC_REPRESENTATION_CONTEXT() REPRESENTATION_CONTEXT('2D SPACE',''
  ) );
#4302 = ORIENTED_EDGE('',*,*,#4303,.F.);
#4303 = EDGE_CURVE('',#4304,#4271,#4306,.T.);
#4304 = VERTEX_POINT('',#4305);
#4305 = CARTESIAN_POINT('',(16.65128125,-4.3,4.373996875));
#4306 = SURFACE_CURVE('',#4307,(#4312,#4320),.PCURVE_S1.);
#4307 = B_SPLINE_CURVE_WITH_KNOTS('',3,(#4308,#4309,#4310,#4311),
  .UNSPECIFIED.,.F.,.F.,(4,4),(0.,1.),.PIECEWISE_BEZIER_KNOTS.);
#4308 = CARTESIAN_POINT('',(16.65128125,-4.3,4.373996875));
#4309 = CARTESIAN_POINT('',(16.624174362063,-4.3,4.270790975875));
#4310 = CARTESIAN_POINT('',(16.612314129719,-4.3,4.161269537406));
#4311 = CARTESIAN_POINT('',(16.601275,-4.3,4.051408306469));
#4312 = PCURVE('',#1352,#4313);
#4313 = DEFINITIONAL_REPRESENTATION('',(#4314),#4319);
#4314 = B_SPLINE_CURVE_WITH_KNOTS('',3,(#4315,#4316,#4317,#4318),
  .UNSPECIFIED.,.F.,.F.,(4,4),(0.,1.),.PIECEWISE_BEZIER_KNOTS.);
#4315 = CARTESIAN_POINT('',(4.807082754933,-1.046374182604));
#4316 = CARTESIAN_POINT('',(4.703876855808,-1.073481070541));
#4317 = CARTESIAN_POINT('',(4.59435541734,-1.085341302885));
#4318 = CARTESIAN_POINT('',(4.484494186402,-1.096380432604));
#4319 = ( GEOMETRIC_REPRESENTATION_CONTEXT(2) 
PARAMETRIC_REPRESENTATION_CONTEXT() REPRESENTATION_CONTEXT('2D SPACE',''
  ) );
#4320 = PCURVE('',#4321,#4329);
#4321 = SURFACE_OF_LINEAR_EXTRUSION('',#4322,#4327);
#4322 = B_SPLINE_CURVE_WITH_KNOTS('',3,(#4323,#4324,#4325,#4326),
  .UNSPECIFIED.,.F.,.F.,(4,4),(0.,1.),.PIECEWISE_BEZIER_KNOTS.);
#4323 = CARTESIAN_POINT('',(16.65128125,-4.5,4.373996875));
#4324 = CARTESIAN_POINT('',(16.624174362063,-4.5,4.270790975875));
#4325 = CARTESIAN_POINT('',(16.612314129719,-4.5,4.161269537406));
#4326 = CARTESIAN_POINT('',(16.601275,-4.5,4.051408306469));
#4327 = VECTOR('',#4328,1.);
#4328 = DIRECTION('',(0.,-1.,-2.230669073875E-16));
#4329 = DEFINITIONAL_REPRESENTATION('',(#4330),#4334);
#4330 = LINE('',#4331,#4332);
#4331 = CARTESIAN_POINT('',(0.,-0.2));
#4332 = VECTOR('',#4333,1.);
#4333 = DIRECTION('',(1.,0.));
#4334 = ( GEOMETRIC_REPRESENTATION_CONTEXT(2) 
PARAMETRIC_REPRESENTATION_CONTEXT() REPRESENTATION_CONTEXT('2D SPACE',''
  ) );
#4335 = ORIENTED_EDGE('',*,*,#4336,.F.);
#4336 = EDGE_CURVE('',#4337,#4304,#4339,.T.);
#4337 = VERTEX_POINT('',#4338);
#4338 = CARTESIAN_POINT('',(16.40125,-4.3,4.674034375));
#4339 = SURFACE_CURVE('',#4340,(#4345,#4353),.PCURVE_S1.);
#4340 = B_SPLINE_CURVE_WITH_KNOTS('',3,(#4341,#4342,#4343,#4344),
  .UNSPECIFIED.,.F.,.F.,(4,4),(0.,1.),.PIECEWISE_BEZIER_KNOTS.);
#4341 = CARTESIAN_POINT('',(16.40125,-4.3,4.674034375));
#4342 = CARTESIAN_POINT('',(16.530259124125,-4.3,4.570385920562));
#4343 = CARTESIAN_POINT('',(16.776550156656,-4.3,4.581593571344));
#4344 = CARTESIAN_POINT('',(16.65128125,-4.3,4.373996875));
#4345 = PCURVE('',#1352,#4346);
#4346 = DEFINITIONAL_REPRESENTATION('',(#4347),#4352);
#4347 = B_SPLINE_CURVE_WITH_KNOTS('',3,(#4348,#4349,#4350,#4351),
  .UNSPECIFIED.,.F.,.F.,(4,4),(0.,1.),.PIECEWISE_BEZIER_KNOTS.);
#4348 = CARTESIAN_POINT('',(5.107120254933,-1.296405432604));
#4349 = CARTESIAN_POINT('',(5.003471800496,-1.167396308479));
#4350 = CARTESIAN_POINT('',(5.014679451277,-0.921105275948));
#4351 = CARTESIAN_POINT('',(4.807082754933,-1.046374182604));
#4352 = ( GEOMETRIC_REPRESENTATION_CONTEXT(2) 
PARAMETRIC_REPRESENTATION_CONTEXT() REPRESENTATION_CONTEXT('2D SPACE',''
  ) );
#4353 = PCURVE('',#4354,#4362);
#4354 = SURFACE_OF_LINEAR_EXTRUSION('',#4355,#4360);
#4355 = B_SPLINE_CURVE_WITH_KNOTS('',3,(#4356,#4357,#4358,#4359),
  .UNSPECIFIED.,.F.,.F.,(4,4),(0.,1.),.PIECEWISE_BEZIER_KNOTS.);
#4356 = CARTESIAN_POINT('',(16.40125,-4.5,4.674034375));
#4357 = CARTESIAN_POINT('',(16.530259124125,-4.5,4.570385920562));
#4358 = CARTESIAN_POINT('',(16.776550156656,-4.5,4.581593571344));
#4359 = CARTESIAN_POINT('',(16.65128125,-4.5,4.373996875));
#4360 = VECTOR('',#4361,1.);
#4361 = DIRECTION('',(0.,-1.,-2.230669073875E-16));
#4362 = DEFINITIONAL_REPRESENTATION('',(#4363),#4367);
#4363 = LINE('',#4364,#4365);
#4364 = CARTESIAN_POINT('',(0.,-0.2));
#4365 = VECTOR('',#4366,1.);
#4366 = DIRECTION('',(1.,0.));
#4367 = ( GEOMETRIC_REPRESENTATION_CONTEXT(2) 
PARAMETRIC_REPRESENTATION_CONTEXT() REPRESENTATION_CONTEXT('2D SPACE',''
  ) );
#4368 = ORIENTED_EDGE('',*,*,#4369,.F.);
#4369 = EDGE_CURVE('',#4370,#4337,#4372,.T.);
#4370 = VERTEX_POINT('',#4371);
#4371 = CARTESIAN_POINT('',(15.926190625,-4.3,4.84905625));
#4372 = SURFACE_CURVE('',#4373,(#4378,#4386),.PCURVE_S1.);
#4373 = B_SPLINE_CURVE_WITH_KNOTS('',3,(#4374,#4375,#4376,#4377),
  .UNSPECIFIED.,.F.,.F.,(4,4),(0.,1.),.PIECEWISE_BEZIER_KNOTS.);
#4374 = CARTESIAN_POINT('',(15.926190625,-4.3,4.84905625));
#4375 = CARTESIAN_POINT('',(16.089528789719,-4.3,4.802750712531));
#4376 = CARTESIAN_POINT('',(16.234851702813,-4.3,4.712952239125));
#4377 = CARTESIAN_POINT('',(16.40125,-4.3,4.674034375));
#4378 = PCURVE('',#1352,#4379);
#4379 = DEFINITIONAL_REPRESENTATION('',(#4380),#4385);
#4380 = B_SPLINE_CURVE_WITH_KNOTS('',3,(#4381,#4382,#4383,#4384),
  .UNSPECIFIED.,.F.,.F.,(4,4),(0.,1.),.PIECEWISE_BEZIER_KNOTS.);
#4381 = CARTESIAN_POINT('',(5.282142129933,-1.771464807604));
#4382 = CARTESIAN_POINT('',(5.235836592465,-1.608126642885));
#4383 = CARTESIAN_POINT('',(5.146038119058,-1.462803729791));
#4384 = CARTESIAN_POINT('',(5.107120254933,-1.296405432604));
#4385 = ( GEOMETRIC_REPRESENTATION_CONTEXT(2) 
PARAMETRIC_REPRESENTATION_CONTEXT() REPRESENTATION_CONTEXT('2D SPACE',''
  ) );
#4386 = PCURVE('',#4387,#4395);
#4387 = SURFACE_OF_LINEAR_EXTRUSION('',#4388,#4393);
#4388 = B_SPLINE_CURVE_WITH_KNOTS('',3,(#4389,#4390,#4391,#4392),
  .UNSPECIFIED.,.F.,.F.,(4,4),(0.,1.),.PIECEWISE_BEZIER_KNOTS.);
#4389 = CARTESIAN_POINT('',(15.926190625,-4.5,4.84905625));
#4390 = CARTESIAN_POINT('',(16.089528789719,-4.5,4.802750712531));
#4391 = CARTESIAN_POINT('',(16.234851702813,-4.5,4.712952239125));
#4392 = CARTESIAN_POINT('',(16.40125,-4.5,4.674034375));
#4393 = VECTOR('',#4394,1.);
#4394 = DIRECTION('',(0.,-1.,-2.230669073875E-16));
#4395 = DEFINITIONAL_REPRESENTATION('',(#4396),#4400);
#4396 = LINE('',#4397,#4398);
#4397 = CARTESIAN_POINT('',(0.,-0.2));
#4398 = VECTOR('',#4399,1.);
#4399 = DIRECTION('',(1.,0.));
#4400 = ( GEOMETRIC_REPRESENTATION_CONTEXT(2) 
PARAMETRIC_REPRESENTATION_CONTEXT() REPRESENTATION_CONTEXT('2D SPACE',''
  ) );
#4401 = ORIENTED_EDGE('',*,*,#4402,.F.);
#4402 = EDGE_CURVE('',#4403,#4370,#4405,.T.);
#4403 = VERTEX_POINT('',#4404);
#4404 = CARTESIAN_POINT('',(15.476134375,-4.3,4.999075));
#4405 = SURFACE_CURVE('',#4406,(#4411,#4419),.PCURVE_S1.);
#4406 = B_SPLINE_CURVE_WITH_KNOTS('',3,(#4407,#4408,#4409,#4410),
  .UNSPECIFIED.,.F.,.F.,(4,4),(0.,1.),.PIECEWISE_BEZIER_KNOTS.);
#4407 = CARTESIAN_POINT('',(15.476134375,-4.3,4.999075));
#4408 = CARTESIAN_POINT('',(15.632780453313,-4.3,4.96506874975));
#4409 = CARTESIAN_POINT('',(15.774096365594,-4.3,4.894052123781));
#4410 = CARTESIAN_POINT('',(15.926190625,-4.3,4.84905625));
#4411 = PCURVE('',#1352,#4412);
#4412 = DEFINITIONAL_REPRESENTATION('',(#4413),#4418);
#4413 = B_SPLINE_CURVE_WITH_KNOTS('',3,(#4414,#4415,#4416,#4417),
  .UNSPECIFIED.,.F.,.F.,(4,4),(0.,1.),.PIECEWISE_BEZIER_KNOTS.);
#4414 = CARTESIAN_POINT('',(5.432160879933,-2.221521057604));
#4415 = CARTESIAN_POINT('',(5.398154629683,-2.064874979291));
#4416 = CARTESIAN_POINT('',(5.327138003715,-1.92355906701));
#4417 = CARTESIAN_POINT('',(5.282142129933,-1.771464807604));
#4418 = ( GEOMETRIC_REPRESENTATION_CONTEXT(2) 
PARAMETRIC_REPRESENTATION_CONTEXT() REPRESENTATION_CONTEXT('2D SPACE',''
  ) );
#4419 = PCURVE('',#4420,#4428);
#4420 = SURFACE_OF_LINEAR_EXTRUSION('',#4421,#4426);
#4421 = B_SPLINE_CURVE_WITH_KNOTS('',3,(#4422,#4423,#4424,#4425),
  .UNSPECIFIED.,.F.,.F.,(4,4),(0.,1.),.PIECEWISE_BEZIER_KNOTS.);
#4422 = CARTESIAN_POINT('',(15.476134375,-4.5,4.999075));
#4423 = CARTESIAN_POINT('',(15.632780453313,-4.5,4.96506874975));
#4424 = CARTESIAN_POINT('',(15.774096365594,-4.5,4.894052123781));
#4425 = CARTESIAN_POINT('',(15.926190625,-4.5,4.84905625));
#4426 = VECTOR('',#4427,1.);
#4427 = DIRECTION('',(0.,-1.,-2.230669073875E-16));
#4428 = DEFINITIONAL_REPRESENTATION('',(#4429),#4433);
#4429 = LINE('',#4430,#4431);
#4430 = CARTESIAN_POINT('',(0.,-0.2));
#4431 = VECTOR('',#4432,1.);
#4432 = DIRECTION('',(1.,0.));
#4433 = ( GEOMETRIC_REPRESENTATION_CONTEXT(2) 
PARAMETRIC_REPRESENTATION_CONTEXT() REPRESENTATION_CONTEXT('2D SPACE',''
  ) );
#4434 = ORIENTED_EDGE('',*,*,#4435,.F.);
#4435 = EDGE_CURVE('',#4436,#4403,#4438,.T.);
#4436 = VERTEX_POINT('',#4437);
#4437 = CARTESIAN_POINT('',(15.05108125,-4.3,5.124090625));
#4438 = SURFACE_CURVE('',#4439,(#4444,#4452),.PCURVE_S1.);
#4439 = B_SPLINE_CURVE_WITH_KNOTS('',3,(#4440,#4441,#4442,#4443),
  .UNSPECIFIED.,.F.,.F.,(4,4),(0.,1.),.PIECEWISE_BEZIER_KNOTS.);
#4440 = CARTESIAN_POINT('',(15.05108125,-4.3,5.124090625));
#4441 = CARTESIAN_POINT('',(15.197077997313,-4.3,5.092829717875));
#4442 = CARTESIAN_POINT('',(15.336469669094,-4.3,5.045622567719));
#4443 = CARTESIAN_POINT('',(15.476134375,-4.3,4.999075));
#4444 = PCURVE('',#1352,#4445);
#4445 = DEFINITIONAL_REPRESENTATION('',(#4446),#4451);
#4446 = B_SPLINE_CURVE_WITH_KNOTS('',3,(#4447,#4448,#4449,#4450),
  .UNSPECIFIED.,.F.,.F.,(4,4),(0.,1.),.PIECEWISE_BEZIER_KNOTS.);
#4447 = CARTESIAN_POINT('',(5.557176504933,-2.646574182604));
#4448 = CARTESIAN_POINT('',(5.525915597808,-2.500577435291));
#4449 = CARTESIAN_POINT('',(5.478708447652,-2.36118576351));
#4450 = CARTESIAN_POINT('',(5.432160879933,-2.221521057604));
#4451 = ( GEOMETRIC_REPRESENTATION_CONTEXT(2) 
PARAMETRIC_REPRESENTATION_CONTEXT() REPRESENTATION_CONTEXT('2D SPACE',''
  ) );
#4452 = PCURVE('',#4453,#4461);
#4453 = SURFACE_OF_LINEAR_EXTRUSION('',#4454,#4459);
#4454 = B_SPLINE_CURVE_WITH_KNOTS('',3,(#4455,#4456,#4457,#4458),
  .UNSPECIFIED.,.F.,.F.,(4,4),(0.,1.),.PIECEWISE_BEZIER_KNOTS.);
#4455 = CARTESIAN_POINT('',(15.05108125,-4.5,5.124090625));
#4456 = CARTESIAN_POINT('',(15.197077997313,-4.5,5.092829717875));
#4457 = CARTESIAN_POINT('',(15.336469669094,-4.5,5.045622567719));
#4458 = CARTESIAN_POINT('',(15.476134375,-4.5,4.999075));
#4459 = VECTOR('',#4460,1.);
#4460 = DIRECTION('',(0.,-1.,-2.230669073875E-16));
#4461 = DEFINITIONAL_REPRESENTATION('',(#4462),#4466);
#4462 = LINE('',#4463,#4464);
#4463 = CARTESIAN_POINT('',(0.,-0.2));
#4464 = VECTOR('',#4465,1.);
#4465 = DIRECTION('',(1.,0.));
#4466 = ( GEOMETRIC_REPRESENTATION_CONTEXT(2) 
PARAMETRIC_REPRESENTATION_CONTEXT() REPRESENTATION_CONTEXT('2D SPACE',''
  ) );
#4467 = ORIENTED_EDGE('',*,*,#4468,.F.);
#4468 = EDGE_CURVE('',#4469,#4436,#4471,.T.);
#4469 = VERTEX_POINT('',#4470);
#4470 = CARTESIAN_POINT('',(14.673582318531,-4.3,5.224103125));
#4471 = SURFACE_CURVE('',#4472,(#4477,#4485),.PCURVE_S1.);
#4472 = B_SPLINE_CURVE_WITH_KNOTS('',3,(#4473,#4474,#4475,#4476),
  .UNSPECIFIED.,.F.,.F.,(4,4),(0.,1.),.PIECEWISE_BEZIER_KNOTS.);
#4473 = CARTESIAN_POINT('',(14.673582318531,-4.3,5.224103125));
#4474 = CARTESIAN_POINT('',(14.797290530125,-4.3,5.185636067219));
#4475 = CARTESIAN_POINT('',(14.928372413313,-4.3,5.164970484344));
#4476 = CARTESIAN_POINT('',(15.05108125,-4.3,5.124090625));
#4477 = PCURVE('',#1352,#4478);
#4478 = DEFINITIONAL_REPRESENTATION('',(#4479),#4484);
#4479 = B_SPLINE_CURVE_WITH_KNOTS('',3,(#4480,#4481,#4482,#4483),
  .UNSPECIFIED.,.F.,.F.,(4,4),(0.,1.),.PIECEWISE_BEZIER_KNOTS.);
#4480 = CARTESIAN_POINT('',(5.657189004933,-3.024073114073));
#4481 = CARTESIAN_POINT('',(5.618721947152,-2.900364902479));
#4482 = CARTESIAN_POINT('',(5.598056364277,-2.769283019291));
#4483 = CARTESIAN_POINT('',(5.557176504933,-2.646574182604));
#4484 = ( GEOMETRIC_REPRESENTATION_CONTEXT(2) 
PARAMETRIC_REPRESENTATION_CONTEXT() REPRESENTATION_CONTEXT('2D SPACE',''
  ) );
#4485 = PCURVE('',#4486,#4494);
#4486 = SURFACE_OF_LINEAR_EXTRUSION('',#4487,#4492);
#4487 = B_SPLINE_CURVE_WITH_KNOTS('',3,(#4488,#4489,#4490,#4491),
  .UNSPECIFIED.,.F.,.F.,(4,4),(0.,1.),.PIECEWISE_BEZIER_KNOTS.);
#4488 = CARTESIAN_POINT('',(14.673582318531,-4.5,5.224103125));
#4489 = CARTESIAN_POINT('',(14.797290530125,-4.5,5.185636067219));
#4490 = CARTESIAN_POINT('',(14.928372413313,-4.5,5.164970484344));
#4491 = CARTESIAN_POINT('',(15.05108125,-4.5,5.124090625));
#4492 = VECTOR('',#4493,1.);
#4493 = DIRECTION('',(0.,-1.,-2.230669073875E-16));
#4494 = DEFINITIONAL_REPRESENTATION('',(#4495),#4499);
#4495 = LINE('',#4496,#4497);
#4496 = CARTESIAN_POINT('',(0.,-0.2));
#4497 = VECTOR('',#4498,1.);
#4498 = DIRECTION('',(1.,0.));
#4499 = ( GEOMETRIC_REPRESENTATION_CONTEXT(2) 
PARAMETRIC_REPRESENTATION_CONTEXT() REPRESENTATION_CONTEXT('2D SPACE',''
  ) );
#4500 = ORIENTED_EDGE('',*,*,#4501,.F.);
#4501 = EDGE_CURVE('',#4502,#4469,#4504,.T.);
#4502 = VERTEX_POINT('',#4503);
#4503 = CARTESIAN_POINT('',(14.325990625,-4.3,5.2991125));
#4504 = SURFACE_CURVE('',#4505,(#4510,#4518),.PCURVE_S1.);
#4505 = B_SPLINE_CURVE_WITH_KNOTS('',3,(#4506,#4507,#4508,#4509),
  .UNSPECIFIED.,.F.,.F.,(4,4),(0.,1.),.PIECEWISE_BEZIER_KNOTS.);
#4506 = CARTESIAN_POINT('',(14.325990625,-4.3,5.2991125));
#4507 = CARTESIAN_POINT('',(14.438264907531,-4.3,5.265443291875));
#4508 = CARTESIAN_POINT('',(14.555694084344,-4.3,5.244219139188));
#4509 = CARTESIAN_POINT('',(14.673582318531,-4.3,5.224103125));
#4510 = PCURVE('',#1352,#4511);
#4511 = DEFINITIONAL_REPRESENTATION('',(#4512),#4517);
#4512 = B_SPLINE_CURVE_WITH_KNOTS('',3,(#4513,#4514,#4515,#4516),
  .UNSPECIFIED.,.F.,.F.,(4,4),(0.,1.),.PIECEWISE_BEZIER_KNOTS.);
#4513 = CARTESIAN_POINT('',(5.732198379933,-3.371664807604));
#4514 = CARTESIAN_POINT('',(5.698529171808,-3.259390525073));
#4515 = CARTESIAN_POINT('',(5.677305019121,-3.14196134826));
#4516 = CARTESIAN_POINT('',(5.657189004933,-3.024073114073));
#4517 = ( GEOMETRIC_REPRESENTATION_CONTEXT(2) 
PARAMETRIC_REPRESENTATION_CONTEXT() REPRESENTATION_CONTEXT('2D SPACE',''
  ) );
#4518 = PCURVE('',#4519,#4527);
#4519 = SURFACE_OF_LINEAR_EXTRUSION('',#4520,#4525);
#4520 = B_SPLINE_CURVE_WITH_KNOTS('',3,(#4521,#4522,#4523,#4524),
  .UNSPECIFIED.,.F.,.F.,(4,4),(0.,1.),.PIECEWISE_BEZIER_KNOTS.);
#4521 = CARTESIAN_POINT('',(14.325990625,-4.5,5.2991125));
#4522 = CARTESIAN_POINT('',(14.438264907531,-4.5,5.265443291875));
#4523 = CARTESIAN_POINT('',(14.555694084344,-4.5,5.244219139188));
#4524 = CARTESIAN_POINT('',(14.673582318531,-4.5,5.224103125));
#4525 = VECTOR('',#4526,1.);
#4526 = DIRECTION('',(0.,-1.,-2.230669073875E-16));
#4527 = DEFINITIONAL_REPRESENTATION('',(#4528),#4532);
#4528 = LINE('',#4529,#4530);
#4529 = CARTESIAN_POINT('',(0.,-0.2));
#4530 = VECTOR('',#4531,1.);
#4531 = DIRECTION('',(1.,0.));
#4532 = ( GEOMETRIC_REPRESENTATION_CONTEXT(2) 
PARAMETRIC_REPRESENTATION_CONTEXT() REPRESENTATION_CONTEXT('2D SPACE',''
  ) );
#4533 = ORIENTED_EDGE('',*,*,#4534,.F.);
#4534 = EDGE_CURVE('',#4535,#4502,#4537,.T.);
#4535 = VERTEX_POINT('',#4536);
#4536 = CARTESIAN_POINT('',(14.00095,-4.3,5.34911875));
#4537 = SURFACE_CURVE('',#4538,(#4543,#4551),.PCURVE_S1.);
#4538 = B_SPLINE_CURVE_WITH_KNOTS('',3,(#4539,#4540,#4541,#4542),
  .UNSPECIFIED.,.F.,.F.,(4,4),(0.,1.),.PIECEWISE_BEZIER_KNOTS.);
#4539 = CARTESIAN_POINT('',(14.00095,-4.3,5.34911875));
#4540 = CARTESIAN_POINT('',(14.110639459469,-4.3,5.335691321781));
#4541 = CARTESIAN_POINT('',(14.211165773688,-4.3,5.300141878656));
#4542 = CARTESIAN_POINT('',(14.325990625,-4.3,5.2991125));
#4543 = PCURVE('',#1352,#4544);
#4544 = DEFINITIONAL_REPRESENTATION('',(#4545),#4550);
#4545 = B_SPLINE_CURVE_WITH_KNOTS('',3,(#4546,#4547,#4548,#4549),
  .UNSPECIFIED.,.F.,.F.,(4,4),(0.,1.),.PIECEWISE_BEZIER_KNOTS.);
#4546 = CARTESIAN_POINT('',(5.782204629933,-3.696705432604));
#4547 = CARTESIAN_POINT('',(5.768777201715,-3.587015973135));
#4548 = CARTESIAN_POINT('',(5.73322775859,-3.486489658916));
#4549 = CARTESIAN_POINT('',(5.732198379933,-3.371664807604));
#4550 = ( GEOMETRIC_REPRESENTATION_CONTEXT(2) 
PARAMETRIC_REPRESENTATION_CONTEXT() REPRESENTATION_CONTEXT('2D SPACE',''
  ) );
#4551 = PCURVE('',#4552,#4560);
#4552 = SURFACE_OF_LINEAR_EXTRUSION('',#4553,#4558);
#4553 = B_SPLINE_CURVE_WITH_KNOTS('',3,(#4554,#4555,#4556,#4557),
  .UNSPECIFIED.,.F.,.F.,(4,4),(0.,1.),.PIECEWISE_BEZIER_KNOTS.);
#4554 = CARTESIAN_POINT('',(14.00095,-4.5,5.34911875));
#4555 = CARTESIAN_POINT('',(14.110639459469,-4.5,5.335691321781));
#4556 = CARTESIAN_POINT('',(14.211165773688,-4.5,5.300141878656));
#4557 = CARTESIAN_POINT('',(14.325990625,-4.5,5.2991125));
#4558 = VECTOR('',#4559,1.);
#4559 = DIRECTION('',(0.,-1.,-2.230669073875E-16));
#4560 = DEFINITIONAL_REPRESENTATION('',(#4561),#4565);
#4561 = LINE('',#4562,#4563);
#4562 = CARTESIAN_POINT('',(0.,-0.2));
#4563 = VECTOR('',#4564,1.);
#4564 = DIRECTION('',(1.,0.));
#4565 = ( GEOMETRIC_REPRESENTATION_CONTEXT(2) 
PARAMETRIC_REPRESENTATION_CONTEXT() REPRESENTATION_CONTEXT('2D SPACE',''
  ) );
#4566 = ORIENTED_EDGE('',*,*,#4567,.F.);
#4567 = EDGE_CURVE('',#4568,#4535,#4570,.T.);
#4568 = VERTEX_POINT('',#4569);
#4569 = CARTESIAN_POINT('',(13.7009125,-4.3,5.399125));
#4570 = SURFACE_CURVE('',#4571,(#4576,#4584),.PCURVE_S1.);
#4571 = B_SPLINE_CURVE_WITH_KNOTS('',3,(#4572,#4573,#4574,#4575),
  .UNSPECIFIED.,.F.,.F.,(4,4),(0.,1.),.PIECEWISE_BEZIER_KNOTS.);
#4572 = CARTESIAN_POINT('',(13.7009125,-4.3,5.399125));
#4573 = CARTESIAN_POINT('',(13.79416615525,-4.3,5.366139127281));
#4574 = CARTESIAN_POINT('',(13.898456939969,-4.3,5.359798584813));
#4575 = CARTESIAN_POINT('',(14.00095,-4.3,5.34911875));
#4576 = PCURVE('',#1352,#4577);
#4577 = DEFINITIONAL_REPRESENTATION('',(#4578),#4583);
#4578 = B_SPLINE_CURVE_WITH_KNOTS('',3,(#4579,#4580,#4581,#4582),
  .UNSPECIFIED.,.F.,.F.,(4,4),(0.,1.),.PIECEWISE_BEZIER_KNOTS.);
#4579 = CARTESIAN_POINT('',(5.832210879933,-3.996742932604));
#4580 = CARTESIAN_POINT('',(5.799225007215,-3.903489277354));
#4581 = CARTESIAN_POINT('',(5.792884464746,-3.799198492635));
#4582 = CARTESIAN_POINT('',(5.782204629933,-3.696705432604));
#4583 = ( GEOMETRIC_REPRESENTATION_CONTEXT(2) 
PARAMETRIC_REPRESENTATION_CONTEXT() REPRESENTATION_CONTEXT('2D SPACE',''
  ) );
#4584 = PCURVE('',#4585,#4593);
#4585 = SURFACE_OF_LINEAR_EXTRUSION('',#4586,#4591);
#4586 = B_SPLINE_CURVE_WITH_KNOTS('',3,(#4587,#4588,#4589,#4590),
  .UNSPECIFIED.,.F.,.F.,(4,4),(0.,1.),.PIECEWISE_BEZIER_KNOTS.);
#4587 = CARTESIAN_POINT('',(13.7009125,-4.5,5.399125));
#4588 = CARTESIAN_POINT('',(13.79416615525,-4.5,5.366139127281));
#4589 = CARTESIAN_POINT('',(13.898456939969,-4.5,5.359798584813));
#4590 = CARTESIAN_POINT('',(14.00095,-4.5,5.34911875));
#4591 = VECTOR('',#4592,1.);
#4592 = DIRECTION('',(0.,-1.,-2.230669073875E-16));
#4593 = DEFINITIONAL_REPRESENTATION('',(#4594),#4598);
#4594 = LINE('',#4595,#4596);
#4595 = CARTESIAN_POINT('',(0.,-0.2));
#4596 = VECTOR('',#4597,1.);
#4597 = DIRECTION('',(1.,0.));
#4598 = ( GEOMETRIC_REPRESENTATION_CONTEXT(2) 
PARAMETRIC_REPRESENTATION_CONTEXT() REPRESENTATION_CONTEXT('2D SPACE',''
  ) );
#4599 = ORIENTED_EDGE('',*,*,#4600,.F.);
#4600 = EDGE_CURVE('',#4601,#4568,#4603,.T.);
#4601 = VERTEX_POINT('',#4602);
#4602 = CARTESIAN_POINT('',(13.3008625,-4.3,5.424128125));
#4603 = SURFACE_CURVE('',#4604,(#4609,#4617),.PCURVE_S1.);
#4604 = B_SPLINE_CURVE_WITH_KNOTS('',3,(#4605,#4606,#4607,#4608),
  .UNSPECIFIED.,.F.,.F.,(4,4),(0.,1.),.PIECEWISE_BEZIER_KNOTS.);
#4605 = CARTESIAN_POINT('',(13.3008625,-4.3,5.424128125));
#4606 = CARTESIAN_POINT('',(13.443551083844,-4.3,5.438339401188));
#4607 = CARTESIAN_POINT('',(13.557186036438,-4.3,5.382408410687));
#4608 = CARTESIAN_POINT('',(13.7009125,-4.3,5.399125));
#4609 = PCURVE('',#1352,#4610);
#4610 = DEFINITIONAL_REPRESENTATION('',(#4611),#4616);
#4611 = B_SPLINE_CURVE_WITH_KNOTS('',3,(#4612,#4613,#4614,#4615),
  .UNSPECIFIED.,.F.,.F.,(4,4),(0.,1.),.PIECEWISE_BEZIER_KNOTS.);
#4612 = CARTESIAN_POINT('',(5.857214004933,-4.396792932604));
#4613 = CARTESIAN_POINT('',(5.871425281121,-4.25410434876));
#4614 = CARTESIAN_POINT('',(5.815494290621,-4.140469396166));
#4615 = CARTESIAN_POINT('',(5.832210879933,-3.996742932604));
#4616 = ( GEOMETRIC_REPRESENTATION_CONTEXT(2) 
PARAMETRIC_REPRESENTATION_CONTEXT() REPRESENTATION_CONTEXT('2D SPACE',''
  ) );
#4617 = PCURVE('',#4618,#4626);
#4618 = SURFACE_OF_LINEAR_EXTRUSION('',#4619,#4624);
#4619 = B_SPLINE_CURVE_WITH_KNOTS('',3,(#4620,#4621,#4622,#4623),
  .UNSPECIFIED.,.F.,.F.,(4,4),(0.,1.),.PIECEWISE_BEZIER_KNOTS.);
#4620 = CARTESIAN_POINT('',(13.3008625,-4.5,5.424128125));
#4621 = CARTESIAN_POINT('',(13.443551083844,-4.5,5.438339401188));
#4622 = CARTESIAN_POINT('',(13.557186036438,-4.5,5.382408410687));
#4623 = CARTESIAN_POINT('',(13.7009125,-4.5,5.399125));
#4624 = VECTOR('',#4625,1.);
#4625 = DIRECTION('',(0.,-1.,-2.230669073875E-16));
#4626 = DEFINITIONAL_REPRESENTATION('',(#4627),#4631);
#4627 = LINE('',#4628,#4629);
#4628 = CARTESIAN_POINT('',(0.,-0.2));
#4629 = VECTOR('',#4630,1.);
#4630 = DIRECTION('',(1.,0.));
#4631 = ( GEOMETRIC_REPRESENTATION_CONTEXT(2) 
PARAMETRIC_REPRESENTATION_CONTEXT() REPRESENTATION_CONTEXT('2D SPACE',''
  ) );
#4632 = ORIENTED_EDGE('',*,*,#4633,.F.);
#4633 = EDGE_CURVE('',#4634,#4601,#4636,.T.);
#4634 = VERTEX_POINT('',#4635);
#4635 = CARTESIAN_POINT('',(12.95081875,-4.3,5.44913125));
#4636 = SURFACE_CURVE('',#4637,(#4642,#4650),.PCURVE_S1.);
#4637 = B_SPLINE_CURVE_WITH_KNOTS('',3,(#4638,#4639,#4640,#4641),
  .UNSPECIFIED.,.F.,.F.,(4,4),(0.,1.),.PIECEWISE_BEZIER_KNOTS.);
#4638 = CARTESIAN_POINT('',(12.95081875,-4.3,5.44913125));
#4639 = CARTESIAN_POINT('',(13.069929386969,-4.3,5.44666094125));
#4640 = CARTESIAN_POINT('',(13.196162914188,-4.3,5.461388782));
#4641 = CARTESIAN_POINT('',(13.3008625,-4.3,5.424128125));
#4642 = PCURVE('',#1352,#4643);
#4643 = DEFINITIONAL_REPRESENTATION('',(#4644),#4649);
#4644 = B_SPLINE_CURVE_WITH_KNOTS('',3,(#4645,#4646,#4647,#4648),
  .UNSPECIFIED.,.F.,.F.,(4,4),(0.,1.),.PIECEWISE_BEZIER_KNOTS.);
#4645 = CARTESIAN_POINT('',(5.882217129933,-4.746836682604));
#4646 = CARTESIAN_POINT('',(5.879746821183,-4.627726045635));
#4647 = CARTESIAN_POINT('',(5.894474661933,-4.501492518416));
#4648 = CARTESIAN_POINT('',(5.857214004933,-4.396792932604));
#4649 = ( GEOMETRIC_REPRESENTATION_CONTEXT(2) 
PARAMETRIC_REPRESENTATION_CONTEXT() REPRESENTATION_CONTEXT('2D SPACE',''
  ) );
#4650 = PCURVE('',#4651,#4659);
#4651 = SURFACE_OF_LINEAR_EXTRUSION('',#4652,#4657);
#4652 = B_SPLINE_CURVE_WITH_KNOTS('',3,(#4653,#4654,#4655,#4656),
  .UNSPECIFIED.,.F.,.F.,(4,4),(0.,1.),.PIECEWISE_BEZIER_KNOTS.);
#4653 = CARTESIAN_POINT('',(12.95081875,-4.5,5.44913125));
#4654 = CARTESIAN_POINT('',(13.069929386969,-4.5,5.44666094125));
#4655 = CARTESIAN_POINT('',(13.196162914188,-4.5,5.461388782));
#4656 = CARTESIAN_POINT('',(13.3008625,-4.5,5.424128125));
#4657 = VECTOR('',#4658,1.);
#4658 = DIRECTION('',(0.,-1.,-2.230669073875E-16));
#4659 = DEFINITIONAL_REPRESENTATION('',(#4660),#4664);
#4660 = LINE('',#4661,#4662);
#4661 = CARTESIAN_POINT('',(0.,-0.2));
#4662 = VECTOR('',#4663,1.);
#4663 = DIRECTION('',(1.,0.));
#4664 = ( GEOMETRIC_REPRESENTATION_CONTEXT(2) 
PARAMETRIC_REPRESENTATION_CONTEXT() REPRESENTATION_CONTEXT('2D SPACE',''
  ) );
#4665 = ORIENTED_EDGE('',*,*,#4666,.F.);
#4666 = EDGE_CURVE('',#2720,#4634,#4667,.T.);
#4667 = SURFACE_CURVE('',#4668,(#4673,#4681),.PCURVE_S1.);
#4668 = B_SPLINE_CURVE_WITH_KNOTS('',3,(#4669,#4670,#4671,#4672),
  .UNSPECIFIED.,.F.,.F.,(4,4),(0.,1.),.PIECEWISE_BEZIER_KNOTS.);
#4669 = CARTESIAN_POINT('',(12.675784375,-4.3,5.44913125));
#4670 = CARTESIAN_POINT('',(12.738234930344,-4.3,5.460702446219));
#4671 = CARTESIAN_POINT('',(12.857851630563,-4.3,5.441667567156));
#4672 = CARTESIAN_POINT('',(12.95081875,-4.3,5.44913125));
#4673 = PCURVE('',#1352,#4674);
#4674 = DEFINITIONAL_REPRESENTATION('',(#4675),#4680);
#4675 = B_SPLINE_CURVE_WITH_KNOTS('',3,(#4676,#4677,#4678,#4679),
  .UNSPECIFIED.,.F.,.F.,(4,4),(0.,1.),.PIECEWISE_BEZIER_KNOTS.);
#4676 = CARTESIAN_POINT('',(5.882217129933,-5.021871057604));
#4677 = CARTESIAN_POINT('',(5.893788326152,-4.95942050226));
#4678 = CARTESIAN_POINT('',(5.87475344709,-4.839803802041));
#4679 = CARTESIAN_POINT('',(5.882217129933,-4.746836682604));
#4680 = ( GEOMETRIC_REPRESENTATION_CONTEXT(2) 
PARAMETRIC_REPRESENTATION_CONTEXT() REPRESENTATION_CONTEXT('2D SPACE',''
  ) );
#4681 = PCURVE('',#4682,#4690);
#4682 = SURFACE_OF_LINEAR_EXTRUSION('',#4683,#4688);
#4683 = B_SPLINE_CURVE_WITH_KNOTS('',3,(#4684,#4685,#4686,#4687),
  .UNSPECIFIED.,.F.,.F.,(4,4),(0.,1.),.PIECEWISE_BEZIER_KNOTS.);
#4684 = CARTESIAN_POINT('',(12.675784375,-4.5,5.44913125));
#4685 = CARTESIAN_POINT('',(12.738234930344,-4.5,5.460702446219));
#4686 = CARTESIAN_POINT('',(12.857851630563,-4.5,5.441667567156));
#4687 = CARTESIAN_POINT('',(12.95081875,-4.5,5.44913125));
#4688 = VECTOR('',#4689,1.);
#4689 = DIRECTION('',(0.,-1.,-2.230669073875E-16));
#4690 = DEFINITIONAL_REPRESENTATION('',(#4691),#4695);
#4691 = LINE('',#4692,#4693);
#4692 = CARTESIAN_POINT('',(0.,-0.2));
#4693 = VECTOR('',#4694,1.);
#4694 = DIRECTION('',(1.,0.));
#4695 = ( GEOMETRIC_REPRESENTATION_CONTEXT(2) 
PARAMETRIC_REPRESENTATION_CONTEXT() REPRESENTATION_CONTEXT('2D SPACE',''
  ) );
#4696 = FACE_BOUND('',#4697,.F.);
#4697 = EDGE_LOOP('',(#4698,#4733,#4766,#4799,#4832,#4865,#4898,#4931,
    #4964,#4997,#5030,#5063,#5096,#5129,#5162,#5195,#5228,#5261,#5294,
    #5327,#5360,#5393,#5426,#5459,#5492,#5525,#5558,#5591,#5624,#5657,
    #5690,#5723,#5756,#5789,#5822,#5855));
#4698 = ORIENTED_EDGE('',*,*,#4699,.F.);
#4699 = EDGE_CURVE('',#4700,#4702,#4704,.T.);
#4700 = VERTEX_POINT('',#4701);
#4701 = CARTESIAN_POINT('',(17.826428125,-4.3,3.798925));
#4702 = VERTEX_POINT('',#4703);
#4703 = CARTESIAN_POINT('',(17.876434375,-4.3,3.923940625));
#4704 = SURFACE_CURVE('',#4705,(#4710,#4718),.PCURVE_S1.);
#4705 = B_SPLINE_CURVE_WITH_KNOTS('',3,(#4706,#4707,#4708,#4709),
  .UNSPECIFIED.,.F.,.F.,(4,4),(0.,1.),.PIECEWISE_BEZIER_KNOTS.);
#4706 = CARTESIAN_POINT('',(17.826428125,-4.3,3.798925));
#4707 = CARTESIAN_POINT('',(17.819485007219,-4.3,3.849397558281));
#4708 = CARTESIAN_POINT('',(17.848919686094,-4.3,3.886925748719));
#4709 = CARTESIAN_POINT('',(17.876434375,-4.3,3.923940625));
#4710 = PCURVE('',#1352,#4711);
#4711 = DEFINITIONAL_REPRESENTATION('',(#4712),#4717);
#4712 = B_SPLINE_CURVE_WITH_KNOTS('',3,(#4713,#4714,#4715,#4716),
  .UNSPECIFIED.,.F.,.F.,(4,4),(0.,1.),.PIECEWISE_BEZIER_KNOTS.);
#4713 = CARTESIAN_POINT('',(4.232010879933,0.128772692396));
#4714 = CARTESIAN_POINT('',(4.282483438215,0.121829574615));
#4715 = CARTESIAN_POINT('',(4.320011628652,0.15126425349));
#4716 = CARTESIAN_POINT('',(4.357026504933,0.178778942396));
#4717 = ( GEOMETRIC_REPRESENTATION_CONTEXT(2) 
PARAMETRIC_REPRESENTATION_CONTEXT() REPRESENTATION_CONTEXT('2D SPACE',''
  ) );
#4718 = PCURVE('',#4719,#4727);
#4719 = SURFACE_OF_LINEAR_EXTRUSION('',#4720,#4725);
#4720 = B_SPLINE_CURVE_WITH_KNOTS('',3,(#4721,#4722,#4723,#4724),
  .UNSPECIFIED.,.F.,.F.,(4,4),(0.,1.),.PIECEWISE_BEZIER_KNOTS.);
#4721 = CARTESIAN_POINT('',(17.826428125,-4.5,3.798925));
#4722 = CARTESIAN_POINT('',(17.819485007219,-4.5,3.849397558281));
#4723 = CARTESIAN_POINT('',(17.848919686094,-4.5,3.886925748719));
#4724 = CARTESIAN_POINT('',(17.876434375,-4.5,3.923940625));
#4725 = VECTOR('',#4726,1.);
#4726 = DIRECTION('',(0.,-1.,-2.230669073875E-16));
#4727 = DEFINITIONAL_REPRESENTATION('',(#4728),#4732);
#4728 = LINE('',#4729,#4730);
#4729 = CARTESIAN_POINT('',(0.,-0.2));
#4730 = VECTOR('',#4731,1.);
#4731 = DIRECTION('',(1.,0.));
#4732 = ( GEOMETRIC_REPRESENTATION_CONTEXT(2) 
PARAMETRIC_REPRESENTATION_CONTEXT() REPRESENTATION_CONTEXT('2D SPACE',''
  ) );
#4733 = ORIENTED_EDGE('',*,*,#4734,.F.);
#4734 = EDGE_CURVE('',#4735,#4700,#4737,.T.);
#4735 = VERTEX_POINT('',#4736);
#4736 = CARTESIAN_POINT('',(17.75141875,-4.3,3.580800737875));
#4737 = SURFACE_CURVE('',#4738,(#4743,#4751),.PCURVE_S1.);
#4738 = B_SPLINE_CURVE_WITH_KNOTS('',3,(#4739,#4740,#4741,#4742),
  .UNSPECIFIED.,.F.,.F.,(4,4),(0.,1.),.PIECEWISE_BEZIER_KNOTS.);
#4739 = CARTESIAN_POINT('',(17.75141875,-4.3,3.580800737875));
#4740 = CARTESIAN_POINT('',(17.766767668375,-4.3,3.657606837438));
#4741 = CARTESIAN_POINT('',(17.788963192469,-4.3,3.731220788031));
#4742 = CARTESIAN_POINT('',(17.826428125,-4.3,3.798925));
#4743 = PCURVE('',#1352,#4744);
#4744 = DEFINITIONAL_REPRESENTATION('',(#4745),#4750);
#4745 = B_SPLINE_CURVE_WITH_KNOTS('',3,(#4746,#4747,#4748,#4749),
  .UNSPECIFIED.,.F.,.F.,(4,4),(0.,1.),.PIECEWISE_BEZIER_KNOTS.);
#4746 = CARTESIAN_POINT('',(4.013886617808,5.376331739602E-02));
#4747 = CARTESIAN_POINT('',(4.090692717371,6.911223577102E-02));
#4748 = CARTESIAN_POINT('',(4.164306667965,9.130775986477E-02));
#4749 = CARTESIAN_POINT('',(4.232010879933,0.128772692396));
#4750 = ( GEOMETRIC_REPRESENTATION_CONTEXT(2) 
PARAMETRIC_REPRESENTATION_CONTEXT() REPRESENTATION_CONTEXT('2D SPACE',''
  ) );
#4751 = PCURVE('',#4752,#4760);
#4752 = SURFACE_OF_LINEAR_EXTRUSION('',#4753,#4758);
#4753 = B_SPLINE_CURVE_WITH_KNOTS('',3,(#4754,#4755,#4756,#4757),
  .UNSPECIFIED.,.F.,.F.,(4,4),(0.,1.),.PIECEWISE_BEZIER_KNOTS.);
#4754 = CARTESIAN_POINT('',(17.75141875,-4.5,3.580800737875));
#4755 = CARTESIAN_POINT('',(17.766767668375,-4.5,3.657606837438));
#4756 = CARTESIAN_POINT('',(17.788963192469,-4.5,3.731220788031));
#4757 = CARTESIAN_POINT('',(17.826428125,-4.5,3.798925));
#4758 = VECTOR('',#4759,1.);
#4759 = DIRECTION('',(0.,-1.,-2.230669073875E-16));
#4760 = DEFINITIONAL_REPRESENTATION('',(#4761),#4765);
#4761 = LINE('',#4762,#4763);
#4762 = CARTESIAN_POINT('',(0.,-0.2));
#4763 = VECTOR('',#4764,1.);
#4764 = DIRECTION('',(1.,0.));
#4765 = ( GEOMETRIC_REPRESENTATION_CONTEXT(2) 
PARAMETRIC_REPRESENTATION_CONTEXT() REPRESENTATION_CONTEXT('2D SPACE',''
  ) );
#4766 = ORIENTED_EDGE('',*,*,#4767,.F.);
#4767 = EDGE_CURVE('',#4768,#4735,#4770,.T.);
#4768 = VERTEX_POINT('',#4769);
#4769 = CARTESIAN_POINT('',(17.7014125,-4.3,3.398875));
#4770 = SURFACE_CURVE('',#4771,(#4776,#4784),.PCURVE_S1.);
#4771 = B_SPLINE_CURVE_WITH_KNOTS('',3,(#4772,#4773,#4774,#4775),
  .UNSPECIFIED.,.F.,.F.,(4,4),(0.,1.),.PIECEWISE_BEZIER_KNOTS.);
#4772 = CARTESIAN_POINT('',(17.7014125,-4.3,3.398875));
#4773 = CARTESIAN_POINT('',(17.745162718094,-4.3,3.448556709437));
#4774 = CARTESIAN_POINT('',(17.71546425625,-4.3,3.528064646688));
#4775 = CARTESIAN_POINT('',(17.75141875,-4.3,3.580800737875));
#4776 = PCURVE('',#1352,#4777);
#4777 = DEFINITIONAL_REPRESENTATION('',(#4778),#4783);
#4778 = B_SPLINE_CURVE_WITH_KNOTS('',3,(#4779,#4780,#4781,#4782),
  .UNSPECIFIED.,.F.,.F.,(4,4),(0.,1.),.PIECEWISE_BEZIER_KNOTS.);
#4779 = CARTESIAN_POINT('',(3.831960879933,3.757067396023E-03));
#4780 = CARTESIAN_POINT('',(3.881642589371,4.750728548977E-02));
#4781 = CARTESIAN_POINT('',(3.961150526621,1.780882364602E-02));
#4782 = CARTESIAN_POINT('',(4.013886617808,5.376331739602E-02));
#4783 = ( GEOMETRIC_REPRESENTATION_CONTEXT(2) 
PARAMETRIC_REPRESENTATION_CONTEXT() REPRESENTATION_CONTEXT('2D SPACE',''
  ) );
#4784 = PCURVE('',#4785,#4793);
#4785 = SURFACE_OF_LINEAR_EXTRUSION('',#4786,#4791);
#4786 = B_SPLINE_CURVE_WITH_KNOTS('',3,(#4787,#4788,#4789,#4790),
  .UNSPECIFIED.,.F.,.F.,(4,4),(0.,1.),.PIECEWISE_BEZIER_KNOTS.);
#4787 = CARTESIAN_POINT('',(17.7014125,-4.5,3.398875));
#4788 = CARTESIAN_POINT('',(17.745162718094,-4.5,3.448556709437));
#4789 = CARTESIAN_POINT('',(17.71546425625,-4.5,3.528064646688));
#4790 = CARTESIAN_POINT('',(17.75141875,-4.5,3.580800737875));
#4791 = VECTOR('',#4792,1.);
#4792 = DIRECTION('',(0.,-1.,-2.230669073875E-16));
#4793 = DEFINITIONAL_REPRESENTATION('',(#4794),#4798);
#4794 = LINE('',#4795,#4796);
#4795 = CARTESIAN_POINT('',(0.,-0.2));
#4796 = VECTOR('',#4797,1.);
#4797 = DIRECTION('',(1.,0.));
#4798 = ( GEOMETRIC_REPRESENTATION_CONTEXT(2) 
PARAMETRIC_REPRESENTATION_CONTEXT() REPRESENTATION_CONTEXT('2D SPACE',''
  ) );
#4799 = ORIENTED_EDGE('',*,*,#4800,.F.);
#4800 = EDGE_CURVE('',#4801,#4768,#4803,.T.);
#4801 = VERTEX_POINT('',#4802);
#4802 = CARTESIAN_POINT('',(17.7014125,-4.3,3.155747612875));
#4803 = SURFACE_CURVE('',#4804,(#4809,#4817),.PCURVE_S1.);
#4804 = B_SPLINE_CURVE_WITH_KNOTS('',3,(#4805,#4806,#4807,#4808),
  .UNSPECIFIED.,.F.,.F.,(4,4),(0.,1.),.PIECEWISE_BEZIER_KNOTS.);
#4805 = CARTESIAN_POINT('',(17.7014125,-4.3,3.155747612875));
#4806 = CARTESIAN_POINT('',(17.7015125125,-4.3,3.236744986281));
#4807 = CARTESIAN_POINT('',(17.70126248125,-4.3,3.318206417688));
#4808 = CARTESIAN_POINT('',(17.7014125,-4.3,3.398875));
#4809 = PCURVE('',#1352,#4810);
#4810 = DEFINITIONAL_REPRESENTATION('',(#4811),#4816);
#4811 = B_SPLINE_CURVE_WITH_KNOTS('',3,(#4812,#4813,#4814,#4815),
  .UNSPECIFIED.,.F.,.F.,(4,4),(0.,1.),.PIECEWISE_BEZIER_KNOTS.);
#4812 = CARTESIAN_POINT('',(3.588833492808,3.757067396023E-03));
#4813 = CARTESIAN_POINT('',(3.669830866215,3.857079896022E-03));
#4814 = CARTESIAN_POINT('',(3.751292297621,3.607048646021E-03));
#4815 = CARTESIAN_POINT('',(3.831960879933,3.757067396023E-03));
#4816 = ( GEOMETRIC_REPRESENTATION_CONTEXT(2) 
PARAMETRIC_REPRESENTATION_CONTEXT() REPRESENTATION_CONTEXT('2D SPACE',''
  ) );
#4817 = PCURVE('',#4818,#4826);
#4818 = SURFACE_OF_LINEAR_EXTRUSION('',#4819,#4824);
#4819 = B_SPLINE_CURVE_WITH_KNOTS('',3,(#4820,#4821,#4822,#4823),
  .UNSPECIFIED.,.F.,.F.,(4,4),(0.,1.),.PIECEWISE_BEZIER_KNOTS.);
#4820 = CARTESIAN_POINT('',(17.7014125,-4.5,3.155747612875));
#4821 = CARTESIAN_POINT('',(17.7015125125,-4.5,3.236744986281));
#4822 = CARTESIAN_POINT('',(17.70126248125,-4.5,3.318206417688));
#4823 = CARTESIAN_POINT('',(17.7014125,-4.5,3.398875));
#4824 = VECTOR('',#4825,1.);
#4825 = DIRECTION('',(0.,-1.,-2.230669073875E-16));
#4826 = DEFINITIONAL_REPRESENTATION('',(#4827),#4831);
#4827 = LINE('',#4828,#4829);
#4828 = CARTESIAN_POINT('',(0.,-0.2));
#4829 = VECTOR('',#4830,1.);
#4830 = DIRECTION('',(1.,0.));
#4831 = ( GEOMETRIC_REPRESENTATION_CONTEXT(2) 
PARAMETRIC_REPRESENTATION_CONTEXT() REPRESENTATION_CONTEXT('2D SPACE',''
  ) );
#4832 = ORIENTED_EDGE('',*,*,#4833,.F.);
#4833 = EDGE_CURVE('',#4834,#4801,#4836,.T.);
#4834 = VERTEX_POINT('',#4835);
#4835 = CARTESIAN_POINT('',(17.726415625,-4.3,2.998825));
#4836 = SURFACE_CURVE('',#4837,(#4842,#4850),.PCURVE_S1.);
#4837 = B_SPLINE_CURVE_WITH_KNOTS('',3,(#4838,#4839,#4840,#4841),
  .UNSPECIFIED.,.F.,.F.,(4,4),(0.,1.),.PIECEWISE_BEZIER_KNOTS.);
#4838 = CARTESIAN_POINT('',(17.726415625,-4.3,2.998825));
#4839 = CARTESIAN_POINT('',(17.7353087365,-4.3,3.058309934688));
#4840 = CARTESIAN_POINT('',(17.715666531531,-4.3,3.106129911437));
#4841 = CARTESIAN_POINT('',(17.7014125,-4.3,3.155747612875));
#4842 = PCURVE('',#1352,#4843);
#4843 = DEFINITIONAL_REPRESENTATION('',(#4844),#4849);
#4844 = B_SPLINE_CURVE_WITH_KNOTS('',3,(#4845,#4846,#4847,#4848),
  .UNSPECIFIED.,.F.,.F.,(4,4),(0.,1.),.PIECEWISE_BEZIER_KNOTS.);
#4845 = CARTESIAN_POINT('',(3.431910879933,2.876019239602E-02));
#4846 = CARTESIAN_POINT('',(3.491395814621,3.765330389602E-02));
#4847 = CARTESIAN_POINT('',(3.539215791371,1.801109892727E-02));
#4848 = CARTESIAN_POINT('',(3.588833492808,3.757067396023E-03));
#4849 = ( GEOMETRIC_REPRESENTATION_CONTEXT(2) 
PARAMETRIC_REPRESENTATION_CONTEXT() REPRESENTATION_CONTEXT('2D SPACE',''
  ) );
#4850 = PCURVE('',#4851,#4859);
#4851 = SURFACE_OF_LINEAR_EXTRUSION('',#4852,#4857);
#4852 = B_SPLINE_CURVE_WITH_KNOTS('',3,(#4853,#4854,#4855,#4856),
  .UNSPECIFIED.,.F.,.F.,(4,4),(0.,1.),.PIECEWISE_BEZIER_KNOTS.);
#4853 = CARTESIAN_POINT('',(17.726415625,-4.5,2.998825));
#4854 = CARTESIAN_POINT('',(17.7353087365,-4.5,3.058309934688));
#4855 = CARTESIAN_POINT('',(17.715666531531,-4.5,3.106129911437));
#4856 = CARTESIAN_POINT('',(17.7014125,-4.5,3.155747612875));
#4857 = VECTOR('',#4858,1.);
#4858 = DIRECTION('',(0.,-1.,-2.230669073875E-16));
#4859 = DEFINITIONAL_REPRESENTATION('',(#4860),#4864);
#4860 = LINE('',#4861,#4862);
#4861 = CARTESIAN_POINT('',(0.,-0.2));
#4862 = VECTOR('',#4863,1.);
#4863 = DIRECTION('',(1.,0.));
#4864 = ( GEOMETRIC_REPRESENTATION_CONTEXT(2) 
PARAMETRIC_REPRESENTATION_CONTEXT() REPRESENTATION_CONTEXT('2D SPACE',''
  ) );
#4865 = ORIENTED_EDGE('',*,*,#4866,.F.);
#4866 = EDGE_CURVE('',#4867,#4834,#4869,.T.);
#4867 = VERTEX_POINT('',#4868);
#4868 = CARTESIAN_POINT('',(17.8139265625,-4.3,2.7612953125));
#4869 = SURFACE_CURVE('',#4870,(#4875,#4883),.PCURVE_S1.);
#4870 = B_SPLINE_CURVE_WITH_KNOTS('',3,(#4871,#4872,#4873,#4874),
  .UNSPECIFIED.,.F.,.F.,(4,4),(0.,1.),.PIECEWISE_BEZIER_KNOTS.);
#4871 = CARTESIAN_POINT('',(17.8139265625,-4.3,2.7612953125));
#4872 = CARTESIAN_POINT('',(17.771895809313,-4.3,2.835682359719));
#4873 = CARTESIAN_POINT('',(17.756455129469,-4.3,2.919953892344));
#4874 = CARTESIAN_POINT('',(17.726415625,-4.3,2.998825));
#4875 = PCURVE('',#1352,#4876);
#4876 = DEFINITIONAL_REPRESENTATION('',(#4877),#4882);
#4877 = B_SPLINE_CURVE_WITH_KNOTS('',3,(#4878,#4879,#4880,#4881),
  .UNSPECIFIED.,.F.,.F.,(4,4),(0.,1.),.PIECEWISE_BEZIER_KNOTS.);
#4878 = CARTESIAN_POINT('',(3.194381192433,0.116271129896));
#4879 = CARTESIAN_POINT('',(3.268768239652,7.424037670852E-02));
#4880 = CARTESIAN_POINT('',(3.353039772277,5.879969686477E-02));
#4881 = CARTESIAN_POINT('',(3.431910879933,2.876019239602E-02));
#4882 = ( GEOMETRIC_REPRESENTATION_CONTEXT(2) 
PARAMETRIC_REPRESENTATION_CONTEXT() REPRESENTATION_CONTEXT('2D SPACE',''
  ) );
#4883 = PCURVE('',#4884,#4892);
#4884 = SURFACE_OF_LINEAR_EXTRUSION('',#4885,#4890);
#4885 = B_SPLINE_CURVE_WITH_KNOTS('',3,(#4886,#4887,#4888,#4889),
  .UNSPECIFIED.,.F.,.F.,(4,4),(0.,1.),.PIECEWISE_BEZIER_KNOTS.);
#4886 = CARTESIAN_POINT('',(17.8139265625,-4.5,2.7612953125));
#4887 = CARTESIAN_POINT('',(17.771895809313,-4.5,2.835682359719));
#4888 = CARTESIAN_POINT('',(17.756455129469,-4.5,2.919953892344));
#4889 = CARTESIAN_POINT('',(17.726415625,-4.5,2.998825));
#4890 = VECTOR('',#4891,1.);
#4891 = DIRECTION('',(0.,-1.,-2.230669073875E-16));
#4892 = DEFINITIONAL_REPRESENTATION('',(#4893),#4897);
#4893 = LINE('',#4894,#4895);
#4894 = CARTESIAN_POINT('',(0.,-0.2));
#4895 = VECTOR('',#4896,1.);
#4896 = DIRECTION('',(1.,0.));
#4897 = ( GEOMETRIC_REPRESENTATION_CONTEXT(2) 
PARAMETRIC_REPRESENTATION_CONTEXT() REPRESENTATION_CONTEXT('2D SPACE',''
  ) );
#4898 = ORIENTED_EDGE('',*,*,#4899,.F.);
#4899 = EDGE_CURVE('',#4900,#4867,#4902,.T.);
#4900 = VERTEX_POINT('',#4901);
#4901 = CARTESIAN_POINT('',(17.95144375,-4.3,2.523765625));
#4902 = SURFACE_CURVE('',#4903,(#4908,#4916),.PCURVE_S1.);
#4903 = B_SPLINE_CURVE_WITH_KNOTS('',3,(#4904,#4905,#4906,#4907),
  .UNSPECIFIED.,.F.,.F.,(4,4),(0.,1.),.PIECEWISE_BEZIER_KNOTS.);
#4904 = CARTESIAN_POINT('',(17.95144375,-4.3,2.523765625));
#4905 = CARTESIAN_POINT('',(17.918871428969,-4.3,2.608533719688));
#4906 = CARTESIAN_POINT('',(17.84324022625,-4.3,2.67500252725));
#4907 = CARTESIAN_POINT('',(17.8139265625,-4.3,2.7612953125));
#4908 = PCURVE('',#1352,#4909);
#4909 = DEFINITIONAL_REPRESENTATION('',(#4910),#4915);
#4910 = B_SPLINE_CURVE_WITH_KNOTS('',3,(#4911,#4912,#4913,#4914),
  .UNSPECIFIED.,.F.,.F.,(4,4),(0.,1.),.PIECEWISE_BEZIER_KNOTS.);
#4911 = CARTESIAN_POINT('',(2.956851504933,0.253788317396));
#4912 = CARTESIAN_POINT('',(3.041619599621,0.221215996365));
#4913 = CARTESIAN_POINT('',(3.108088407183,0.145584793646));
#4914 = CARTESIAN_POINT('',(3.194381192433,0.116271129896));
#4915 = ( GEOMETRIC_REPRESENTATION_CONTEXT(2) 
PARAMETRIC_REPRESENTATION_CONTEXT() REPRESENTATION_CONTEXT('2D SPACE',''
  ) );
#4916 = PCURVE('',#4917,#4925);
#4917 = SURFACE_OF_LINEAR_EXTRUSION('',#4918,#4923);
#4918 = B_SPLINE_CURVE_WITH_KNOTS('',3,(#4919,#4920,#4921,#4922),
  .UNSPECIFIED.,.F.,.F.,(4,4),(0.,1.),.PIECEWISE_BEZIER_KNOTS.);
#4919 = CARTESIAN_POINT('',(17.95144375,-4.5,2.523765625));
#4920 = CARTESIAN_POINT('',(17.918871428969,-4.5,2.608533719688));
#4921 = CARTESIAN_POINT('',(17.84324022625,-4.5,2.67500252725));
#4922 = CARTESIAN_POINT('',(17.8139265625,-4.5,2.7612953125));
#4923 = VECTOR('',#4924,1.);
#4924 = DIRECTION('',(0.,-1.,-2.230669073875E-16));
#4925 = DEFINITIONAL_REPRESENTATION('',(#4926),#4930);
#4926 = LINE('',#4927,#4928);
#4927 = CARTESIAN_POINT('',(0.,-0.2));
#4928 = VECTOR('',#4929,1.);
#4929 = DIRECTION('',(1.,0.));
#4930 = ( GEOMETRIC_REPRESENTATION_CONTEXT(2) 
PARAMETRIC_REPRESENTATION_CONTEXT() REPRESENTATION_CONTEXT('2D SPACE',''
  ) );
#4931 = ORIENTED_EDGE('',*,*,#4932,.F.);
#4932 = EDGE_CURVE('',#4933,#4900,#4935,.T.);
#4933 = VERTEX_POINT('',#4934);
#4934 = CARTESIAN_POINT('',(18.111821544719,-4.3,2.363389080438));
#4935 = SURFACE_CURVE('',#4936,(#4941,#4949),.PCURVE_S1.);
#4936 = B_SPLINE_CURVE_WITH_KNOTS('',3,(#4937,#4938,#4939,#4940),
  .UNSPECIFIED.,.F.,.F.,(4,4),(0.,1.),.PIECEWISE_BEZIER_KNOTS.);
#4937 = CARTESIAN_POINT('',(18.111821544719,-4.3,2.363389080437));
#4938 = CARTESIAN_POINT('',(18.05843912275,-4.3,2.416913520156));
#4939 = CARTESIAN_POINT('',(18.004724659281,-4.3,2.470283440562));
#4940 = CARTESIAN_POINT('',(17.95144375,-4.3,2.523765625));
#4941 = PCURVE('',#1352,#4942);
#4942 = DEFINITIONAL_REPRESENTATION('',(#4943),#4948);
#4943 = B_SPLINE_CURVE_WITH_KNOTS('',3,(#4944,#4945,#4946,#4947),
  .UNSPECIFIED.,.F.,.F.,(4,4),(0.,1.),.PIECEWISE_BEZIER_KNOTS.);
#4944 = CARTESIAN_POINT('',(2.796474960371,0.414166112115));
#4945 = CARTESIAN_POINT('',(2.84999940009,0.360783690146));
#4946 = CARTESIAN_POINT('',(2.903369320496,0.307069226677));
#4947 = CARTESIAN_POINT('',(2.956851504933,0.253788317396));
#4948 = ( GEOMETRIC_REPRESENTATION_CONTEXT(2) 
PARAMETRIC_REPRESENTATION_CONTEXT() REPRESENTATION_CONTEXT('2D SPACE',''
  ) );
#4949 = PCURVE('',#4950,#4958);
#4950 = SURFACE_OF_LINEAR_EXTRUSION('',#4951,#4956);
#4951 = B_SPLINE_CURVE_WITH_KNOTS('',3,(#4952,#4953,#4954,#4955),
  .UNSPECIFIED.,.F.,.F.,(4,4),(0.,1.),.PIECEWISE_BEZIER_KNOTS.);
#4952 = CARTESIAN_POINT('',(18.111821544719,-4.5,2.363389080438));
#4953 = CARTESIAN_POINT('',(18.05843912275,-4.5,2.416913520156));
#4954 = CARTESIAN_POINT('',(18.004724659281,-4.5,2.470283440562));
#4955 = CARTESIAN_POINT('',(17.95144375,-4.5,2.523765625));
#4956 = VECTOR('',#4957,1.);
#4957 = DIRECTION('',(0.,-1.,-2.230669073875E-16));
#4958 = DEFINITIONAL_REPRESENTATION('',(#4959),#4963);
#4959 = LINE('',#4960,#4961);
#4960 = CARTESIAN_POINT('',(0.,-0.2));
#4961 = VECTOR('',#4962,1.);
#4962 = DIRECTION('',(1.,0.));
#4963 = ( GEOMETRIC_REPRESENTATION_CONTEXT(2) 
PARAMETRIC_REPRESENTATION_CONTEXT() REPRESENTATION_CONTEXT('2D SPACE',''
  ) );
#4964 = ORIENTED_EDGE('',*,*,#4965,.F.);
#4965 = EDGE_CURVE('',#4966,#4933,#4968,.T.);
#4966 = VERTEX_POINT('',#4967);
#4967 = CARTESIAN_POINT('',(18.241719029875,-4.3,2.258494720281));
#4968 = SURFACE_CURVE('',#4969,(#4974,#4982),.PCURVE_S1.);
#4969 = B_SPLINE_CURVE_WITH_KNOTS('',3,(#4970,#4971,#4972,#4973),
  .UNSPECIFIED.,.F.,.F.,(4,4),(0.,1.),.PIECEWISE_BEZIER_KNOTS.);
#4970 = CARTESIAN_POINT('',(18.241719029875,-4.3,2.258494720281));
#4971 = CARTESIAN_POINT('',(18.201983563563,-4.3,2.301668116281));
#4972 = CARTESIAN_POINT('',(18.148598141219,-4.3,2.312967528531));
#4973 = CARTESIAN_POINT('',(18.111821544719,-4.3,2.363389080437));
#4974 = PCURVE('',#1352,#4975);
#4975 = DEFINITIONAL_REPRESENTATION('',(#4976),#4981);
#4976 = B_SPLINE_CURVE_WITH_KNOTS('',3,(#4977,#4978,#4979,#4980),
  .UNSPECIFIED.,.F.,.F.,(4,4),(0.,1.),.PIECEWISE_BEZIER_KNOTS.);
#4977 = CARTESIAN_POINT('',(2.691580600215,0.544063597271));
#4978 = CARTESIAN_POINT('',(2.734753996215,0.504328130959));
#4979 = CARTESIAN_POINT('',(2.746053408465,0.450942708615));
#4980 = CARTESIAN_POINT('',(2.796474960371,0.414166112115));
#4981 = ( GEOMETRIC_REPRESENTATION_CONTEXT(2) 
PARAMETRIC_REPRESENTATION_CONTEXT() REPRESENTATION_CONTEXT('2D SPACE',''
  ) );
#4982 = PCURVE('',#4983,#4991);
#4983 = SURFACE_OF_LINEAR_EXTRUSION('',#4984,#4989);
#4984 = B_SPLINE_CURVE_WITH_KNOTS('',3,(#4985,#4986,#4987,#4988),
  .UNSPECIFIED.,.F.,.F.,(4,4),(0.,1.),.PIECEWISE_BEZIER_KNOTS.);
#4985 = CARTESIAN_POINT('',(18.241719029875,-4.5,2.258494720281));
#4986 = CARTESIAN_POINT('',(18.201983563563,-4.5,2.301668116281));
#4987 = CARTESIAN_POINT('',(18.148598141219,-4.5,2.312967528531));
#4988 = CARTESIAN_POINT('',(18.111821544719,-4.5,2.363389080438));
#4989 = VECTOR('',#4990,1.);
#4990 = DIRECTION('',(0.,-1.,-2.230669073875E-16));
#4991 = DEFINITIONAL_REPRESENTATION('',(#4992),#4996);
#4992 = LINE('',#4993,#4994);
#4993 = CARTESIAN_POINT('',(0.,-0.2));
#4994 = VECTOR('',#4995,1.);
#4995 = DIRECTION('',(1.,0.));
#4996 = ( GEOMETRIC_REPRESENTATION_CONTEXT(2) 
PARAMETRIC_REPRESENTATION_CONTEXT() REPRESENTATION_CONTEXT('2D SPACE',''
  ) );
#4997 = ORIENTED_EDGE('',*,*,#4998,.F.);
#4998 = EDGE_CURVE('',#4999,#4966,#5001,.T.);
#4999 = VERTEX_POINT('',#5000);
#5000 = CARTESIAN_POINT('',(18.414002812656,-4.3,2.137717375));
#5001 = SURFACE_CURVE('',#5002,(#5007,#5015),.PCURVE_S1.);
#5002 = B_SPLINE_CURVE_WITH_KNOTS('',3,(#5003,#5004,#5005,#5006),
  .UNSPECIFIED.,.F.,.F.,(4,4),(0.,1.),.PIECEWISE_BEZIER_KNOTS.);
#5003 = CARTESIAN_POINT('',(18.414002812656,-4.3,2.137717375));
#5004 = CARTESIAN_POINT('',(18.352302351063,-4.3,2.16979938475));
#5005 = CARTESIAN_POINT('',(18.293259471625,-4.3,2.203723374719));
#5006 = CARTESIAN_POINT('',(18.241719029875,-4.3,2.258494720281));
#5007 = PCURVE('',#1352,#5008);
#5008 = DEFINITIONAL_REPRESENTATION('',(#5009),#5014);
#5009 = B_SPLINE_CURVE_WITH_KNOTS('',3,(#5010,#5011,#5012,#5013),
  .UNSPECIFIED.,.F.,.F.,(4,4),(0.,1.),.PIECEWISE_BEZIER_KNOTS.);
#5010 = CARTESIAN_POINT('',(2.570803254933,0.716347380052));
#5011 = CARTESIAN_POINT('',(2.602885264683,0.654646918459));
#5012 = CARTESIAN_POINT('',(2.636809254652,0.595604039021));
#5013 = CARTESIAN_POINT('',(2.691580600215,0.544063597271));
#5014 = ( GEOMETRIC_REPRESENTATION_CONTEXT(2) 
PARAMETRIC_REPRESENTATION_CONTEXT() REPRESENTATION_CONTEXT('2D SPACE',''
  ) );
#5015 = PCURVE('',#5016,#5024);
#5016 = SURFACE_OF_LINEAR_EXTRUSION('',#5017,#5022);
#5017 = B_SPLINE_CURVE_WITH_KNOTS('',3,(#5018,#5019,#5020,#5021),
  .UNSPECIFIED.,.F.,.F.,(4,4),(0.,1.),.PIECEWISE_BEZIER_KNOTS.);
#5018 = CARTESIAN_POINT('',(18.414002812656,-4.5,2.137717375));
#5019 = CARTESIAN_POINT('',(18.352302351063,-4.5,2.16979938475));
#5020 = CARTESIAN_POINT('',(18.293259471625,-4.5,2.203723374719));
#5021 = CARTESIAN_POINT('',(18.241719029875,-4.5,2.258494720281));
#5022 = VECTOR('',#5023,1.);
#5023 = DIRECTION('',(0.,-1.,-2.230669073875E-16));
#5024 = DEFINITIONAL_REPRESENTATION('',(#5025),#5029);
#5025 = LINE('',#5026,#5027);
#5026 = CARTESIAN_POINT('',(0.,-0.2));
#5027 = VECTOR('',#5028,1.);
#5028 = DIRECTION('',(1.,0.));
#5029 = ( GEOMETRIC_REPRESENTATION_CONTEXT(2) 
PARAMETRIC_REPRESENTATION_CONTEXT() REPRESENTATION_CONTEXT('2D SPACE',''
  ) );
#5030 = ORIENTED_EDGE('',*,*,#5031,.F.);
#5031 = EDGE_CURVE('',#5032,#4999,#5034,.T.);
#5032 = VERTEX_POINT('',#5033);
#5033 = CARTESIAN_POINT('',(18.651532500156,-4.3,1.9987));
#5034 = SURFACE_CURVE('',#5035,(#5040,#5048),.PCURVE_S1.);
#5035 = B_SPLINE_CURVE_WITH_KNOTS('',3,(#5036,#5037,#5038,#5039),
  .UNSPECIFIED.,.F.,.F.,(4,4),(0.,1.),.PIECEWISE_BEZIER_KNOTS.);
#5036 = CARTESIAN_POINT('',(18.651532500156,-4.3,1.9987));
#5037 = CARTESIAN_POINT('',(18.578337601938,-4.3,2.058911775531));
#5038 = CARTESIAN_POINT('',(18.482099073625,-4.3,2.067419338844));
#5039 = CARTESIAN_POINT('',(18.414002812656,-4.3,2.137717375));
#5040 = PCURVE('',#1352,#5041);
#5041 = DEFINITIONAL_REPRESENTATION('',(#5042),#5047);
#5042 = B_SPLINE_CURVE_WITH_KNOTS('',3,(#5043,#5044,#5045,#5046),
  .UNSPECIFIED.,.F.,.F.,(4,4),(0.,1.),.PIECEWISE_BEZIER_KNOTS.);
#5043 = CARTESIAN_POINT('',(2.431785879933,0.953877067552));
#5044 = CARTESIAN_POINT('',(2.491997655465,0.880682169334));
#5045 = CARTESIAN_POINT('',(2.500505218777,0.784443641021));
#5046 = CARTESIAN_POINT('',(2.570803254933,0.716347380052));
#5047 = ( GEOMETRIC_REPRESENTATION_CONTEXT(2) 
PARAMETRIC_REPRESENTATION_CONTEXT() REPRESENTATION_CONTEXT('2D SPACE',''
  ) );
#5048 = PCURVE('',#5049,#5057);
#5049 = SURFACE_OF_LINEAR_EXTRUSION('',#5050,#5055);
#5050 = B_SPLINE_CURVE_WITH_KNOTS('',3,(#5051,#5052,#5053,#5054),
  .UNSPECIFIED.,.F.,.F.,(4,4),(0.,1.),.PIECEWISE_BEZIER_KNOTS.);
#5051 = CARTESIAN_POINT('',(18.651532500156,-4.5,1.9987));
#5052 = CARTESIAN_POINT('',(18.578337601938,-4.5,2.058911775531));
#5053 = CARTESIAN_POINT('',(18.482099073625,-4.5,2.067419338844));
#5054 = CARTESIAN_POINT('',(18.414002812656,-4.5,2.137717375));
#5055 = VECTOR('',#5056,1.);
#5056 = DIRECTION('',(0.,-1.,-2.230669073875E-16));
#5057 = DEFINITIONAL_REPRESENTATION('',(#5058),#5062);
#5058 = LINE('',#5059,#5060);
#5059 = CARTESIAN_POINT('',(0.,-0.2));
#5060 = VECTOR('',#5061,1.);
#5061 = DIRECTION('',(1.,0.));
#5062 = ( GEOMETRIC_REPRESENTATION_CONTEXT(2) 
PARAMETRIC_REPRESENTATION_CONTEXT() REPRESENTATION_CONTEXT('2D SPACE',''
  ) );
#5063 = ORIENTED_EDGE('',*,*,#5064,.F.);
#5064 = EDGE_CURVE('',#5065,#5032,#5067,.T.);
#5065 = VERTEX_POINT('',#5066);
#5066 = CARTESIAN_POINT('',(18.889062187656,-4.3,1.900281449219));
#5067 = SURFACE_CURVE('',#5068,(#5073,#5081),.PCURVE_S1.);
#5068 = B_SPLINE_CURVE_WITH_KNOTS('',3,(#5069,#5070,#5071,#5072),
  .UNSPECIFIED.,.F.,.F.,(4,4),(0.,1.),.PIECEWISE_BEZIER_KNOTS.);
#5069 = CARTESIAN_POINT('',(18.889062187656,-4.3,1.900281449219));
#5070 = CARTESIAN_POINT('',(18.800722146531,-4.3,1.905932905563));
#5071 = CARTESIAN_POINT('',(18.736722397563,-4.3,1.981457094906));
#5072 = CARTESIAN_POINT('',(18.651532500156,-4.3,1.9987));
#5073 = PCURVE('',#1352,#5074);
#5074 = DEFINITIONAL_REPRESENTATION('',(#5075),#5080);
#5075 = B_SPLINE_CURVE_WITH_KNOTS('',3,(#5076,#5077,#5078,#5079),
  .UNSPECIFIED.,.F.,.F.,(4,4),(0.,1.),.PIECEWISE_BEZIER_KNOTS.);
#5076 = CARTESIAN_POINT('',(2.333367329152,1.191406755052));
#5077 = CARTESIAN_POINT('',(2.339018785496,1.103066713927));
#5078 = CARTESIAN_POINT('',(2.41454297484,1.039066964959));
#5079 = CARTESIAN_POINT('',(2.431785879933,0.953877067552));
#5080 = ( GEOMETRIC_REPRESENTATION_CONTEXT(2) 
PARAMETRIC_REPRESENTATION_CONTEXT() REPRESENTATION_CONTEXT('2D SPACE',''
  ) );
#5081 = PCURVE('',#5082,#5090);
#5082 = SURFACE_OF_LINEAR_EXTRUSION('',#5083,#5088);
#5083 = B_SPLINE_CURVE_WITH_KNOTS('',3,(#5084,#5085,#5086,#5087),
  .UNSPECIFIED.,.F.,.F.,(4,4),(0.,1.),.PIECEWISE_BEZIER_KNOTS.);
#5084 = CARTESIAN_POINT('',(18.889062187656,-4.5,1.900281449219));
#5085 = CARTESIAN_POINT('',(18.800722146531,-4.5,1.905932905563));
#5086 = CARTESIAN_POINT('',(18.736722397563,-4.5,1.981457094906));
#5087 = CARTESIAN_POINT('',(18.651532500156,-4.5,1.9987));
#5088 = VECTOR('',#5089,1.);
#5089 = DIRECTION('',(0.,-1.,-2.230669073875E-16));
#5090 = DEFINITIONAL_REPRESENTATION('',(#5091),#5095);
#5091 = LINE('',#5092,#5093);
#5092 = CARTESIAN_POINT('',(0.,-0.2));
#5093 = VECTOR('',#5094,1.);
#5094 = DIRECTION('',(1.,0.));
#5095 = ( GEOMETRIC_REPRESENTATION_CONTEXT(2) 
PARAMETRIC_REPRESENTATION_CONTEXT() REPRESENTATION_CONTEXT('2D SPACE',''
  ) );
#5096 = ORIENTED_EDGE('',*,*,#5097,.F.);
#5097 = EDGE_CURVE('',#5098,#5065,#5100,.T.);
#5098 = VERTEX_POINT('',#5099);
#5099 = CARTESIAN_POINT('',(19.112784149406,-4.3,1.823678125));
#5100 = SURFACE_CURVE('',#5101,(#5106,#5114),.PCURVE_S1.);
#5101 = B_SPLINE_CURVE_WITH_KNOTS('',3,(#5102,#5103,#5104,#5105),
  .UNSPECIFIED.,.F.,.F.,(4,4),(0.,1.),.PIECEWISE_BEZIER_KNOTS.);
#5102 = CARTESIAN_POINT('',(19.112784149406,-4.3,1.823678125));
#5103 = CARTESIAN_POINT('',(19.035455984594,-4.3,1.84319456425));
#5104 = CARTESIAN_POINT('',(18.96135597325,-4.3,1.865897901813));
#5105 = CARTESIAN_POINT('',(18.889062187656,-4.3,1.900281449219));
#5106 = PCURVE('',#1352,#5107);
#5107 = DEFINITIONAL_REPRESENTATION('',(#5108),#5113);
#5108 = B_SPLINE_CURVE_WITH_KNOTS('',3,(#5109,#5110,#5111,#5112),
  .UNSPECIFIED.,.F.,.F.,(4,4),(0.,1.),.PIECEWISE_BEZIER_KNOTS.);
#5109 = CARTESIAN_POINT('',(2.256764004933,1.415128716802));
#5110 = CARTESIAN_POINT('',(2.276280444183,1.33780055199));
#5111 = CARTESIAN_POINT('',(2.298983781746,1.263700540646));
#5112 = CARTESIAN_POINT('',(2.333367329152,1.191406755052));
#5113 = ( GEOMETRIC_REPRESENTATION_CONTEXT(2) 
PARAMETRIC_REPRESENTATION_CONTEXT() REPRESENTATION_CONTEXT('2D SPACE',''
  ) );
#5114 = PCURVE('',#5115,#5123);
#5115 = SURFACE_OF_LINEAR_EXTRUSION('',#5116,#5121);
#5116 = B_SPLINE_CURVE_WITH_KNOTS('',3,(#5117,#5118,#5119,#5120),
  .UNSPECIFIED.,.F.,.F.,(4,4),(0.,1.),.PIECEWISE_BEZIER_KNOTS.);
#5117 = CARTESIAN_POINT('',(19.112784149406,-4.5,1.823678125));
#5118 = CARTESIAN_POINT('',(19.035455984594,-4.5,1.84319456425));
#5119 = CARTESIAN_POINT('',(18.96135597325,-4.5,1.865897901813));
#5120 = CARTESIAN_POINT('',(18.889062187656,-4.5,1.900281449219));
#5121 = VECTOR('',#5122,1.);
#5122 = DIRECTION('',(0.,-1.,-2.230669073875E-16));
#5123 = DEFINITIONAL_REPRESENTATION('',(#5124),#5128);
#5124 = LINE('',#5125,#5126);
#5125 = CARTESIAN_POINT('',(0.,-0.2));
#5126 = VECTOR('',#5127,1.);
#5127 = DIRECTION('',(1.,0.));
#5128 = ( GEOMETRIC_REPRESENTATION_CONTEXT(2) 
PARAMETRIC_REPRESENTATION_CONTEXT() REPRESENTATION_CONTEXT('2D SPACE',''
  ) );
#5129 = ORIENTED_EDGE('',*,*,#5130,.F.);
#5130 = EDGE_CURVE('',#5131,#5098,#5133,.T.);
#5131 = VERTEX_POINT('',#5132);
#5132 = CARTESIAN_POINT('',(19.269706762281,-4.3,1.798675));
#5133 = SURFACE_CURVE('',#5134,(#5139,#5147),.PCURVE_S1.);
#5134 = B_SPLINE_CURVE_WITH_KNOTS('',3,(#5135,#5136,#5137,#5138),
  .UNSPECIFIED.,.F.,.F.,(4,4),(0.,1.),.PIECEWISE_BEZIER_KNOTS.);
#5135 = CARTESIAN_POINT('',(19.269706762281,-4.3,1.798675));
#5136 = CARTESIAN_POINT('',(19.208941167531,-4.3,1.786571737281));
#5137 = CARTESIAN_POINT('',(19.165811276969,-4.3,1.817711129219));
#5138 = CARTESIAN_POINT('',(19.112784149406,-4.3,1.823678125));
#5139 = PCURVE('',#1352,#5140);
#5140 = DEFINITIONAL_REPRESENTATION('',(#5141),#5146);
#5141 = B_SPLINE_CURVE_WITH_KNOTS('',3,(#5142,#5143,#5144,#5145),
  .UNSPECIFIED.,.F.,.F.,(4,4),(0.,1.),.PIECEWISE_BEZIER_KNOTS.);
#5142 = CARTESIAN_POINT('',(2.231760879933,1.572051329677));
#5143 = CARTESIAN_POINT('',(2.219657617215,1.511285734927));
#5144 = CARTESIAN_POINT('',(2.250797009152,1.468155844365));
#5145 = CARTESIAN_POINT('',(2.256764004933,1.415128716802));
#5146 = ( GEOMETRIC_REPRESENTATION_CONTEXT(2) 
PARAMETRIC_REPRESENTATION_CONTEXT() REPRESENTATION_CONTEXT('2D SPACE',''
  ) );
#5147 = PCURVE('',#5148,#5156);
#5148 = SURFACE_OF_LINEAR_EXTRUSION('',#5149,#5154);
#5149 = B_SPLINE_CURVE_WITH_KNOTS('',3,(#5150,#5151,#5152,#5153),
  .UNSPECIFIED.,.F.,.F.,(4,4),(0.,1.),.PIECEWISE_BEZIER_KNOTS.);
#5150 = CARTESIAN_POINT('',(19.269706762281,-4.5,1.798675));
#5151 = CARTESIAN_POINT('',(19.208941167531,-4.5,1.786571737281));
#5152 = CARTESIAN_POINT('',(19.165811276969,-4.5,1.817711129219));
#5153 = CARTESIAN_POINT('',(19.112784149406,-4.5,1.823678125));
#5154 = VECTOR('',#5155,1.);
#5155 = DIRECTION('',(0.,-1.,-2.230669073875E-16));
#5156 = DEFINITIONAL_REPRESENTATION('',(#5157),#5161);
#5157 = LINE('',#5158,#5159);
#5158 = CARTESIAN_POINT('',(0.,-0.2));
#5159 = VECTOR('',#5160,1.);
#5160 = DIRECTION('',(1.,0.));
#5161 = ( GEOMETRIC_REPRESENTATION_CONTEXT(2) 
PARAMETRIC_REPRESENTATION_CONTEXT() REPRESENTATION_CONTEXT('2D SPACE',''
  ) );
#5162 = ORIENTED_EDGE('',*,*,#5163,.F.);
#5163 = EDGE_CURVE('',#5164,#5131,#5166,.T.);
#5164 = VERTEX_POINT('',#5165);
#5165 = CARTESIAN_POINT('',(19.426629375156,-4.3,1.773671875));
#5166 = SURFACE_CURVE('',#5167,(#5172,#5180),.PCURVE_S1.);
#5167 = B_SPLINE_CURVE_WITH_KNOTS('',3,(#5168,#5169,#5170,#5171),
  .UNSPECIFIED.,.F.,.F.,(4,4),(0.,1.),.PIECEWISE_BEZIER_KNOTS.);
#5168 = CARTESIAN_POINT('',(19.426629375156,-4.3,1.773671875));
#5169 = CARTESIAN_POINT('',(19.367144440469,-4.3,1.7647787635));
#5170 = CARTESIAN_POINT('',(19.319324463719,-4.3,1.784420968469));
#5171 = CARTESIAN_POINT('',(19.269706762281,-4.3,1.798675));
#5172 = PCURVE('',#1352,#5173);
#5173 = DEFINITIONAL_REPRESENTATION('',(#5174),#5179);
#5174 = B_SPLINE_CURVE_WITH_KNOTS('',3,(#5175,#5176,#5177,#5178),
  .UNSPECIFIED.,.F.,.F.,(4,4),(0.,1.),.PIECEWISE_BEZIER_KNOTS.);
#5175 = CARTESIAN_POINT('',(2.206757754933,1.728973942552));
#5176 = CARTESIAN_POINT('',(2.197864643433,1.669489007865));
#5177 = CARTESIAN_POINT('',(2.217506848402,1.621669031115));
#5178 = CARTESIAN_POINT('',(2.231760879933,1.572051329677));
#5179 = ( GEOMETRIC_REPRESENTATION_CONTEXT(2) 
PARAMETRIC_REPRESENTATION_CONTEXT() REPRESENTATION_CONTEXT('2D SPACE',''
  ) );
#5180 = PCURVE('',#5181,#5189);
#5181 = SURFACE_OF_LINEAR_EXTRUSION('',#5182,#5187);
#5182 = B_SPLINE_CURVE_WITH_KNOTS('',3,(#5183,#5184,#5185,#5186),
  .UNSPECIFIED.,.F.,.F.,(4,4),(0.,1.),.PIECEWISE_BEZIER_KNOTS.);
#5183 = CARTESIAN_POINT('',(19.426629375156,-4.5,1.773671875));
#5184 = CARTESIAN_POINT('',(19.367144440469,-4.5,1.7647787635));
#5185 = CARTESIAN_POINT('',(19.319324463719,-4.5,1.784420968469));
#5186 = CARTESIAN_POINT('',(19.269706762281,-4.5,1.798675));
#5187 = VECTOR('',#5188,1.);
#5188 = DIRECTION('',(0.,-1.,-2.230669073875E-16));
#5189 = DEFINITIONAL_REPRESENTATION('',(#5190),#5194);
#5190 = LINE('',#5191,#5192);
#5191 = CARTESIAN_POINT('',(0.,-0.2));
#5192 = VECTOR('',#5193,1.);
#5193 = DIRECTION('',(1.,0.));
#5194 = ( GEOMETRIC_REPRESENTATION_CONTEXT(2) 
PARAMETRIC_REPRESENTATION_CONTEXT() REPRESENTATION_CONTEXT('2D SPACE',''
  ) );
#5195 = ORIENTED_EDGE('',*,*,#5196,.F.);
#5196 = EDGE_CURVE('',#5197,#5164,#5199,.T.);
#5197 = VERTEX_POINT('',#5198);
#5198 = CARTESIAN_POINT('',(19.564146562656,-4.3,1.7861734375));
#5199 = SURFACE_CURVE('',#5200,(#5205,#5213),.PCURVE_S1.);
#5200 = B_SPLINE_CURVE_WITH_KNOTS('',3,(#5201,#5202,#5203,#5204),
  .UNSPECIFIED.,.F.,.F.,(4,4),(0.,1.),.PIECEWISE_BEZIER_KNOTS.);
#5201 = CARTESIAN_POINT('',(19.564146562656,-4.3,1.7861734375));
#5202 = CARTESIAN_POINT('',(19.527168190938,-4.3,1.760251947719));
#5203 = CARTESIAN_POINT('',(19.471979543219,-4.3,1.779691377344));
#5204 = CARTESIAN_POINT('',(19.426629375156,-4.3,1.773671875));
#5205 = PCURVE('',#1352,#5206);
#5206 = DEFINITIONAL_REPRESENTATION('',(#5207),#5212);
#5207 = B_SPLINE_CURVE_WITH_KNOTS('',3,(#5208,#5209,#5210,#5211),
  .UNSPECIFIED.,.F.,.F.,(4,4),(0.,1.),.PIECEWISE_BEZIER_KNOTS.);
#5208 = CARTESIAN_POINT('',(2.219259317433,1.866491130052));
#5209 = CARTESIAN_POINT('',(2.193337827652,1.829512758334));
#5210 = CARTESIAN_POINT('',(2.212777257277,1.774324110615));
#5211 = CARTESIAN_POINT('',(2.206757754933,1.728973942552));
#5212 = ( GEOMETRIC_REPRESENTATION_CONTEXT(2) 
PARAMETRIC_REPRESENTATION_CONTEXT() REPRESENTATION_CONTEXT('2D SPACE',''
  ) );
#5213 = PCURVE('',#5214,#5222);
#5214 = SURFACE_OF_LINEAR_EXTRUSION('',#5215,#5220);
#5215 = B_SPLINE_CURVE_WITH_KNOTS('',3,(#5216,#5217,#5218,#5219),
  .UNSPECIFIED.,.F.,.F.,(4,4),(0.,1.),.PIECEWISE_BEZIER_KNOTS.);
#5216 = CARTESIAN_POINT('',(19.564146562656,-4.5,1.7861734375));
#5217 = CARTESIAN_POINT('',(19.527168190938,-4.5,1.760251947719));
#5218 = CARTESIAN_POINT('',(19.471979543219,-4.5,1.779691377344));
#5219 = CARTESIAN_POINT('',(19.426629375156,-4.5,1.773671875));
#5220 = VECTOR('',#5221,1.);
#5221 = DIRECTION('',(0.,-1.,-2.230669073875E-16));
#5222 = DEFINITIONAL_REPRESENTATION('',(#5223),#5227);
#5223 = LINE('',#5224,#5225);
#5224 = CARTESIAN_POINT('',(0.,-0.2));
#5225 = VECTOR('',#5226,1.);
#5226 = DIRECTION('',(1.,0.));
#5227 = ( GEOMETRIC_REPRESENTATION_CONTEXT(2) 
PARAMETRIC_REPRESENTATION_CONTEXT() REPRESENTATION_CONTEXT('2D SPACE',''
  ) );
#5228 = ORIENTED_EDGE('',*,*,#5229,.F.);
#5229 = EDGE_CURVE('',#5230,#5197,#5232,.T.);
#5230 = VERTEX_POINT('',#5231);
#5231 = CARTESIAN_POINT('',(19.726666875156,-4.3,1.823678125));
#5232 = SURFACE_CURVE('',#5233,(#5238,#5246),.PCURVE_S1.);
#5233 = B_SPLINE_CURVE_WITH_KNOTS('',3,(#5234,#5235,#5236,#5237),
  .UNSPECIFIED.,.F.,.F.,(4,4),(0.,1.),.PIECEWISE_BEZIER_KNOTS.);
#5234 = CARTESIAN_POINT('',(19.726666875156,-4.3,1.823678125));
#5235 = CARTESIAN_POINT('',(19.690109306031,-4.3,1.7675711125));
#5236 = CARTESIAN_POINT('',(19.608248074656,-4.3,1.823753134375));
#5237 = CARTESIAN_POINT('',(19.564146562656,-4.3,1.7861734375));
#5238 = PCURVE('',#1352,#5239);
#5239 = DEFINITIONAL_REPRESENTATION('',(#5240),#5245);
#5240 = B_SPLINE_CURVE_WITH_KNOTS('',3,(#5241,#5242,#5243,#5244),
  .UNSPECIFIED.,.F.,.F.,(4,4),(0.,1.),.PIECEWISE_BEZIER_KNOTS.);
#5241 = CARTESIAN_POINT('',(2.256764004933,2.029011442552));
#5242 = CARTESIAN_POINT('',(2.200656992433,1.992453873427));
#5243 = CARTESIAN_POINT('',(2.256839014308,1.910592642052));
#5244 = CARTESIAN_POINT('',(2.219259317433,1.866491130052));
#5245 = ( GEOMETRIC_REPRESENTATION_CONTEXT(2) 
PARAMETRIC_REPRESENTATION_CONTEXT() REPRESENTATION_CONTEXT('2D SPACE',''
  ) );
#5246 = PCURVE('',#5247,#5255);
#5247 = SURFACE_OF_LINEAR_EXTRUSION('',#5248,#5253);
#5248 = B_SPLINE_CURVE_WITH_KNOTS('',3,(#5249,#5250,#5251,#5252),
  .UNSPECIFIED.,.F.,.F.,(4,4),(0.,1.),.PIECEWISE_BEZIER_KNOTS.);
#5249 = CARTESIAN_POINT('',(19.726666875156,-4.5,1.823678125));
#5250 = CARTESIAN_POINT('',(19.690109306031,-4.5,1.7675711125));
#5251 = CARTESIAN_POINT('',(19.608248074656,-4.5,1.823753134375));
#5252 = CARTESIAN_POINT('',(19.564146562656,-4.5,1.7861734375));
#5253 = VECTOR('',#5254,1.);
#5254 = DIRECTION('',(0.,-1.,-2.230669073875E-16));
#5255 = DEFINITIONAL_REPRESENTATION('',(#5256),#5260);
#5256 = LINE('',#5257,#5258);
#5257 = CARTESIAN_POINT('',(0.,-0.2));
#5258 = VECTOR('',#5259,1.);
#5259 = DIRECTION('',(1.,0.));
#5260 = ( GEOMETRIC_REPRESENTATION_CONTEXT(2) 
PARAMETRIC_REPRESENTATION_CONTEXT() REPRESENTATION_CONTEXT('2D SPACE',''
  ) );
#5261 = ORIENTED_EDGE('',*,*,#5262,.F.);
#5262 = EDGE_CURVE('',#5263,#5230,#5265,.T.);
#5263 = VERTEX_POINT('',#5264);
#5264 = CARTESIAN_POINT('',(19.964196562656,-4.3,1.9111890625));
#5265 = SURFACE_CURVE('',#5266,(#5271,#5279),.PCURVE_S1.);
#5266 = B_SPLINE_CURVE_WITH_KNOTS('',3,(#5267,#5268,#5269,#5270),
  .UNSPECIFIED.,.F.,.F.,(4,4),(0.,1.),.PIECEWISE_BEZIER_KNOTS.);
#5267 = CARTESIAN_POINT('',(19.964196562656,-4.3,1.9111890625));
#5268 = CARTESIAN_POINT('',(19.887927030156,-4.3,1.874024917562));
#5269 = CARTESIAN_POINT('',(19.814831644375,-4.3,1.829982662969));
#5270 = CARTESIAN_POINT('',(19.726666875156,-4.3,1.823678125));
#5271 = PCURVE('',#1352,#5272);
#5272 = DEFINITIONAL_REPRESENTATION('',(#5273),#5278);
#5273 = B_SPLINE_CURVE_WITH_KNOTS('',3,(#5274,#5275,#5276,#5277),
  .UNSPECIFIED.,.F.,.F.,(4,4),(0.,1.),.PIECEWISE_BEZIER_KNOTS.);
#5274 = CARTESIAN_POINT('',(2.344274942433,2.266541130052));
#5275 = CARTESIAN_POINT('',(2.307110797496,2.190271597552));
#5276 = CARTESIAN_POINT('',(2.263068542902,2.117176211771));
#5277 = CARTESIAN_POINT('',(2.256764004933,2.029011442552));
#5278 = ( GEOMETRIC_REPRESENTATION_CONTEXT(2) 
PARAMETRIC_REPRESENTATION_CONTEXT() REPRESENTATION_CONTEXT('2D SPACE',''
  ) );
#5279 = PCURVE('',#5280,#5288);
#5280 = SURFACE_OF_LINEAR_EXTRUSION('',#5281,#5286);
#5281 = B_SPLINE_CURVE_WITH_KNOTS('',3,(#5282,#5283,#5284,#5285),
  .UNSPECIFIED.,.F.,.F.,(4,4),(0.,1.),.PIECEWISE_BEZIER_KNOTS.);
#5282 = CARTESIAN_POINT('',(19.964196562656,-4.5,1.9111890625));
#5283 = CARTESIAN_POINT('',(19.887927030156,-4.5,1.874024917562));
#5284 = CARTESIAN_POINT('',(19.814831644375,-4.5,1.829982662969));
#5285 = CARTESIAN_POINT('',(19.726666875156,-4.5,1.823678125));
#5286 = VECTOR('',#5287,1.);
#5287 = DIRECTION('',(0.,-1.,-2.230669073875E-16));
#5288 = DEFINITIONAL_REPRESENTATION('',(#5289),#5293);
#5289 = LINE('',#5290,#5291);
#5290 = CARTESIAN_POINT('',(0.,-0.2));
#5291 = VECTOR('',#5292,1.);
#5292 = DIRECTION('',(1.,0.));
#5293 = ( GEOMETRIC_REPRESENTATION_CONTEXT(2) 
PARAMETRIC_REPRESENTATION_CONTEXT() REPRESENTATION_CONTEXT('2D SPACE',''
  ) );
#5294 = ORIENTED_EDGE('',*,*,#5295,.F.);
#5295 = EDGE_CURVE('',#5296,#5263,#5298,.T.);
#5296 = VERTEX_POINT('',#5297);
#5297 = CARTESIAN_POINT('',(20.201726250156,-4.3,2.04870625));
#5298 = SURFACE_CURVE('',#5299,(#5304,#5312),.PCURVE_S1.);
#5299 = B_SPLINE_CURVE_WITH_KNOTS('',3,(#5300,#5301,#5302,#5303),
  .UNSPECIFIED.,.F.,.F.,(4,4),(0.,1.),.PIECEWISE_BEZIER_KNOTS.);
#5300 = CARTESIAN_POINT('',(20.201726250156,-4.3,2.04870625));
#5301 = CARTESIAN_POINT('',(20.134005536125,-4.3,1.975904900969));
#5302 = CARTESIAN_POINT('',(20.042384084875,-4.3,1.959291574563));
#5303 = CARTESIAN_POINT('',(19.964196562656,-4.3,1.9111890625));
#5304 = PCURVE('',#1352,#5305);
#5305 = DEFINITIONAL_REPRESENTATION('',(#5306),#5311);
#5306 = B_SPLINE_CURVE_WITH_KNOTS('',3,(#5307,#5308,#5309,#5310),
  .UNSPECIFIED.,.F.,.F.,(4,4),(0.,1.),.PIECEWISE_BEZIER_KNOTS.);
#5307 = CARTESIAN_POINT('',(2.481792129933,2.504070817552));
#5308 = CARTESIAN_POINT('',(2.408990780902,2.436350103521));
#5309 = CARTESIAN_POINT('',(2.392377454496,2.344728652271));
#5310 = CARTESIAN_POINT('',(2.344274942433,2.266541130052));
#5311 = ( GEOMETRIC_REPRESENTATION_CONTEXT(2) 
PARAMETRIC_REPRESENTATION_CONTEXT() REPRESENTATION_CONTEXT('2D SPACE',''
  ) );
#5312 = PCURVE('',#5313,#5321);
#5313 = SURFACE_OF_LINEAR_EXTRUSION('',#5314,#5319);
#5314 = B_SPLINE_CURVE_WITH_KNOTS('',3,(#5315,#5316,#5317,#5318),
  .UNSPECIFIED.,.F.,.F.,(4,4),(0.,1.),.PIECEWISE_BEZIER_KNOTS.);
#5315 = CARTESIAN_POINT('',(20.201726250156,-4.5,2.04870625));
#5316 = CARTESIAN_POINT('',(20.134005536125,-4.5,1.975904900969));
#5317 = CARTESIAN_POINT('',(20.042384084875,-4.5,1.959291574563));
#5318 = CARTESIAN_POINT('',(19.964196562656,-4.5,1.9111890625));
#5319 = VECTOR('',#5320,1.);
#5320 = DIRECTION('',(0.,-1.,-2.230669073875E-16));
#5321 = DEFINITIONAL_REPRESENTATION('',(#5322),#5326);
#5322 = LINE('',#5323,#5324);
#5323 = CARTESIAN_POINT('',(0.,-0.2));
#5324 = VECTOR('',#5325,1.);
#5325 = DIRECTION('',(1.,0.));
#5326 = ( GEOMETRIC_REPRESENTATION_CONTEXT(2) 
PARAMETRIC_REPRESENTATION_CONTEXT() REPRESENTATION_CONTEXT('2D SPACE',''
  ) );
#5327 = ORIENTED_EDGE('',*,*,#5328,.F.);
#5328 = EDGE_CURVE('',#5329,#5296,#5331,.T.);
#5329 = VERTEX_POINT('',#5330);
#5330 = CARTESIAN_POINT('',(20.376748125156,-4.3,2.173721875));
#5331 = SURFACE_CURVE('',#5332,(#5337,#5345),.PCURVE_S1.);
#5332 = B_SPLINE_CURVE_WITH_KNOTS('',3,(#5333,#5334,#5335,#5336),
  .UNSPECIFIED.,.F.,.F.,(4,4),(0.,1.),.PIECEWISE_BEZIER_KNOTS.);
#5333 = CARTESIAN_POINT('',(20.376748125156,-4.3,2.173721875));
#5334 = CARTESIAN_POINT('',(20.320693619219,-4.3,2.130195184844));
#5335 = CARTESIAN_POINT('',(20.265655240281,-4.3,2.075981158938));
#5336 = CARTESIAN_POINT('',(20.201726250156,-4.3,2.04870625));
#5337 = PCURVE('',#1352,#5338);
#5338 = DEFINITIONAL_REPRESENTATION('',(#5339),#5344);
#5339 = B_SPLINE_CURVE_WITH_KNOTS('',3,(#5340,#5341,#5342,#5343),
  .UNSPECIFIED.,.F.,.F.,(4,4),(0.,1.),.PIECEWISE_BEZIER_KNOTS.);
#5340 = CARTESIAN_POINT('',(2.606807754933,2.679092692552));
#5341 = CARTESIAN_POINT('',(2.563281064777,2.623038186615));
#5342 = CARTESIAN_POINT('',(2.509067038871,2.567999807677));
#5343 = CARTESIAN_POINT('',(2.481792129933,2.504070817552));
#5344 = ( GEOMETRIC_REPRESENTATION_CONTEXT(2) 
PARAMETRIC_REPRESENTATION_CONTEXT() REPRESENTATION_CONTEXT('2D SPACE',''
  ) );
#5345 = PCURVE('',#5346,#5354);
#5346 = SURFACE_OF_LINEAR_EXTRUSION('',#5347,#5352);
#5347 = B_SPLINE_CURVE_WITH_KNOTS('',3,(#5348,#5349,#5350,#5351),
  .UNSPECIFIED.,.F.,.F.,(4,4),(0.,1.),.PIECEWISE_BEZIER_KNOTS.);
#5348 = CARTESIAN_POINT('',(20.376748125156,-4.5,2.173721875));
#5349 = CARTESIAN_POINT('',(20.320693619219,-4.5,2.130195184844));
#5350 = CARTESIAN_POINT('',(20.265655240281,-4.5,2.075981158938));
#5351 = CARTESIAN_POINT('',(20.201726250156,-4.5,2.04870625));
#5352 = VECTOR('',#5353,1.);
#5353 = DIRECTION('',(0.,-1.,-2.230669073875E-16));
#5354 = DEFINITIONAL_REPRESENTATION('',(#5355),#5359);
#5355 = LINE('',#5356,#5357);
#5356 = CARTESIAN_POINT('',(0.,-0.2));
#5357 = VECTOR('',#5358,1.);
#5358 = DIRECTION('',(1.,0.));
#5359 = ( GEOMETRIC_REPRESENTATION_CONTEXT(2) 
PARAMETRIC_REPRESENTATION_CONTEXT() REPRESENTATION_CONTEXT('2D SPACE',''
  ) );
#5360 = ORIENTED_EDGE('',*,*,#5361,.F.);
#5361 = EDGE_CURVE('',#5362,#5329,#5364,.T.);
#5362 = VERTEX_POINT('',#5363);
#5363 = CARTESIAN_POINT('',(20.031586235313,-4.3,2.518883764844));
#5364 = SURFACE_CURVE('',#5365,(#5370,#5378),.PCURVE_S1.);
#5365 = B_SPLINE_CURVE_WITH_KNOTS('',3,(#5366,#5367,#5368,#5369),
  .UNSPECIFIED.,.F.,.F.,(4,4),(0.,1.),.PIECEWISE_BEZIER_KNOTS.);
#5366 = CARTESIAN_POINT('',(20.031586235313,-4.3,2.518883764844));
#5367 = CARTESIAN_POINT('',(20.146475594688,-4.3,2.403894392969));
#5368 = CARTESIAN_POINT('',(20.262557103062,-4.3,2.288048414031));
#5369 = CARTESIAN_POINT('',(20.376748125156,-4.3,2.173721875));
#5370 = PCURVE('',#1352,#5371);
#5371 = DEFINITIONAL_REPRESENTATION('',(#5372),#5377);
#5372 = B_SPLINE_CURVE_WITH_KNOTS('',3,(#5373,#5374,#5375,#5376),
  .UNSPECIFIED.,.F.,.F.,(4,4),(0.,1.),.PIECEWISE_BEZIER_KNOTS.);
#5373 = CARTESIAN_POINT('',(2.951969644777,2.333930802709));
#5374 = CARTESIAN_POINT('',(2.836980272902,2.448820162084));
#5375 = CARTESIAN_POINT('',(2.721134293965,2.564901670459));
#5376 = CARTESIAN_POINT('',(2.606807754933,2.679092692552));
#5377 = ( GEOMETRIC_REPRESENTATION_CONTEXT(2) 
PARAMETRIC_REPRESENTATION_CONTEXT() REPRESENTATION_CONTEXT('2D SPACE',''
  ) );
#5378 = PCURVE('',#5379,#5387);
#5379 = SURFACE_OF_LINEAR_EXTRUSION('',#5380,#5385);
#5380 = B_SPLINE_CURVE_WITH_KNOTS('',3,(#5381,#5382,#5383,#5384),
  .UNSPECIFIED.,.F.,.F.,(4,4),(0.,1.),.PIECEWISE_BEZIER_KNOTS.);
#5381 = CARTESIAN_POINT('',(20.031586235313,-4.5,2.518883764844));
#5382 = CARTESIAN_POINT('',(20.146475594688,-4.5,2.403894392969));
#5383 = CARTESIAN_POINT('',(20.262557103062,-4.5,2.288048414031));
#5384 = CARTESIAN_POINT('',(20.376748125156,-4.5,2.173721875));
#5385 = VECTOR('',#5386,1.);
#5386 = DIRECTION('',(0.,-1.,-2.230669073875E-16));
#5387 = DEFINITIONAL_REPRESENTATION('',(#5388),#5392);
#5388 = LINE('',#5389,#5390);
#5389 = CARTESIAN_POINT('',(0.,-0.2));
#5390 = VECTOR('',#5391,1.);
#5391 = DIRECTION('',(1.,0.));
#5392 = ( GEOMETRIC_REPRESENTATION_CONTEXT(2) 
PARAMETRIC_REPRESENTATION_CONTEXT() REPRESENTATION_CONTEXT('2D SPACE',''
  ) );
#5393 = ORIENTED_EDGE('',*,*,#5394,.F.);
#5394 = EDGE_CURVE('',#5395,#5362,#5397,.T.);
#5395 = VERTEX_POINT('',#5396);
#5396 = CARTESIAN_POINT('',(19.901688750156,-4.3,2.473759375));
#5397 = SURFACE_CURVE('',#5398,(#5403,#5411),.PCURVE_S1.);
#5398 = B_SPLINE_CURVE_WITH_KNOTS('',3,(#5399,#5400,#5401,#5402),
  .UNSPECIFIED.,.F.,.F.,(4,4),(0.,1.),.PIECEWISE_BEZIER_KNOTS.);
#5399 = CARTESIAN_POINT('',(19.901688750156,-4.3,2.473759375));
#5400 = CARTESIAN_POINT('',(19.940070047219,-4.3,2.505033033719));
#5401 = CARTESIAN_POINT('',(19.9877262535,-4.3,2.594675987687));
#5402 = CARTESIAN_POINT('',(20.031586235313,-4.3,2.518883764844));
#5403 = PCURVE('',#1352,#5404);
#5404 = DEFINITIONAL_REPRESENTATION('',(#5405),#5410);
#5405 = B_SPLINE_CURVE_WITH_KNOTS('',3,(#5406,#5407,#5408,#5409),
  .UNSPECIFIED.,.F.,.F.,(4,4),(0.,1.),.PIECEWISE_BEZIER_KNOTS.);
#5406 = CARTESIAN_POINT('',(2.906845254933,2.204033317552));
#5407 = CARTESIAN_POINT('',(2.938118913652,2.242414614615));
#5408 = CARTESIAN_POINT('',(3.027761867621,2.290070820896));
#5409 = CARTESIAN_POINT('',(2.951969644777,2.333930802709));
#5410 = ( GEOMETRIC_REPRESENTATION_CONTEXT(2) 
PARAMETRIC_REPRESENTATION_CONTEXT() REPRESENTATION_CONTEXT('2D SPACE',''
  ) );
#5411 = PCURVE('',#5412,#5420);
#5412 = SURFACE_OF_LINEAR_EXTRUSION('',#5413,#5418);
#5413 = B_SPLINE_CURVE_WITH_KNOTS('',3,(#5414,#5415,#5416,#5417),
  .UNSPECIFIED.,.F.,.F.,(4,4),(0.,1.),.PIECEWISE_BEZIER_KNOTS.);
#5414 = CARTESIAN_POINT('',(19.901688750156,-4.5,2.473759375));
#5415 = CARTESIAN_POINT('',(19.940070047219,-4.5,2.505033033719));
#5416 = CARTESIAN_POINT('',(19.9877262535,-4.5,2.594675987687));
#5417 = CARTESIAN_POINT('',(20.031586235313,-4.5,2.518883764844));
#5418 = VECTOR('',#5419,1.);
#5419 = DIRECTION('',(0.,-1.,-2.230669073875E-16));
#5420 = DEFINITIONAL_REPRESENTATION('',(#5421),#5425);
#5421 = LINE('',#5422,#5423);
#5422 = CARTESIAN_POINT('',(0.,-0.2));
#5423 = VECTOR('',#5424,1.);
#5424 = DIRECTION('',(1.,0.));
#5425 = ( GEOMETRIC_REPRESENTATION_CONTEXT(2) 
PARAMETRIC_REPRESENTATION_CONTEXT() REPRESENTATION_CONTEXT('2D SPACE',''
  ) );
#5426 = ORIENTED_EDGE('',*,*,#5427,.F.);
#5427 = EDGE_CURVE('',#5428,#5395,#5430,.T.);
#5428 = VERTEX_POINT('',#5429);
#5429 = CARTESIAN_POINT('',(19.664159062656,-4.3,2.3362421875));
#5430 = SURFACE_CURVE('',#5431,(#5436,#5444),.PCURVE_S1.);
#5431 = B_SPLINE_CURVE_WITH_KNOTS('',3,(#5432,#5433,#5434,#5435),
  .UNSPECIFIED.,.F.,.F.,(4,4),(0.,1.),.PIECEWISE_BEZIER_KNOTS.);
#5432 = CARTESIAN_POINT('',(19.664159062656,-4.3,2.3362421875));
#5433 = CARTESIAN_POINT('',(19.74669812875,-4.3,2.374207182531));
#5434 = CARTESIAN_POINT('',(19.826678125,-4.3,2.418242186219));
#5435 = CARTESIAN_POINT('',(19.901688750156,-4.3,2.473759375));
#5436 = PCURVE('',#1352,#5437);
#5437 = DEFINITIONAL_REPRESENTATION('',(#5438),#5443);
#5438 = B_SPLINE_CURVE_WITH_KNOTS('',3,(#5439,#5440,#5441,#5442),
  .UNSPECIFIED.,.F.,.F.,(4,4),(0.,1.),.PIECEWISE_BEZIER_KNOTS.);
#5439 = CARTESIAN_POINT('',(2.769328067433,1.966503630052));
#5440 = CARTESIAN_POINT('',(2.807293062465,2.049042696146));
#5441 = CARTESIAN_POINT('',(2.851328066152,2.129022692396));
#5442 = CARTESIAN_POINT('',(2.906845254933,2.204033317552));
#5443 = ( GEOMETRIC_REPRESENTATION_CONTEXT(2) 
PARAMETRIC_REPRESENTATION_CONTEXT() REPRESENTATION_CONTEXT('2D SPACE',''
  ) );
#5444 = PCURVE('',#5445,#5453);
#5445 = SURFACE_OF_LINEAR_EXTRUSION('',#5446,#5451);
#5446 = B_SPLINE_CURVE_WITH_KNOTS('',3,(#5447,#5448,#5449,#5450),
  .UNSPECIFIED.,.F.,.F.,(4,4),(0.,1.),.PIECEWISE_BEZIER_KNOTS.);
#5447 = CARTESIAN_POINT('',(19.664159062656,-4.5,2.3362421875));
#5448 = CARTESIAN_POINT('',(19.74669812875,-4.5,2.374207182531));
#5449 = CARTESIAN_POINT('',(19.826678125,-4.5,2.418242186219));
#5450 = CARTESIAN_POINT('',(19.901688750156,-4.5,2.473759375));
#5451 = VECTOR('',#5452,1.);
#5452 = DIRECTION('',(0.,-1.,-2.230669073875E-16));
#5453 = DEFINITIONAL_REPRESENTATION('',(#5454),#5458);
#5454 = LINE('',#5455,#5456);
#5455 = CARTESIAN_POINT('',(0.,-0.2));
#5456 = VECTOR('',#5457,1.);
#5457 = DIRECTION('',(1.,0.));
#5458 = ( GEOMETRIC_REPRESENTATION_CONTEXT(2) 
PARAMETRIC_REPRESENTATION_CONTEXT() REPRESENTATION_CONTEXT('2D SPACE',''
  ) );
#5459 = ORIENTED_EDGE('',*,*,#5460,.F.);
#5460 = EDGE_CURVE('',#5461,#5428,#5463,.T.);
#5461 = VERTEX_POINT('',#5462);
#5462 = CARTESIAN_POINT('',(19.465440225906,-4.3,2.273734375));
#5463 = SURFACE_CURVE('',#5464,(#5469,#5477),.PCURVE_S1.);
#5464 = B_SPLINE_CURVE_WITH_KNOTS('',3,(#5465,#5466,#5467,#5468),
  .UNSPECIFIED.,.F.,.F.,(4,4),(0.,1.),.PIECEWISE_BEZIER_KNOTS.);
#5465 = CARTESIAN_POINT('',(19.465440225906,-4.3,2.273734375));
#5466 = CARTESIAN_POINT('',(19.541234699031,-4.3,2.271779130625));
#5467 = CARTESIAN_POINT('',(19.600549112406,-4.3,2.308086168437));
#5468 = CARTESIAN_POINT('',(19.664159062656,-4.3,2.3362421875));
#5469 = PCURVE('',#1352,#5470);
#5470 = DEFINITIONAL_REPRESENTATION('',(#5471),#5476);
#5471 = B_SPLINE_CURVE_WITH_KNOTS('',3,(#5472,#5473,#5474,#5475),
  .UNSPECIFIED.,.F.,.F.,(4,4),(0.,1.),.PIECEWISE_BEZIER_KNOTS.);
#5472 = CARTESIAN_POINT('',(2.706820254933,1.767784793302));
#5473 = CARTESIAN_POINT('',(2.704865010558,1.843579266427));
#5474 = CARTESIAN_POINT('',(2.741172048371,1.902893679802));
#5475 = CARTESIAN_POINT('',(2.769328067433,1.966503630052));
#5476 = ( GEOMETRIC_REPRESENTATION_CONTEXT(2) 
PARAMETRIC_REPRESENTATION_CONTEXT() REPRESENTATION_CONTEXT('2D SPACE',''
  ) );
#5477 = PCURVE('',#5478,#5486);
#5478 = SURFACE_OF_LINEAR_EXTRUSION('',#5479,#5484);
#5479 = B_SPLINE_CURVE_WITH_KNOTS('',3,(#5480,#5481,#5482,#5483),
  .UNSPECIFIED.,.F.,.F.,(4,4),(0.,1.),.PIECEWISE_BEZIER_KNOTS.);
#5480 = CARTESIAN_POINT('',(19.465440225906,-4.5,2.273734375));
#5481 = CARTESIAN_POINT('',(19.541234699031,-4.5,2.271779130625));
#5482 = CARTESIAN_POINT('',(19.600549112406,-4.5,2.308086168438));
#5483 = CARTESIAN_POINT('',(19.664159062656,-4.5,2.3362421875));
#5484 = VECTOR('',#5485,1.);
#5485 = DIRECTION('',(0.,-1.,-2.230669073875E-16));
#5486 = DEFINITIONAL_REPRESENTATION('',(#5487),#5491);
#5487 = LINE('',#5488,#5489);
#5488 = CARTESIAN_POINT('',(0.,-0.2));
#5489 = VECTOR('',#5490,1.);
#5490 = DIRECTION('',(1.,0.));
#5491 = ( GEOMETRIC_REPRESENTATION_CONTEXT(2) 
PARAMETRIC_REPRESENTATION_CONTEXT() REPRESENTATION_CONTEXT('2D SPACE',''
  ) );
#5492 = ORIENTED_EDGE('',*,*,#5493,.F.);
#5493 = EDGE_CURVE('',#5494,#5461,#5496,.T.);
#5494 = VERTEX_POINT('',#5495);
#5495 = CARTESIAN_POINT('',(19.308517613031,-4.3,2.24873125));
#5496 = SURFACE_CURVE('',#5497,(#5502,#5510),.PCURVE_S1.);
#5497 = B_SPLINE_CURVE_WITH_KNOTS('',3,(#5498,#5499,#5500,#5501),
  .UNSPECIFIED.,.F.,.F.,(4,4),(0.,1.),.PIECEWISE_BEZIER_KNOTS.);
#5498 = CARTESIAN_POINT('',(19.308517613031,-4.3,2.24873125));
#5499 = CARTESIAN_POINT('',(19.369881532563,-4.3,2.234929274969));
#5500 = CARTESIAN_POINT('',(19.404633876063,-4.3,2.286272692094));
#5501 = CARTESIAN_POINT('',(19.465440225906,-4.3,2.273734375));
#5502 = PCURVE('',#1352,#5503);
#5503 = DEFINITIONAL_REPRESENTATION('',(#5504),#5509);
#5504 = B_SPLINE_CURVE_WITH_KNOTS('',3,(#5505,#5506,#5507,#5508),
  .UNSPECIFIED.,.F.,.F.,(4,4),(0.,1.),.PIECEWISE_BEZIER_KNOTS.);
#5505 = CARTESIAN_POINT('',(2.681817129933,1.610862180427));
#5506 = CARTESIAN_POINT('',(2.668015154902,1.672226099959));
#5507 = CARTESIAN_POINT('',(2.719358572027,1.706978443459));
#5508 = CARTESIAN_POINT('',(2.706820254933,1.767784793302));
#5509 = ( GEOMETRIC_REPRESENTATION_CONTEXT(2) 
PARAMETRIC_REPRESENTATION_CONTEXT() REPRESENTATION_CONTEXT('2D SPACE',''
  ) );
#5510 = PCURVE('',#5511,#5519);
#5511 = SURFACE_OF_LINEAR_EXTRUSION('',#5512,#5517);
#5512 = B_SPLINE_CURVE_WITH_KNOTS('',3,(#5513,#5514,#5515,#5516),
  .UNSPECIFIED.,.F.,.F.,(4,4),(0.,1.),.PIECEWISE_BEZIER_KNOTS.);
#5513 = CARTESIAN_POINT('',(19.308517613031,-4.5,2.24873125));
#5514 = CARTESIAN_POINT('',(19.369881532563,-4.5,2.234929274969));
#5515 = CARTESIAN_POINT('',(19.404633876063,-4.5,2.286272692094));
#5516 = CARTESIAN_POINT('',(19.465440225906,-4.5,2.273734375));
#5517 = VECTOR('',#5518,1.);
#5518 = DIRECTION('',(0.,-1.,-2.230669073875E-16));
#5519 = DEFINITIONAL_REPRESENTATION('',(#5520),#5524);
#5520 = LINE('',#5521,#5522);
#5521 = CARTESIAN_POINT('',(0.,-0.2));
#5522 = VECTOR('',#5523,1.);
#5523 = DIRECTION('',(1.,0.));
#5524 = ( GEOMETRIC_REPRESENTATION_CONTEXT(2) 
PARAMETRIC_REPRESENTATION_CONTEXT() REPRESENTATION_CONTEXT('2D SPACE',''
  ) );
#5525 = ORIENTED_EDGE('',*,*,#5526,.F.);
#5526 = EDGE_CURVE('',#5527,#5494,#5529,.T.);
#5527 = VERTEX_POINT('',#5528);
#5528 = CARTESIAN_POINT('',(19.151595000156,-4.3,2.273734375));
#5529 = SURFACE_CURVE('',#5530,(#5535,#5543),.PCURVE_S1.);
#5530 = B_SPLINE_CURVE_WITH_KNOTS('',3,(#5531,#5532,#5533,#5534),
  .UNSPECIFIED.,.F.,.F.,(4,4),(0.,1.),.PIECEWISE_BEZIER_KNOTS.);
#5531 = CARTESIAN_POINT('',(19.151595000156,-4.3,2.273734375));
#5532 = CARTESIAN_POINT('',(19.209211201281,-4.3,2.278733499813));
#5533 = CARTESIAN_POINT('',(19.24666363225,-4.3,2.233876643406));
#5534 = CARTESIAN_POINT('',(19.308517613031,-4.3,2.24873125));
#5535 = PCURVE('',#1352,#5536);
#5536 = DEFINITIONAL_REPRESENTATION('',(#5537),#5542);
#5537 = B_SPLINE_CURVE_WITH_KNOTS('',3,(#5538,#5539,#5540,#5541),
  .UNSPECIFIED.,.F.,.F.,(4,4),(0.,1.),.PIECEWISE_BEZIER_KNOTS.);
#5538 = CARTESIAN_POINT('',(2.706820254933,1.453939567552));
#5539 = CARTESIAN_POINT('',(2.711819379746,1.511555768677));
#5540 = CARTESIAN_POINT('',(2.66696252334,1.549008199646));
#5541 = CARTESIAN_POINT('',(2.681817129933,1.610862180427));
#5542 = ( GEOMETRIC_REPRESENTATION_CONTEXT(2) 
PARAMETRIC_REPRESENTATION_CONTEXT() REPRESENTATION_CONTEXT('2D SPACE',''
  ) );
#5543 = PCURVE('',#5544,#5552);
#5544 = SURFACE_OF_LINEAR_EXTRUSION('',#5545,#5550);
#5545 = B_SPLINE_CURVE_WITH_KNOTS('',3,(#5546,#5547,#5548,#5549),
  .UNSPECIFIED.,.F.,.F.,(4,4),(0.,1.),.PIECEWISE_BEZIER_KNOTS.);
#5546 = CARTESIAN_POINT('',(19.151595000156,-4.5,2.273734375));
#5547 = CARTESIAN_POINT('',(19.209211201281,-4.5,2.278733499813));
#5548 = CARTESIAN_POINT('',(19.24666363225,-4.5,2.233876643406));
#5549 = CARTESIAN_POINT('',(19.308517613031,-4.5,2.24873125));
#5550 = VECTOR('',#5551,1.);
#5551 = DIRECTION('',(0.,-1.,-2.230669073875E-16));
#5552 = DEFINITIONAL_REPRESENTATION('',(#5553),#5557);
#5553 = LINE('',#5554,#5555);
#5554 = CARTESIAN_POINT('',(0.,-0.2));
#5555 = VECTOR('',#5556,1.);
#5556 = DIRECTION('',(1.,0.));
#5557 = ( GEOMETRIC_REPRESENTATION_CONTEXT(2) 
PARAMETRIC_REPRESENTATION_CONTEXT() REPRESENTATION_CONTEXT('2D SPACE',''
  ) );
#5558 = ORIENTED_EDGE('',*,*,#5559,.F.);
#5559 = EDGE_CURVE('',#5560,#5527,#5562,.T.);
#5560 = VERTEX_POINT('',#5561);
#5561 = CARTESIAN_POINT('',(18.939068437656,-4.3,2.34874375));
#5562 = SURFACE_CURVE('',#5563,(#5568,#5576),.PCURVE_S1.);
#5563 = B_SPLINE_CURVE_WITH_KNOTS('',3,(#5564,#5565,#5566,#5567),
  .UNSPECIFIED.,.F.,.F.,(4,4),(0.,1.),.PIECEWISE_BEZIER_KNOTS.);
#5564 = CARTESIAN_POINT('',(18.939068437656,-4.3,2.34874375));
#5565 = CARTESIAN_POINT('',(19.007161948281,-4.3,2.316110171313));
#5566 = CARTESIAN_POINT('',(19.072290338313,-4.3,2.278125423813));
#5567 = CARTESIAN_POINT('',(19.151595000156,-4.3,2.273734375));
#5568 = PCURVE('',#1352,#5569);
#5569 = DEFINITIONAL_REPRESENTATION('',(#5570),#5575);
#5570 = B_SPLINE_CURVE_WITH_KNOTS('',3,(#5571,#5572,#5573,#5574),
  .UNSPECIFIED.,.F.,.F.,(4,4),(0.,1.),.PIECEWISE_BEZIER_KNOTS.);
#5571 = CARTESIAN_POINT('',(2.781829629933,1.241413005052));
#5572 = CARTESIAN_POINT('',(2.749196051246,1.309506515677));
#5573 = CARTESIAN_POINT('',(2.711211303746,1.374634905709));
#5574 = CARTESIAN_POINT('',(2.706820254933,1.453939567552));
#5575 = ( GEOMETRIC_REPRESENTATION_CONTEXT(2) 
PARAMETRIC_REPRESENTATION_CONTEXT() REPRESENTATION_CONTEXT('2D SPACE',''
  ) );
#5576 = PCURVE('',#5577,#5585);
#5577 = SURFACE_OF_LINEAR_EXTRUSION('',#5578,#5583);
#5578 = B_SPLINE_CURVE_WITH_KNOTS('',3,(#5579,#5580,#5581,#5582),
  .UNSPECIFIED.,.F.,.F.,(4,4),(0.,1.),.PIECEWISE_BEZIER_KNOTS.);
#5579 = CARTESIAN_POINT('',(18.939068437656,-4.5,2.34874375));
#5580 = CARTESIAN_POINT('',(19.007161948281,-4.5,2.316110171313));
#5581 = CARTESIAN_POINT('',(19.072290338313,-4.5,2.278125423813));
#5582 = CARTESIAN_POINT('',(19.151595000156,-4.5,2.273734375));
#5583 = VECTOR('',#5584,1.);
#5584 = DIRECTION('',(0.,-1.,-2.230669073875E-16));
#5585 = DEFINITIONAL_REPRESENTATION('',(#5586),#5590);
#5586 = LINE('',#5587,#5588);
#5587 = CARTESIAN_POINT('',(0.,-0.2));
#5588 = VECTOR('',#5589,1.);
#5589 = DIRECTION('',(1.,0.));
#5590 = ( GEOMETRIC_REPRESENTATION_CONTEXT(2) 
PARAMETRIC_REPRESENTATION_CONTEXT() REPRESENTATION_CONTEXT('2D SPACE',''
  ) );
#5591 = ORIENTED_EDGE('',*,*,#5592,.F.);
#5592 = EDGE_CURVE('',#5593,#5560,#5595,.T.);
#5593 = VERTEX_POINT('',#5594);
#5594 = CARTESIAN_POINT('',(18.786311595437,-4.3,2.463995904719));
#5595 = SURFACE_CURVE('',#5596,(#5601,#5609),.PCURVE_S1.);
#5596 = B_SPLINE_CURVE_WITH_KNOTS('',3,(#5597,#5598,#5599,#5600),
  .UNSPECIFIED.,.F.,.F.,(4,4),(0.,1.),.PIECEWISE_BEZIER_KNOTS.);
#5597 = CARTESIAN_POINT('',(18.786311595437,-4.3,2.463995904719));
#5598 = CARTESIAN_POINT('',(18.836326096469,-4.3,2.423405831594));
#5599 = CARTESIAN_POINT('',(18.888149073531,-4.3,2.387162301719));
#5600 = CARTESIAN_POINT('',(18.939068437656,-4.3,2.34874375));
#5601 = PCURVE('',#1352,#5602);
#5602 = DEFINITIONAL_REPRESENTATION('',(#5603),#5608);
#5603 = B_SPLINE_CURVE_WITH_KNOTS('',3,(#5604,#5605,#5606,#5607),
  .UNSPECIFIED.,.F.,.F.,(4,4),(0.,1.),.PIECEWISE_BEZIER_KNOTS.);
#5604 = CARTESIAN_POINT('',(2.897081784652,1.088656162834));
#5605 = CARTESIAN_POINT('',(2.856491711527,1.138670663865));
#5606 = CARTESIAN_POINT('',(2.820248181652,1.190493640927));
#5607 = CARTESIAN_POINT('',(2.781829629933,1.241413005052));
#5608 = ( GEOMETRIC_REPRESENTATION_CONTEXT(2) 
PARAMETRIC_REPRESENTATION_CONTEXT() REPRESENTATION_CONTEXT('2D SPACE',''
  ) );
#5609 = PCURVE('',#5610,#5618);
#5610 = SURFACE_OF_LINEAR_EXTRUSION('',#5611,#5616);
#5611 = B_SPLINE_CURVE_WITH_KNOTS('',3,(#5612,#5613,#5614,#5615),
  .UNSPECIFIED.,.F.,.F.,(4,4),(0.,1.),.PIECEWISE_BEZIER_KNOTS.);
#5612 = CARTESIAN_POINT('',(18.786311595437,-4.5,2.463995904719));
#5613 = CARTESIAN_POINT('',(18.836326096469,-4.5,2.423405831594));
#5614 = CARTESIAN_POINT('',(18.888149073531,-4.5,2.387162301719));
#5615 = CARTESIAN_POINT('',(18.939068437656,-4.5,2.34874375));
#5616 = VECTOR('',#5617,1.);
#5617 = DIRECTION('',(0.,-1.,-2.230669073875E-16));
#5618 = DEFINITIONAL_REPRESENTATION('',(#5619),#5623);
#5619 = LINE('',#5620,#5621);
#5620 = CARTESIAN_POINT('',(0.,-0.2));
#5621 = VECTOR('',#5622,1.);
#5622 = DIRECTION('',(1.,0.));
#5623 = ( GEOMETRIC_REPRESENTATION_CONTEXT(2) 
PARAMETRIC_REPRESENTATION_CONTEXT() REPRESENTATION_CONTEXT('2D SPACE',''
  ) );
#5624 = ORIENTED_EDGE('',*,*,#5625,.F.);
#5625 = EDGE_CURVE('',#5626,#5593,#5628,.T.);
#5626 = VERTEX_POINT('',#5627);
#5627 = CARTESIAN_POINT('',(18.664034062656,-4.3,2.6362796875));
#5628 = SURFACE_CURVE('',#5629,(#5634,#5642),.PCURVE_S1.);
#5629 = B_SPLINE_CURVE_WITH_KNOTS('',3,(#5630,#5631,#5632,#5633),
  .UNSPECIFIED.,.F.,.F.,(4,4),(0.,1.),.PIECEWISE_BEZIER_KNOTS.);
#5630 = CARTESIAN_POINT('',(18.664034062656,-4.3,2.6362796875));
#5631 = CARTESIAN_POINT('',(18.698597632563,-4.3,2.576183426406));
#5632 = CARTESIAN_POINT('',(18.730750651188,-4.3,2.51533457125));
#5633 = CARTESIAN_POINT('',(18.786311595437,-4.3,2.463995904719));
#5634 = PCURVE('',#1352,#5635);
#5635 = DEFINITIONAL_REPRESENTATION('',(#5636),#5641);
#5636 = B_SPLINE_CURVE_WITH_KNOTS('',3,(#5637,#5638,#5639,#5640),
  .UNSPECIFIED.,.F.,.F.,(4,4),(0.,1.),.PIECEWISE_BEZIER_KNOTS.);
#5637 = CARTESIAN_POINT('',(3.069365567433,0.966378630052));
#5638 = CARTESIAN_POINT('',(3.00926930634,1.000942199959));
#5639 = CARTESIAN_POINT('',(2.948420451183,1.033095218584));
#5640 = CARTESIAN_POINT('',(2.897081784652,1.088656162834));
#5641 = ( GEOMETRIC_REPRESENTATION_CONTEXT(2) 
PARAMETRIC_REPRESENTATION_CONTEXT() REPRESENTATION_CONTEXT('2D SPACE',''
  ) );
#5642 = PCURVE('',#5643,#5651);
#5643 = SURFACE_OF_LINEAR_EXTRUSION('',#5644,#5649);
#5644 = B_SPLINE_CURVE_WITH_KNOTS('',3,(#5645,#5646,#5647,#5648),
  .UNSPECIFIED.,.F.,.F.,(4,4),(0.,1.),.PIECEWISE_BEZIER_KNOTS.);
#5645 = CARTESIAN_POINT('',(18.664034062656,-4.5,2.6362796875));
#5646 = CARTESIAN_POINT('',(18.698597632563,-4.5,2.576183426406));
#5647 = CARTESIAN_POINT('',(18.730750651188,-4.5,2.51533457125));
#5648 = CARTESIAN_POINT('',(18.786311595437,-4.5,2.463995904719));
#5649 = VECTOR('',#5650,1.);
#5650 = DIRECTION('',(0.,-1.,-2.230669073875E-16));
#5651 = DEFINITIONAL_REPRESENTATION('',(#5652),#5656);
#5652 = LINE('',#5653,#5654);
#5653 = CARTESIAN_POINT('',(0.,-0.2));
#5654 = VECTOR('',#5655,1.);
#5655 = DIRECTION('',(1.,0.));
#5656 = ( GEOMETRIC_REPRESENTATION_CONTEXT(2) 
PARAMETRIC_REPRESENTATION_CONTEXT() REPRESENTATION_CONTEXT('2D SPACE',''
  ) );
#5657 = ORIENTED_EDGE('',*,*,#5658,.F.);
#5658 = EDGE_CURVE('',#5659,#5626,#5661,.T.);
#5659 = VERTEX_POINT('',#5660);
#5660 = CARTESIAN_POINT('',(18.576523125156,-4.3,2.84880625));
#5661 = SURFACE_CURVE('',#5662,(#5667,#5675),.PCURVE_S1.);
#5662 = B_SPLINE_CURVE_WITH_KNOTS('',3,(#5663,#5664,#5665,#5666),
  .UNSPECIFIED.,.F.,.F.,(4,4),(0.,1.),.PIECEWISE_BEZIER_KNOTS.);
#5663 = CARTESIAN_POINT('',(18.576523125156,-4.3,2.84880625));
#5664 = CARTESIAN_POINT('',(18.613067192594,-4.3,2.781014277062));
#5665 = CARTESIAN_POINT('',(18.615115448594,-4.3,2.699386574875));
#5666 = CARTESIAN_POINT('',(18.664034062656,-4.3,2.6362796875));
#5667 = PCURVE('',#1352,#5668);
#5668 = DEFINITIONAL_REPRESENTATION('',(#5669),#5674);
#5669 = B_SPLINE_CURVE_WITH_KNOTS('',3,(#5670,#5671,#5672,#5673),
  .UNSPECIFIED.,.F.,.F.,(4,4),(0.,1.),.PIECEWISE_BEZIER_KNOTS.);
#5670 = CARTESIAN_POINT('',(3.281892129933,0.878867692552));
#5671 = CARTESIAN_POINT('',(3.214100156996,0.91541175999));
#5672 = CARTESIAN_POINT('',(3.132472454808,0.91746001599));
#5673 = CARTESIAN_POINT('',(3.069365567433,0.966378630052));
#5674 = ( GEOMETRIC_REPRESENTATION_CONTEXT(2) 
PARAMETRIC_REPRESENTATION_CONTEXT() REPRESENTATION_CONTEXT('2D SPACE',''
  ) );
#5675 = PCURVE('',#5676,#5684);
#5676 = SURFACE_OF_LINEAR_EXTRUSION('',#5677,#5682);
#5677 = B_SPLINE_CURVE_WITH_KNOTS('',3,(#5678,#5679,#5680,#5681),
  .UNSPECIFIED.,.F.,.F.,(4,4),(0.,1.),.PIECEWISE_BEZIER_KNOTS.);
#5678 = CARTESIAN_POINT('',(18.576523125156,-4.5,2.84880625));
#5679 = CARTESIAN_POINT('',(18.613067192594,-4.5,2.781014277063));
#5680 = CARTESIAN_POINT('',(18.615115448594,-4.5,2.699386574875));
#5681 = CARTESIAN_POINT('',(18.664034062656,-4.5,2.6362796875));
#5682 = VECTOR('',#5683,1.);
#5683 = DIRECTION('',(0.,-1.,-2.230669073875E-16));
#5684 = DEFINITIONAL_REPRESENTATION('',(#5685),#5689);
#5685 = LINE('',#5686,#5687);
#5686 = CARTESIAN_POINT('',(0.,-0.2));
#5687 = VECTOR('',#5688,1.);
#5688 = DIRECTION('',(1.,0.));
#5689 = ( GEOMETRIC_REPRESENTATION_CONTEXT(2) 
PARAMETRIC_REPRESENTATION_CONTEXT() REPRESENTATION_CONTEXT('2D SPACE',''
  ) );
#5690 = ORIENTED_EDGE('',*,*,#5691,.F.);
#5691 = EDGE_CURVE('',#5692,#5659,#5694,.T.);
#5692 = VERTEX_POINT('',#5693);
#5693 = CARTESIAN_POINT('',(18.574927925781,-4.3,3.2113515625));
#5694 = SURFACE_CURVE('',#5695,(#5700,#5708),.PCURVE_S1.);
#5695 = B_SPLINE_CURVE_WITH_KNOTS('',3,(#5696,#5697,#5698,#5699),
  .UNSPECIFIED.,.F.,.F.,(4,4),(0.,1.),.PIECEWISE_BEZIER_KNOTS.);
#5696 = CARTESIAN_POINT('',(18.574927925781,-4.3,3.2113515625));
#5697 = CARTESIAN_POINT('',(18.578658392031,-4.3,3.090758990313));
#5698 = CARTESIAN_POINT('',(18.575415486719,-4.3,2.969233801563));
#5699 = CARTESIAN_POINT('',(18.576523125156,-4.3,2.84880625));
#5700 = PCURVE('',#1352,#5701);
#5701 = DEFINITIONAL_REPRESENTATION('',(#5702),#5707);
#5702 = B_SPLINE_CURVE_WITH_KNOTS('',3,(#5703,#5704,#5705,#5706),
  .UNSPECIFIED.,.F.,.F.,(4,4),(0.,1.),.PIECEWISE_BEZIER_KNOTS.);
#5703 = CARTESIAN_POINT('',(3.644437442433,0.877272493177));
#5704 = CARTESIAN_POINT('',(3.523844870246,0.881002959427));
#5705 = CARTESIAN_POINT('',(3.402319681496,0.877760054115));
#5706 = CARTESIAN_POINT('',(3.281892129933,0.878867692552));
#5707 = ( GEOMETRIC_REPRESENTATION_CONTEXT(2) 
PARAMETRIC_REPRESENTATION_CONTEXT() REPRESENTATION_CONTEXT('2D SPACE',''
  ) );
#5708 = PCURVE('',#5709,#5717);
#5709 = SURFACE_OF_LINEAR_EXTRUSION('',#5710,#5715);
#5710 = B_SPLINE_CURVE_WITH_KNOTS('',3,(#5711,#5712,#5713,#5714),
  .UNSPECIFIED.,.F.,.F.,(4,4),(0.,1.),.PIECEWISE_BEZIER_KNOTS.);
#5711 = CARTESIAN_POINT('',(18.574927925781,-4.5,3.2113515625));
#5712 = CARTESIAN_POINT('',(18.578658392031,-4.5,3.090758990313));
#5713 = CARTESIAN_POINT('',(18.575415486719,-4.5,2.969233801563));
#5714 = CARTESIAN_POINT('',(18.576523125156,-4.5,2.84880625));
#5715 = VECTOR('',#5716,1.);
#5716 = DIRECTION('',(0.,-1.,-2.230669073875E-16));
#5717 = DEFINITIONAL_REPRESENTATION('',(#5718),#5722);
#5718 = LINE('',#5719,#5720);
#5719 = CARTESIAN_POINT('',(0.,-0.2));
#5720 = VECTOR('',#5721,1.);
#5721 = DIRECTION('',(1.,0.));
#5722 = ( GEOMETRIC_REPRESENTATION_CONTEXT(2) 
PARAMETRIC_REPRESENTATION_CONTEXT() REPRESENTATION_CONTEXT('2D SPACE',''
  ) );
#5723 = ORIENTED_EDGE('',*,*,#5724,.F.);
#5724 = EDGE_CURVE('',#5725,#5692,#5727,.T.);
#5725 = VERTEX_POINT('',#5726);
#5726 = CARTESIAN_POINT('',(18.65153125,-4.3,3.423878125));
#5727 = SURFACE_CURVE('',#5728,(#5733,#5741),.PCURVE_S1.);
#5728 = B_SPLINE_CURVE_WITH_KNOTS('',3,(#5729,#5730,#5731,#5732),
  .UNSPECIFIED.,.F.,.F.,(4,4),(0.,1.),.PIECEWISE_BEZIER_KNOTS.);
#5729 = CARTESIAN_POINT('',(18.65153125,-4.3,3.423878125));
#5730 = CARTESIAN_POINT('',(18.599154953781,-4.3,3.363693852906));
#5731 = CARTESIAN_POINT('',(18.617582756969,-4.3,3.276591216437));
#5732 = CARTESIAN_POINT('',(18.574927925781,-4.3,3.2113515625));
#5733 = PCURVE('',#1352,#5734);
#5734 = DEFINITIONAL_REPRESENTATION('',(#5735),#5740);
#5735 = B_SPLINE_CURVE_WITH_KNOTS('',3,(#5736,#5737,#5738,#5739),
  .UNSPECIFIED.,.F.,.F.,(4,4),(0.,1.),.PIECEWISE_BEZIER_KNOTS.);
#5736 = CARTESIAN_POINT('',(3.856964004933,0.953875817396));
#5737 = CARTESIAN_POINT('',(3.79677973284,0.901499521177));
#5738 = CARTESIAN_POINT('',(3.709677096371,0.919927324365));
#5739 = CARTESIAN_POINT('',(3.644437442433,0.877272493177));
#5740 = ( GEOMETRIC_REPRESENTATION_CONTEXT(2) 
PARAMETRIC_REPRESENTATION_CONTEXT() REPRESENTATION_CONTEXT('2D SPACE',''
  ) );
#5741 = PCURVE('',#5742,#5750);
#5742 = SURFACE_OF_LINEAR_EXTRUSION('',#5743,#5748);
#5743 = B_SPLINE_CURVE_WITH_KNOTS('',3,(#5744,#5745,#5746,#5747),
  .UNSPECIFIED.,.F.,.F.,(4,4),(0.,1.),.PIECEWISE_BEZIER_KNOTS.);
#5744 = CARTESIAN_POINT('',(18.65153125,-4.5,3.423878125));
#5745 = CARTESIAN_POINT('',(18.599154953781,-4.5,3.363693852906));
#5746 = CARTESIAN_POINT('',(18.617582756969,-4.5,3.276591216437));
#5747 = CARTESIAN_POINT('',(18.574927925781,-4.5,3.2113515625));
#5748 = VECTOR('',#5749,1.);
#5749 = DIRECTION('',(0.,-1.,-2.230669073875E-16));
#5750 = DEFINITIONAL_REPRESENTATION('',(#5751),#5755);
#5751 = LINE('',#5752,#5753);
#5752 = CARTESIAN_POINT('',(0.,-0.2));
#5753 = VECTOR('',#5754,1.);
#5754 = DIRECTION('',(1.,0.));
#5755 = ( GEOMETRIC_REPRESENTATION_CONTEXT(2) 
PARAMETRIC_REPRESENTATION_CONTEXT() REPRESENTATION_CONTEXT('2D SPACE',''
  ) );
#5756 = ORIENTED_EDGE('',*,*,#5757,.F.);
#5757 = EDGE_CURVE('',#5758,#5725,#5760,.T.);
#5758 = VERTEX_POINT('',#5759);
#5759 = CARTESIAN_POINT('',(18.5890234375,-4.3,3.5628955));
#5760 = SURFACE_CURVE('',#5761,(#5766,#5774),.PCURVE_S1.);
#5761 = B_SPLINE_CURVE_WITH_KNOTS('',3,(#5762,#5763,#5764,#5765),
  .UNSPECIFIED.,.F.,.F.,(4,4),(0.,1.),.PIECEWISE_BEZIER_KNOTS.);
#5762 = CARTESIAN_POINT('',(18.5890234375,-4.3,3.5628955));
#5763 = CARTESIAN_POINT('',(18.643730024969,-4.3,3.51775985875));
#5764 = CARTESIAN_POINT('',(18.707558502531,-4.3,3.498771235469));
#5765 = CARTESIAN_POINT('',(18.65153125,-4.3,3.423878125));
#5766 = PCURVE('',#1352,#5767);
#5767 = DEFINITIONAL_REPRESENTATION('',(#5768),#5773);
#5768 = B_SPLINE_CURVE_WITH_KNOTS('',3,(#5769,#5770,#5771,#5772),
  .UNSPECIFIED.,.F.,.F.,(4,4),(0.,1.),.PIECEWISE_BEZIER_KNOTS.);
#5769 = CARTESIAN_POINT('',(3.995981379933,0.891368004896));
#5770 = CARTESIAN_POINT('',(3.950845738683,0.946074592365));
#5771 = CARTESIAN_POINT('',(3.931857115402,1.009903069927));
#5772 = CARTESIAN_POINT('',(3.856964004933,0.953875817396));
#5773 = ( GEOMETRIC_REPRESENTATION_CONTEXT(2) 
PARAMETRIC_REPRESENTATION_CONTEXT() REPRESENTATION_CONTEXT('2D SPACE',''
  ) );
#5774 = PCURVE('',#5775,#5783);
#5775 = SURFACE_OF_LINEAR_EXTRUSION('',#5776,#5781);
#5776 = B_SPLINE_CURVE_WITH_KNOTS('',3,(#5777,#5778,#5779,#5780),
  .UNSPECIFIED.,.F.,.F.,(4,4),(0.,1.),.PIECEWISE_BEZIER_KNOTS.);
#5777 = CARTESIAN_POINT('',(18.5890234375,-4.5,3.5628955));
#5778 = CARTESIAN_POINT('',(18.643730024969,-4.5,3.51775985875));
#5779 = CARTESIAN_POINT('',(18.707558502531,-4.5,3.498771235469));
#5780 = CARTESIAN_POINT('',(18.65153125,-4.5,3.423878125));
#5781 = VECTOR('',#5782,1.);
#5782 = DIRECTION('',(0.,-1.,-2.230669073875E-16));
#5783 = DEFINITIONAL_REPRESENTATION('',(#5784),#5788);
#5784 = LINE('',#5785,#5786);
#5785 = CARTESIAN_POINT('',(0.,-0.2));
#5786 = VECTOR('',#5787,1.);
#5787 = DIRECTION('',(1.,0.));
#5788 = ( GEOMETRIC_REPRESENTATION_CONTEXT(2) 
PARAMETRIC_REPRESENTATION_CONTEXT() REPRESENTATION_CONTEXT('2D SPACE',''
  ) );
#5789 = ORIENTED_EDGE('',*,*,#5790,.F.);
#5790 = EDGE_CURVE('',#5791,#5758,#5793,.T.);
#5791 = VERTEX_POINT('',#5792);
#5792 = CARTESIAN_POINT('',(18.35149375,-4.3,3.6989125));
#5793 = SURFACE_CURVE('',#5794,(#5799,#5807),.PCURVE_S1.);
#5794 = B_SPLINE_CURVE_WITH_KNOTS('',3,(#5795,#5796,#5797,#5798),
  .UNSPECIFIED.,.F.,.F.,(4,4),(0.,1.),.PIECEWISE_BEZIER_KNOTS.);
#5795 = CARTESIAN_POINT('',(18.35149375,-4.3,3.6989125));
#5796 = CARTESIAN_POINT('',(18.44200706275,-4.3,3.679891372656));
#5797 = CARTESIAN_POINT('',(18.503686021656,-4.3,3.595813364219));
#5798 = CARTESIAN_POINT('',(18.5890234375,-4.3,3.5628955));
#5799 = PCURVE('',#1352,#5800);
#5800 = DEFINITIONAL_REPRESENTATION('',(#5801),#5806);
#5801 = B_SPLINE_CURVE_WITH_KNOTS('',3,(#5802,#5803,#5804,#5805),
  .UNSPECIFIED.,.F.,.F.,(4,4),(0.,1.),.PIECEWISE_BEZIER_KNOTS.);
#5802 = CARTESIAN_POINT('',(4.131998379933,0.653838317396));
#5803 = CARTESIAN_POINT('',(4.11297725259,0.744351630146));
#5804 = CARTESIAN_POINT('',(4.028899244152,0.806030589052));
#5805 = CARTESIAN_POINT('',(3.995981379933,0.891368004896));
#5806 = ( GEOMETRIC_REPRESENTATION_CONTEXT(2) 
PARAMETRIC_REPRESENTATION_CONTEXT() REPRESENTATION_CONTEXT('2D SPACE',''
  ) );
#5807 = PCURVE('',#5808,#5816);
#5808 = SURFACE_OF_LINEAR_EXTRUSION('',#5809,#5814);
#5809 = B_SPLINE_CURVE_WITH_KNOTS('',3,(#5810,#5811,#5812,#5813),
  .UNSPECIFIED.,.F.,.F.,(4,4),(0.,1.),.PIECEWISE_BEZIER_KNOTS.);
#5810 = CARTESIAN_POINT('',(18.35149375,-4.5,3.6989125));
#5811 = CARTESIAN_POINT('',(18.44200706275,-4.5,3.679891372656));
#5812 = CARTESIAN_POINT('',(18.503686021656,-4.5,3.595813364219));
#5813 = CARTESIAN_POINT('',(18.5890234375,-4.5,3.5628955));
#5814 = VECTOR('',#5815,1.);
#5815 = DIRECTION('',(0.,-1.,-2.230669073875E-16));
#5816 = DEFINITIONAL_REPRESENTATION('',(#5817),#5821);
#5817 = LINE('',#5818,#5819);
#5818 = CARTESIAN_POINT('',(0.,-0.2));
#5819 = VECTOR('',#5820,1.);
#5820 = DIRECTION('',(1.,0.));
#5821 = ( GEOMETRIC_REPRESENTATION_CONTEXT(2) 
PARAMETRIC_REPRESENTATION_CONTEXT() REPRESENTATION_CONTEXT('2D SPACE',''
  ) );
#5822 = ORIENTED_EDGE('',*,*,#5823,.F.);
#5823 = EDGE_CURVE('',#5824,#5791,#5826,.T.);
#5824 = VERTEX_POINT('',#5825);
#5825 = CARTESIAN_POINT('',(18.1139640625,-4.3,3.84893125));
#5826 = SURFACE_CURVE('',#5827,(#5832,#5840),.PCURVE_S1.);
#5827 = B_SPLINE_CURVE_WITH_KNOTS('',3,(#5828,#5829,#5830,#5831),
  .UNSPECIFIED.,.F.,.F.,(4,4),(0.,1.),.PIECEWISE_BEZIER_KNOTS.);
#5828 = CARTESIAN_POINT('',(18.1139640625,-4.3,3.84893125));
#5829 = CARTESIAN_POINT('',(18.197406741531,-4.3,3.80879623375));
#5830 = CARTESIAN_POINT('',(18.279964559969,-4.3,3.767128025875));
#5831 = CARTESIAN_POINT('',(18.35149375,-4.3,3.6989125));
#5832 = PCURVE('',#1352,#5833);
#5833 = DEFINITIONAL_REPRESENTATION('',(#5834),#5839);
#5834 = B_SPLINE_CURVE_WITH_KNOTS('',3,(#5835,#5836,#5837,#5838),
  .UNSPECIFIED.,.F.,.F.,(4,4),(0.,1.),.PIECEWISE_BEZIER_KNOTS.);
#5835 = CARTESIAN_POINT('',(4.282017129933,0.416308629896));
#5836 = CARTESIAN_POINT('',(4.241882113683,0.499751308927));
#5837 = CARTESIAN_POINT('',(4.200213905808,0.582309127365));
#5838 = CARTESIAN_POINT('',(4.131998379933,0.653838317396));
#5839 = ( GEOMETRIC_REPRESENTATION_CONTEXT(2) 
PARAMETRIC_REPRESENTATION_CONTEXT() REPRESENTATION_CONTEXT('2D SPACE',''
  ) );
#5840 = PCURVE('',#5841,#5849);
#5841 = SURFACE_OF_LINEAR_EXTRUSION('',#5842,#5847);
#5842 = B_SPLINE_CURVE_WITH_KNOTS('',3,(#5843,#5844,#5845,#5846),
  .UNSPECIFIED.,.F.,.F.,(4,4),(0.,1.),.PIECEWISE_BEZIER_KNOTS.);
#5843 = CARTESIAN_POINT('',(18.1139640625,-4.5,3.84893125));
#5844 = CARTESIAN_POINT('',(18.197406741531,-4.5,3.80879623375));
#5845 = CARTESIAN_POINT('',(18.279964559969,-4.5,3.767128025875));
#5846 = CARTESIAN_POINT('',(18.35149375,-4.5,3.6989125));
#5847 = VECTOR('',#5848,1.);
#5848 = DIRECTION('',(0.,-1.,-2.230669073875E-16));
#5849 = DEFINITIONAL_REPRESENTATION('',(#5850),#5854);
#5850 = LINE('',#5851,#5852);
#5851 = CARTESIAN_POINT('',(0.,-0.2));
#5852 = VECTOR('',#5853,1.);
#5853 = DIRECTION('',(1.,0.));
#5854 = ( GEOMETRIC_REPRESENTATION_CONTEXT(2) 
PARAMETRIC_REPRESENTATION_CONTEXT() REPRESENTATION_CONTEXT('2D SPACE',''
  ) );
#5855 = ORIENTED_EDGE('',*,*,#5856,.F.);
#5856 = EDGE_CURVE('',#4702,#5824,#5857,.T.);
#5857 = SURFACE_CURVE('',#5858,(#5863,#5871),.PCURVE_S1.);
#5858 = B_SPLINE_CURVE_WITH_KNOTS('',3,(#5859,#5860,#5861,#5862),
  .UNSPECIFIED.,.F.,.F.,(4,4),(0.,1.),.PIECEWISE_BEZIER_KNOTS.);
#5859 = CARTESIAN_POINT('',(17.876434375,-4.3,3.923940625));
#5860 = CARTESIAN_POINT('',(17.954976941594,-4.3,3.994653463));
#5861 = CARTESIAN_POINT('',(18.043260725688,-4.3,3.880044388656));
#5862 = CARTESIAN_POINT('',(18.1139640625,-4.3,3.84893125));
#5863 = PCURVE('',#1352,#5864);
#5864 = DEFINITIONAL_REPRESENTATION('',(#5865),#5870);
#5865 = B_SPLINE_CURVE_WITH_KNOTS('',3,(#5866,#5867,#5868,#5869),
  .UNSPECIFIED.,.F.,.F.,(4,4),(0.,1.),.PIECEWISE_BEZIER_KNOTS.);
#5866 = CARTESIAN_POINT('',(4.357026504933,0.178778942396));
#5867 = CARTESIAN_POINT('',(4.427739342933,0.25732150899));
#5868 = CARTESIAN_POINT('',(4.31313026859,0.345605293084));
#5869 = CARTESIAN_POINT('',(4.282017129933,0.416308629896));
#5870 = ( GEOMETRIC_REPRESENTATION_CONTEXT(2) 
PARAMETRIC_REPRESENTATION_CONTEXT() REPRESENTATION_CONTEXT('2D SPACE',''
  ) );
#5871 = PCURVE('',#5872,#5880);
#5872 = SURFACE_OF_LINEAR_EXTRUSION('',#5873,#5878);
#5873 = B_SPLINE_CURVE_WITH_KNOTS('',3,(#5874,#5875,#5876,#5877),
  .UNSPECIFIED.,.F.,.F.,(4,4),(0.,1.),.PIECEWISE_BEZIER_KNOTS.);
#5874 = CARTESIAN_POINT('',(17.876434375,-4.5,3.923940625));
#5875 = CARTESIAN_POINT('',(17.954976941594,-4.5,3.994653463));
#5876 = CARTESIAN_POINT('',(18.043260725688,-4.5,3.880044388656));
#5877 = CARTESIAN_POINT('',(18.1139640625,-4.5,3.84893125));
#5878 = VECTOR('',#5879,1.);
#5879 = DIRECTION('',(0.,-1.,-2.230669073875E-16));
#5880 = DEFINITIONAL_REPRESENTATION('',(#5881),#5885);
#5881 = LINE('',#5882,#5883);
#5882 = CARTESIAN_POINT('',(0.,-0.2));
#5883 = VECTOR('',#5884,1.);
#5884 = DIRECTION('',(1.,0.));
#5885 = ( GEOMETRIC_REPRESENTATION_CONTEXT(2) 
PARAMETRIC_REPRESENTATION_CONTEXT() REPRESENTATION_CONTEXT('2D SPACE',''
  ) );
#5886 = ADVANCED_FACE('',(#5887),#1324,.F.);
#5887 = FACE_BOUND('',#5888,.F.);
#5888 = EDGE_LOOP('',(#5889,#5918,#5946,#5967));
#5889 = ORIENTED_EDGE('',*,*,#5890,.T.);
#5890 = EDGE_CURVE('',#1309,#5891,#5893,.T.);
#5891 = VERTEX_POINT('',#5892);
#5892 = CARTESIAN_POINT('',(13.254675353598,-4.5,7.3));
#5893 = SURFACE_CURVE('',#5894,(#5900,#5909),.PCURVE_S1.);
#5894 = B_SPLINE_CURVE_WITH_KNOTS('',4,(#5895,#5896,#5897,#5898,#5899),
  .UNSPECIFIED.,.F.,.F.,(5,5),(0.,1.),.PIECEWISE_BEZIER_KNOTS.);
#5895 = CARTESIAN_POINT('',(13.558054869277,-4.3,7.5));
#5896 = CARTESIAN_POINT('',(13.47908908053,-4.348290320195,
    7.451709679805));
#5897 = CARTESIAN_POINT('',(13.402205244119,-4.397778350752,
    7.402221649248));
#5898 = CARTESIAN_POINT('',(13.3274069293,-4.44837570988,7.35162429012)
  );
#5899 = CARTESIAN_POINT('',(13.254675353598,-4.5,7.3));
#5900 = PCURVE('',#1324,#5901);
#5901 = DEFINITIONAL_REPRESENTATION('',(#5902),#5908);
#5902 = B_SPLINE_CURVE_WITH_KNOTS('',4,(#5903,#5904,#5905,#5906,#5907),
  .UNSPECIFIED.,.F.,.F.,(5,5),(0.,1.),.PIECEWISE_BEZIER_KNOTS.);
#5903 = CARTESIAN_POINT('',(62.441945130723,0.141421356237));
#5904 = CARTESIAN_POINT('',(62.52091091947,7.312853048553E-02));
#5905 = CARTESIAN_POINT('',(62.597794755881,3.141886498038E-03));
#5906 = CARTESIAN_POINT('',(62.6725930707,-6.841358500122E-02));
#5907 = CARTESIAN_POINT('',(62.745324646402,-0.141421356237));
#5908 = ( GEOMETRIC_REPRESENTATION_CONTEXT(2) 
PARAMETRIC_REPRESENTATION_CONTEXT() REPRESENTATION_CONTEXT('2D SPACE',''
  ) );
#5909 = PCURVE('',#2281,#5910);
#5910 = DEFINITIONAL_REPRESENTATION('',(#5911),#5917);
#5911 = B_SPLINE_CURVE_WITH_KNOTS('',4,(#5912,#5913,#5914,#5915,#5916),
  .UNSPECIFIED.,.F.,.F.,(5,5),(0.,1.),.PIECEWISE_BEZIER_KNOTS.);
#5912 = CARTESIAN_POINT('',(0.861922344716,-0.199999999999));
#5913 = CARTESIAN_POINT('',(0.887973441915,-0.151709679804));
#5914 = CARTESIAN_POINT('',(0.913674617922,-0.102221649249));
#5915 = CARTESIAN_POINT('',(0.939024415551,-5.162429012115E-02));
#5916 = CARTESIAN_POINT('',(0.96402506685,-7.9414E-13));
#5917 = ( GEOMETRIC_REPRESENTATION_CONTEXT(2) 
PARAMETRIC_REPRESENTATION_CONTEXT() REPRESENTATION_CONTEXT('2D SPACE',''
  ) );
#5918 = ORIENTED_EDGE('',*,*,#5919,.T.);
#5919 = EDGE_CURVE('',#5891,#5920,#5922,.T.);
#5920 = VERTEX_POINT('',#5921);
#5921 = CARTESIAN_POINT('',(0.,-4.5,7.3));
#5922 = SURFACE_CURVE('',#5923,(#5927,#5934),.PCURVE_S1.);
#5923 = LINE('',#5924,#5925);
#5924 = CARTESIAN_POINT('',(76.,-4.5,7.3));
#5925 = VECTOR('',#5926,1.);
#5926 = DIRECTION('',(-1.,0.,0.));
#5927 = PCURVE('',#1324,#5928);
#5928 = DEFINITIONAL_REPRESENTATION('',(#5929),#5933);
#5929 = LINE('',#5930,#5931);
#5930 = CARTESIAN_POINT('',(0.,-0.141421356237));
#5931 = VECTOR('',#5932,1.);
#5932 = DIRECTION('',(1.,0.));
#5933 = ( GEOMETRIC_REPRESENTATION_CONTEXT(2) 
PARAMETRIC_REPRESENTATION_CONTEXT() REPRESENTATION_CONTEXT('2D SPACE',''
  ) );
#5934 = PCURVE('',#5935,#5940);
#5935 = PLANE('',#5936);
#5936 = AXIS2_PLACEMENT_3D('',#5937,#5938,#5939);
#5937 = CARTESIAN_POINT('',(38.,-4.5,-1.33226762955E-15));
#5938 = DIRECTION('',(0.,1.,1.130669073875E-16));
#5939 = DIRECTION('',(0.,-1.130669073875E-16,1.));
#5940 = DEFINITIONAL_REPRESENTATION('',(#5941),#5945);
#5941 = LINE('',#5942,#5943);
#5942 = CARTESIAN_POINT('',(7.3,38.));
#5943 = VECTOR('',#5944,1.);
#5944 = DIRECTION('',(-0.,-1.));
#5945 = ( GEOMETRIC_REPRESENTATION_CONTEXT(2) 
PARAMETRIC_REPRESENTATION_CONTEXT() REPRESENTATION_CONTEXT('2D SPACE',''
  ) );
#5946 = ORIENTED_EDGE('',*,*,#5947,.T.);
#5947 = EDGE_CURVE('',#5920,#1286,#5948,.T.);
#5948 = SURFACE_CURVE('',#5949,(#5953,#5960),.PCURVE_S1.);
#5949 = LINE('',#5950,#5951);
#5950 = CARTESIAN_POINT('',(0.,-4.4,7.4));
#5951 = VECTOR('',#5952,1.);
#5952 = DIRECTION('',(0.,0.707106781187,0.707106781187));
#5953 = PCURVE('',#1324,#5954);
#5954 = DEFINITIONAL_REPRESENTATION('',(#5955),#5959);
#5955 = LINE('',#5956,#5957);
#5956 = CARTESIAN_POINT('',(76.,0.));
#5957 = VECTOR('',#5958,1.);
#5958 = DIRECTION('',(0.,1.));
#5959 = ( GEOMETRIC_REPRESENTATION_CONTEXT(2) 
PARAMETRIC_REPRESENTATION_CONTEXT() REPRESENTATION_CONTEXT('2D SPACE',''
  ) );
#5960 = PCURVE('',#2073,#5961);
#5961 = DEFINITIONAL_REPRESENTATION('',(#5962),#5966);
#5962 = LINE('',#5963,#5964);
#5963 = CARTESIAN_POINT('',(-0.,-0.1));
#5964 = VECTOR('',#5965,1.);
#5965 = DIRECTION('',(-0.,1.));
#5966 = ( GEOMETRIC_REPRESENTATION_CONTEXT(2) 
PARAMETRIC_REPRESENTATION_CONTEXT() REPRESENTATION_CONTEXT('2D SPACE',''
  ) );
#5967 = ORIENTED_EDGE('',*,*,#1308,.F.);
#5968 = ADVANCED_FACE('',(#5969),#1460,.F.);
#5969 = FACE_BOUND('',#5970,.F.);
#5970 = EDGE_LOOP('',(#5971,#5999,#6020,#6021));
#5971 = ORIENTED_EDGE('',*,*,#5972,.F.);
#5972 = EDGE_CURVE('',#5973,#5973,#5975,.T.);
#5973 = VERTEX_POINT('',#5974);
#5974 = CARTESIAN_POINT('',(57.35,4.5,3.));
#5975 = SURFACE_CURVE('',#5976,(#5981,#5988),.PCURVE_S1.);
#5976 = CIRCLE('',#5977,1.35);
#5977 = AXIS2_PLACEMENT_3D('',#5978,#5979,#5980);
#5978 = CARTESIAN_POINT('',(56.,4.5,3.));
#5979 = DIRECTION('',(0.,3.330669073875E-16,-1.));
#5980 = DIRECTION('',(1.,0.,0.));
#5981 = PCURVE('',#1460,#5982);
#5982 = DEFINITIONAL_REPRESENTATION('',(#5983),#5987);
#5983 = LINE('',#5984,#5985);
#5984 = CARTESIAN_POINT('',(0.,0.));
#5985 = VECTOR('',#5986,1.);
#5986 = DIRECTION('',(1.,0.));
#5987 = ( GEOMETRIC_REPRESENTATION_CONTEXT(2) 
PARAMETRIC_REPRESENTATION_CONTEXT() REPRESENTATION_CONTEXT('2D SPACE',''
  ) );
#5988 = PCURVE('',#1552,#5989);
#5989 = DEFINITIONAL_REPRESENTATION('',(#5990),#5998);
#5990 = ( BOUNDED_CURVE() B_SPLINE_CURVE(2,(#5991,#5992,#5993,#5994,
#5995,#5996,#5997),.UNSPECIFIED.,.T.,.F.) B_SPLINE_CURVE_WITH_KNOTS((1,2
    ,2,2,2,1),(-2.094395102393,0.,2.094395102393,4.188790204786,
6.28318530718,8.377580409573),.UNSPECIFIED.) CURVE() 
GEOMETRIC_REPRESENTATION_ITEM() RATIONAL_B_SPLINE_CURVE((1.,0.5,1.,0.5,
1.,0.5,1.)) REPRESENTATION_ITEM('') );
#5991 = CARTESIAN_POINT('',(1.35,8.881784197001E-16));
#5992 = CARTESIAN_POINT('',(1.35,-2.338268590218));
#5993 = CARTESIAN_POINT('',(-0.675,-1.169134295109));
#5994 = CARTESIAN_POINT('',(-2.7,5.575237839303E-16));
#5995 = CARTESIAN_POINT('',(-0.675,1.169134295109));
#5996 = CARTESIAN_POINT('',(1.35,2.338268590218));
#5997 = CARTESIAN_POINT('',(1.35,8.881784197001E-16));
#5998 = ( GEOMETRIC_REPRESENTATION_CONTEXT(2) 
PARAMETRIC_REPRESENTATION_CONTEXT() REPRESENTATION_CONTEXT('2D SPACE',''
  ) );
#5999 = ORIENTED_EDGE('',*,*,#6000,.T.);
#6000 = EDGE_CURVE('',#5973,#1444,#6001,.T.);
#6001 = SEAM_CURVE('',#6002,(#6006,#6013),.PCURVE_S1.);
#6002 = LINE('',#6003,#6004);
#6003 = CARTESIAN_POINT('',(57.35,4.5,3.));
#6004 = VECTOR('',#6005,1.);
#6005 = DIRECTION('',(0.,-3.330669073875E-16,1.));
#6006 = PCURVE('',#1460,#6007);
#6007 = DEFINITIONAL_REPRESENTATION('',(#6008),#6012);
#6008 = LINE('',#6009,#6010);
#6009 = CARTESIAN_POINT('',(6.28318530718,0.));
#6010 = VECTOR('',#6011,1.);
#6011 = DIRECTION('',(0.,-1.));
#6012 = ( GEOMETRIC_REPRESENTATION_CONTEXT(2) 
PARAMETRIC_REPRESENTATION_CONTEXT() REPRESENTATION_CONTEXT('2D SPACE',''
  ) );
#6013 = PCURVE('',#1460,#6014);
#6014 = DEFINITIONAL_REPRESENTATION('',(#6015),#6019);
#6015 = LINE('',#6016,#6017);
#6016 = CARTESIAN_POINT('',(0.,0.));
#6017 = VECTOR('',#6018,1.);
#6018 = DIRECTION('',(0.,-1.));
#6019 = ( GEOMETRIC_REPRESENTATION_CONTEXT(2) 
PARAMETRIC_REPRESENTATION_CONTEXT() REPRESENTATION_CONTEXT('2D SPACE',''
  ) );
#6020 = ORIENTED_EDGE('',*,*,#1443,.T.);
#6021 = ORIENTED_EDGE('',*,*,#6000,.F.);
#6022 = ADVANCED_FACE('',(#6023),#1491,.F.);
#6023 = FACE_BOUND('',#6024,.F.);
#6024 = EDGE_LOOP('',(#6025,#6053,#6074,#6075));
#6025 = ORIENTED_EDGE('',*,*,#6026,.F.);
#6026 = EDGE_CURVE('',#6027,#6027,#6029,.T.);
#6027 = VERTEX_POINT('',#6028);
#6028 = CARTESIAN_POINT('',(44.35,4.5,5.));
#6029 = SURFACE_CURVE('',#6030,(#6035,#6042),.PCURVE_S1.);
#6030 = CIRCLE('',#6031,1.35);
#6031 = AXIS2_PLACEMENT_3D('',#6032,#6033,#6034);
#6032 = CARTESIAN_POINT('',(43.,4.5,5.));
#6033 = DIRECTION('',(0.,-1.069330926125E-16,-1.));
#6034 = DIRECTION('',(1.,0.,0.));
#6035 = PCURVE('',#1491,#6036);
#6036 = DEFINITIONAL_REPRESENTATION('',(#6037),#6041);
#6037 = LINE('',#6038,#6039);
#6038 = CARTESIAN_POINT('',(0.,-5.));
#6039 = VECTOR('',#6040,1.);
#6040 = DIRECTION('',(1.,0.));
#6041 = ( GEOMETRIC_REPRESENTATION_CONTEXT(2) 
PARAMETRIC_REPRESENTATION_CONTEXT() REPRESENTATION_CONTEXT('2D SPACE',''
  ) );
#6042 = PCURVE('',#1850,#6043);
#6043 = DEFINITIONAL_REPRESENTATION('',(#6044),#6052);
#6044 = ( BOUNDED_CURVE() B_SPLINE_CURVE(2,(#6045,#6046,#6047,#6048,
#6049,#6050,#6051),.UNSPECIFIED.,.T.,.F.) B_SPLINE_CURVE_WITH_KNOTS((1,2
    ,2,2,2,1),(-2.094395102393,0.,2.094395102393,4.188790204786,
6.28318530718,8.377580409573),.UNSPECIFIED.) CURVE() 
GEOMETRIC_REPRESENTATION_ITEM() RATIONAL_B_SPLINE_CURVE((1.,0.5,1.,0.5,
1.,0.5,1.)) REPRESENTATION_ITEM('') );
#6045 = CARTESIAN_POINT('',(1.35,3.552713678801E-15));
#6046 = CARTESIAN_POINT('',(1.35,-2.338268590218));
#6047 = CARTESIAN_POINT('',(-0.675,-1.169134295109));
#6048 = CARTESIAN_POINT('',(-2.7,3.222059043031E-15));
#6049 = CARTESIAN_POINT('',(-0.675,1.169134295109));
#6050 = CARTESIAN_POINT('',(1.35,2.338268590218));
#6051 = CARTESIAN_POINT('',(1.35,3.552713678801E-15));
#6052 = ( GEOMETRIC_REPRESENTATION_CONTEXT(2) 
PARAMETRIC_REPRESENTATION_CONTEXT() REPRESENTATION_CONTEXT('2D SPACE',''
  ) );
#6053 = ORIENTED_EDGE('',*,*,#6054,.T.);
#6054 = EDGE_CURVE('',#6027,#1475,#6055,.T.);
#6055 = SEAM_CURVE('',#6056,(#6060,#6067),.PCURVE_S1.);
#6056 = LINE('',#6057,#6058);
#6057 = CARTESIAN_POINT('',(44.35,4.5,6.125334536938E-15));
#6058 = VECTOR('',#6059,1.);
#6059 = DIRECTION('',(0.,-4.430669073875E-16,1.));
#6060 = PCURVE('',#1491,#6061);
#6061 = DEFINITIONAL_REPRESENTATION('',(#6062),#6066);
#6062 = LINE('',#6063,#6064);
#6063 = CARTESIAN_POINT('',(6.28318530718,0.));
#6064 = VECTOR('',#6065,1.);
#6065 = DIRECTION('',(0.,-1.));
#6066 = ( GEOMETRIC_REPRESENTATION_CONTEXT(2) 
PARAMETRIC_REPRESENTATION_CONTEXT() REPRESENTATION_CONTEXT('2D SPACE',''
  ) );
#6067 = PCURVE('',#1491,#6068);
#6068 = DEFINITIONAL_REPRESENTATION('',(#6069),#6073);
#6069 = LINE('',#6070,#6071);
#6070 = CARTESIAN_POINT('',(0.,0.));
#6071 = VECTOR('',#6072,1.);
#6072 = DIRECTION('',(0.,-1.));
#6073 = ( GEOMETRIC_REPRESENTATION_CONTEXT(2) 
PARAMETRIC_REPRESENTATION_CONTEXT() REPRESENTATION_CONTEXT('2D SPACE',''
  ) );
#6074 = ORIENTED_EDGE('',*,*,#1474,.T.);
#6075 = ORIENTED_EDGE('',*,*,#6054,.F.);
#6076 = ADVANCED_FACE('',(#6077,#6085),#1552,.F.);
#6077 = FACE_BOUND('',#6078,.F.);
#6078 = EDGE_LOOP('',(#6079,#6080,#6081,#6082,#6083,#6084));
#6079 = ORIENTED_EDGE('',*,*,#1639,.F.);
#6080 = ORIENTED_EDGE('',*,*,#1536,.F.);
#6081 = ORIENTED_EDGE('',*,*,#1612,.F.);
#6082 = ORIENTED_EDGE('',*,*,#1710,.F.);
#6083 = ORIENTED_EDGE('',*,*,#1786,.F.);
#6084 = ORIENTED_EDGE('',*,*,#1737,.F.);
#6085 = FACE_BOUND('',#6086,.F.);
#6086 = EDGE_LOOP('',(#6087));
#6087 = ORIENTED_EDGE('',*,*,#5972,.T.);
#6088 = ADVANCED_FACE('',(#6089,#6092),#1850,.F.);
#6089 = FACE_BOUND('',#6090,.F.);
#6090 = EDGE_LOOP('',(#6091));
#6091 = ORIENTED_EDGE('',*,*,#1835,.F.);
#6092 = FACE_BOUND('',#6093,.F.);
#6093 = EDGE_LOOP('',(#6094));
#6094 = ORIENTED_EDGE('',*,*,#6026,.T.);
#6095 = ADVANCED_FACE('',(#6096),#1910,.T.);
#6096 = FACE_BOUND('',#6097,.F.);
#6097 = EDGE_LOOP('',(#6098,#6121,#6144,#6171));
#6098 = ORIENTED_EDGE('',*,*,#6099,.F.);
#6099 = EDGE_CURVE('',#6100,#1872,#6102,.T.);
#6100 = VERTEX_POINT('',#6101);
#6101 = CARTESIAN_POINT('',(-1.E-15,-4.5,-7.3));
#6102 = SURFACE_CURVE('',#6103,(#6107,#6114),.PCURVE_S1.);
#6103 = LINE('',#6104,#6105);
#6104 = CARTESIAN_POINT('',(-1.39E-15,-4.4,-7.4));
#6105 = VECTOR('',#6106,1.);
#6106 = DIRECTION('',(0.,0.707106781187,-0.707106781187));
#6107 = PCURVE('',#1910,#6108);
#6108 = DEFINITIONAL_REPRESENTATION('',(#6109),#6113);
#6109 = LINE('',#6110,#6111);
#6110 = CARTESIAN_POINT('',(1.39E-15,-0.));
#6111 = VECTOR('',#6112,1.);
#6112 = DIRECTION('',(-0.,1.));
#6113 = ( GEOMETRIC_REPRESENTATION_CONTEXT(2) 
PARAMETRIC_REPRESENTATION_CONTEXT() REPRESENTATION_CONTEXT('2D SPACE',''
  ) );
#6114 = PCURVE('',#2073,#6115);
#6115 = DEFINITIONAL_REPRESENTATION('',(#6116),#6120);
#6116 = LINE('',#6117,#6118);
#6117 = CARTESIAN_POINT('',(-3.14159265359,-0.1));
#6118 = VECTOR('',#6119,1.);
#6119 = DIRECTION('',(-0.,1.));
#6120 = ( GEOMETRIC_REPRESENTATION_CONTEXT(2) 
PARAMETRIC_REPRESENTATION_CONTEXT() REPRESENTATION_CONTEXT('2D SPACE',''
  ) );
#6121 = ORIENTED_EDGE('',*,*,#6122,.T.);
#6122 = EDGE_CURVE('',#6100,#6123,#6125,.T.);
#6123 = VERTEX_POINT('',#6124);
#6124 = CARTESIAN_POINT('',(10.248464470643,-4.5,-7.3));
#6125 = SURFACE_CURVE('',#6126,(#6130,#6137),.PCURVE_S1.);
#6126 = LINE('',#6127,#6128);
#6127 = CARTESIAN_POINT('',(0.,-4.5,-7.3));
#6128 = VECTOR('',#6129,1.);
#6129 = DIRECTION('',(1.,0.,0.));
#6130 = PCURVE('',#1910,#6131);
#6131 = DEFINITIONAL_REPRESENTATION('',(#6132),#6136);
#6132 = LINE('',#6133,#6134);
#6133 = CARTESIAN_POINT('',(-0.,-0.141421356237));
#6134 = VECTOR('',#6135,1.);
#6135 = DIRECTION('',(-1.,0.));
#6136 = ( GEOMETRIC_REPRESENTATION_CONTEXT(2) 
PARAMETRIC_REPRESENTATION_CONTEXT() REPRESENTATION_CONTEXT('2D SPACE',''
  ) );
#6137 = PCURVE('',#5935,#6138);
#6138 = DEFINITIONAL_REPRESENTATION('',(#6139),#6143);
#6139 = LINE('',#6140,#6141);
#6140 = CARTESIAN_POINT('',(-7.3,-38.));
#6141 = VECTOR('',#6142,1.);
#6142 = DIRECTION('',(0.,1.));
#6143 = ( GEOMETRIC_REPRESENTATION_CONTEXT(2) 
PARAMETRIC_REPRESENTATION_CONTEXT() REPRESENTATION_CONTEXT('2D SPACE',''
  ) );
#6144 = ORIENTED_EDGE('',*,*,#6145,.F.);
#6145 = EDGE_CURVE('',#1895,#6123,#6146,.T.);
#6146 = SURFACE_CURVE('',#6147,(#6153,#6162),.PCURVE_S1.);
#6147 = B_SPLINE_CURVE_WITH_KNOTS('',4,(#6148,#6149,#6150,#6151,#6152),
  .UNSPECIFIED.,.F.,.F.,(5,5),(0.,1.),.PIECEWISE_BEZIER_KNOTS.);
#6148 = CARTESIAN_POINT('',(10.328744205289,-4.3,-7.5));
#6149 = CARTESIAN_POINT('',(10.308138903995,-4.349924979354,
    -7.450075020646));
#6150 = CARTESIAN_POINT('',(10.28789797676,-4.399901932384,
    -7.400098067616));
#6151 = CARTESIAN_POINT('',(10.268010138483,-4.449927842286,
    -7.350072157714));
#6152 = CARTESIAN_POINT('',(10.248464470643,-4.5,-7.3));
#6153 = PCURVE('',#1910,#6154);
#6154 = DEFINITIONAL_REPRESENTATION('',(#6155),#6161);
#6155 = B_SPLINE_CURVE_WITH_KNOTS('',4,(#6156,#6157,#6158,#6159,#6160),
  .UNSPECIFIED.,.F.,.F.,(5,5),(0.,1.),.PIECEWISE_BEZIER_KNOTS.);
#6156 = CARTESIAN_POINT('',(-10.32874420528,0.141421356237));
#6157 = CARTESIAN_POINT('',(-10.30813890399,7.081677333327E-02));
#6158 = CARTESIAN_POINT('',(-10.28789797676,1.386885524024E-04));
#6159 = CARTESIAN_POINT('',(-10.26801013848,-7.060863170089E-02));
#6160 = CARTESIAN_POINT('',(-10.24846447064,-0.141421356237));
#6161 = ( GEOMETRIC_REPRESENTATION_CONTEXT(2) 
PARAMETRIC_REPRESENTATION_CONTEXT() REPRESENTATION_CONTEXT('2D SPACE',''
  ) );
#6162 = PCURVE('',#2636,#6163);
#6163 = DEFINITIONAL_REPRESENTATION('',(#6164),#6170);
#6164 = B_SPLINE_CURVE_WITH_KNOTS('',4,(#6165,#6166,#6167,#6168,#6169),
  .UNSPECIFIED.,.F.,.F.,(5,5),(0.,1.),.PIECEWISE_BEZIER_KNOTS.);
#6165 = CARTESIAN_POINT('',(0.798224234139,-0.199999999999));
#6166 = CARTESIAN_POINT('',(0.785058615996,-0.150075020645));
#6167 = CARTESIAN_POINT('',(0.771913994717,-0.100098067616));
#6168 = CARTESIAN_POINT('',(0.758789773326,-5.0072157715E-02));
#6169 = CARTESIAN_POINT('',(0.7456853251,-1.00145E-12));
#6170 = ( GEOMETRIC_REPRESENTATION_CONTEXT(2) 
PARAMETRIC_REPRESENTATION_CONTEXT() REPRESENTATION_CONTEXT('2D SPACE',''
  ) );
#6171 = ORIENTED_EDGE('',*,*,#1894,.F.);
#6172 = ADVANCED_FACE('',(#6173),#1959,.T.);
#6173 = FACE_BOUND('',#6174,.F.);
#6174 = EDGE_LOOP('',(#6175,#6204,#6225,#6226));
#6175 = ORIENTED_EDGE('',*,*,#6176,.T.);
#6176 = EDGE_CURVE('',#1923,#6177,#6179,.T.);
#6177 = VERTEX_POINT('',#6178);
#6178 = CARTESIAN_POINT('',(18.99055160463,-4.5,-7.3));
#6179 = SURFACE_CURVE('',#6180,(#6186,#6195),.PCURVE_S1.);
#6180 = B_SPLINE_CURVE_WITH_KNOTS('',4,(#6181,#6182,#6183,#6184,#6185),
  .UNSPECIFIED.,.F.,.F.,(5,5),(0.,1.),.PIECEWISE_BEZIER_KNOTS.);
#6181 = CARTESIAN_POINT('',(19.131434356623,-4.3,-7.5));
#6182 = CARTESIAN_POINT('',(19.096318672121,-4.350026223519,
    -7.449973776481));
#6183 = CARTESIAN_POINT('',(19.061122982847,-4.40003257381,
    -7.39996742619));
#6184 = CARTESIAN_POINT('',(19.025862260641,-4.450022612499,
    -7.349977387501));
#6185 = CARTESIAN_POINT('',(18.99055160463,-4.5,-7.3));
#6186 = PCURVE('',#1959,#6187);
#6187 = DEFINITIONAL_REPRESENTATION('',(#6188),#6194);
#6188 = B_SPLINE_CURVE_WITH_KNOTS('',4,(#6189,#6190,#6191,#6192,#6193),
  .UNSPECIFIED.,.F.,.F.,(5,5),(0.,1.),.PIECEWISE_BEZIER_KNOTS.);
#6189 = CARTESIAN_POINT('',(-19.13143435662,0.141421356237));
#6190 = CARTESIAN_POINT('',(-19.09631867212,7.067359246303E-02));
#6191 = CARTESIAN_POINT('',(-19.06112298284,-4.606632419035E-05));
#6192 = CARTESIAN_POINT('',(-19.02586226064,-7.074265702212E-02));
#6193 = CARTESIAN_POINT('',(-18.99055160463,-0.141421356237));
#6194 = ( GEOMETRIC_REPRESENTATION_CONTEXT(2) 
PARAMETRIC_REPRESENTATION_CONTEXT() REPRESENTATION_CONTEXT('2D SPACE',''
  ) );
#6195 = PCURVE('',#2602,#6196);
#6196 = DEFINITIONAL_REPRESENTATION('',(#6197),#6203);
#6197 = B_SPLINE_CURVE_WITH_KNOTS('',4,(#6198,#6199,#6200,#6201,#6202),
  .UNSPECIFIED.,.F.,.F.,(5,5),(0.,1.),.PIECEWISE_BEZIER_KNOTS.);
#6198 = CARTESIAN_POINT('',(0.788407026558,-0.199999999999));
#6199 = CARTESIAN_POINT('',(0.806841619994,-0.14997377648));
#6200 = CARTESIAN_POINT('',(0.825285598439,-9.996742618977E-02));
#6201 = CARTESIAN_POINT('',(0.843737888556,-4.997738750152E-02));
#6202 = CARTESIAN_POINT('',(0.86219742372,-1.01014E-12));
#6203 = ( GEOMETRIC_REPRESENTATION_CONTEXT(2) 
PARAMETRIC_REPRESENTATION_CONTEXT() REPRESENTATION_CONTEXT('2D SPACE',''
  ) );
#6204 = ORIENTED_EDGE('',*,*,#6205,.T.);
#6205 = EDGE_CURVE('',#6177,#1977,#6206,.T.);
#6206 = SURFACE_CURVE('',#6207,(#6211,#6218),.PCURVE_S1.);
#6207 = LINE('',#6208,#6209);
#6208 = CARTESIAN_POINT('',(0.,-4.5,-7.3));
#6209 = VECTOR('',#6210,1.);
#6210 = DIRECTION('',(1.,0.,0.));
#6211 = PCURVE('',#1959,#6212);
#6212 = DEFINITIONAL_REPRESENTATION('',(#6213),#6217);
#6213 = LINE('',#6214,#6215);
#6214 = CARTESIAN_POINT('',(-0.,-0.141421356237));
#6215 = VECTOR('',#6216,1.);
#6216 = DIRECTION('',(-1.,0.));
#6217 = ( GEOMETRIC_REPRESENTATION_CONTEXT(2) 
PARAMETRIC_REPRESENTATION_CONTEXT() REPRESENTATION_CONTEXT('2D SPACE',''
  ) );
#6218 = PCURVE('',#2016,#6219);
#6219 = DEFINITIONAL_REPRESENTATION('',(#6220),#6224);
#6220 = LINE('',#6221,#6222);
#6221 = CARTESIAN_POINT('',(-7.3,-38.));
#6222 = VECTOR('',#6223,1.);
#6223 = DIRECTION('',(0.,1.));
#6224 = ( GEOMETRIC_REPRESENTATION_CONTEXT(2) 
PARAMETRIC_REPRESENTATION_CONTEXT() REPRESENTATION_CONTEXT('2D SPACE',''
  ) );
#6225 = ORIENTED_EDGE('',*,*,#1976,.T.);
#6226 = ORIENTED_EDGE('',*,*,#1945,.F.);
#6227 = ADVANCED_FACE('',(#6228,#6481),#2016,.F.);
#6228 = FACE_BOUND('',#6229,.F.);
#6229 = EDGE_LOOP('',(#6230,#6231,#6256,#6281,#6306,#6331,#6356,#6381,
    #6406,#6431,#6456,#6479,#6480));
#6230 = ORIENTED_EDGE('',*,*,#6205,.F.);
#6231 = ORIENTED_EDGE('',*,*,#6232,.T.);
#6232 = EDGE_CURVE('',#6177,#6233,#6235,.T.);
#6233 = VERTEX_POINT('',#6234);
#6234 = CARTESIAN_POINT('',(18.726540625,-4.5,-6.927415625));
#6235 = SURFACE_CURVE('',#6236,(#6241,#6249),.PCURVE_S1.);
#6236 = B_SPLINE_CURVE_WITH_KNOTS('',3,(#6237,#6238,#6239,#6240),
  .UNSPECIFIED.,.F.,.F.,(4,4),(0.,1.),.PIECEWISE_BEZIER_KNOTS.);
#6237 = CARTESIAN_POINT('',(20.526765625,-4.5,-9.7027625));
#6238 = CARTESIAN_POINT('',(20.008858144656,-4.5,-8.731113559063));
#6239 = CARTESIAN_POINT('',(19.365335464375,-4.5,-7.827866667313));
#6240 = CARTESIAN_POINT('',(18.726540625,-4.5,-6.927415625));
#6241 = PCURVE('',#2016,#6242);
#6242 = DEFINITIONAL_REPRESENTATION('',(#6243),#6248);
#6243 = B_SPLINE_CURVE_WITH_KNOTS('',3,(#6244,#6245,#6246,#6247),
  .UNSPECIFIED.,.F.,.F.,(4,4),(0.,1.),.PIECEWISE_BEZIER_KNOTS.);
#6244 = CARTESIAN_POINT('',(-9.7027625,-17.473234375));
#6245 = CARTESIAN_POINT('',(-8.731113559063,-17.99114185534));
#6246 = CARTESIAN_POINT('',(-7.827866667313,-18.63466453562));
#6247 = CARTESIAN_POINT('',(-6.927415625,-19.273459375));
#6248 = ( GEOMETRIC_REPRESENTATION_CONTEXT(2) 
PARAMETRIC_REPRESENTATION_CONTEXT() REPRESENTATION_CONTEXT('2D SPACE',''
  ) );
#6249 = PCURVE('',#2602,#6250);
#6250 = DEFINITIONAL_REPRESENTATION('',(#6251),#6255);
#6251 = LINE('',#6252,#6253);
#6252 = CARTESIAN_POINT('',(0.,0.));
#6253 = VECTOR('',#6254,1.);
#6254 = DIRECTION('',(1.,0.));
#6255 = ( GEOMETRIC_REPRESENTATION_CONTEXT(2) 
PARAMETRIC_REPRESENTATION_CONTEXT() REPRESENTATION_CONTEXT('2D SPACE',''
  ) );
#6256 = ORIENTED_EDGE('',*,*,#6257,.T.);
#6257 = EDGE_CURVE('',#6233,#6258,#6260,.T.);
#6258 = VERTEX_POINT('',#6259);
#6259 = CARTESIAN_POINT('',(17.9014375,-4.5,-3.827028125));
#6260 = SURFACE_CURVE('',#6261,(#6266,#6274),.PCURVE_S1.);
#6261 = B_SPLINE_CURVE_WITH_KNOTS('',3,(#6262,#6263,#6264,#6265),
  .UNSPECIFIED.,.F.,.F.,(4,4),(0.,1.),.PIECEWISE_BEZIER_KNOTS.);
#6262 = CARTESIAN_POINT('',(18.726540625,-4.5,-6.927415625));
#6263 = CARTESIAN_POINT('',(18.184726656719,-4.5,-6.003828191));
#6264 = CARTESIAN_POINT('',(17.688526389438,-4.5,-4.918868838031));
#6265 = CARTESIAN_POINT('',(17.9014375,-4.5,-3.827028125));
#6266 = PCURVE('',#2016,#6267);
#6267 = DEFINITIONAL_REPRESENTATION('',(#6268),#6273);
#6268 = B_SPLINE_CURVE_WITH_KNOTS('',3,(#6269,#6270,#6271,#6272),
  .UNSPECIFIED.,.F.,.F.,(4,4),(0.,1.),.PIECEWISE_BEZIER_KNOTS.);
#6269 = CARTESIAN_POINT('',(-6.927415625,-19.273459375));
#6270 = CARTESIAN_POINT('',(-6.003828191,-19.81527334328));
#6271 = CARTESIAN_POINT('',(-4.918868838031,-20.31147361056));
#6272 = CARTESIAN_POINT('',(-3.827028125,-20.0985625));
#6273 = ( GEOMETRIC_REPRESENTATION_CONTEXT(2) 
PARAMETRIC_REPRESENTATION_CONTEXT() REPRESENTATION_CONTEXT('2D SPACE',''
  ) );
#6274 = PCURVE('',#2571,#6275);
#6275 = DEFINITIONAL_REPRESENTATION('',(#6276),#6280);
#6276 = LINE('',#6277,#6278);
#6277 = CARTESIAN_POINT('',(0.,0.));
#6278 = VECTOR('',#6279,1.);
#6279 = DIRECTION('',(1.,0.));
#6280 = ( GEOMETRIC_REPRESENTATION_CONTEXT(2) 
PARAMETRIC_REPRESENTATION_CONTEXT() REPRESENTATION_CONTEXT('2D SPACE',''
  ) );
#6281 = ORIENTED_EDGE('',*,*,#6282,.T.);
#6282 = EDGE_CURVE('',#6258,#6283,#6285,.T.);
#6283 = VERTEX_POINT('',#6284);
#6284 = CARTESIAN_POINT('',(19.75166875,-4.5,-3.426978125));
#6285 = SURFACE_CURVE('',#6286,(#6291,#6299),.PCURVE_S1.);
#6286 = B_SPLINE_CURVE_WITH_KNOTS('',3,(#6287,#6288,#6289,#6290),
  .UNSPECIFIED.,.F.,.F.,(4,4),(0.,1.),.PIECEWISE_BEZIER_KNOTS.);
#6287 = CARTESIAN_POINT('',(17.9014375,-4.5,-3.827028125));
#6288 = CARTESIAN_POINT('',(18.358799163062,-4.5,-3.400754097406));
#6289 = CARTESIAN_POINT('',(19.150236080313,-4.5,-3.550552069812));
#6290 = CARTESIAN_POINT('',(19.75166875,-4.5,-3.426978125));
#6291 = PCURVE('',#2016,#6292);
#6292 = DEFINITIONAL_REPRESENTATION('',(#6293),#6298);
#6293 = B_SPLINE_CURVE_WITH_KNOTS('',3,(#6294,#6295,#6296,#6297),
  .UNSPECIFIED.,.F.,.F.,(4,4),(0.,1.),.PIECEWISE_BEZIER_KNOTS.);
#6294 = CARTESIAN_POINT('',(-3.827028125,-20.0985625));
#6295 = CARTESIAN_POINT('',(-3.400754097406,-19.64120083693));
#6296 = CARTESIAN_POINT('',(-3.550552069812,-18.84976391968));
#6297 = CARTESIAN_POINT('',(-3.426978125,-18.24833125));
#6298 = ( GEOMETRIC_REPRESENTATION_CONTEXT(2) 
PARAMETRIC_REPRESENTATION_CONTEXT() REPRESENTATION_CONTEXT('2D SPACE',''
  ) );
#6299 = PCURVE('',#2538,#6300);
#6300 = DEFINITIONAL_REPRESENTATION('',(#6301),#6305);
#6301 = LINE('',#6302,#6303);
#6302 = CARTESIAN_POINT('',(0.,0.));
#6303 = VECTOR('',#6304,1.);
#6304 = DIRECTION('',(1.,0.));
#6305 = ( GEOMETRIC_REPRESENTATION_CONTEXT(2) 
PARAMETRIC_REPRESENTATION_CONTEXT() REPRESENTATION_CONTEXT('2D SPACE',''
  ) );
#6306 = ORIENTED_EDGE('',*,*,#6307,.T.);
#6307 = EDGE_CURVE('',#6283,#6308,#6310,.T.);
#6308 = VERTEX_POINT('',#6309);
#6309 = CARTESIAN_POINT('',(24.45225625,-4.5,-3.627003125));
#6310 = SURFACE_CURVE('',#6311,(#6316,#6324),.PCURVE_S1.);
#6311 = B_SPLINE_CURVE_WITH_KNOTS('',3,(#6312,#6313,#6314,#6315),
  .UNSPECIFIED.,.F.,.F.,(4,4),(0.,1.),.PIECEWISE_BEZIER_KNOTS.);
#6312 = CARTESIAN_POINT('',(19.75166875,-4.5,-3.426978125));
#6313 = CARTESIAN_POINT('',(21.320267050281,-4.5,-3.317612956063));
#6314 = CARTESIAN_POINT('',(22.906846597938,-4.5,-3.395422931094));
#6315 = CARTESIAN_POINT('',(24.45225625,-4.5,-3.627003125));
#6316 = PCURVE('',#2016,#6317);
#6317 = DEFINITIONAL_REPRESENTATION('',(#6318),#6323);
#6318 = B_SPLINE_CURVE_WITH_KNOTS('',3,(#6319,#6320,#6321,#6322),
  .UNSPECIFIED.,.F.,.F.,(4,4),(0.,1.),.PIECEWISE_BEZIER_KNOTS.);
#6319 = CARTESIAN_POINT('',(-3.426978125,-18.24833125));
#6320 = CARTESIAN_POINT('',(-3.317612956063,-16.67973294971));
#6321 = CARTESIAN_POINT('',(-3.395422931094,-15.09315340206));
#6322 = CARTESIAN_POINT('',(-3.627003125,-13.54774375));
#6323 = ( GEOMETRIC_REPRESENTATION_CONTEXT(2) 
PARAMETRIC_REPRESENTATION_CONTEXT() REPRESENTATION_CONTEXT('2D SPACE',''
  ) );
#6324 = PCURVE('',#2505,#6325);
#6325 = DEFINITIONAL_REPRESENTATION('',(#6326),#6330);
#6326 = LINE('',#6327,#6328);
#6327 = CARTESIAN_POINT('',(0.,0.));
#6328 = VECTOR('',#6329,1.);
#6329 = DIRECTION('',(1.,0.));
#6330 = ( GEOMETRIC_REPRESENTATION_CONTEXT(2) 
PARAMETRIC_REPRESENTATION_CONTEXT() REPRESENTATION_CONTEXT('2D SPACE',''
  ) );
#6331 = ORIENTED_EDGE('',*,*,#6332,.T.);
#6332 = EDGE_CURVE('',#6308,#6333,#6335,.T.);
#6333 = VERTEX_POINT('',#6334);
#6334 = CARTESIAN_POINT('',(27.65265625,-4.5,-4.202075));
#6335 = SURFACE_CURVE('',#6336,(#6341,#6349),.PCURVE_S1.);
#6336 = B_SPLINE_CURVE_WITH_KNOTS('',3,(#6337,#6338,#6339,#6340),
  .UNSPECIFIED.,.F.,.F.,(4,4),(0.,1.),.PIECEWISE_BEZIER_KNOTS.);
#6337 = CARTESIAN_POINT('',(24.45225625,-4.5,-3.627003125));
#6338 = CARTESIAN_POINT('',(25.526470760031,-4.5,-3.75846555575));
#6339 = CARTESIAN_POINT('',(26.592389483219,-4.5,-3.957313908687));
#6340 = CARTESIAN_POINT('',(27.65265625,-4.5,-4.202075));
#6341 = PCURVE('',#2016,#6342);
#6342 = DEFINITIONAL_REPRESENTATION('',(#6343),#6348);
#6343 = B_SPLINE_CURVE_WITH_KNOTS('',3,(#6344,#6345,#6346,#6347),
  .UNSPECIFIED.,.F.,.F.,(4,4),(0.,1.),.PIECEWISE_BEZIER_KNOTS.);
#6344 = CARTESIAN_POINT('',(-3.627003125,-13.54774375));
#6345 = CARTESIAN_POINT('',(-3.75846555575,-12.47352923996));
#6346 = CARTESIAN_POINT('',(-3.957313908687,-11.40761051678));
#6347 = CARTESIAN_POINT('',(-4.202075,-10.34734375));
#6348 = ( GEOMETRIC_REPRESENTATION_CONTEXT(2) 
PARAMETRIC_REPRESENTATION_CONTEXT() REPRESENTATION_CONTEXT('2D SPACE',''
  ) );
#6349 = PCURVE('',#2472,#6350);
#6350 = DEFINITIONAL_REPRESENTATION('',(#6351),#6355);
#6351 = LINE('',#6352,#6353);
#6352 = CARTESIAN_POINT('',(0.,0.));
#6353 = VECTOR('',#6354,1.);
#6354 = DIRECTION('',(1.,0.));
#6355 = ( GEOMETRIC_REPRESENTATION_CONTEXT(2) 
PARAMETRIC_REPRESENTATION_CONTEXT() REPRESENTATION_CONTEXT('2D SPACE',''
  ) );
#6356 = ORIENTED_EDGE('',*,*,#6357,.T.);
#6357 = EDGE_CURVE('',#6333,#6358,#6360,.T.);
#6358 = VERTEX_POINT('',#6359);
#6359 = CARTESIAN_POINT('',(29.002825,-4.5,-3.75201875));
#6360 = SURFACE_CURVE('',#6361,(#6366,#6374),.PCURVE_S1.);
#6361 = B_SPLINE_CURVE_WITH_KNOTS('',3,(#6362,#6363,#6364,#6365),
  .UNSPECIFIED.,.F.,.F.,(4,4),(0.,1.),.PIECEWISE_BEZIER_KNOTS.);
#6362 = CARTESIAN_POINT('',(27.65265625,-4.5,-4.202075));
#6363 = CARTESIAN_POINT('',(28.183256066688,-4.5,-4.589834713906));
#6364 = CARTESIAN_POINT('',(29.119320810156,-4.5,-4.677269391875));
#6365 = CARTESIAN_POINT('',(29.002825,-4.5,-3.75201875));
#6366 = PCURVE('',#2016,#6367);
#6367 = DEFINITIONAL_REPRESENTATION('',(#6368),#6373);
#6368 = B_SPLINE_CURVE_WITH_KNOTS('',3,(#6369,#6370,#6371,#6372),
  .UNSPECIFIED.,.F.,.F.,(4,4),(0.,1.),.PIECEWISE_BEZIER_KNOTS.);
#6369 = CARTESIAN_POINT('',(-4.202075,-10.34734375));
#6370 = CARTESIAN_POINT('',(-4.589834713906,-9.816743933312));
#6371 = CARTESIAN_POINT('',(-4.677269391875,-8.880679189844));
#6372 = CARTESIAN_POINT('',(-3.75201875,-8.997175));
#6373 = ( GEOMETRIC_REPRESENTATION_CONTEXT(2) 
PARAMETRIC_REPRESENTATION_CONTEXT() REPRESENTATION_CONTEXT('2D SPACE',''
  ) );
#6374 = PCURVE('',#2439,#6375);
#6375 = DEFINITIONAL_REPRESENTATION('',(#6376),#6380);
#6376 = LINE('',#6377,#6378);
#6377 = CARTESIAN_POINT('',(0.,0.));
#6378 = VECTOR('',#6379,1.);
#6379 = DIRECTION('',(1.,0.));
#6380 = ( GEOMETRIC_REPRESENTATION_CONTEXT(2) 
PARAMETRIC_REPRESENTATION_CONTEXT() REPRESENTATION_CONTEXT('2D SPACE',''
  ) );
#6381 = ORIENTED_EDGE('',*,*,#6382,.T.);
#6382 = EDGE_CURVE('',#6358,#6383,#6385,.T.);
#6383 = VERTEX_POINT('',#6384);
#6384 = CARTESIAN_POINT('',(27.35261875,-4.5,-1.026678125));
#6385 = SURFACE_CURVE('',#6386,(#6391,#6399),.PCURVE_S1.);
#6386 = B_SPLINE_CURVE_WITH_KNOTS('',3,(#6387,#6388,#6389,#6390),
  .UNSPECIFIED.,.F.,.F.,(4,4),(0.,1.),.PIECEWISE_BEZIER_KNOTS.);
#6387 = CARTESIAN_POINT('',(29.002825,-4.5,-3.75201875));
#6388 = CARTESIAN_POINT('',(28.971438827219,-4.5,-2.623796739875));
#6389 = CARTESIAN_POINT('',(28.213783382125,-4.5,-1.686463587875));
#6390 = CARTESIAN_POINT('',(27.35261875,-4.5,-1.026678125));
#6391 = PCURVE('',#2016,#6392);
#6392 = DEFINITIONAL_REPRESENTATION('',(#6393),#6398);
#6393 = B_SPLINE_CURVE_WITH_KNOTS('',3,(#6394,#6395,#6396,#6397),
  .UNSPECIFIED.,.F.,.F.,(4,4),(0.,1.),.PIECEWISE_BEZIER_KNOTS.);
#6394 = CARTESIAN_POINT('',(-3.75201875,-8.997175));
#6395 = CARTESIAN_POINT('',(-2.623796739875,-9.028561172781));
#6396 = CARTESIAN_POINT('',(-1.686463587875,-9.786216617875));
#6397 = CARTESIAN_POINT('',(-1.026678125,-10.64738125));
#6398 = ( GEOMETRIC_REPRESENTATION_CONTEXT(2) 
PARAMETRIC_REPRESENTATION_CONTEXT() REPRESENTATION_CONTEXT('2D SPACE',''
  ) );
#6399 = PCURVE('',#2406,#6400);
#6400 = DEFINITIONAL_REPRESENTATION('',(#6401),#6405);
#6401 = LINE('',#6402,#6403);
#6402 = CARTESIAN_POINT('',(0.,0.));
#6403 = VECTOR('',#6404,1.);
#6404 = DIRECTION('',(1.,0.));
#6405 = ( GEOMETRIC_REPRESENTATION_CONTEXT(2) 
PARAMETRIC_REPRESENTATION_CONTEXT() REPRESENTATION_CONTEXT('2D SPACE',''
  ) );
#6406 = ORIENTED_EDGE('',*,*,#6407,.T.);
#6407 = EDGE_CURVE('',#6383,#6408,#6410,.T.);
#6408 = VERTEX_POINT('',#6409);
#6409 = CARTESIAN_POINT('',(24.227228125,-4.5,2.723790625));
#6410 = SURFACE_CURVE('',#6411,(#6416,#6424),.PCURVE_S1.);
#6411 = B_SPLINE_CURVE_WITH_KNOTS('',3,(#6412,#6413,#6414,#6415),
  .UNSPECIFIED.,.F.,.F.,(4,4),(0.,1.),.PIECEWISE_BEZIER_KNOTS.);
#6412 = CARTESIAN_POINT('',(27.35261875,-4.5,-1.026678125));
#6413 = CARTESIAN_POINT('',(26.120927807875,-4.5,4.618721640625E-02));
#6414 = CARTESIAN_POINT('',(25.066708546938,-4.5,1.326986546313));
#6415 = CARTESIAN_POINT('',(24.227228125,-4.5,2.723790625));
#6416 = PCURVE('',#2016,#6417);
#6417 = DEFINITIONAL_REPRESENTATION('',(#6418),#6423);
#6418 = B_SPLINE_CURVE_WITH_KNOTS('',3,(#6419,#6420,#6421,#6422),
  .UNSPECIFIED.,.F.,.F.,(4,4),(0.,1.),.PIECEWISE_BEZIER_KNOTS.);
#6419 = CARTESIAN_POINT('',(-1.026678125,-10.64738125));
#6420 = CARTESIAN_POINT('',(4.618721640625E-02,-11.87907219212));
#6421 = CARTESIAN_POINT('',(1.326986546313,-12.93329145306));
#6422 = CARTESIAN_POINT('',(2.723790625,-13.772771875));
#6423 = ( GEOMETRIC_REPRESENTATION_CONTEXT(2) 
PARAMETRIC_REPRESENTATION_CONTEXT() REPRESENTATION_CONTEXT('2D SPACE',''
  ) );
#6424 = PCURVE('',#2373,#6425);
#6425 = DEFINITIONAL_REPRESENTATION('',(#6426),#6430);
#6426 = LINE('',#6427,#6428);
#6427 = CARTESIAN_POINT('',(0.,0.));
#6428 = VECTOR('',#6429,1.);
#6429 = DIRECTION('',(1.,0.));
#6430 = ( GEOMETRIC_REPRESENTATION_CONTEXT(2) 
PARAMETRIC_REPRESENTATION_CONTEXT() REPRESENTATION_CONTEXT('2D SPACE',''
  ) );
#6431 = ORIENTED_EDGE('',*,*,#6432,.T.);
#6432 = EDGE_CURVE('',#6408,#6433,#6435,.T.);
#6433 = VERTEX_POINT('',#6434);
#6434 = CARTESIAN_POINT('',(23.927190625,-4.5,4.424003125));
#6435 = SURFACE_CURVE('',#6436,(#6441,#6449),.PCURVE_S1.);
#6436 = B_SPLINE_CURVE_WITH_KNOTS('',3,(#6437,#6438,#6439,#6440),
  .UNSPECIFIED.,.F.,.F.,(4,4),(0.,1.),.PIECEWISE_BEZIER_KNOTS.);
#6437 = CARTESIAN_POINT('',(24.227228125,-4.5,2.723790625));
#6438 = CARTESIAN_POINT('',(24.145048103781,-4.5,3.293556836875));
#6439 = CARTESIAN_POINT('',(24.212367017594,-4.5,3.895764103375));
#6440 = CARTESIAN_POINT('',(23.927190625,-4.5,4.424003125));
#6441 = PCURVE('',#2016,#6442);
#6442 = DEFINITIONAL_REPRESENTATION('',(#6443),#6448);
#6443 = B_SPLINE_CURVE_WITH_KNOTS('',3,(#6444,#6445,#6446,#6447),
  .UNSPECIFIED.,.F.,.F.,(4,4),(0.,1.),.PIECEWISE_BEZIER_KNOTS.);
#6444 = CARTESIAN_POINT('',(2.723790625,-13.772771875));
#6445 = CARTESIAN_POINT('',(3.293556836875,-13.85495189621));
#6446 = CARTESIAN_POINT('',(3.895764103375,-13.7876329824));
#6447 = CARTESIAN_POINT('',(4.424003125,-14.072809375));
#6448 = ( GEOMETRIC_REPRESENTATION_CONTEXT(2) 
PARAMETRIC_REPRESENTATION_CONTEXT() REPRESENTATION_CONTEXT('2D SPACE',''
  ) );
#6449 = PCURVE('',#2340,#6450);
#6450 = DEFINITIONAL_REPRESENTATION('',(#6451),#6455);
#6451 = LINE('',#6452,#6453);
#6452 = CARTESIAN_POINT('',(0.,0.));
#6453 = VECTOR('',#6454,1.);
#6454 = DIRECTION('',(1.,0.));
#6455 = ( GEOMETRIC_REPRESENTATION_CONTEXT(2) 
PARAMETRIC_REPRESENTATION_CONTEXT() REPRESENTATION_CONTEXT('2D SPACE',''
  ) );
#6456 = ORIENTED_EDGE('',*,*,#6457,.T.);
#6457 = EDGE_CURVE('',#6433,#2202,#6458,.T.);
#6458 = SURFACE_CURVE('',#6459,(#6464,#6472),.PCURVE_S1.);
#6459 = B_SPLINE_CURVE_WITH_KNOTS('',3,(#6460,#6461,#6462,#6463),
  .UNSPECIFIED.,.F.,.F.,(4,4),(0.,1.),.PIECEWISE_BEZIER_KNOTS.);
#6460 = CARTESIAN_POINT('',(23.927190625,-4.5,4.424003125));
#6461 = CARTESIAN_POINT('',(23.1901425055,-4.5,6.384418646313));
#6462 = CARTESIAN_POINT('',(21.299605467906,-4.5,7.717804548719));
#6463 = CARTESIAN_POINT('',(19.3016125,-4.5,8.14946875));
#6464 = PCURVE('',#2016,#6465);
#6465 = DEFINITIONAL_REPRESENTATION('',(#6466),#6471);
#6466 = B_SPLINE_CURVE_WITH_KNOTS('',3,(#6467,#6468,#6469,#6470),
  .UNSPECIFIED.,.F.,.F.,(4,4),(0.,1.),.PIECEWISE_BEZIER_KNOTS.);
#6467 = CARTESIAN_POINT('',(4.424003125,-14.072809375));
#6468 = CARTESIAN_POINT('',(6.384418646313,-14.8098574945));
#6469 = CARTESIAN_POINT('',(7.717804548719,-16.70039453209));
#6470 = CARTESIAN_POINT('',(8.14946875,-18.6983875));
#6471 = ( GEOMETRIC_REPRESENTATION_CONTEXT(2) 
PARAMETRIC_REPRESENTATION_CONTEXT() REPRESENTATION_CONTEXT('2D SPACE',''
  ) );
#6472 = PCURVE('',#2242,#6473);
#6473 = DEFINITIONAL_REPRESENTATION('',(#6474),#6478);
#6474 = LINE('',#6475,#6476);
#6475 = CARTESIAN_POINT('',(0.,0.));
#6476 = VECTOR('',#6477,1.);
#6477 = DIRECTION('',(1.,0.));
#6478 = ( GEOMETRIC_REPRESENTATION_CONTEXT(2) 
PARAMETRIC_REPRESENTATION_CONTEXT() REPRESENTATION_CONTEXT('2D SPACE',''
  ) );
#6479 = ORIENTED_EDGE('',*,*,#2201,.F.);
#6480 = ORIENTED_EDGE('',*,*,#1999,.F.);
#6481 = FACE_BOUND('',#6482,.F.);
#6482 = EDGE_LOOP('',(#6483));
#6483 = ORIENTED_EDGE('',*,*,#6484,.T.);
#6484 = EDGE_CURVE('',#6485,#6485,#6487,.T.);
#6485 = VERTEX_POINT('',#6486);
#6486 = CARTESIAN_POINT('',(81.25,-4.5,1.665334536938E-15));
#6487 = SURFACE_CURVE('',#6488,(#6493,#6504),.PCURVE_S1.);
#6488 = CIRCLE('',#6489,5.25);
#6489 = AXIS2_PLACEMENT_3D('',#6490,#6491,#6492);
#6490 = CARTESIAN_POINT('',(76.,-4.5,1.32773237045E-15));
#6491 = DIRECTION('',(0.,-1.,3.369330926125E-16));
#6492 = DIRECTION('',(1.,0.,0.));
#6493 = PCURVE('',#2016,#6494);
#6494 = DEFINITIONAL_REPRESENTATION('',(#6495),#6503);
#6495 = ( BOUNDED_CURVE() B_SPLINE_CURVE(2,(#6496,#6497,#6498,#6499,
#6500,#6501,#6502),.UNSPECIFIED.,.T.,.F.) B_SPLINE_CURVE_WITH_KNOTS((1,2
    ,2,2,2,1),(-2.094395102393,0.,2.094395102393,4.188790204786,
6.28318530718,8.377580409573),.UNSPECIFIED.) CURVE() 
GEOMETRIC_REPRESENTATION_ITEM() RATIONAL_B_SPLINE_CURVE((1.,0.5,1.,0.5,
1.,0.5,1.)) REPRESENTATION_ITEM('') );
#6496 = CARTESIAN_POINT('',(2.6645352591E-15,43.25));
#6497 = CARTESIAN_POINT('',(9.093266739737,43.25));
#6498 = CARTESIAN_POINT('',(4.546633369868,35.375));
#6499 = CARTESIAN_POINT('',(3.950414398205E-15,27.5));
#6500 = CARTESIAN_POINT('',(-4.546633369868,35.375));
#6501 = CARTESIAN_POINT('',(-9.093266739737,43.25));
#6502 = CARTESIAN_POINT('',(2.6645352591E-15,43.25));
#6503 = ( GEOMETRIC_REPRESENTATION_CONTEXT(2) 
PARAMETRIC_REPRESENTATION_CONTEXT() REPRESENTATION_CONTEXT('2D SPACE',''
  ) );
#6504 = PCURVE('',#2183,#6505);
#6505 = DEFINITIONAL_REPRESENTATION('',(#6506),#6510);
#6506 = LINE('',#6507,#6508);
#6507 = CARTESIAN_POINT('',(0.,0.2));
#6508 = VECTOR('',#6509,1.);
#6509 = DIRECTION('',(1.,0.));
#6510 = ( GEOMETRIC_REPRESENTATION_CONTEXT(2) 
PARAMETRIC_REPRESENTATION_CONTEXT() REPRESENTATION_CONTEXT('2D SPACE',''
  ) );
#6511 = ADVANCED_FACE('',(#6512),#2073,.T.);
#6512 = FACE_BOUND('',#6513,.F.);
#6513 = EDGE_LOOP('',(#6514,#6515,#6541,#6542));
#6514 = ORIENTED_EDGE('',*,*,#5947,.F.);
#6515 = ORIENTED_EDGE('',*,*,#6516,.T.);
#6516 = EDGE_CURVE('',#5920,#6100,#6517,.T.);
#6517 = SURFACE_CURVE('',#6518,(#6523,#6530),.PCURVE_S1.);
#6518 = CIRCLE('',#6519,7.3);
#6519 = AXIS2_PLACEMENT_3D('',#6520,#6521,#6522);
#6520 = CARTESIAN_POINT('',(0.,-4.5,1.32773237045E-15));
#6521 = DIRECTION('',(-1.094764425254E-47,-1.,3.369330926125E-16));
#6522 = DIRECTION('',(-1.6E-16,3.369330926125E-16,1.));
#6523 = PCURVE('',#2073,#6524);
#6524 = DEFINITIONAL_REPRESENTATION('',(#6525),#6529);
#6525 = LINE('',#6526,#6527);
#6526 = CARTESIAN_POINT('',(-0.,-0.2));
#6527 = VECTOR('',#6528,1.);
#6528 = DIRECTION('',(-1.,0.));
#6529 = ( GEOMETRIC_REPRESENTATION_CONTEXT(2) 
PARAMETRIC_REPRESENTATION_CONTEXT() REPRESENTATION_CONTEXT('2D SPACE',''
  ) );
#6530 = PCURVE('',#5935,#6531);
#6531 = DEFINITIONAL_REPRESENTATION('',(#6532),#6540);
#6532 = ( BOUNDED_CURVE() B_SPLINE_CURVE(2,(#6533,#6534,#6535,#6536,
#6537,#6538,#6539),.UNSPECIFIED.,.T.,.F.) B_SPLINE_CURVE_WITH_KNOTS((1,2
    ,2,2,2,1),(-2.094395102393,0.,2.094395102393,4.188790204786,
6.28318530718,8.377580409573),.UNSPECIFIED.) CURVE() 
GEOMETRIC_REPRESENTATION_ITEM() RATIONAL_B_SPLINE_CURVE((1.,0.5,1.,0.5,
1.,0.5,1.)) REPRESENTATION_ITEM('') );
#6533 = CARTESIAN_POINT('',(7.3,-38.));
#6534 = CARTESIAN_POINT('',(7.3,-50.64397089525));
#6535 = CARTESIAN_POINT('',(-3.65,-44.32198544762));
#6536 = CARTESIAN_POINT('',(-14.6,-38.));
#6537 = CARTESIAN_POINT('',(-3.65,-31.67801455237));
#6538 = CARTESIAN_POINT('',(7.3,-25.35602910474));
#6539 = CARTESIAN_POINT('',(7.3,-38.));
#6540 = ( GEOMETRIC_REPRESENTATION_CONTEXT(2) 
PARAMETRIC_REPRESENTATION_CONTEXT() REPRESENTATION_CONTEXT('2D SPACE',''
  ) );
#6541 = ORIENTED_EDGE('',*,*,#6099,.T.);
#6542 = ORIENTED_EDGE('',*,*,#2058,.F.);
#6543 = ADVANCED_FACE('',(#6544),#2128,.F.);
#6544 = FACE_BOUND('',#6545,.T.);
#6545 = EDGE_LOOP('',(#6546,#6569,#6595,#6596));
#6546 = ORIENTED_EDGE('',*,*,#6547,.F.);
#6547 = EDGE_CURVE('',#6548,#2091,#6550,.T.);
#6548 = VERTEX_POINT('',#6549);
#6549 = CARTESIAN_POINT('',(5.25,-4.5,1.665334536938E-15));
#6550 = SEAM_CURVE('',#6551,(#6555,#6562),.PCURVE_S1.);
#6551 = LINE('',#6552,#6553);
#6552 = CARTESIAN_POINT('',(5.05,-4.3,1.264345751927E-15));
#6553 = VECTOR('',#6554,1.);
#6554 = DIRECTION('',(-0.707106781187,0.707106781187,-2.344861311974E-16
    ));
#6555 = PCURVE('',#2128,#6556);
#6556 = DEFINITIONAL_REPRESENTATION('',(#6557),#6561);
#6557 = LINE('',#6558,#6559);
#6558 = CARTESIAN_POINT('',(0.,-0.));
#6559 = VECTOR('',#6560,1.);
#6560 = DIRECTION('',(0.,-1.));
#6561 = ( GEOMETRIC_REPRESENTATION_CONTEXT(2) 
PARAMETRIC_REPRESENTATION_CONTEXT() REPRESENTATION_CONTEXT('2D SPACE',''
  ) );
#6562 = PCURVE('',#2128,#6563);
#6563 = DEFINITIONAL_REPRESENTATION('',(#6564),#6568);
#6564 = LINE('',#6565,#6566);
#6565 = CARTESIAN_POINT('',(6.28318530718,-0.));
#6566 = VECTOR('',#6567,1.);
#6567 = DIRECTION('',(0.,-1.));
#6568 = ( GEOMETRIC_REPRESENTATION_CONTEXT(2) 
PARAMETRIC_REPRESENTATION_CONTEXT() REPRESENTATION_CONTEXT('2D SPACE',''
  ) );
#6569 = ORIENTED_EDGE('',*,*,#6570,.T.);
#6570 = EDGE_CURVE('',#6548,#6548,#6571,.T.);
#6571 = SURFACE_CURVE('',#6572,(#6577,#6584),.PCURVE_S1.);
#6572 = CIRCLE('',#6573,5.25);
#6573 = AXIS2_PLACEMENT_3D('',#6574,#6575,#6576);
#6574 = CARTESIAN_POINT('',(0.,-4.5,1.32773237045E-15));
#6575 = DIRECTION('',(0.,-1.,3.369330926125E-16));
#6576 = DIRECTION('',(1.,0.,0.));
#6577 = PCURVE('',#2128,#6578);
#6578 = DEFINITIONAL_REPRESENTATION('',(#6579),#6583);
#6579 = LINE('',#6580,#6581);
#6580 = CARTESIAN_POINT('',(-0.,0.2));
#6581 = VECTOR('',#6582,1.);
#6582 = DIRECTION('',(1.,-0.));
#6583 = ( GEOMETRIC_REPRESENTATION_CONTEXT(2) 
PARAMETRIC_REPRESENTATION_CONTEXT() REPRESENTATION_CONTEXT('2D SPACE',''
  ) );
#6584 = PCURVE('',#5935,#6585);
#6585 = DEFINITIONAL_REPRESENTATION('',(#6586),#6594);
#6586 = ( BOUNDED_CURVE() B_SPLINE_CURVE(2,(#6587,#6588,#6589,#6590,
#6591,#6592,#6593),.UNSPECIFIED.,.T.,.F.) B_SPLINE_CURVE_WITH_KNOTS((1,2
    ,2,2,2,1),(-2.094395102393,0.,2.094395102393,4.188790204786,
6.28318530718,8.377580409573),.UNSPECIFIED.) CURVE() 
GEOMETRIC_REPRESENTATION_ITEM() RATIONAL_B_SPLINE_CURVE((1.,0.5,1.,0.5,
1.,0.5,1.)) REPRESENTATION_ITEM('') );
#6587 = CARTESIAN_POINT('',(2.6645352591E-15,-32.75));
#6588 = CARTESIAN_POINT('',(9.093266739737,-32.75));
#6589 = CARTESIAN_POINT('',(4.546633369868,-40.625));
#6590 = CARTESIAN_POINT('',(3.950414398205E-15,-48.5));
#6591 = CARTESIAN_POINT('',(-4.546633369868,-40.625));
#6592 = CARTESIAN_POINT('',(-9.093266739737,-32.75));
#6593 = CARTESIAN_POINT('',(2.6645352591E-15,-32.75));
#6594 = ( GEOMETRIC_REPRESENTATION_CONTEXT(2) 
PARAMETRIC_REPRESENTATION_CONTEXT() REPRESENTATION_CONTEXT('2D SPACE',''
  ) );
#6595 = ORIENTED_EDGE('',*,*,#6547,.T.);
#6596 = ORIENTED_EDGE('',*,*,#2113,.F.);
#6597 = ADVANCED_FACE('',(#6598),#2183,.F.);
#6598 = FACE_BOUND('',#6599,.F.);
#6599 = EDGE_LOOP('',(#6600,#6621,#6622,#6623));
#6600 = ORIENTED_EDGE('',*,*,#6601,.F.);
#6601 = EDGE_CURVE('',#2146,#6485,#6602,.T.);
#6602 = SEAM_CURVE('',#6603,(#6607,#6614),.PCURVE_S1.);
#6603 = LINE('',#6604,#6605);
#6604 = CARTESIAN_POINT('',(81.05,-4.3,1.264345751927E-15));
#6605 = VECTOR('',#6606,1.);
#6606 = DIRECTION('',(0.707106781187,-0.707106781187,2.344861311974E-16)
  );
#6607 = PCURVE('',#2183,#6608);
#6608 = DEFINITIONAL_REPRESENTATION('',(#6609),#6613);
#6609 = LINE('',#6610,#6611);
#6610 = CARTESIAN_POINT('',(0.,0.));
#6611 = VECTOR('',#6612,1.);
#6612 = DIRECTION('',(0.,1.));
#6613 = ( GEOMETRIC_REPRESENTATION_CONTEXT(2) 
PARAMETRIC_REPRESENTATION_CONTEXT() REPRESENTATION_CONTEXT('2D SPACE',''
  ) );
#6614 = PCURVE('',#2183,#6615);
#6615 = DEFINITIONAL_REPRESENTATION('',(#6616),#6620);
#6616 = LINE('',#6617,#6618);
#6617 = CARTESIAN_POINT('',(6.28318530718,0.));
#6618 = VECTOR('',#6619,1.);
#6619 = DIRECTION('',(0.,1.));
#6620 = ( GEOMETRIC_REPRESENTATION_CONTEXT(2) 
PARAMETRIC_REPRESENTATION_CONTEXT() REPRESENTATION_CONTEXT('2D SPACE',''
  ) );
#6621 = ORIENTED_EDGE('',*,*,#2168,.T.);
#6622 = ORIENTED_EDGE('',*,*,#6601,.T.);
#6623 = ORIENTED_EDGE('',*,*,#6484,.F.);
#6624 = ADVANCED_FACE('',(#6625),#2242,.F.);
#6625 = FACE_BOUND('',#6626,.F.);
#6626 = EDGE_LOOP('',(#6627,#6628,#6649,#6650));
#6627 = ORIENTED_EDGE('',*,*,#6457,.F.);
#6628 = ORIENTED_EDGE('',*,*,#6629,.T.);
#6629 = EDGE_CURVE('',#6433,#2298,#6630,.T.);
#6630 = SURFACE_CURVE('',#6631,(#6635,#6642),.PCURVE_S1.);
#6631 = LINE('',#6632,#6633);
#6632 = CARTESIAN_POINT('',(23.927190625,-4.5,4.424003125));
#6633 = VECTOR('',#6634,1.);
#6634 = DIRECTION('',(0.,1.,2.230669073875E-16));
#6635 = PCURVE('',#2242,#6636);
#6636 = DEFINITIONAL_REPRESENTATION('',(#6637),#6641);
#6637 = LINE('',#6638,#6639);
#6638 = CARTESIAN_POINT('',(0.,0.));
#6639 = VECTOR('',#6640,1.);
#6640 = DIRECTION('',(0.,-1.));
#6641 = ( GEOMETRIC_REPRESENTATION_CONTEXT(2) 
PARAMETRIC_REPRESENTATION_CONTEXT() REPRESENTATION_CONTEXT('2D SPACE',''
  ) );
#6642 = PCURVE('',#2340,#6643);
#6643 = DEFINITIONAL_REPRESENTATION('',(#6644),#6648);
#6644 = LINE('',#6645,#6646);
#6645 = CARTESIAN_POINT('',(1.,0.));
#6646 = VECTOR('',#6647,1.);
#6647 = DIRECTION('',(0.,-1.));
#6648 = ( GEOMETRIC_REPRESENTATION_CONTEXT(2) 
PARAMETRIC_REPRESENTATION_CONTEXT() REPRESENTATION_CONTEXT('2D SPACE',''
  ) );
#6649 = ORIENTED_EDGE('',*,*,#2297,.T.);
#6650 = ORIENTED_EDGE('',*,*,#2224,.T.);
#6651 = ADVANCED_FACE('',(#6652),#2281,.F.);
#6652 = FACE_BOUND('',#6653,.F.);
#6653 = EDGE_LOOP('',(#6654,#6679,#6680,#6681));
#6654 = ORIENTED_EDGE('',*,*,#6655,.F.);
#6655 = EDGE_CURVE('',#5891,#6656,#6658,.T.);
#6656 = VERTEX_POINT('',#6657);
#6657 = CARTESIAN_POINT('',(13.15084375,-4.5,7.224353125));
#6658 = SURFACE_CURVE('',#6659,(#6664,#6671),.PCURVE_S1.);
#6659 = B_SPLINE_CURVE_WITH_KNOTS('',3,(#6660,#6661,#6662,#6663),
  .UNSPECIFIED.,.F.,.F.,(4,4),(0.,1.),.PIECEWISE_BEZIER_KNOTS.);
#6660 = CARTESIAN_POINT('',(16.45125625,-4.5,8.3995));
#6661 = CARTESIAN_POINT('',(15.277486047063,-4.5,8.298582136844));
#6662 = CARTESIAN_POINT('',(14.105168525688,-4.5,7.937931561156));
#6663 = CARTESIAN_POINT('',(13.15084375,-4.5,7.224353125));
#6664 = PCURVE('',#2281,#6665);
#6665 = DEFINITIONAL_REPRESENTATION('',(#6666),#6670);
#6666 = LINE('',#6667,#6668);
#6667 = CARTESIAN_POINT('',(0.,0.));
#6668 = VECTOR('',#6669,1.);
#6669 = DIRECTION('',(1.,0.));
#6670 = ( GEOMETRIC_REPRESENTATION_CONTEXT(2) 
PARAMETRIC_REPRESENTATION_CONTEXT() REPRESENTATION_CONTEXT('2D SPACE',''
  ) );
#6671 = PCURVE('',#5935,#6672);
#6672 = DEFINITIONAL_REPRESENTATION('',(#6673),#6678);
#6673 = B_SPLINE_CURVE_WITH_KNOTS('',3,(#6674,#6675,#6676,#6677),
  .UNSPECIFIED.,.F.,.F.,(4,4),(0.,1.),.PIECEWISE_BEZIER_KNOTS.);
#6674 = CARTESIAN_POINT('',(8.3995,-21.54874375));
#6675 = CARTESIAN_POINT('',(8.298582136844,-22.72251395293));
#6676 = CARTESIAN_POINT('',(7.937931561156,-23.89483147431));
#6677 = CARTESIAN_POINT('',(7.224353125,-24.84915625));
#6678 = ( GEOMETRIC_REPRESENTATION_CONTEXT(2) 
PARAMETRIC_REPRESENTATION_CONTEXT() REPRESENTATION_CONTEXT('2D SPACE',''
  ) );
#6679 = ORIENTED_EDGE('',*,*,#5890,.F.);
#6680 = ORIENTED_EDGE('',*,*,#2263,.T.);
#6681 = ORIENTED_EDGE('',*,*,#6682,.F.);
#6682 = EDGE_CURVE('',#6656,#2264,#6683,.T.);
#6683 = SURFACE_CURVE('',#6684,(#6688,#6695),.PCURVE_S1.);
#6684 = LINE('',#6685,#6686);
#6685 = CARTESIAN_POINT('',(13.15084375,-4.5,7.224353125));
#6686 = VECTOR('',#6687,1.);
#6687 = DIRECTION('',(0.,1.,2.230669073875E-16));
#6688 = PCURVE('',#2281,#6689);
#6689 = DEFINITIONAL_REPRESENTATION('',(#6690),#6694);
#6690 = LINE('',#6691,#6692);
#6691 = CARTESIAN_POINT('',(1.,0.));
#6692 = VECTOR('',#6693,1.);
#6693 = DIRECTION('',(0.,-1.));
#6694 = ( GEOMETRIC_REPRESENTATION_CONTEXT(2) 
PARAMETRIC_REPRESENTATION_CONTEXT() REPRESENTATION_CONTEXT('2D SPACE',''
  ) );
#6695 = PCURVE('',#2700,#6696);
#6696 = DEFINITIONAL_REPRESENTATION('',(#6697),#6701);
#6697 = LINE('',#6698,#6699);
#6698 = CARTESIAN_POINT('',(0.,0.));
#6699 = VECTOR('',#6700,1.);
#6700 = DIRECTION('',(0.,-1.));
#6701 = ( GEOMETRIC_REPRESENTATION_CONTEXT(2) 
PARAMETRIC_REPRESENTATION_CONTEXT() REPRESENTATION_CONTEXT('2D SPACE',''
  ) );
#6702 = ADVANCED_FACE('',(#6703),#2700,.F.);
#6703 = FACE_BOUND('',#6704,.F.);
#6704 = EDGE_LOOP('',(#6705,#6706,#6707,#6730));
#6705 = ORIENTED_EDGE('',*,*,#6682,.T.);
#6706 = ORIENTED_EDGE('',*,*,#2684,.T.);
#6707 = ORIENTED_EDGE('',*,*,#6708,.F.);
#6708 = EDGE_CURVE('',#6709,#2652,#6711,.T.);
#6709 = VERTEX_POINT('',#6710);
#6710 = CARTESIAN_POINT('',(9.35036875,-4.5,1.24860625));
#6711 = SURFACE_CURVE('',#6712,(#6716,#6723),.PCURVE_S1.);
#6712 = LINE('',#6713,#6714);
#6713 = CARTESIAN_POINT('',(9.35036875,-4.5,1.24860625));
#6714 = VECTOR('',#6715,1.);
#6715 = DIRECTION('',(0.,1.,2.230669073875E-16));
#6716 = PCURVE('',#2700,#6717);
#6717 = DEFINITIONAL_REPRESENTATION('',(#6718),#6722);
#6718 = LINE('',#6719,#6720);
#6719 = CARTESIAN_POINT('',(1.,0.));
#6720 = VECTOR('',#6721,1.);
#6721 = DIRECTION('',(0.,-1.));
#6722 = ( GEOMETRIC_REPRESENTATION_CONTEXT(2) 
PARAMETRIC_REPRESENTATION_CONTEXT() REPRESENTATION_CONTEXT('2D SPACE',''
  ) );
#6723 = PCURVE('',#2669,#6724);
#6724 = DEFINITIONAL_REPRESENTATION('',(#6725),#6729);
#6725 = LINE('',#6726,#6727);
#6726 = CARTESIAN_POINT('',(0.,0.));
#6727 = VECTOR('',#6728,1.);
#6728 = DIRECTION('',(0.,-1.));
#6729 = ( GEOMETRIC_REPRESENTATION_CONTEXT(2) 
PARAMETRIC_REPRESENTATION_CONTEXT() REPRESENTATION_CONTEXT('2D SPACE',''
  ) );
#6730 = ORIENTED_EDGE('',*,*,#6731,.F.);
#6731 = EDGE_CURVE('',#6656,#6709,#6732,.T.);
#6732 = SURFACE_CURVE('',#6733,(#6738,#6745),.PCURVE_S1.);
#6733 = B_SPLINE_CURVE_WITH_KNOTS('',3,(#6734,#6735,#6736,#6737),
  .UNSPECIFIED.,.F.,.F.,(4,4),(0.,1.),.PIECEWISE_BEZIER_KNOTS.);
#6734 = CARTESIAN_POINT('',(13.15084375,-4.5,7.224353125));
#6735 = CARTESIAN_POINT('',(11.105495613438,-4.5,5.884473160938));
#6736 = CARTESIAN_POINT('',(9.851776418125,-4.5,3.596843993031));
#6737 = CARTESIAN_POINT('',(9.35036875,-4.5,1.24860625));
#6738 = PCURVE('',#2700,#6739);
#6739 = DEFINITIONAL_REPRESENTATION('',(#6740),#6744);
#6740 = LINE('',#6741,#6742);
#6741 = CARTESIAN_POINT('',(0.,0.));
#6742 = VECTOR('',#6743,1.);
#6743 = DIRECTION('',(1.,0.));
#6744 = ( GEOMETRIC_REPRESENTATION_CONTEXT(2) 
PARAMETRIC_REPRESENTATION_CONTEXT() REPRESENTATION_CONTEXT('2D SPACE',''
  ) );
#6745 = PCURVE('',#5935,#6746);
#6746 = DEFINITIONAL_REPRESENTATION('',(#6747),#6752);
#6747 = B_SPLINE_CURVE_WITH_KNOTS('',3,(#6748,#6749,#6750,#6751),
  .UNSPECIFIED.,.F.,.F.,(4,4),(0.,1.),.PIECEWISE_BEZIER_KNOTS.);
#6748 = CARTESIAN_POINT('',(7.224353125,-24.84915625));
#6749 = CARTESIAN_POINT('',(5.884473160938,-26.89450438656));
#6750 = CARTESIAN_POINT('',(3.596843993031,-28.14822358187));
#6751 = CARTESIAN_POINT('',(1.24860625,-28.64963125));
#6752 = ( GEOMETRIC_REPRESENTATION_CONTEXT(2) 
PARAMETRIC_REPRESENTATION_CONTEXT() REPRESENTATION_CONTEXT('2D SPACE',''
  ) );
#6753 = ADVANCED_FACE('',(#6754),#2669,.F.);
#6754 = FACE_BOUND('',#6755,.F.);
#6755 = EDGE_LOOP('',(#6756,#6757,#6758,#6781));
#6756 = ORIENTED_EDGE('',*,*,#6708,.T.);
#6757 = ORIENTED_EDGE('',*,*,#2651,.T.);
#6758 = ORIENTED_EDGE('',*,*,#6759,.F.);
#6759 = EDGE_CURVE('',#6760,#2619,#6762,.T.);
#6760 = VERTEX_POINT('',#6761);
#6761 = CARTESIAN_POINT('',(9.425378125,-4.5,-4.35209375));
#6762 = SURFACE_CURVE('',#6763,(#6767,#6774),.PCURVE_S1.);
#6763 = LINE('',#6764,#6765);
#6764 = CARTESIAN_POINT('',(9.425378125,-4.5,-4.35209375));
#6765 = VECTOR('',#6766,1.);
#6766 = DIRECTION('',(0.,1.,2.230669073875E-16));
#6767 = PCURVE('',#2669,#6768);
#6768 = DEFINITIONAL_REPRESENTATION('',(#6769),#6773);
#6769 = LINE('',#6770,#6771);
#6770 = CARTESIAN_POINT('',(1.,0.));
#6771 = VECTOR('',#6772,1.);
#6772 = DIRECTION('',(0.,-1.));
#6773 = ( GEOMETRIC_REPRESENTATION_CONTEXT(2) 
PARAMETRIC_REPRESENTATION_CONTEXT() REPRESENTATION_CONTEXT('2D SPACE',''
  ) );
#6774 = PCURVE('',#2636,#6775);
#6775 = DEFINITIONAL_REPRESENTATION('',(#6776),#6780);
#6776 = LINE('',#6777,#6778);
#6777 = CARTESIAN_POINT('',(0.,0.));
#6778 = VECTOR('',#6779,1.);
#6779 = DIRECTION('',(0.,-1.));
#6780 = ( GEOMETRIC_REPRESENTATION_CONTEXT(2) 
PARAMETRIC_REPRESENTATION_CONTEXT() REPRESENTATION_CONTEXT('2D SPACE',''
  ) );
#6781 = ORIENTED_EDGE('',*,*,#6782,.F.);
#6782 = EDGE_CURVE('',#6709,#6760,#6783,.T.);
#6783 = SURFACE_CURVE('',#6784,(#6789,#6796),.PCURVE_S1.);
#6784 = B_SPLINE_CURVE_WITH_KNOTS('',3,(#6785,#6786,#6787,#6788),
  .UNSPECIFIED.,.F.,.F.,(4,4),(0.,1.),.PIECEWISE_BEZIER_KNOTS.);
#6785 = CARTESIAN_POINT('',(9.35036875,-4.5,1.24860625));
#6786 = CARTESIAN_POINT('',(9.018440514156,-4.5,-0.593783269906));
#6787 = CARTESIAN_POINT('',(9.054682043781,-4.5,-2.519196166438));
#6788 = CARTESIAN_POINT('',(9.425378125,-4.5,-4.35209375));
#6789 = PCURVE('',#2669,#6790);
#6790 = DEFINITIONAL_REPRESENTATION('',(#6791),#6795);
#6791 = LINE('',#6792,#6793);
#6792 = CARTESIAN_POINT('',(0.,0.));
#6793 = VECTOR('',#6794,1.);
#6794 = DIRECTION('',(1.,0.));
#6795 = ( GEOMETRIC_REPRESENTATION_CONTEXT(2) 
PARAMETRIC_REPRESENTATION_CONTEXT() REPRESENTATION_CONTEXT('2D SPACE',''
  ) );
#6796 = PCURVE('',#5935,#6797);
#6797 = DEFINITIONAL_REPRESENTATION('',(#6798),#6803);
#6798 = B_SPLINE_CURVE_WITH_KNOTS('',3,(#6799,#6800,#6801,#6802),
  .UNSPECIFIED.,.F.,.F.,(4,4),(0.,1.),.PIECEWISE_BEZIER_KNOTS.);
#6799 = CARTESIAN_POINT('',(1.24860625,-28.64963125));
#6800 = CARTESIAN_POINT('',(-0.593783269906,-28.98155948584));
#6801 = CARTESIAN_POINT('',(-2.519196166437,-28.94531795621));
#6802 = CARTESIAN_POINT('',(-4.35209375,-28.574621875));
#6803 = ( GEOMETRIC_REPRESENTATION_CONTEXT(2) 
PARAMETRIC_REPRESENTATION_CONTEXT() REPRESENTATION_CONTEXT('2D SPACE',''
  ) );
#6804 = ADVANCED_FACE('',(#6805),#2636,.F.);
#6805 = FACE_BOUND('',#6806,.F.);
#6806 = EDGE_LOOP('',(#6807,#6830,#6831,#6832));
#6807 = ORIENTED_EDGE('',*,*,#6808,.F.);
#6808 = EDGE_CURVE('',#6760,#6123,#6809,.T.);
#6809 = SURFACE_CURVE('',#6810,(#6815,#6822),.PCURVE_S1.);
#6810 = B_SPLINE_CURVE_WITH_KNOTS('',3,(#6811,#6812,#6813,#6814),
  .UNSPECIFIED.,.F.,.F.,(4,4),(0.,1.),.PIECEWISE_BEZIER_KNOTS.);
#6811 = CARTESIAN_POINT('',(9.425378125,-4.5,-4.35209375));
#6812 = CARTESIAN_POINT('',(9.704540765969,-4.5,-5.691929958594));
#6813 = CARTESIAN_POINT('',(10.048471751969,-4.5,-7.031690907781));
#6814 = CARTESIAN_POINT('',(10.675534375,-4.5,-8.25258125));
#6815 = PCURVE('',#2636,#6816);
#6816 = DEFINITIONAL_REPRESENTATION('',(#6817),#6821);
#6817 = LINE('',#6818,#6819);
#6818 = CARTESIAN_POINT('',(0.,0.));
#6819 = VECTOR('',#6820,1.);
#6820 = DIRECTION('',(1.,0.));
#6821 = ( GEOMETRIC_REPRESENTATION_CONTEXT(2) 
PARAMETRIC_REPRESENTATION_CONTEXT() REPRESENTATION_CONTEXT('2D SPACE',''
  ) );
#6822 = PCURVE('',#5935,#6823);
#6823 = DEFINITIONAL_REPRESENTATION('',(#6824),#6829);
#6824 = B_SPLINE_CURVE_WITH_KNOTS('',3,(#6825,#6826,#6827,#6828),
  .UNSPECIFIED.,.F.,.F.,(4,4),(0.,1.),.PIECEWISE_BEZIER_KNOTS.);
#6825 = CARTESIAN_POINT('',(-4.35209375,-28.574621875));
#6826 = CARTESIAN_POINT('',(-5.691929958594,-28.29545923403));
#6827 = CARTESIAN_POINT('',(-7.031690907781,-27.95152824803));
#6828 = CARTESIAN_POINT('',(-8.25258125,-27.324465625));
#6829 = ( GEOMETRIC_REPRESENTATION_CONTEXT(2) 
PARAMETRIC_REPRESENTATION_CONTEXT() REPRESENTATION_CONTEXT('2D SPACE',''
  ) );
#6830 = ORIENTED_EDGE('',*,*,#6759,.T.);
#6831 = ORIENTED_EDGE('',*,*,#2618,.T.);
#6832 = ORIENTED_EDGE('',*,*,#6145,.T.);
#6833 = ADVANCED_FACE('',(#6834),#2602,.F.);
#6834 = FACE_BOUND('',#6835,.F.);
#6835 = EDGE_LOOP('',(#6836,#6837,#6838,#6839));
#6836 = ORIENTED_EDGE('',*,*,#6232,.F.);
#6837 = ORIENTED_EDGE('',*,*,#6176,.F.);
#6838 = ORIENTED_EDGE('',*,*,#2586,.T.);
#6839 = ORIENTED_EDGE('',*,*,#6840,.F.);
#6840 = EDGE_CURVE('',#6233,#2554,#6841,.T.);
#6841 = SURFACE_CURVE('',#6842,(#6846,#6853),.PCURVE_S1.);
#6842 = LINE('',#6843,#6844);
#6843 = CARTESIAN_POINT('',(18.726540625,-4.5,-6.927415625));
#6844 = VECTOR('',#6845,1.);
#6845 = DIRECTION('',(0.,1.,2.230669073875E-16));
#6846 = PCURVE('',#2602,#6847);
#6847 = DEFINITIONAL_REPRESENTATION('',(#6848),#6852);
#6848 = LINE('',#6849,#6850);
#6849 = CARTESIAN_POINT('',(1.,0.));
#6850 = VECTOR('',#6851,1.);
#6851 = DIRECTION('',(0.,-1.));
#6852 = ( GEOMETRIC_REPRESENTATION_CONTEXT(2) 
PARAMETRIC_REPRESENTATION_CONTEXT() REPRESENTATION_CONTEXT('2D SPACE',''
  ) );
#6853 = PCURVE('',#2571,#6854);
#6854 = DEFINITIONAL_REPRESENTATION('',(#6855),#6859);
#6855 = LINE('',#6856,#6857);
#6856 = CARTESIAN_POINT('',(0.,0.));
#6857 = VECTOR('',#6858,1.);
#6858 = DIRECTION('',(0.,-1.));
#6859 = ( GEOMETRIC_REPRESENTATION_CONTEXT(2) 
PARAMETRIC_REPRESENTATION_CONTEXT() REPRESENTATION_CONTEXT('2D SPACE',''
  ) );
#6860 = ADVANCED_FACE('',(#6861),#2571,.F.);
#6861 = FACE_BOUND('',#6862,.F.);
#6862 = EDGE_LOOP('',(#6863,#6864,#6865,#6886));
#6863 = ORIENTED_EDGE('',*,*,#6840,.T.);
#6864 = ORIENTED_EDGE('',*,*,#2553,.T.);
#6865 = ORIENTED_EDGE('',*,*,#6866,.F.);
#6866 = EDGE_CURVE('',#6258,#2521,#6867,.T.);
#6867 = SURFACE_CURVE('',#6868,(#6872,#6879),.PCURVE_S1.);
#6868 = LINE('',#6869,#6870);
#6869 = CARTESIAN_POINT('',(17.9014375,-4.5,-3.827028125));
#6870 = VECTOR('',#6871,1.);
#6871 = DIRECTION('',(0.,1.,2.230669073875E-16));
#6872 = PCURVE('',#2571,#6873);
#6873 = DEFINITIONAL_REPRESENTATION('',(#6874),#6878);
#6874 = LINE('',#6875,#6876);
#6875 = CARTESIAN_POINT('',(1.,0.));
#6876 = VECTOR('',#6877,1.);
#6877 = DIRECTION('',(0.,-1.));
#6878 = ( GEOMETRIC_REPRESENTATION_CONTEXT(2) 
PARAMETRIC_REPRESENTATION_CONTEXT() REPRESENTATION_CONTEXT('2D SPACE',''
  ) );
#6879 = PCURVE('',#2538,#6880);
#6880 = DEFINITIONAL_REPRESENTATION('',(#6881),#6885);
#6881 = LINE('',#6882,#6883);
#6882 = CARTESIAN_POINT('',(0.,0.));
#6883 = VECTOR('',#6884,1.);
#6884 = DIRECTION('',(0.,-1.));
#6885 = ( GEOMETRIC_REPRESENTATION_CONTEXT(2) 
PARAMETRIC_REPRESENTATION_CONTEXT() REPRESENTATION_CONTEXT('2D SPACE',''
  ) );
#6886 = ORIENTED_EDGE('',*,*,#6257,.F.);
#6887 = ADVANCED_FACE('',(#6888),#2538,.F.);
#6888 = FACE_BOUND('',#6889,.F.);
#6889 = EDGE_LOOP('',(#6890,#6891,#6892,#6913));
#6890 = ORIENTED_EDGE('',*,*,#6866,.T.);
#6891 = ORIENTED_EDGE('',*,*,#2520,.T.);
#6892 = ORIENTED_EDGE('',*,*,#6893,.F.);
#6893 = EDGE_CURVE('',#6283,#2488,#6894,.T.);
#6894 = SURFACE_CURVE('',#6895,(#6899,#6906),.PCURVE_S1.);
#6895 = LINE('',#6896,#6897);
#6896 = CARTESIAN_POINT('',(19.75166875,-4.5,-3.426978125));
#6897 = VECTOR('',#6898,1.);
#6898 = DIRECTION('',(0.,1.,2.230669073875E-16));
#6899 = PCURVE('',#2538,#6900);
#6900 = DEFINITIONAL_REPRESENTATION('',(#6901),#6905);
#6901 = LINE('',#6902,#6903);
#6902 = CARTESIAN_POINT('',(1.,0.));
#6903 = VECTOR('',#6904,1.);
#6904 = DIRECTION('',(0.,-1.));
#6905 = ( GEOMETRIC_REPRESENTATION_CONTEXT(2) 
PARAMETRIC_REPRESENTATION_CONTEXT() REPRESENTATION_CONTEXT('2D SPACE',''
  ) );
#6906 = PCURVE('',#2505,#6907);
#6907 = DEFINITIONAL_REPRESENTATION('',(#6908),#6912);
#6908 = LINE('',#6909,#6910);
#6909 = CARTESIAN_POINT('',(0.,0.));
#6910 = VECTOR('',#6911,1.);
#6911 = DIRECTION('',(0.,-1.));
#6912 = ( GEOMETRIC_REPRESENTATION_CONTEXT(2) 
PARAMETRIC_REPRESENTATION_CONTEXT() REPRESENTATION_CONTEXT('2D SPACE',''
  ) );
#6913 = ORIENTED_EDGE('',*,*,#6282,.F.);
#6914 = ADVANCED_FACE('',(#6915),#2505,.F.);
#6915 = FACE_BOUND('',#6916,.F.);
#6916 = EDGE_LOOP('',(#6917,#6918,#6919,#6940));
#6917 = ORIENTED_EDGE('',*,*,#6893,.T.);
#6918 = ORIENTED_EDGE('',*,*,#2487,.T.);
#6919 = ORIENTED_EDGE('',*,*,#6920,.F.);
#6920 = EDGE_CURVE('',#6308,#2455,#6921,.T.);
#6921 = SURFACE_CURVE('',#6922,(#6926,#6933),.PCURVE_S1.);
#6922 = LINE('',#6923,#6924);
#6923 = CARTESIAN_POINT('',(24.45225625,-4.5,-3.627003125));
#6924 = VECTOR('',#6925,1.);
#6925 = DIRECTION('',(0.,1.,2.230669073875E-16));
#6926 = PCURVE('',#2505,#6927);
#6927 = DEFINITIONAL_REPRESENTATION('',(#6928),#6932);
#6928 = LINE('',#6929,#6930);
#6929 = CARTESIAN_POINT('',(1.,0.));
#6930 = VECTOR('',#6931,1.);
#6931 = DIRECTION('',(0.,-1.));
#6932 = ( GEOMETRIC_REPRESENTATION_CONTEXT(2) 
PARAMETRIC_REPRESENTATION_CONTEXT() REPRESENTATION_CONTEXT('2D SPACE',''
  ) );
#6933 = PCURVE('',#2472,#6934);
#6934 = DEFINITIONAL_REPRESENTATION('',(#6935),#6939);
#6935 = LINE('',#6936,#6937);
#6936 = CARTESIAN_POINT('',(0.,0.));
#6937 = VECTOR('',#6938,1.);
#6938 = DIRECTION('',(0.,-1.));
#6939 = ( GEOMETRIC_REPRESENTATION_CONTEXT(2) 
PARAMETRIC_REPRESENTATION_CONTEXT() REPRESENTATION_CONTEXT('2D SPACE',''
  ) );
#6940 = ORIENTED_EDGE('',*,*,#6307,.F.);
#6941 = ADVANCED_FACE('',(#6942),#2472,.F.);
#6942 = FACE_BOUND('',#6943,.F.);
#6943 = EDGE_LOOP('',(#6944,#6945,#6946,#6967));
#6944 = ORIENTED_EDGE('',*,*,#6920,.T.);
#6945 = ORIENTED_EDGE('',*,*,#2454,.T.);
#6946 = ORIENTED_EDGE('',*,*,#6947,.F.);
#6947 = EDGE_CURVE('',#6333,#2422,#6948,.T.);
#6948 = SURFACE_CURVE('',#6949,(#6953,#6960),.PCURVE_S1.);
#6949 = LINE('',#6950,#6951);
#6950 = CARTESIAN_POINT('',(27.65265625,-4.5,-4.202075));
#6951 = VECTOR('',#6952,1.);
#6952 = DIRECTION('',(0.,1.,2.230669073875E-16));
#6953 = PCURVE('',#2472,#6954);
#6954 = DEFINITIONAL_REPRESENTATION('',(#6955),#6959);
#6955 = LINE('',#6956,#6957);
#6956 = CARTESIAN_POINT('',(1.,0.));
#6957 = VECTOR('',#6958,1.);
#6958 = DIRECTION('',(0.,-1.));
#6959 = ( GEOMETRIC_REPRESENTATION_CONTEXT(2) 
PARAMETRIC_REPRESENTATION_CONTEXT() REPRESENTATION_CONTEXT('2D SPACE',''
  ) );
#6960 = PCURVE('',#2439,#6961);
#6961 = DEFINITIONAL_REPRESENTATION('',(#6962),#6966);
#6962 = LINE('',#6963,#6964);
#6963 = CARTESIAN_POINT('',(0.,0.));
#6964 = VECTOR('',#6965,1.);
#6965 = DIRECTION('',(0.,-1.));
#6966 = ( GEOMETRIC_REPRESENTATION_CONTEXT(2) 
PARAMETRIC_REPRESENTATION_CONTEXT() REPRESENTATION_CONTEXT('2D SPACE',''
  ) );
#6967 = ORIENTED_EDGE('',*,*,#6332,.F.);
#6968 = ADVANCED_FACE('',(#6969),#2439,.F.);
#6969 = FACE_BOUND('',#6970,.F.);
#6970 = EDGE_LOOP('',(#6971,#6972,#6973,#6994));
#6971 = ORIENTED_EDGE('',*,*,#6947,.T.);
#6972 = ORIENTED_EDGE('',*,*,#2421,.T.);
#6973 = ORIENTED_EDGE('',*,*,#6974,.F.);
#6974 = EDGE_CURVE('',#6358,#2389,#6975,.T.);
#6975 = SURFACE_CURVE('',#6976,(#6980,#6987),.PCURVE_S1.);
#6976 = LINE('',#6977,#6978);
#6977 = CARTESIAN_POINT('',(29.002825,-4.5,-3.75201875));
#6978 = VECTOR('',#6979,1.);
#6979 = DIRECTION('',(0.,1.,2.230669073875E-16));
#6980 = PCURVE('',#2439,#6981);
#6981 = DEFINITIONAL_REPRESENTATION('',(#6982),#6986);
#6982 = LINE('',#6983,#6984);
#6983 = CARTESIAN_POINT('',(1.,0.));
#6984 = VECTOR('',#6985,1.);
#6985 = DIRECTION('',(0.,-1.));
#6986 = ( GEOMETRIC_REPRESENTATION_CONTEXT(2) 
PARAMETRIC_REPRESENTATION_CONTEXT() REPRESENTATION_CONTEXT('2D SPACE',''
  ) );
#6987 = PCURVE('',#2406,#6988);
#6988 = DEFINITIONAL_REPRESENTATION('',(#6989),#6993);
#6989 = LINE('',#6990,#6991);
#6990 = CARTESIAN_POINT('',(0.,0.));
#6991 = VECTOR('',#6992,1.);
#6992 = DIRECTION('',(0.,-1.));
#6993 = ( GEOMETRIC_REPRESENTATION_CONTEXT(2) 
PARAMETRIC_REPRESENTATION_CONTEXT() REPRESENTATION_CONTEXT('2D SPACE',''
  ) );
#6994 = ORIENTED_EDGE('',*,*,#6357,.F.);
#6995 = ADVANCED_FACE('',(#6996),#2406,.F.);
#6996 = FACE_BOUND('',#6997,.F.);
#6997 = EDGE_LOOP('',(#6998,#6999,#7000,#7021));
#6998 = ORIENTED_EDGE('',*,*,#6974,.T.);
#6999 = ORIENTED_EDGE('',*,*,#2388,.T.);
#7000 = ORIENTED_EDGE('',*,*,#7001,.F.);
#7001 = EDGE_CURVE('',#6383,#2356,#7002,.T.);
#7002 = SURFACE_CURVE('',#7003,(#7007,#7014),.PCURVE_S1.);
#7003 = LINE('',#7004,#7005);
#7004 = CARTESIAN_POINT('',(27.35261875,-4.5,-1.026678125));
#7005 = VECTOR('',#7006,1.);
#7006 = DIRECTION('',(0.,1.,2.230669073875E-16));
#7007 = PCURVE('',#2406,#7008);
#7008 = DEFINITIONAL_REPRESENTATION('',(#7009),#7013);
#7009 = LINE('',#7010,#7011);
#7010 = CARTESIAN_POINT('',(1.,0.));
#7011 = VECTOR('',#7012,1.);
#7012 = DIRECTION('',(0.,-1.));
#7013 = ( GEOMETRIC_REPRESENTATION_CONTEXT(2) 
PARAMETRIC_REPRESENTATION_CONTEXT() REPRESENTATION_CONTEXT('2D SPACE',''
  ) );
#7014 = PCURVE('',#2373,#7015);
#7015 = DEFINITIONAL_REPRESENTATION('',(#7016),#7020);
#7016 = LINE('',#7017,#7018);
#7017 = CARTESIAN_POINT('',(0.,0.));
#7018 = VECTOR('',#7019,1.);
#7019 = DIRECTION('',(0.,-1.));
#7020 = ( GEOMETRIC_REPRESENTATION_CONTEXT(2) 
PARAMETRIC_REPRESENTATION_CONTEXT() REPRESENTATION_CONTEXT('2D SPACE',''
  ) );
#7021 = ORIENTED_EDGE('',*,*,#6382,.F.);
#7022 = ADVANCED_FACE('',(#7023),#2373,.F.);
#7023 = FACE_BOUND('',#7024,.F.);
#7024 = EDGE_LOOP('',(#7025,#7026,#7027,#7048));
#7025 = ORIENTED_EDGE('',*,*,#7001,.T.);
#7026 = ORIENTED_EDGE('',*,*,#2355,.T.);
#7027 = ORIENTED_EDGE('',*,*,#7028,.F.);
#7028 = EDGE_CURVE('',#6408,#2323,#7029,.T.);
#7029 = SURFACE_CURVE('',#7030,(#7034,#7041),.PCURVE_S1.);
#7030 = LINE('',#7031,#7032);
#7031 = CARTESIAN_POINT('',(24.227228125,-4.5,2.723790625));
#7032 = VECTOR('',#7033,1.);
#7033 = DIRECTION('',(0.,1.,2.230669073875E-16));
#7034 = PCURVE('',#2373,#7035);
#7035 = DEFINITIONAL_REPRESENTATION('',(#7036),#7040);
#7036 = LINE('',#7037,#7038);
#7037 = CARTESIAN_POINT('',(1.,0.));
#7038 = VECTOR('',#7039,1.);
#7039 = DIRECTION('',(0.,-1.));
#7040 = ( GEOMETRIC_REPRESENTATION_CONTEXT(2) 
PARAMETRIC_REPRESENTATION_CONTEXT() REPRESENTATION_CONTEXT('2D SPACE',''
  ) );
#7041 = PCURVE('',#2340,#7042);
#7042 = DEFINITIONAL_REPRESENTATION('',(#7043),#7047);
#7043 = LINE('',#7044,#7045);
#7044 = CARTESIAN_POINT('',(0.,0.));
#7045 = VECTOR('',#7046,1.);
#7046 = DIRECTION('',(0.,-1.));
#7047 = ( GEOMETRIC_REPRESENTATION_CONTEXT(2) 
PARAMETRIC_REPRESENTATION_CONTEXT() REPRESENTATION_CONTEXT('2D SPACE',''
  ) );
#7048 = ORIENTED_EDGE('',*,*,#6407,.F.);
#7049 = ADVANCED_FACE('',(#7050),#2340,.F.);
#7050 = FACE_BOUND('',#7051,.F.);
#7051 = EDGE_LOOP('',(#7052,#7053,#7054,#7055));
#7052 = ORIENTED_EDGE('',*,*,#7028,.T.);
#7053 = ORIENTED_EDGE('',*,*,#2322,.T.);
#7054 = ORIENTED_EDGE('',*,*,#6629,.F.);
#7055 = ORIENTED_EDGE('',*,*,#6432,.F.);
#7056 = ADVANCED_FACE('',(#7057),#2737,.F.);
#7057 = FACE_BOUND('',#7058,.F.);
#7058 = EDGE_LOOP('',(#7059,#7082,#7083,#7106));
#7059 = ORIENTED_EDGE('',*,*,#7060,.T.);
#7060 = EDGE_CURVE('',#7061,#2718,#7063,.T.);
#7061 = VERTEX_POINT('',#7062);
#7062 = CARTESIAN_POINT('',(12.8008,-4.5,5.24910625));
#7063 = SURFACE_CURVE('',#7064,(#7068,#7075),.PCURVE_S1.);
#7064 = LINE('',#7065,#7066);
#7065 = CARTESIAN_POINT('',(12.8008,-4.5,5.24910625));
#7066 = VECTOR('',#7067,1.);
#7067 = DIRECTION('',(0.,1.,2.230669073875E-16));
#7068 = PCURVE('',#2737,#7069);
#7069 = DEFINITIONAL_REPRESENTATION('',(#7070),#7074);
#7070 = LINE('',#7071,#7072);
#7071 = CARTESIAN_POINT('',(0.,0.));
#7072 = VECTOR('',#7073,1.);
#7073 = DIRECTION('',(0.,-1.));
#7074 = ( GEOMETRIC_REPRESENTATION_CONTEXT(2) 
PARAMETRIC_REPRESENTATION_CONTEXT() REPRESENTATION_CONTEXT('2D SPACE',''
  ) );
#7075 = PCURVE('',#2770,#7076);
#7076 = DEFINITIONAL_REPRESENTATION('',(#7077),#7081);
#7077 = LINE('',#7078,#7079);
#7078 = CARTESIAN_POINT('',(1.,0.));
#7079 = VECTOR('',#7080,1.);
#7080 = DIRECTION('',(0.,-1.));
#7081 = ( GEOMETRIC_REPRESENTATION_CONTEXT(2) 
PARAMETRIC_REPRESENTATION_CONTEXT() REPRESENTATION_CONTEXT('2D SPACE',''
  ) );
#7082 = ORIENTED_EDGE('',*,*,#2717,.T.);
#7083 = ORIENTED_EDGE('',*,*,#7084,.F.);
#7084 = EDGE_CURVE('',#7085,#2720,#7087,.T.);
#7085 = VERTEX_POINT('',#7086);
#7086 = CARTESIAN_POINT('',(12.675784375,-4.5,5.44913125));
#7087 = SURFACE_CURVE('',#7088,(#7092,#7099),.PCURVE_S1.);
#7088 = LINE('',#7089,#7090);
#7089 = CARTESIAN_POINT('',(12.675784375,-4.5,5.44913125));
#7090 = VECTOR('',#7091,1.);
#7091 = DIRECTION('',(0.,1.,2.230669073875E-16));
#7092 = PCURVE('',#2737,#7093);
#7093 = DEFINITIONAL_REPRESENTATION('',(#7094),#7098);
#7094 = LINE('',#7095,#7096);
#7095 = CARTESIAN_POINT('',(1.,0.));
#7096 = VECTOR('',#7097,1.);
#7097 = DIRECTION('',(0.,-1.));
#7098 = ( GEOMETRIC_REPRESENTATION_CONTEXT(2) 
PARAMETRIC_REPRESENTATION_CONTEXT() REPRESENTATION_CONTEXT('2D SPACE',''
  ) );
#7099 = PCURVE('',#4682,#7100);
#7100 = DEFINITIONAL_REPRESENTATION('',(#7101),#7105);
#7101 = LINE('',#7102,#7103);
#7102 = CARTESIAN_POINT('',(0.,0.));
#7103 = VECTOR('',#7104,1.);
#7104 = DIRECTION('',(0.,-1.));
#7105 = ( GEOMETRIC_REPRESENTATION_CONTEXT(2) 
PARAMETRIC_REPRESENTATION_CONTEXT() REPRESENTATION_CONTEXT('2D SPACE',''
  ) );
#7106 = ORIENTED_EDGE('',*,*,#7107,.F.);
#7107 = EDGE_CURVE('',#7061,#7085,#7108,.T.);
#7108 = SURFACE_CURVE('',#7109,(#7114,#7121),.PCURVE_S1.);
#7109 = B_SPLINE_CURVE_WITH_KNOTS('',3,(#7110,#7111,#7112,#7113),
  .UNSPECIFIED.,.F.,.F.,(4,4),(0.,1.),.PIECEWISE_BEZIER_KNOTS.);
#7110 = CARTESIAN_POINT('',(12.8008,-4.5,5.24910625));
#7111 = CARTESIAN_POINT('',(12.7629832735,-4.5,5.317042490969));
#7112 = CARTESIAN_POINT('',(12.701382074313,-4.5,5.377336776813));
#7113 = CARTESIAN_POINT('',(12.675784375,-4.5,5.44913125));
#7114 = PCURVE('',#2737,#7115);
#7115 = DEFINITIONAL_REPRESENTATION('',(#7116),#7120);
#7116 = LINE('',#7117,#7118);
#7117 = CARTESIAN_POINT('',(0.,0.));
#7118 = VECTOR('',#7119,1.);
#7119 = DIRECTION('',(1.,0.));
#7120 = ( GEOMETRIC_REPRESENTATION_CONTEXT(2) 
PARAMETRIC_REPRESENTATION_CONTEXT() REPRESENTATION_CONTEXT('2D SPACE',''
  ) );
#7121 = PCURVE('',#7122,#7127);
#7122 = PLANE('',#7123);
#7123 = AXIS2_PLACEMENT_3D('',#7124,#7125,#7126);
#7124 = CARTESIAN_POINT('',(38.,-4.5,-1.33226762955E-15));
#7125 = DIRECTION('',(0.,1.,1.130669073875E-16));
#7126 = DIRECTION('',(0.,-1.130669073875E-16,1.));
#7127 = DEFINITIONAL_REPRESENTATION('',(#7128),#7133);
#7128 = B_SPLINE_CURVE_WITH_KNOTS('',3,(#7129,#7130,#7131,#7132),
  .UNSPECIFIED.,.F.,.F.,(4,4),(0.,1.),.PIECEWISE_BEZIER_KNOTS.);
#7129 = CARTESIAN_POINT('',(5.24910625,-25.1992));
#7130 = CARTESIAN_POINT('',(5.317042490969,-25.2370167265));
#7131 = CARTESIAN_POINT('',(5.377336776813,-25.29861792568));
#7132 = CARTESIAN_POINT('',(5.44913125,-25.324215625));
#7133 = ( GEOMETRIC_REPRESENTATION_CONTEXT(2) 
PARAMETRIC_REPRESENTATION_CONTEXT() REPRESENTATION_CONTEXT('2D SPACE',''
  ) );
#7134 = ADVANCED_FACE('',(#7135),#2770,.F.);
#7135 = FACE_BOUND('',#7136,.F.);
#7136 = EDGE_LOOP('',(#7137,#7160,#7161,#7162));
#7137 = ORIENTED_EDGE('',*,*,#7138,.T.);
#7138 = EDGE_CURVE('',#7139,#2753,#7141,.T.);
#7139 = VERTEX_POINT('',#7140);
#7140 = CARTESIAN_POINT('',(13.1008375,-4.5,4.774046875));
#7141 = SURFACE_CURVE('',#7142,(#7146,#7153),.PCURVE_S1.);
#7142 = LINE('',#7143,#7144);
#7143 = CARTESIAN_POINT('',(13.1008375,-4.5,4.774046875));
#7144 = VECTOR('',#7145,1.);
#7145 = DIRECTION('',(0.,1.,2.230669073875E-16));
#7146 = PCURVE('',#2770,#7147);
#7147 = DEFINITIONAL_REPRESENTATION('',(#7148),#7152);
#7148 = LINE('',#7149,#7150);
#7149 = CARTESIAN_POINT('',(0.,0.));
#7150 = VECTOR('',#7151,1.);
#7151 = DIRECTION('',(0.,-1.));
#7152 = ( GEOMETRIC_REPRESENTATION_CONTEXT(2) 
PARAMETRIC_REPRESENTATION_CONTEXT() REPRESENTATION_CONTEXT('2D SPACE',''
  ) );
#7153 = PCURVE('',#2803,#7154);
#7154 = DEFINITIONAL_REPRESENTATION('',(#7155),#7159);
#7155 = LINE('',#7156,#7157);
#7156 = CARTESIAN_POINT('',(1.,0.));
#7157 = VECTOR('',#7158,1.);
#7158 = DIRECTION('',(0.,-1.));
#7159 = ( GEOMETRIC_REPRESENTATION_CONTEXT(2) 
PARAMETRIC_REPRESENTATION_CONTEXT() REPRESENTATION_CONTEXT('2D SPACE',''
  ) );
#7160 = ORIENTED_EDGE('',*,*,#2752,.T.);
#7161 = ORIENTED_EDGE('',*,*,#7060,.F.);
#7162 = ORIENTED_EDGE('',*,*,#7163,.F.);
#7163 = EDGE_CURVE('',#7139,#7061,#7164,.T.);
#7164 = SURFACE_CURVE('',#7165,(#7170,#7177),.PCURVE_S1.);
#7165 = B_SPLINE_CURVE_WITH_KNOTS('',3,(#7166,#7167,#7168,#7169),
  .UNSPECIFIED.,.F.,.F.,(4,4),(0.,1.),.PIECEWISE_BEZIER_KNOTS.);
#7166 = CARTESIAN_POINT('',(13.1008375,-4.5,4.774046875));
#7167 = CARTESIAN_POINT('',(13.006778244063,-4.5,4.934865974875));
#7168 = CARTESIAN_POINT('',(12.90837144475,-4.5,5.093884099656));
#7169 = CARTESIAN_POINT('',(12.8008,-4.5,5.24910625));
#7170 = PCURVE('',#2770,#7171);
#7171 = DEFINITIONAL_REPRESENTATION('',(#7172),#7176);
#7172 = LINE('',#7173,#7174);
#7173 = CARTESIAN_POINT('',(0.,0.));
#7174 = VECTOR('',#7175,1.);
#7175 = DIRECTION('',(1.,0.));
#7176 = ( GEOMETRIC_REPRESENTATION_CONTEXT(2) 
PARAMETRIC_REPRESENTATION_CONTEXT() REPRESENTATION_CONTEXT('2D SPACE',''
  ) );
#7177 = PCURVE('',#7122,#7178);
#7178 = DEFINITIONAL_REPRESENTATION('',(#7179),#7184);
#7179 = B_SPLINE_CURVE_WITH_KNOTS('',3,(#7180,#7181,#7182,#7183),
  .UNSPECIFIED.,.F.,.F.,(4,4),(0.,1.),.PIECEWISE_BEZIER_KNOTS.);
#7180 = CARTESIAN_POINT('',(4.774046875,-24.8991625));
#7181 = CARTESIAN_POINT('',(4.934865974875,-24.99322175593));
#7182 = CARTESIAN_POINT('',(5.093884099656,-25.09162855525));
#7183 = CARTESIAN_POINT('',(5.24910625,-25.1992));
#7184 = ( GEOMETRIC_REPRESENTATION_CONTEXT(2) 
PARAMETRIC_REPRESENTATION_CONTEXT() REPRESENTATION_CONTEXT('2D SPACE',''
  ) );
#7185 = ADVANCED_FACE('',(#7186),#4682,.F.);
#7186 = FACE_BOUND('',#7187,.F.);
#7187 = EDGE_LOOP('',(#7188,#7189,#7190,#7213));
#7188 = ORIENTED_EDGE('',*,*,#7084,.T.);
#7189 = ORIENTED_EDGE('',*,*,#4666,.T.);
#7190 = ORIENTED_EDGE('',*,*,#7191,.F.);
#7191 = EDGE_CURVE('',#7192,#4634,#7194,.T.);
#7192 = VERTEX_POINT('',#7193);
#7193 = CARTESIAN_POINT('',(12.95081875,-4.5,5.44913125));
#7194 = SURFACE_CURVE('',#7195,(#7199,#7206),.PCURVE_S1.);
#7195 = LINE('',#7196,#7197);
#7196 = CARTESIAN_POINT('',(12.95081875,-4.5,5.44913125));
#7197 = VECTOR('',#7198,1.);
#7198 = DIRECTION('',(0.,1.,2.230669073875E-16));
#7199 = PCURVE('',#4682,#7200);
#7200 = DEFINITIONAL_REPRESENTATION('',(#7201),#7205);
#7201 = LINE('',#7202,#7203);
#7202 = CARTESIAN_POINT('',(1.,0.));
#7203 = VECTOR('',#7204,1.);
#7204 = DIRECTION('',(0.,-1.));
#7205 = ( GEOMETRIC_REPRESENTATION_CONTEXT(2) 
PARAMETRIC_REPRESENTATION_CONTEXT() REPRESENTATION_CONTEXT('2D SPACE',''
  ) );
#7206 = PCURVE('',#4651,#7207);
#7207 = DEFINITIONAL_REPRESENTATION('',(#7208),#7212);
#7208 = LINE('',#7209,#7210);
#7209 = CARTESIAN_POINT('',(0.,0.));
#7210 = VECTOR('',#7211,1.);
#7211 = DIRECTION('',(0.,-1.));
#7212 = ( GEOMETRIC_REPRESENTATION_CONTEXT(2) 
PARAMETRIC_REPRESENTATION_CONTEXT() REPRESENTATION_CONTEXT('2D SPACE',''
  ) );
#7213 = ORIENTED_EDGE('',*,*,#7214,.F.);
#7214 = EDGE_CURVE('',#7085,#7192,#7215,.T.);
#7215 = SURFACE_CURVE('',#7216,(#7221,#7228),.PCURVE_S1.);
#7216 = B_SPLINE_CURVE_WITH_KNOTS('',3,(#7217,#7218,#7219,#7220),
  .UNSPECIFIED.,.F.,.F.,(4,4),(0.,1.),.PIECEWISE_BEZIER_KNOTS.);
#7217 = CARTESIAN_POINT('',(12.675784375,-4.5,5.44913125));
#7218 = CARTESIAN_POINT('',(12.738234930344,-4.5,5.460702446219));
#7219 = CARTESIAN_POINT('',(12.857851630563,-4.5,5.441667567156));
#7220 = CARTESIAN_POINT('',(12.95081875,-4.5,5.44913125));
#7221 = PCURVE('',#4682,#7222);
#7222 = DEFINITIONAL_REPRESENTATION('',(#7223),#7227);
#7223 = LINE('',#7224,#7225);
#7224 = CARTESIAN_POINT('',(0.,0.));
#7225 = VECTOR('',#7226,1.);
#7226 = DIRECTION('',(1.,0.));
#7227 = ( GEOMETRIC_REPRESENTATION_CONTEXT(2) 
PARAMETRIC_REPRESENTATION_CONTEXT() REPRESENTATION_CONTEXT('2D SPACE',''
  ) );
#7228 = PCURVE('',#7122,#7229);
#7229 = DEFINITIONAL_REPRESENTATION('',(#7230),#7235);
#7230 = B_SPLINE_CURVE_WITH_KNOTS('',3,(#7231,#7232,#7233,#7234),
  .UNSPECIFIED.,.F.,.F.,(4,4),(0.,1.),.PIECEWISE_BEZIER_KNOTS.);
#7231 = CARTESIAN_POINT('',(5.44913125,-25.324215625));
#7232 = CARTESIAN_POINT('',(5.460702446219,-25.26176506965));
#7233 = CARTESIAN_POINT('',(5.441667567156,-25.14214836943));
#7234 = CARTESIAN_POINT('',(5.44913125,-25.04918125));
#7235 = ( GEOMETRIC_REPRESENTATION_CONTEXT(2) 
PARAMETRIC_REPRESENTATION_CONTEXT() REPRESENTATION_CONTEXT('2D SPACE',''
  ) );
#7236 = ADVANCED_FACE('',(#7237),#2803,.F.);
#7237 = FACE_BOUND('',#7238,.F.);
#7238 = EDGE_LOOP('',(#7239,#7262,#7263,#7264));
#7239 = ORIENTED_EDGE('',*,*,#7240,.T.);
#7240 = EDGE_CURVE('',#7241,#2786,#7243,.T.);
#7241 = VERTEX_POINT('',#7242);
#7242 = CARTESIAN_POINT('',(13.325865625,-4.5,4.2989875));
#7243 = SURFACE_CURVE('',#7244,(#7248,#7255),.PCURVE_S1.);
#7244 = LINE('',#7245,#7246);
#7245 = CARTESIAN_POINT('',(13.325865625,-4.5,4.2989875));
#7246 = VECTOR('',#7247,1.);
#7247 = DIRECTION('',(0.,1.,2.230669073875E-16));
#7248 = PCURVE('',#2803,#7249);
#7249 = DEFINITIONAL_REPRESENTATION('',(#7250),#7254);
#7250 = LINE('',#7251,#7252);
#7251 = CARTESIAN_POINT('',(0.,0.));
#7252 = VECTOR('',#7253,1.);
#7253 = DIRECTION('',(0.,-1.));
#7254 = ( GEOMETRIC_REPRESENTATION_CONTEXT(2) 
PARAMETRIC_REPRESENTATION_CONTEXT() REPRESENTATION_CONTEXT('2D SPACE',''
  ) );
#7255 = PCURVE('',#2836,#7256);
#7256 = DEFINITIONAL_REPRESENTATION('',(#7257),#7261);
#7257 = LINE('',#7258,#7259);
#7258 = CARTESIAN_POINT('',(1.,0.));
#7259 = VECTOR('',#7260,1.);
#7260 = DIRECTION('',(0.,-1.));
#7261 = ( GEOMETRIC_REPRESENTATION_CONTEXT(2) 
PARAMETRIC_REPRESENTATION_CONTEXT() REPRESENTATION_CONTEXT('2D SPACE',''
  ) );
#7262 = ORIENTED_EDGE('',*,*,#2785,.T.);
#7263 = ORIENTED_EDGE('',*,*,#7138,.F.);
#7264 = ORIENTED_EDGE('',*,*,#7265,.F.);
#7265 = EDGE_CURVE('',#7241,#7139,#7266,.T.);
#7266 = SURFACE_CURVE('',#7267,(#7272,#7279),.PCURVE_S1.);
#7267 = B_SPLINE_CURVE_WITH_KNOTS('',3,(#7268,#7269,#7270,#7271),
  .UNSPECIFIED.,.F.,.F.,(4,4),(0.,1.),.PIECEWISE_BEZIER_KNOTS.);
#7268 = CARTESIAN_POINT('',(13.325865625,-4.5,4.2989875));
#7269 = CARTESIAN_POINT('',(13.2735030805,-4.5,4.466721214094));
#7270 = CARTESIAN_POINT('',(13.185799118875,-4.5,4.619816098563));
#7271 = CARTESIAN_POINT('',(13.1008375,-4.5,4.774046875));
#7272 = PCURVE('',#2803,#7273);
#7273 = DEFINITIONAL_REPRESENTATION('',(#7274),#7278);
#7274 = LINE('',#7275,#7276);
#7275 = CARTESIAN_POINT('',(0.,0.));
#7276 = VECTOR('',#7277,1.);
#7277 = DIRECTION('',(1.,0.));
#7278 = ( GEOMETRIC_REPRESENTATION_CONTEXT(2) 
PARAMETRIC_REPRESENTATION_CONTEXT() REPRESENTATION_CONTEXT('2D SPACE',''
  ) );
#7279 = PCURVE('',#7122,#7280);
#7280 = DEFINITIONAL_REPRESENTATION('',(#7281),#7286);
#7281 = B_SPLINE_CURVE_WITH_KNOTS('',3,(#7282,#7283,#7284,#7285),
  .UNSPECIFIED.,.F.,.F.,(4,4),(0.,1.),.PIECEWISE_BEZIER_KNOTS.);
#7282 = CARTESIAN_POINT('',(4.2989875,-24.674134375));
#7283 = CARTESIAN_POINT('',(4.466721214094,-24.7264969195));
#7284 = CARTESIAN_POINT('',(4.619816098563,-24.81420088112));
#7285 = CARTESIAN_POINT('',(4.774046875,-24.8991625));
#7286 = ( GEOMETRIC_REPRESENTATION_CONTEXT(2) 
PARAMETRIC_REPRESENTATION_CONTEXT() REPRESENTATION_CONTEXT('2D SPACE',''
  ) );
#7287 = ADVANCED_FACE('',(#7288),#4651,.F.);
#7288 = FACE_BOUND('',#7289,.F.);
#7289 = EDGE_LOOP('',(#7290,#7291,#7292,#7315));
#7290 = ORIENTED_EDGE('',*,*,#7191,.T.);
#7291 = ORIENTED_EDGE('',*,*,#4633,.T.);
#7292 = ORIENTED_EDGE('',*,*,#7293,.F.);
#7293 = EDGE_CURVE('',#7294,#4601,#7296,.T.);
#7294 = VERTEX_POINT('',#7295);
#7295 = CARTESIAN_POINT('',(13.3008625,-4.5,5.424128125));
#7296 = SURFACE_CURVE('',#7297,(#7301,#7308),.PCURVE_S1.);
#7297 = LINE('',#7298,#7299);
#7298 = CARTESIAN_POINT('',(13.3008625,-4.5,5.424128125));
#7299 = VECTOR('',#7300,1.);
#7300 = DIRECTION('',(0.,1.,2.230669073875E-16));
#7301 = PCURVE('',#4651,#7302);
#7302 = DEFINITIONAL_REPRESENTATION('',(#7303),#7307);
#7303 = LINE('',#7304,#7305);
#7304 = CARTESIAN_POINT('',(1.,0.));
#7305 = VECTOR('',#7306,1.);
#7306 = DIRECTION('',(0.,-1.));
#7307 = ( GEOMETRIC_REPRESENTATION_CONTEXT(2) 
PARAMETRIC_REPRESENTATION_CONTEXT() REPRESENTATION_CONTEXT('2D SPACE',''
  ) );
#7308 = PCURVE('',#4618,#7309);
#7309 = DEFINITIONAL_REPRESENTATION('',(#7310),#7314);
#7310 = LINE('',#7311,#7312);
#7311 = CARTESIAN_POINT('',(0.,0.));
#7312 = VECTOR('',#7313,1.);
#7313 = DIRECTION('',(0.,-1.));
#7314 = ( GEOMETRIC_REPRESENTATION_CONTEXT(2) 
PARAMETRIC_REPRESENTATION_CONTEXT() REPRESENTATION_CONTEXT('2D SPACE',''
  ) );
#7315 = ORIENTED_EDGE('',*,*,#7316,.F.);
#7316 = EDGE_CURVE('',#7192,#7294,#7317,.T.);
#7317 = SURFACE_CURVE('',#7318,(#7323,#7330),.PCURVE_S1.);
#7318 = B_SPLINE_CURVE_WITH_KNOTS('',3,(#7319,#7320,#7321,#7322),
  .UNSPECIFIED.,.F.,.F.,(4,4),(0.,1.),.PIECEWISE_BEZIER_KNOTS.);
#7319 = CARTESIAN_POINT('',(12.95081875,-4.5,5.44913125));
#7320 = CARTESIAN_POINT('',(13.069929386969,-4.5,5.44666094125));
#7321 = CARTESIAN_POINT('',(13.196162914188,-4.5,5.461388782));
#7322 = CARTESIAN_POINT('',(13.3008625,-4.5,5.424128125));
#7323 = PCURVE('',#4651,#7324);
#7324 = DEFINITIONAL_REPRESENTATION('',(#7325),#7329);
#7325 = LINE('',#7326,#7327);
#7326 = CARTESIAN_POINT('',(0.,0.));
#7327 = VECTOR('',#7328,1.);
#7328 = DIRECTION('',(1.,0.));
#7329 = ( GEOMETRIC_REPRESENTATION_CONTEXT(2) 
PARAMETRIC_REPRESENTATION_CONTEXT() REPRESENTATION_CONTEXT('2D SPACE',''
  ) );
#7330 = PCURVE('',#7122,#7331);
#7331 = DEFINITIONAL_REPRESENTATION('',(#7332),#7337);
#7332 = B_SPLINE_CURVE_WITH_KNOTS('',3,(#7333,#7334,#7335,#7336),
  .UNSPECIFIED.,.F.,.F.,(4,4),(0.,1.),.PIECEWISE_BEZIER_KNOTS.);
#7333 = CARTESIAN_POINT('',(5.44913125,-25.04918125));
#7334 = CARTESIAN_POINT('',(5.44666094125,-24.93007061303));
#7335 = CARTESIAN_POINT('',(5.461388782,-24.80383708581));
#7336 = CARTESIAN_POINT('',(5.424128125,-24.6991375));
#7337 = ( GEOMETRIC_REPRESENTATION_CONTEXT(2) 
PARAMETRIC_REPRESENTATION_CONTEXT() REPRESENTATION_CONTEXT('2D SPACE',''
  ) );
#7338 = ADVANCED_FACE('',(#7339),#2836,.F.);
#7339 = FACE_BOUND('',#7340,.F.);
#7340 = EDGE_LOOP('',(#7341,#7364,#7365,#7366));
#7341 = ORIENTED_EDGE('',*,*,#7342,.T.);
#7342 = EDGE_CURVE('',#7343,#2819,#7345,.T.);
#7343 = VERTEX_POINT('',#7344);
#7344 = CARTESIAN_POINT('',(13.475884375,-4.5,3.871482318531));
#7345 = SURFACE_CURVE('',#7346,(#7350,#7357),.PCURVE_S1.);
#7346 = LINE('',#7347,#7348);
#7347 = CARTESIAN_POINT('',(13.475884375,-4.5,3.871482318531));
#7348 = VECTOR('',#7349,1.);
#7349 = DIRECTION('',(0.,1.,2.230669073875E-16));
#7350 = PCURVE('',#2836,#7351);
#7351 = DEFINITIONAL_REPRESENTATION('',(#7352),#7356);
#7352 = LINE('',#7353,#7354);
#7353 = CARTESIAN_POINT('',(0.,0.));
#7354 = VECTOR('',#7355,1.);
#7355 = DIRECTION('',(0.,-1.));
#7356 = ( GEOMETRIC_REPRESENTATION_CONTEXT(2) 
PARAMETRIC_REPRESENTATION_CONTEXT() REPRESENTATION_CONTEXT('2D SPACE',''
  ) );
#7357 = PCURVE('',#2869,#7358);
#7358 = DEFINITIONAL_REPRESENTATION('',(#7359),#7363);
#7359 = LINE('',#7360,#7361);
#7360 = CARTESIAN_POINT('',(1.,0.));
#7361 = VECTOR('',#7362,1.);
#7362 = DIRECTION('',(0.,-1.));
#7363 = ( GEOMETRIC_REPRESENTATION_CONTEXT(2) 
PARAMETRIC_REPRESENTATION_CONTEXT() REPRESENTATION_CONTEXT('2D SPACE',''
  ) );
#7364 = ORIENTED_EDGE('',*,*,#2818,.T.);
#7365 = ORIENTED_EDGE('',*,*,#7240,.F.);
#7366 = ORIENTED_EDGE('',*,*,#7367,.F.);
#7367 = EDGE_CURVE('',#7343,#7241,#7368,.T.);
#7368 = SURFACE_CURVE('',#7369,(#7374,#7381),.PCURVE_S1.);
#7369 = B_SPLINE_CURVE_WITH_KNOTS('',3,(#7370,#7371,#7372,#7373),
  .UNSPECIFIED.,.F.,.F.,(4,4),(0.,1.),.PIECEWISE_BEZIER_KNOTS.);
#7370 = CARTESIAN_POINT('',(13.475884375,-4.5,3.871482318531));
#7371 = CARTESIAN_POINT('',(13.437540082563,-4.5,4.018814732781));
#7372 = CARTESIAN_POINT('',(13.395640095719,-4.5,4.164674212938));
#7373 = CARTESIAN_POINT('',(13.325865625,-4.5,4.2989875));
#7374 = PCURVE('',#2836,#7375);
#7375 = DEFINITIONAL_REPRESENTATION('',(#7376),#7380);
#7376 = LINE('',#7377,#7378);
#7377 = CARTESIAN_POINT('',(0.,0.));
#7378 = VECTOR('',#7379,1.);
#7379 = DIRECTION('',(1.,0.));
#7380 = ( GEOMETRIC_REPRESENTATION_CONTEXT(2) 
PARAMETRIC_REPRESENTATION_CONTEXT() REPRESENTATION_CONTEXT('2D SPACE',''
  ) );
#7381 = PCURVE('',#7122,#7382);
#7382 = DEFINITIONAL_REPRESENTATION('',(#7383),#7388);
#7383 = B_SPLINE_CURVE_WITH_KNOTS('',3,(#7384,#7385,#7386,#7387),
  .UNSPECIFIED.,.F.,.F.,(4,4),(0.,1.),.PIECEWISE_BEZIER_KNOTS.);
#7384 = CARTESIAN_POINT('',(3.871482318531,-24.524115625));
#7385 = CARTESIAN_POINT('',(4.018814732781,-24.56245991743));
#7386 = CARTESIAN_POINT('',(4.164674212938,-24.60435990428));
#7387 = CARTESIAN_POINT('',(4.2989875,-24.674134375));
#7388 = ( GEOMETRIC_REPRESENTATION_CONTEXT(2) 
PARAMETRIC_REPRESENTATION_CONTEXT() REPRESENTATION_CONTEXT('2D SPACE',''
  ) );
#7389 = ADVANCED_FACE('',(#7390),#4618,.F.);
#7390 = FACE_BOUND('',#7391,.F.);
#7391 = EDGE_LOOP('',(#7392,#7393,#7394,#7417));
#7392 = ORIENTED_EDGE('',*,*,#7293,.T.);
#7393 = ORIENTED_EDGE('',*,*,#4600,.T.);
#7394 = ORIENTED_EDGE('',*,*,#7395,.F.);
#7395 = EDGE_CURVE('',#7396,#4568,#7398,.T.);
#7396 = VERTEX_POINT('',#7397);
#7397 = CARTESIAN_POINT('',(13.7009125,-4.5,5.399125));
#7398 = SURFACE_CURVE('',#7399,(#7403,#7410),.PCURVE_S1.);
#7399 = LINE('',#7400,#7401);
#7400 = CARTESIAN_POINT('',(13.7009125,-4.5,5.399125));
#7401 = VECTOR('',#7402,1.);
#7402 = DIRECTION('',(0.,1.,2.230669073875E-16));
#7403 = PCURVE('',#4618,#7404);
#7404 = DEFINITIONAL_REPRESENTATION('',(#7405),#7409);
#7405 = LINE('',#7406,#7407);
#7406 = CARTESIAN_POINT('',(1.,0.));
#7407 = VECTOR('',#7408,1.);
#7408 = DIRECTION('',(0.,-1.));
#7409 = ( GEOMETRIC_REPRESENTATION_CONTEXT(2) 
PARAMETRIC_REPRESENTATION_CONTEXT() REPRESENTATION_CONTEXT('2D SPACE',''
  ) );
#7410 = PCURVE('',#4585,#7411);
#7411 = DEFINITIONAL_REPRESENTATION('',(#7412),#7416);
#7412 = LINE('',#7413,#7414);
#7413 = CARTESIAN_POINT('',(0.,0.));
#7414 = VECTOR('',#7415,1.);
#7415 = DIRECTION('',(0.,-1.));
#7416 = ( GEOMETRIC_REPRESENTATION_CONTEXT(2) 
PARAMETRIC_REPRESENTATION_CONTEXT() REPRESENTATION_CONTEXT('2D SPACE',''
  ) );
#7417 = ORIENTED_EDGE('',*,*,#7418,.F.);
#7418 = EDGE_CURVE('',#7294,#7396,#7419,.T.);
#7419 = SURFACE_CURVE('',#7420,(#7425,#7432),.PCURVE_S1.);
#7420 = B_SPLINE_CURVE_WITH_KNOTS('',3,(#7421,#7422,#7423,#7424),
  .UNSPECIFIED.,.F.,.F.,(4,4),(0.,1.),.PIECEWISE_BEZIER_KNOTS.);
#7421 = CARTESIAN_POINT('',(13.3008625,-4.5,5.424128125));
#7422 = CARTESIAN_POINT('',(13.443551083844,-4.5,5.438339401188));
#7423 = CARTESIAN_POINT('',(13.557186036438,-4.5,5.382408410688));
#7424 = CARTESIAN_POINT('',(13.7009125,-4.5,5.399125));
#7425 = PCURVE('',#4618,#7426);
#7426 = DEFINITIONAL_REPRESENTATION('',(#7427),#7431);
#7427 = LINE('',#7428,#7429);
#7428 = CARTESIAN_POINT('',(0.,0.));
#7429 = VECTOR('',#7430,1.);
#7430 = DIRECTION('',(1.,0.));
#7431 = ( GEOMETRIC_REPRESENTATION_CONTEXT(2) 
PARAMETRIC_REPRESENTATION_CONTEXT() REPRESENTATION_CONTEXT('2D SPACE',''
  ) );
#7432 = PCURVE('',#7122,#7433);
#7433 = DEFINITIONAL_REPRESENTATION('',(#7434),#7439);
#7434 = B_SPLINE_CURVE_WITH_KNOTS('',3,(#7435,#7436,#7437,#7438),
  .UNSPECIFIED.,.F.,.F.,(4,4),(0.,1.),.PIECEWISE_BEZIER_KNOTS.);
#7435 = CARTESIAN_POINT('',(5.424128125,-24.6991375));
#7436 = CARTESIAN_POINT('',(5.438339401188,-24.55644891615));
#7437 = CARTESIAN_POINT('',(5.382408410688,-24.44281396356));
#7438 = CARTESIAN_POINT('',(5.399125,-24.2990875));
#7439 = ( GEOMETRIC_REPRESENTATION_CONTEXT(2) 
PARAMETRIC_REPRESENTATION_CONTEXT() REPRESENTATION_CONTEXT('2D SPACE',''
  ) );
#7440 = ADVANCED_FACE('',(#7441),#2869,.F.);
#7441 = FACE_BOUND('',#7442,.F.);
#7442 = EDGE_LOOP('',(#7443,#7466,#7467,#7468));
#7443 = ORIENTED_EDGE('',*,*,#7444,.T.);
#7444 = EDGE_CURVE('',#7445,#2852,#7447,.T.);
#7445 = VERTEX_POINT('',#7446);
#7446 = CARTESIAN_POINT('',(13.55089375,-4.5,3.523890625));
#7447 = SURFACE_CURVE('',#7448,(#7452,#7459),.PCURVE_S1.);
#7448 = LINE('',#7449,#7450);
#7449 = CARTESIAN_POINT('',(13.55089375,-4.5,3.523890625));
#7450 = VECTOR('',#7451,1.);
#7451 = DIRECTION('',(0.,1.,2.230669073875E-16));
#7452 = PCURVE('',#2869,#7453);
#7453 = DEFINITIONAL_REPRESENTATION('',(#7454),#7458);
#7454 = LINE('',#7455,#7456);
#7455 = CARTESIAN_POINT('',(0.,0.));
#7456 = VECTOR('',#7457,1.);
#7457 = DIRECTION('',(0.,-1.));
#7458 = ( GEOMETRIC_REPRESENTATION_CONTEXT(2) 
PARAMETRIC_REPRESENTATION_CONTEXT() REPRESENTATION_CONTEXT('2D SPACE',''
  ) );
#7459 = PCURVE('',#2902,#7460);
#7460 = DEFINITIONAL_REPRESENTATION('',(#7461),#7465);
#7461 = LINE('',#7462,#7463);
#7462 = CARTESIAN_POINT('',(1.,0.));
#7463 = VECTOR('',#7464,1.);
#7464 = DIRECTION('',(0.,-1.));
#7465 = ( GEOMETRIC_REPRESENTATION_CONTEXT(2) 
PARAMETRIC_REPRESENTATION_CONTEXT() REPRESENTATION_CONTEXT('2D SPACE',''
  ) );
#7466 = ORIENTED_EDGE('',*,*,#2851,.T.);
#7467 = ORIENTED_EDGE('',*,*,#7342,.F.);
#7468 = ORIENTED_EDGE('',*,*,#7469,.F.);
#7469 = EDGE_CURVE('',#7445,#7343,#7470,.T.);
#7470 = SURFACE_CURVE('',#7471,(#7476,#7483),.PCURVE_S1.);
#7471 = B_SPLINE_CURVE_WITH_KNOTS('',3,(#7472,#7473,#7474,#7475),
  .UNSPECIFIED.,.F.,.F.,(4,4),(0.,1.),.PIECEWISE_BEZIER_KNOTS.);
#7472 = CARTESIAN_POINT('',(13.55089375,-4.5,3.523890625));
#7473 = CARTESIAN_POINT('',(13.509572335469,-4.5,3.632995261375));
#7474 = CARTESIAN_POINT('',(13.509558833781,-4.5,3.759210286281));
#7475 = CARTESIAN_POINT('',(13.475884375,-4.5,3.871482318531));
#7476 = PCURVE('',#2869,#7477);
#7477 = DEFINITIONAL_REPRESENTATION('',(#7478),#7482);
#7478 = LINE('',#7479,#7480);
#7479 = CARTESIAN_POINT('',(0.,0.));
#7480 = VECTOR('',#7481,1.);
#7481 = DIRECTION('',(1.,0.));
#7482 = ( GEOMETRIC_REPRESENTATION_CONTEXT(2) 
PARAMETRIC_REPRESENTATION_CONTEXT() REPRESENTATION_CONTEXT('2D SPACE',''
  ) );
#7483 = PCURVE('',#7122,#7484);
#7484 = DEFINITIONAL_REPRESENTATION('',(#7485),#7490);
#7485 = B_SPLINE_CURVE_WITH_KNOTS('',3,(#7486,#7487,#7488,#7489),
  .UNSPECIFIED.,.F.,.F.,(4,4),(0.,1.),.PIECEWISE_BEZIER_KNOTS.);
#7486 = CARTESIAN_POINT('',(3.523890625,-24.44910625));
#7487 = CARTESIAN_POINT('',(3.632995261375,-24.49042766453));
#7488 = CARTESIAN_POINT('',(3.759210286281,-24.49044116621));
#7489 = CARTESIAN_POINT('',(3.871482318531,-24.524115625));
#7490 = ( GEOMETRIC_REPRESENTATION_CONTEXT(2) 
PARAMETRIC_REPRESENTATION_CONTEXT() REPRESENTATION_CONTEXT('2D SPACE',''
  ) );
#7491 = ADVANCED_FACE('',(#7492),#4585,.F.);
#7492 = FACE_BOUND('',#7493,.F.);
#7493 = EDGE_LOOP('',(#7494,#7495,#7496,#7519));
#7494 = ORIENTED_EDGE('',*,*,#7395,.T.);
#7495 = ORIENTED_EDGE('',*,*,#4567,.T.);
#7496 = ORIENTED_EDGE('',*,*,#7497,.F.);
#7497 = EDGE_CURVE('',#7498,#4535,#7500,.T.);
#7498 = VERTEX_POINT('',#7499);
#7499 = CARTESIAN_POINT('',(14.00095,-4.5,5.34911875));
#7500 = SURFACE_CURVE('',#7501,(#7505,#7512),.PCURVE_S1.);
#7501 = LINE('',#7502,#7503);
#7502 = CARTESIAN_POINT('',(14.00095,-4.5,5.34911875));
#7503 = VECTOR('',#7504,1.);
#7504 = DIRECTION('',(0.,1.,2.230669073875E-16));
#7505 = PCURVE('',#4585,#7506);
#7506 = DEFINITIONAL_REPRESENTATION('',(#7507),#7511);
#7507 = LINE('',#7508,#7509);
#7508 = CARTESIAN_POINT('',(1.,0.));
#7509 = VECTOR('',#7510,1.);
#7510 = DIRECTION('',(0.,-1.));
#7511 = ( GEOMETRIC_REPRESENTATION_CONTEXT(2) 
PARAMETRIC_REPRESENTATION_CONTEXT() REPRESENTATION_CONTEXT('2D SPACE',''
  ) );
#7512 = PCURVE('',#4552,#7513);
#7513 = DEFINITIONAL_REPRESENTATION('',(#7514),#7518);
#7514 = LINE('',#7515,#7516);
#7515 = CARTESIAN_POINT('',(0.,0.));
#7516 = VECTOR('',#7517,1.);
#7517 = DIRECTION('',(0.,-1.));
#7518 = ( GEOMETRIC_REPRESENTATION_CONTEXT(2) 
PARAMETRIC_REPRESENTATION_CONTEXT() REPRESENTATION_CONTEXT('2D SPACE',''
  ) );
#7519 = ORIENTED_EDGE('',*,*,#7520,.F.);
#7520 = EDGE_CURVE('',#7396,#7498,#7521,.T.);
#7521 = SURFACE_CURVE('',#7522,(#7527,#7534),.PCURVE_S1.);
#7522 = B_SPLINE_CURVE_WITH_KNOTS('',3,(#7523,#7524,#7525,#7526),
  .UNSPECIFIED.,.F.,.F.,(4,4),(0.,1.),.PIECEWISE_BEZIER_KNOTS.);
#7523 = CARTESIAN_POINT('',(13.7009125,-4.5,5.399125));
#7524 = CARTESIAN_POINT('',(13.79416615525,-4.5,5.366139127281));
#7525 = CARTESIAN_POINT('',(13.898456939969,-4.5,5.359798584813));
#7526 = CARTESIAN_POINT('',(14.00095,-4.5,5.34911875));
#7527 = PCURVE('',#4585,#7528);
#7528 = DEFINITIONAL_REPRESENTATION('',(#7529),#7533);
#7529 = LINE('',#7530,#7531);
#7530 = CARTESIAN_POINT('',(0.,0.));
#7531 = VECTOR('',#7532,1.);
#7532 = DIRECTION('',(1.,0.));
#7533 = ( GEOMETRIC_REPRESENTATION_CONTEXT(2) 
PARAMETRIC_REPRESENTATION_CONTEXT() REPRESENTATION_CONTEXT('2D SPACE',''
  ) );
#7534 = PCURVE('',#7122,#7535);
#7535 = DEFINITIONAL_REPRESENTATION('',(#7536),#7541);
#7536 = B_SPLINE_CURVE_WITH_KNOTS('',3,(#7537,#7538,#7539,#7540),
  .UNSPECIFIED.,.F.,.F.,(4,4),(0.,1.),.PIECEWISE_BEZIER_KNOTS.);
#7537 = CARTESIAN_POINT('',(5.399125,-24.2990875));
#7538 = CARTESIAN_POINT('',(5.366139127281,-24.20583384475));
#7539 = CARTESIAN_POINT('',(5.359798584813,-24.10154306003));
#7540 = CARTESIAN_POINT('',(5.34911875,-23.99905));
#7541 = ( GEOMETRIC_REPRESENTATION_CONTEXT(2) 
PARAMETRIC_REPRESENTATION_CONTEXT() REPRESENTATION_CONTEXT('2D SPACE',''
  ) );
#7542 = ADVANCED_FACE('',(#7543),#2902,.F.);
#7543 = FACE_BOUND('',#7544,.F.);
#7544 = EDGE_LOOP('',(#7545,#7568,#7569,#7570));
#7545 = ORIENTED_EDGE('',*,*,#7546,.T.);
#7546 = EDGE_CURVE('',#7547,#2885,#7549,.T.);
#7547 = VERTEX_POINT('',#7548);
#7548 = CARTESIAN_POINT('',(13.55089375,-4.5,2.573771875));
#7549 = SURFACE_CURVE('',#7550,(#7554,#7561),.PCURVE_S1.);
#7550 = LINE('',#7551,#7552);
#7551 = CARTESIAN_POINT('',(13.55089375,-4.5,2.573771875));
#7552 = VECTOR('',#7553,1.);
#7553 = DIRECTION('',(0.,1.,2.230669073875E-16));
#7554 = PCURVE('',#2902,#7555);
#7555 = DEFINITIONAL_REPRESENTATION('',(#7556),#7560);
#7556 = LINE('',#7557,#7558);
#7557 = CARTESIAN_POINT('',(0.,0.));
#7558 = VECTOR('',#7559,1.);
#7559 = DIRECTION('',(0.,-1.));
#7560 = ( GEOMETRIC_REPRESENTATION_CONTEXT(2) 
PARAMETRIC_REPRESENTATION_CONTEXT() REPRESENTATION_CONTEXT('2D SPACE',''
  ) );
#7561 = PCURVE('',#2935,#7562);
#7562 = DEFINITIONAL_REPRESENTATION('',(#7563),#7567);
#7563 = LINE('',#7564,#7565);
#7564 = CARTESIAN_POINT('',(1.,0.));
#7565 = VECTOR('',#7566,1.);
#7566 = DIRECTION('',(0.,-1.));
#7567 = ( GEOMETRIC_REPRESENTATION_CONTEXT(2) 
PARAMETRIC_REPRESENTATION_CONTEXT() REPRESENTATION_CONTEXT('2D SPACE',''
  ) );
#7568 = ORIENTED_EDGE('',*,*,#2884,.T.);
#7569 = ORIENTED_EDGE('',*,*,#7444,.F.);
#7570 = ORIENTED_EDGE('',*,*,#7571,.F.);
#7571 = EDGE_CURVE('',#7547,#7445,#7572,.T.);
#7572 = SURFACE_CURVE('',#7573,(#7578,#7585),.PCURVE_S1.);
#7573 = B_SPLINE_CURVE_WITH_KNOTS('',3,(#7574,#7575,#7576,#7577),
  .UNSPECIFIED.,.F.,.F.,(4,4),(0.,1.),.PIECEWISE_BEZIER_KNOTS.);
#7574 = CARTESIAN_POINT('',(13.55089375,-4.5,2.573771875));
#7575 = CARTESIAN_POINT('',(13.55089375,-4.5,2.890478208344));
#7576 = CARTESIAN_POINT('',(13.55089375,-4.5,3.207184291656));
#7577 = CARTESIAN_POINT('',(13.55089375,-4.5,3.523890625));
#7578 = PCURVE('',#2902,#7579);
#7579 = DEFINITIONAL_REPRESENTATION('',(#7580),#7584);
#7580 = LINE('',#7581,#7582);
#7581 = CARTESIAN_POINT('',(0.,0.));
#7582 = VECTOR('',#7583,1.);
#7583 = DIRECTION('',(1.,0.));
#7584 = ( GEOMETRIC_REPRESENTATION_CONTEXT(2) 
PARAMETRIC_REPRESENTATION_CONTEXT() REPRESENTATION_CONTEXT('2D SPACE',''
  ) );
#7585 = PCURVE('',#7122,#7586);
#7586 = DEFINITIONAL_REPRESENTATION('',(#7587),#7592);
#7587 = B_SPLINE_CURVE_WITH_KNOTS('',3,(#7588,#7589,#7590,#7591),
  .UNSPECIFIED.,.F.,.F.,(4,4),(0.,1.),.PIECEWISE_BEZIER_KNOTS.);
#7588 = CARTESIAN_POINT('',(2.573771875,-24.44910625));
#7589 = CARTESIAN_POINT('',(2.890478208344,-24.44910625));
#7590 = CARTESIAN_POINT('',(3.207184291656,-24.44910625));
#7591 = CARTESIAN_POINT('',(3.523890625,-24.44910625));
#7592 = ( GEOMETRIC_REPRESENTATION_CONTEXT(2) 
PARAMETRIC_REPRESENTATION_CONTEXT() REPRESENTATION_CONTEXT('2D SPACE',''
  ) );
#7593 = ADVANCED_FACE('',(#7594),#4552,.F.);
#7594 = FACE_BOUND('',#7595,.F.);
#7595 = EDGE_LOOP('',(#7596,#7597,#7598,#7621));
#7596 = ORIENTED_EDGE('',*,*,#7497,.T.);
#7597 = ORIENTED_EDGE('',*,*,#4534,.T.);
#7598 = ORIENTED_EDGE('',*,*,#7599,.F.);
#7599 = EDGE_CURVE('',#7600,#4502,#7602,.T.);
#7600 = VERTEX_POINT('',#7601);
#7601 = CARTESIAN_POINT('',(14.325990625,-4.5,5.2991125));
#7602 = SURFACE_CURVE('',#7603,(#7607,#7614),.PCURVE_S1.);
#7603 = LINE('',#7604,#7605);
#7604 = CARTESIAN_POINT('',(14.325990625,-4.5,5.2991125));
#7605 = VECTOR('',#7606,1.);
#7606 = DIRECTION('',(0.,1.,2.230669073875E-16));
#7607 = PCURVE('',#4552,#7608);
#7608 = DEFINITIONAL_REPRESENTATION('',(#7609),#7613);
#7609 = LINE('',#7610,#7611);
#7610 = CARTESIAN_POINT('',(1.,0.));
#7611 = VECTOR('',#7612,1.);
#7612 = DIRECTION('',(0.,-1.));
#7613 = ( GEOMETRIC_REPRESENTATION_CONTEXT(2) 
PARAMETRIC_REPRESENTATION_CONTEXT() REPRESENTATION_CONTEXT('2D SPACE',''
  ) );
#7614 = PCURVE('',#4519,#7615);
#7615 = DEFINITIONAL_REPRESENTATION('',(#7616),#7620);
#7616 = LINE('',#7617,#7618);
#7617 = CARTESIAN_POINT('',(0.,0.));
#7618 = VECTOR('',#7619,1.);
#7619 = DIRECTION('',(0.,-1.));
#7620 = ( GEOMETRIC_REPRESENTATION_CONTEXT(2) 
PARAMETRIC_REPRESENTATION_CONTEXT() REPRESENTATION_CONTEXT('2D SPACE',''
  ) );
#7621 = ORIENTED_EDGE('',*,*,#7622,.F.);
#7622 = EDGE_CURVE('',#7498,#7600,#7623,.T.);
#7623 = SURFACE_CURVE('',#7624,(#7629,#7636),.PCURVE_S1.);
#7624 = B_SPLINE_CURVE_WITH_KNOTS('',3,(#7625,#7626,#7627,#7628),
  .UNSPECIFIED.,.F.,.F.,(4,4),(0.,1.),.PIECEWISE_BEZIER_KNOTS.);
#7625 = CARTESIAN_POINT('',(14.00095,-4.5,5.34911875));
#7626 = CARTESIAN_POINT('',(14.110639459469,-4.5,5.335691321781));
#7627 = CARTESIAN_POINT('',(14.211165773688,-4.5,5.300141878656));
#7628 = CARTESIAN_POINT('',(14.325990625,-4.5,5.2991125));
#7629 = PCURVE('',#4552,#7630);
#7630 = DEFINITIONAL_REPRESENTATION('',(#7631),#7635);
#7631 = LINE('',#7632,#7633);
#7632 = CARTESIAN_POINT('',(0.,0.));
#7633 = VECTOR('',#7634,1.);
#7634 = DIRECTION('',(1.,0.));
#7635 = ( GEOMETRIC_REPRESENTATION_CONTEXT(2) 
PARAMETRIC_REPRESENTATION_CONTEXT() REPRESENTATION_CONTEXT('2D SPACE',''
  ) );
#7636 = PCURVE('',#7122,#7637);
#7637 = DEFINITIONAL_REPRESENTATION('',(#7638),#7643);
#7638 = B_SPLINE_CURVE_WITH_KNOTS('',3,(#7639,#7640,#7641,#7642),
  .UNSPECIFIED.,.F.,.F.,(4,4),(0.,1.),.PIECEWISE_BEZIER_KNOTS.);
#7639 = CARTESIAN_POINT('',(5.34911875,-23.99905));
#7640 = CARTESIAN_POINT('',(5.335691321781,-23.88936054053));
#7641 = CARTESIAN_POINT('',(5.300141878656,-23.78883422631));
#7642 = CARTESIAN_POINT('',(5.2991125,-23.674009375));
#7643 = ( GEOMETRIC_REPRESENTATION_CONTEXT(2) 
PARAMETRIC_REPRESENTATION_CONTEXT() REPRESENTATION_CONTEXT('2D SPACE',''
  ) );
#7644 = ADVANCED_FACE('',(#7645),#2935,.F.);
#7645 = FACE_BOUND('',#7646,.F.);
#7646 = EDGE_LOOP('',(#7647,#7670,#7671,#7672));
#7647 = ORIENTED_EDGE('',*,*,#7648,.T.);
#7648 = EDGE_CURVE('',#7649,#2918,#7651,.T.);
#7649 = VERTEX_POINT('',#7650);
#7650 = CARTESIAN_POINT('',(13.525890625,-4.5,2.273734375));
#7651 = SURFACE_CURVE('',#7652,(#7656,#7663),.PCURVE_S1.);
#7652 = LINE('',#7653,#7654);
#7653 = CARTESIAN_POINT('',(13.525890625,-4.5,2.273734375));
#7654 = VECTOR('',#7655,1.);
#7655 = DIRECTION('',(0.,1.,2.230669073875E-16));
#7656 = PCURVE('',#2935,#7657);
#7657 = DEFINITIONAL_REPRESENTATION('',(#7658),#7662);
#7658 = LINE('',#7659,#7660);
#7659 = CARTESIAN_POINT('',(0.,0.));
#7660 = VECTOR('',#7661,1.);
#7661 = DIRECTION('',(0.,-1.));
#7662 = ( GEOMETRIC_REPRESENTATION_CONTEXT(2) 
PARAMETRIC_REPRESENTATION_CONTEXT() REPRESENTATION_CONTEXT('2D SPACE',''
  ) );
#7663 = PCURVE('',#2968,#7664);
#7664 = DEFINITIONAL_REPRESENTATION('',(#7665),#7669);
#7665 = LINE('',#7666,#7667);
#7666 = CARTESIAN_POINT('',(1.,0.));
#7667 = VECTOR('',#7668,1.);
#7668 = DIRECTION('',(0.,-1.));
#7669 = ( GEOMETRIC_REPRESENTATION_CONTEXT(2) 
PARAMETRIC_REPRESENTATION_CONTEXT() REPRESENTATION_CONTEXT('2D SPACE',''
  ) );
#7670 = ORIENTED_EDGE('',*,*,#2917,.T.);
#7671 = ORIENTED_EDGE('',*,*,#7546,.F.);
#7672 = ORIENTED_EDGE('',*,*,#7673,.F.);
#7673 = EDGE_CURVE('',#7649,#7547,#7674,.T.);
#7674 = SURFACE_CURVE('',#7675,(#7680,#7687),.PCURVE_S1.);
#7675 = B_SPLINE_CURVE_WITH_KNOTS('',3,(#7676,#7677,#7678,#7679),
  .UNSPECIFIED.,.F.,.F.,(4,4),(0.,1.),.PIECEWISE_BEZIER_KNOTS.);
#7676 = CARTESIAN_POINT('',(13.525890625,-4.5,2.273734375));
#7677 = CARTESIAN_POINT('',(13.515891875313,-4.5,2.381340824125));
#7678 = CARTESIAN_POINT('',(13.536260171031,-4.5,2.476368451094));
#7679 = CARTESIAN_POINT('',(13.55089375,-4.5,2.573771875));
#7680 = PCURVE('',#2935,#7681);
#7681 = DEFINITIONAL_REPRESENTATION('',(#7682),#7686);
#7682 = LINE('',#7683,#7684);
#7683 = CARTESIAN_POINT('',(0.,0.));
#7684 = VECTOR('',#7685,1.);
#7685 = DIRECTION('',(1.,0.));
#7686 = ( GEOMETRIC_REPRESENTATION_CONTEXT(2) 
PARAMETRIC_REPRESENTATION_CONTEXT() REPRESENTATION_CONTEXT('2D SPACE',''
  ) );
#7687 = PCURVE('',#7122,#7688);
#7688 = DEFINITIONAL_REPRESENTATION('',(#7689),#7694);
#7689 = B_SPLINE_CURVE_WITH_KNOTS('',3,(#7690,#7691,#7692,#7693),
  .UNSPECIFIED.,.F.,.F.,(4,4),(0.,1.),.PIECEWISE_BEZIER_KNOTS.);
#7690 = CARTESIAN_POINT('',(2.273734375,-24.474109375));
#7691 = CARTESIAN_POINT('',(2.381340824125,-24.48410812468));
#7692 = CARTESIAN_POINT('',(2.476368451094,-24.46373982896));
#7693 = CARTESIAN_POINT('',(2.573771875,-24.44910625));
#7694 = ( GEOMETRIC_REPRESENTATION_CONTEXT(2) 
PARAMETRIC_REPRESENTATION_CONTEXT() REPRESENTATION_CONTEXT('2D SPACE',''
  ) );
#7695 = ADVANCED_FACE('',(#7696),#4519,.F.);
#7696 = FACE_BOUND('',#7697,.F.);
#7697 = EDGE_LOOP('',(#7698,#7699,#7700,#7723));
#7698 = ORIENTED_EDGE('',*,*,#7599,.T.);
#7699 = ORIENTED_EDGE('',*,*,#4501,.T.);
#7700 = ORIENTED_EDGE('',*,*,#7701,.F.);
#7701 = EDGE_CURVE('',#7702,#4469,#7704,.T.);
#7702 = VERTEX_POINT('',#7703);
#7703 = CARTESIAN_POINT('',(14.673582318531,-4.5,5.224103125));
#7704 = SURFACE_CURVE('',#7705,(#7709,#7716),.PCURVE_S1.);
#7705 = LINE('',#7706,#7707);
#7706 = CARTESIAN_POINT('',(14.673582318531,-4.5,5.224103125));
#7707 = VECTOR('',#7708,1.);
#7708 = DIRECTION('',(0.,1.,2.230669073875E-16));
#7709 = PCURVE('',#4519,#7710);
#7710 = DEFINITIONAL_REPRESENTATION('',(#7711),#7715);
#7711 = LINE('',#7712,#7713);
#7712 = CARTESIAN_POINT('',(1.,0.));
#7713 = VECTOR('',#7714,1.);
#7714 = DIRECTION('',(0.,-1.));
#7715 = ( GEOMETRIC_REPRESENTATION_CONTEXT(2) 
PARAMETRIC_REPRESENTATION_CONTEXT() REPRESENTATION_CONTEXT('2D SPACE',''
  ) );
#7716 = PCURVE('',#4486,#7717);
#7717 = DEFINITIONAL_REPRESENTATION('',(#7718),#7722);
#7718 = LINE('',#7719,#7720);
#7719 = CARTESIAN_POINT('',(0.,0.));
#7720 = VECTOR('',#7721,1.);
#7721 = DIRECTION('',(0.,-1.));
#7722 = ( GEOMETRIC_REPRESENTATION_CONTEXT(2) 
PARAMETRIC_REPRESENTATION_CONTEXT() REPRESENTATION_CONTEXT('2D SPACE',''
  ) );
#7723 = ORIENTED_EDGE('',*,*,#7724,.F.);
#7724 = EDGE_CURVE('',#7600,#7702,#7725,.T.);
#7725 = SURFACE_CURVE('',#7726,(#7731,#7738),.PCURVE_S1.);
#7726 = B_SPLINE_CURVE_WITH_KNOTS('',3,(#7727,#7728,#7729,#7730),
  .UNSPECIFIED.,.F.,.F.,(4,4),(0.,1.),.PIECEWISE_BEZIER_KNOTS.);
#7727 = CARTESIAN_POINT('',(14.325990625,-4.5,5.2991125));
#7728 = CARTESIAN_POINT('',(14.438264907531,-4.5,5.265443291875));
#7729 = CARTESIAN_POINT('',(14.555694084344,-4.5,5.244219139188));
#7730 = CARTESIAN_POINT('',(14.673582318531,-4.5,5.224103125));
#7731 = PCURVE('',#4519,#7732);
#7732 = DEFINITIONAL_REPRESENTATION('',(#7733),#7737);
#7733 = LINE('',#7734,#7735);
#7734 = CARTESIAN_POINT('',(0.,0.));
#7735 = VECTOR('',#7736,1.);
#7736 = DIRECTION('',(1.,0.));
#7737 = ( GEOMETRIC_REPRESENTATION_CONTEXT(2) 
PARAMETRIC_REPRESENTATION_CONTEXT() REPRESENTATION_CONTEXT('2D SPACE',''
  ) );
#7738 = PCURVE('',#7122,#7739);
#7739 = DEFINITIONAL_REPRESENTATION('',(#7740),#7745);
#7740 = B_SPLINE_CURVE_WITH_KNOTS('',3,(#7741,#7742,#7743,#7744),
  .UNSPECIFIED.,.F.,.F.,(4,4),(0.,1.),.PIECEWISE_BEZIER_KNOTS.);
#7741 = CARTESIAN_POINT('',(5.2991125,-23.674009375));
#7742 = CARTESIAN_POINT('',(5.265443291875,-23.56173509246));
#7743 = CARTESIAN_POINT('',(5.244219139188,-23.44430591565));
#7744 = CARTESIAN_POINT('',(5.224103125,-23.32641768146));
#7745 = ( GEOMETRIC_REPRESENTATION_CONTEXT(2) 
PARAMETRIC_REPRESENTATION_CONTEXT() REPRESENTATION_CONTEXT('2D SPACE',''
  ) );
#7746 = ADVANCED_FACE('',(#7747),#2968,.F.);
#7747 = FACE_BOUND('',#7748,.F.);
#7748 = EDGE_LOOP('',(#7749,#7772,#7773,#7774));
#7749 = ORIENTED_EDGE('',*,*,#7750,.T.);
#7750 = EDGE_CURVE('',#7751,#2951,#7753,.T.);
#7751 = VERTEX_POINT('',#7752);
#7752 = CARTESIAN_POINT('',(13.5008875,-4.5,1.973696875));
#7753 = SURFACE_CURVE('',#7754,(#7758,#7765),.PCURVE_S1.);
#7754 = LINE('',#7755,#7756);
#7755 = CARTESIAN_POINT('',(13.5008875,-4.5,1.973696875));
#7756 = VECTOR('',#7757,1.);
#7757 = DIRECTION('',(0.,1.,2.230669073875E-16));
#7758 = PCURVE('',#2968,#7759);
#7759 = DEFINITIONAL_REPRESENTATION('',(#7760),#7764);
#7760 = LINE('',#7761,#7762);
#7761 = CARTESIAN_POINT('',(0.,0.));
#7762 = VECTOR('',#7763,1.);
#7763 = DIRECTION('',(0.,-1.));
#7764 = ( GEOMETRIC_REPRESENTATION_CONTEXT(2) 
PARAMETRIC_REPRESENTATION_CONTEXT() REPRESENTATION_CONTEXT('2D SPACE',''
  ) );
#7765 = PCURVE('',#3001,#7766);
#7766 = DEFINITIONAL_REPRESENTATION('',(#7767),#7771);
#7767 = LINE('',#7768,#7769);
#7768 = CARTESIAN_POINT('',(1.,0.));
#7769 = VECTOR('',#7770,1.);
#7770 = DIRECTION('',(0.,-1.));
#7771 = ( GEOMETRIC_REPRESENTATION_CONTEXT(2) 
PARAMETRIC_REPRESENTATION_CONTEXT() REPRESENTATION_CONTEXT('2D SPACE',''
  ) );
#7772 = ORIENTED_EDGE('',*,*,#2950,.T.);
#7773 = ORIENTED_EDGE('',*,*,#7648,.F.);
#7774 = ORIENTED_EDGE('',*,*,#7775,.F.);
#7775 = EDGE_CURVE('',#7751,#7649,#7776,.T.);
#7776 = SURFACE_CURVE('',#7777,(#7782,#7789),.PCURVE_S1.);
#7777 = B_SPLINE_CURVE_WITH_KNOTS('',3,(#7778,#7779,#7780,#7781),
  .UNSPECIFIED.,.F.,.F.,(4,4),(0.,1.),.PIECEWISE_BEZIER_KNOTS.);
#7778 = CARTESIAN_POINT('',(13.5008875,-4.5,1.973696875));
#7779 = CARTESIAN_POINT('',(13.490888750313,-4.5,2.081303324125));
#7780 = CARTESIAN_POINT('',(13.511257046031,-4.5,2.176330951094));
#7781 = CARTESIAN_POINT('',(13.525890625,-4.5,2.273734375));
#7782 = PCURVE('',#2968,#7783);
#7783 = DEFINITIONAL_REPRESENTATION('',(#7784),#7788);
#7784 = LINE('',#7785,#7786);
#7785 = CARTESIAN_POINT('',(0.,0.));
#7786 = VECTOR('',#7787,1.);
#7787 = DIRECTION('',(1.,0.));
#7788 = ( GEOMETRIC_REPRESENTATION_CONTEXT(2) 
PARAMETRIC_REPRESENTATION_CONTEXT() REPRESENTATION_CONTEXT('2D SPACE',''
  ) );
#7789 = PCURVE('',#7122,#7790);
#7790 = DEFINITIONAL_REPRESENTATION('',(#7791),#7796);
#7791 = B_SPLINE_CURVE_WITH_KNOTS('',3,(#7792,#7793,#7794,#7795),
  .UNSPECIFIED.,.F.,.F.,(4,4),(0.,1.),.PIECEWISE_BEZIER_KNOTS.);
#7792 = CARTESIAN_POINT('',(1.973696875,-24.4991125));
#7793 = CARTESIAN_POINT('',(2.081303324125,-24.50911124968));
#7794 = CARTESIAN_POINT('',(2.176330951094,-24.48874295396));
#7795 = CARTESIAN_POINT('',(2.273734375,-24.474109375));
#7796 = ( GEOMETRIC_REPRESENTATION_CONTEXT(2) 
PARAMETRIC_REPRESENTATION_CONTEXT() REPRESENTATION_CONTEXT('2D SPACE',''
  ) );
#7797 = ADVANCED_FACE('',(#7798),#4486,.F.);
#7798 = FACE_BOUND('',#7799,.F.);
#7799 = EDGE_LOOP('',(#7800,#7801,#7802,#7825));
#7800 = ORIENTED_EDGE('',*,*,#7701,.T.);
#7801 = ORIENTED_EDGE('',*,*,#4468,.T.);
#7802 = ORIENTED_EDGE('',*,*,#7803,.F.);
#7803 = EDGE_CURVE('',#7804,#4436,#7806,.T.);
#7804 = VERTEX_POINT('',#7805);
#7805 = CARTESIAN_POINT('',(15.05108125,-4.5,5.124090625));
#7806 = SURFACE_CURVE('',#7807,(#7811,#7818),.PCURVE_S1.);
#7807 = LINE('',#7808,#7809);
#7808 = CARTESIAN_POINT('',(15.05108125,-4.5,5.124090625));
#7809 = VECTOR('',#7810,1.);
#7810 = DIRECTION('',(0.,1.,2.230669073875E-16));
#7811 = PCURVE('',#4486,#7812);
#7812 = DEFINITIONAL_REPRESENTATION('',(#7813),#7817);
#7813 = LINE('',#7814,#7815);
#7814 = CARTESIAN_POINT('',(1.,0.));
#7815 = VECTOR('',#7816,1.);
#7816 = DIRECTION('',(0.,-1.));
#7817 = ( GEOMETRIC_REPRESENTATION_CONTEXT(2) 
PARAMETRIC_REPRESENTATION_CONTEXT() REPRESENTATION_CONTEXT('2D SPACE',''
  ) );
#7818 = PCURVE('',#4453,#7819);
#7819 = DEFINITIONAL_REPRESENTATION('',(#7820),#7824);
#7820 = LINE('',#7821,#7822);
#7821 = CARTESIAN_POINT('',(0.,0.));
#7822 = VECTOR('',#7823,1.);
#7823 = DIRECTION('',(0.,-1.));
#7824 = ( GEOMETRIC_REPRESENTATION_CONTEXT(2) 
PARAMETRIC_REPRESENTATION_CONTEXT() REPRESENTATION_CONTEXT('2D SPACE',''
  ) );
#7825 = ORIENTED_EDGE('',*,*,#7826,.F.);
#7826 = EDGE_CURVE('',#7702,#7804,#7827,.T.);
#7827 = SURFACE_CURVE('',#7828,(#7833,#7840),.PCURVE_S1.);
#7828 = B_SPLINE_CURVE_WITH_KNOTS('',3,(#7829,#7830,#7831,#7832),
  .UNSPECIFIED.,.F.,.F.,(4,4),(0.,1.),.PIECEWISE_BEZIER_KNOTS.);
#7829 = CARTESIAN_POINT('',(14.673582318531,-4.5,5.224103125));
#7830 = CARTESIAN_POINT('',(14.797290530125,-4.5,5.185636067219));
#7831 = CARTESIAN_POINT('',(14.928372413313,-4.5,5.164970484344));
#7832 = CARTESIAN_POINT('',(15.05108125,-4.5,5.124090625));
#7833 = PCURVE('',#4486,#7834);
#7834 = DEFINITIONAL_REPRESENTATION('',(#7835),#7839);
#7835 = LINE('',#7836,#7837);
#7836 = CARTESIAN_POINT('',(0.,0.));
#7837 = VECTOR('',#7838,1.);
#7838 = DIRECTION('',(1.,0.));
#7839 = ( GEOMETRIC_REPRESENTATION_CONTEXT(2) 
PARAMETRIC_REPRESENTATION_CONTEXT() REPRESENTATION_CONTEXT('2D SPACE',''
  ) );
#7840 = PCURVE('',#7122,#7841);
#7841 = DEFINITIONAL_REPRESENTATION('',(#7842),#7847);
#7842 = B_SPLINE_CURVE_WITH_KNOTS('',3,(#7843,#7844,#7845,#7846),
  .UNSPECIFIED.,.F.,.F.,(4,4),(0.,1.),.PIECEWISE_BEZIER_KNOTS.);
#7843 = CARTESIAN_POINT('',(5.224103125,-23.32641768146));
#7844 = CARTESIAN_POINT('',(5.185636067219,-23.20270946987));
#7845 = CARTESIAN_POINT('',(5.164970484344,-23.07162758668));
#7846 = CARTESIAN_POINT('',(5.124090625,-22.94891875));
#7847 = ( GEOMETRIC_REPRESENTATION_CONTEXT(2) 
PARAMETRIC_REPRESENTATION_CONTEXT() REPRESENTATION_CONTEXT('2D SPACE',''
  ) );
#7848 = ADVANCED_FACE('',(#7849),#3001,.F.);
#7849 = FACE_BOUND('',#7850,.F.);
#7850 = EDGE_LOOP('',(#7851,#7874,#7875,#7876));
#7851 = ORIENTED_EDGE('',*,*,#7852,.T.);
#7852 = EDGE_CURVE('',#7853,#2984,#7855,.T.);
#7853 = VERTEX_POINT('',#7854);
#7854 = CARTESIAN_POINT('',(13.475884375,-4.5,1.573646875));
#7855 = SURFACE_CURVE('',#7856,(#7860,#7867),.PCURVE_S1.);
#7856 = LINE('',#7857,#7858);
#7857 = CARTESIAN_POINT('',(13.475884375,-4.5,1.573646875));
#7858 = VECTOR('',#7859,1.);
#7859 = DIRECTION('',(0.,1.,2.230669073875E-16));
#7860 = PCURVE('',#3001,#7861);
#7861 = DEFINITIONAL_REPRESENTATION('',(#7862),#7866);
#7862 = LINE('',#7863,#7864);
#7863 = CARTESIAN_POINT('',(0.,0.));
#7864 = VECTOR('',#7865,1.);
#7865 = DIRECTION('',(0.,-1.));
#7866 = ( GEOMETRIC_REPRESENTATION_CONTEXT(2) 
PARAMETRIC_REPRESENTATION_CONTEXT() REPRESENTATION_CONTEXT('2D SPACE',''
  ) );
#7867 = PCURVE('',#3034,#7868);
#7868 = DEFINITIONAL_REPRESENTATION('',(#7869),#7873);
#7869 = LINE('',#7870,#7871);
#7870 = CARTESIAN_POINT('',(1.,0.));
#7871 = VECTOR('',#7872,1.);
#7872 = DIRECTION('',(0.,-1.));
#7873 = ( GEOMETRIC_REPRESENTATION_CONTEXT(2) 
PARAMETRIC_REPRESENTATION_CONTEXT() REPRESENTATION_CONTEXT('2D SPACE',''
  ) );
#7874 = ORIENTED_EDGE('',*,*,#2983,.T.);
#7875 = ORIENTED_EDGE('',*,*,#7750,.F.);
#7876 = ORIENTED_EDGE('',*,*,#7877,.F.);
#7877 = EDGE_CURVE('',#7853,#7751,#7878,.T.);
#7878 = SURFACE_CURVE('',#7879,(#7884,#7891),.PCURVE_S1.);
#7879 = B_SPLINE_CURVE_WITH_KNOTS('',3,(#7880,#7881,#7882,#7883),
  .UNSPECIFIED.,.F.,.F.,(4,4),(0.,1.),.PIECEWISE_BEZIER_KNOTS.);
#7880 = CARTESIAN_POINT('',(13.475884375,-4.5,1.573646875));
#7881 = CARTESIAN_POINT('',(13.480628467938,-4.5,1.708483977531));
#7882 = CARTESIAN_POINT('',(13.45996838575,-4.5,1.85384389525));
#7883 = CARTESIAN_POINT('',(13.5008875,-4.5,1.973696875));
#7884 = PCURVE('',#3001,#7885);
#7885 = DEFINITIONAL_REPRESENTATION('',(#7886),#7890);
#7886 = LINE('',#7887,#7888);
#7887 = CARTESIAN_POINT('',(0.,0.));
#7888 = VECTOR('',#7889,1.);
#7889 = DIRECTION('',(1.,0.));
#7890 = ( GEOMETRIC_REPRESENTATION_CONTEXT(2) 
PARAMETRIC_REPRESENTATION_CONTEXT() REPRESENTATION_CONTEXT('2D SPACE',''
  ) );
#7891 = PCURVE('',#7122,#7892);
#7892 = DEFINITIONAL_REPRESENTATION('',(#7893),#7898);
#7893 = B_SPLINE_CURVE_WITH_KNOTS('',3,(#7894,#7895,#7896,#7897),
  .UNSPECIFIED.,.F.,.F.,(4,4),(0.,1.),.PIECEWISE_BEZIER_KNOTS.);
#7894 = CARTESIAN_POINT('',(1.573646875,-24.524115625));
#7895 = CARTESIAN_POINT('',(1.708483977531,-24.51937153206));
#7896 = CARTESIAN_POINT('',(1.85384389525,-24.54003161425));
#7897 = CARTESIAN_POINT('',(1.973696875,-24.4991125));
#7898 = ( GEOMETRIC_REPRESENTATION_CONTEXT(2) 
PARAMETRIC_REPRESENTATION_CONTEXT() REPRESENTATION_CONTEXT('2D SPACE',''
  ) );
#7899 = ADVANCED_FACE('',(#7900),#4453,.F.);
#7900 = FACE_BOUND('',#7901,.F.);
#7901 = EDGE_LOOP('',(#7902,#7903,#7904,#7927));
#7902 = ORIENTED_EDGE('',*,*,#7803,.T.);
#7903 = ORIENTED_EDGE('',*,*,#4435,.T.);
#7904 = ORIENTED_EDGE('',*,*,#7905,.F.);
#7905 = EDGE_CURVE('',#7906,#4403,#7908,.T.);
#7906 = VERTEX_POINT('',#7907);
#7907 = CARTESIAN_POINT('',(15.476134375,-4.5,4.999075));
#7908 = SURFACE_CURVE('',#7909,(#7913,#7920),.PCURVE_S1.);
#7909 = LINE('',#7910,#7911);
#7910 = CARTESIAN_POINT('',(15.476134375,-4.5,4.999075));
#7911 = VECTOR('',#7912,1.);
#7912 = DIRECTION('',(0.,1.,2.230669073875E-16));
#7913 = PCURVE('',#4453,#7914);
#7914 = DEFINITIONAL_REPRESENTATION('',(#7915),#7919);
#7915 = LINE('',#7916,#7917);
#7916 = CARTESIAN_POINT('',(1.,0.));
#7917 = VECTOR('',#7918,1.);
#7918 = DIRECTION('',(0.,-1.));
#7919 = ( GEOMETRIC_REPRESENTATION_CONTEXT(2) 
PARAMETRIC_REPRESENTATION_CONTEXT() REPRESENTATION_CONTEXT('2D SPACE',''
  ) );
#7920 = PCURVE('',#4420,#7921);
#7921 = DEFINITIONAL_REPRESENTATION('',(#7922),#7926);
#7922 = LINE('',#7923,#7924);
#7923 = CARTESIAN_POINT('',(0.,0.));
#7924 = VECTOR('',#7925,1.);
#7925 = DIRECTION('',(0.,-1.));
#7926 = ( GEOMETRIC_REPRESENTATION_CONTEXT(2) 
PARAMETRIC_REPRESENTATION_CONTEXT() REPRESENTATION_CONTEXT('2D SPACE',''
  ) );
#7927 = ORIENTED_EDGE('',*,*,#7928,.F.);
#7928 = EDGE_CURVE('',#7804,#7906,#7929,.T.);
#7929 = SURFACE_CURVE('',#7930,(#7935,#7942),.PCURVE_S1.);
#7930 = B_SPLINE_CURVE_WITH_KNOTS('',3,(#7931,#7932,#7933,#7934),
  .UNSPECIFIED.,.F.,.F.,(4,4),(0.,1.),.PIECEWISE_BEZIER_KNOTS.);
#7931 = CARTESIAN_POINT('',(15.05108125,-4.5,5.124090625));
#7932 = CARTESIAN_POINT('',(15.197077997313,-4.5,5.092829717875));
#7933 = CARTESIAN_POINT('',(15.336469669094,-4.5,5.045622567719));
#7934 = CARTESIAN_POINT('',(15.476134375,-4.5,4.999075));
#7935 = PCURVE('',#4453,#7936);
#7936 = DEFINITIONAL_REPRESENTATION('',(#7937),#7941);
#7937 = LINE('',#7938,#7939);
#7938 = CARTESIAN_POINT('',(0.,0.));
#7939 = VECTOR('',#7940,1.);
#7940 = DIRECTION('',(1.,0.));
#7941 = ( GEOMETRIC_REPRESENTATION_CONTEXT(2) 
PARAMETRIC_REPRESENTATION_CONTEXT() REPRESENTATION_CONTEXT('2D SPACE',''
  ) );
#7942 = PCURVE('',#7122,#7943);
#7943 = DEFINITIONAL_REPRESENTATION('',(#7944),#7949);
#7944 = B_SPLINE_CURVE_WITH_KNOTS('',3,(#7945,#7946,#7947,#7948),
  .UNSPECIFIED.,.F.,.F.,(4,4),(0.,1.),.PIECEWISE_BEZIER_KNOTS.);
#7945 = CARTESIAN_POINT('',(5.124090625,-22.94891875));
#7946 = CARTESIAN_POINT('',(5.092829717875,-22.80292200268));
#7947 = CARTESIAN_POINT('',(5.045622567719,-22.6635303309));
#7948 = CARTESIAN_POINT('',(4.999075,-22.523865625));
#7949 = ( GEOMETRIC_REPRESENTATION_CONTEXT(2) 
PARAMETRIC_REPRESENTATION_CONTEXT() REPRESENTATION_CONTEXT('2D SPACE',''
  ) );
#7950 = ADVANCED_FACE('',(#7951),#3034,.F.);
#7951 = FACE_BOUND('',#7952,.F.);
#7952 = EDGE_LOOP('',(#7953,#7976,#7977,#7978));
#7953 = ORIENTED_EDGE('',*,*,#7954,.T.);
#7954 = EDGE_CURVE('',#7955,#3017,#7957,.T.);
#7955 = VERTEX_POINT('',#7956);
#7956 = CARTESIAN_POINT('',(13.45088125,-4.5,1.273609375));
#7957 = SURFACE_CURVE('',#7958,(#7962,#7969),.PCURVE_S1.);
#7958 = LINE('',#7959,#7960);
#7959 = CARTESIAN_POINT('',(13.45088125,-4.5,1.273609375));
#7960 = VECTOR('',#7961,1.);
#7961 = DIRECTION('',(0.,1.,2.230669073875E-16));
#7962 = PCURVE('',#3034,#7963);
#7963 = DEFINITIONAL_REPRESENTATION('',(#7964),#7968);
#7964 = LINE('',#7965,#7966);
#7965 = CARTESIAN_POINT('',(0.,0.));
#7966 = VECTOR('',#7967,1.);
#7967 = DIRECTION('',(0.,-1.));
#7968 = ( GEOMETRIC_REPRESENTATION_CONTEXT(2) 
PARAMETRIC_REPRESENTATION_CONTEXT() REPRESENTATION_CONTEXT('2D SPACE',''
  ) );
#7969 = PCURVE('',#3067,#7970);
#7970 = DEFINITIONAL_REPRESENTATION('',(#7971),#7975);
#7971 = LINE('',#7972,#7973);
#7972 = CARTESIAN_POINT('',(1.,0.));
#7973 = VECTOR('',#7974,1.);
#7974 = DIRECTION('',(0.,-1.));
#7975 = ( GEOMETRIC_REPRESENTATION_CONTEXT(2) 
PARAMETRIC_REPRESENTATION_CONTEXT() REPRESENTATION_CONTEXT('2D SPACE',''
  ) );
#7976 = ORIENTED_EDGE('',*,*,#3016,.T.);
#7977 = ORIENTED_EDGE('',*,*,#7852,.F.);
#7978 = ORIENTED_EDGE('',*,*,#7979,.F.);
#7979 = EDGE_CURVE('',#7955,#7853,#7980,.T.);
#7980 = SURFACE_CURVE('',#7981,(#7986,#7993),.PCURVE_S1.);
#7981 = B_SPLINE_CURVE_WITH_KNOTS('',3,(#7982,#7983,#7984,#7985),
  .UNSPECIFIED.,.F.,.F.,(4,4),(0.,1.),.PIECEWISE_BEZIER_KNOTS.);
#7982 = CARTESIAN_POINT('',(13.45088125,-4.5,1.273609375));
#7983 = CARTESIAN_POINT('',(13.440882500313,-4.5,1.381215824125));
#7984 = CARTESIAN_POINT('',(13.461250796031,-4.5,1.476243451094));
#7985 = CARTESIAN_POINT('',(13.475884375,-4.5,1.573646875));
#7986 = PCURVE('',#3034,#7987);
#7987 = DEFINITIONAL_REPRESENTATION('',(#7988),#7992);
#7988 = LINE('',#7989,#7990);
#7989 = CARTESIAN_POINT('',(0.,0.));
#7990 = VECTOR('',#7991,1.);
#7991 = DIRECTION('',(1.,0.));
#7992 = ( GEOMETRIC_REPRESENTATION_CONTEXT(2) 
PARAMETRIC_REPRESENTATION_CONTEXT() REPRESENTATION_CONTEXT('2D SPACE',''
  ) );
#7993 = PCURVE('',#7122,#7994);
#7994 = DEFINITIONAL_REPRESENTATION('',(#7995),#8000);
#7995 = B_SPLINE_CURVE_WITH_KNOTS('',3,(#7996,#7997,#7998,#7999),
  .UNSPECIFIED.,.F.,.F.,(4,4),(0.,1.),.PIECEWISE_BEZIER_KNOTS.);
#7996 = CARTESIAN_POINT('',(1.273609375,-24.54911875));
#7997 = CARTESIAN_POINT('',(1.381215824125,-24.55911749968));
#7998 = CARTESIAN_POINT('',(1.476243451094,-24.53874920396));
#7999 = CARTESIAN_POINT('',(1.573646875,-24.524115625));
#8000 = ( GEOMETRIC_REPRESENTATION_CONTEXT(2) 
PARAMETRIC_REPRESENTATION_CONTEXT() REPRESENTATION_CONTEXT('2D SPACE',''
  ) );
#8001 = ADVANCED_FACE('',(#8002),#4420,.F.);
#8002 = FACE_BOUND('',#8003,.F.);
#8003 = EDGE_LOOP('',(#8004,#8005,#8006,#8029));
#8004 = ORIENTED_EDGE('',*,*,#7905,.T.);
#8005 = ORIENTED_EDGE('',*,*,#4402,.T.);
#8006 = ORIENTED_EDGE('',*,*,#8007,.F.);
#8007 = EDGE_CURVE('',#8008,#4370,#8010,.T.);
#8008 = VERTEX_POINT('',#8009);
#8009 = CARTESIAN_POINT('',(15.926190625,-4.5,4.84905625));
#8010 = SURFACE_CURVE('',#8011,(#8015,#8022),.PCURVE_S1.);
#8011 = LINE('',#8012,#8013);
#8012 = CARTESIAN_POINT('',(15.926190625,-4.5,4.84905625));
#8013 = VECTOR('',#8014,1.);
#8014 = DIRECTION('',(0.,1.,2.230669073875E-16));
#8015 = PCURVE('',#4420,#8016);
#8016 = DEFINITIONAL_REPRESENTATION('',(#8017),#8021);
#8017 = LINE('',#8018,#8019);
#8018 = CARTESIAN_POINT('',(1.,0.));
#8019 = VECTOR('',#8020,1.);
#8020 = DIRECTION('',(0.,-1.));
#8021 = ( GEOMETRIC_REPRESENTATION_CONTEXT(2) 
PARAMETRIC_REPRESENTATION_CONTEXT() REPRESENTATION_CONTEXT('2D SPACE',''
  ) );
#8022 = PCURVE('',#4387,#8023);
#8023 = DEFINITIONAL_REPRESENTATION('',(#8024),#8028);
#8024 = LINE('',#8025,#8026);
#8025 = CARTESIAN_POINT('',(0.,0.));
#8026 = VECTOR('',#8027,1.);
#8027 = DIRECTION('',(0.,-1.));
#8028 = ( GEOMETRIC_REPRESENTATION_CONTEXT(2) 
PARAMETRIC_REPRESENTATION_CONTEXT() REPRESENTATION_CONTEXT('2D SPACE',''
  ) );
#8029 = ORIENTED_EDGE('',*,*,#8030,.F.);
#8030 = EDGE_CURVE('',#7906,#8008,#8031,.T.);
#8031 = SURFACE_CURVE('',#8032,(#8037,#8044),.PCURVE_S1.);
#8032 = B_SPLINE_CURVE_WITH_KNOTS('',3,(#8033,#8034,#8035,#8036),
  .UNSPECIFIED.,.F.,.F.,(4,4),(0.,1.),.PIECEWISE_BEZIER_KNOTS.);
#8033 = CARTESIAN_POINT('',(15.476134375,-4.5,4.999075));
#8034 = CARTESIAN_POINT('',(15.632780453313,-4.5,4.96506874975));
#8035 = CARTESIAN_POINT('',(15.774096365594,-4.5,4.894052123781));
#8036 = CARTESIAN_POINT('',(15.926190625,-4.5,4.84905625));
#8037 = PCURVE('',#4420,#8038);
#8038 = DEFINITIONAL_REPRESENTATION('',(#8039),#8043);
#8039 = LINE('',#8040,#8041);
#8040 = CARTESIAN_POINT('',(0.,0.));
#8041 = VECTOR('',#8042,1.);
#8042 = DIRECTION('',(1.,0.));
#8043 = ( GEOMETRIC_REPRESENTATION_CONTEXT(2) 
PARAMETRIC_REPRESENTATION_CONTEXT() REPRESENTATION_CONTEXT('2D SPACE',''
  ) );
#8044 = PCURVE('',#7122,#8045);
#8045 = DEFINITIONAL_REPRESENTATION('',(#8046),#8051);
#8046 = B_SPLINE_CURVE_WITH_KNOTS('',3,(#8047,#8048,#8049,#8050),
  .UNSPECIFIED.,.F.,.F.,(4,4),(0.,1.),.PIECEWISE_BEZIER_KNOTS.);
#8047 = CARTESIAN_POINT('',(4.999075,-22.523865625));
#8048 = CARTESIAN_POINT('',(4.96506874975,-22.36721954668));
#8049 = CARTESIAN_POINT('',(4.894052123781,-22.2259036344));
#8050 = CARTESIAN_POINT('',(4.84905625,-22.073809375));
#8051 = ( GEOMETRIC_REPRESENTATION_CONTEXT(2) 
PARAMETRIC_REPRESENTATION_CONTEXT() REPRESENTATION_CONTEXT('2D SPACE',''
  ) );
#8052 = ADVANCED_FACE('',(#8053),#3067,.F.);
#8053 = FACE_BOUND('',#8054,.F.);
#8054 = EDGE_LOOP('',(#8055,#8078,#8079,#8080));
#8055 = ORIENTED_EDGE('',*,*,#8056,.T.);
#8056 = EDGE_CURVE('',#8057,#3050,#8059,.T.);
#8057 = VERTEX_POINT('',#8058);
#8058 = CARTESIAN_POINT('',(13.475884375,-4.5,0.923565625));
#8059 = SURFACE_CURVE('',#8060,(#8064,#8071),.PCURVE_S1.);
#8060 = LINE('',#8061,#8062);
#8061 = CARTESIAN_POINT('',(13.475884375,-4.5,0.923565625));
#8062 = VECTOR('',#8063,1.);
#8063 = DIRECTION('',(0.,1.,2.230669073875E-16));
#8064 = PCURVE('',#3067,#8065);
#8065 = DEFINITIONAL_REPRESENTATION('',(#8066),#8070);
#8066 = LINE('',#8067,#8068);
#8067 = CARTESIAN_POINT('',(0.,0.));
#8068 = VECTOR('',#8069,1.);
#8069 = DIRECTION('',(0.,-1.));
#8070 = ( GEOMETRIC_REPRESENTATION_CONTEXT(2) 
PARAMETRIC_REPRESENTATION_CONTEXT() REPRESENTATION_CONTEXT('2D SPACE',''
  ) );
#8071 = PCURVE('',#3100,#8072);
#8072 = DEFINITIONAL_REPRESENTATION('',(#8073),#8077);
#8073 = LINE('',#8074,#8075);
#8074 = CARTESIAN_POINT('',(1.,0.));
#8075 = VECTOR('',#8076,1.);
#8076 = DIRECTION('',(0.,-1.));
#8077 = ( GEOMETRIC_REPRESENTATION_CONTEXT(2) 
PARAMETRIC_REPRESENTATION_CONTEXT() REPRESENTATION_CONTEXT('2D SPACE',''
  ) );
#8078 = ORIENTED_EDGE('',*,*,#3049,.T.);
#8079 = ORIENTED_EDGE('',*,*,#7954,.F.);
#8080 = ORIENTED_EDGE('',*,*,#8081,.F.);
#8081 = EDGE_CURVE('',#8057,#7955,#8082,.T.);
#8082 = SURFACE_CURVE('',#8083,(#8088,#8095),.PCURVE_S1.);
#8083 = B_SPLINE_CURVE_WITH_KNOTS('',3,(#8084,#8085,#8086,#8087),
  .UNSPECIFIED.,.F.,.F.,(4,4),(0.,1.),.PIECEWISE_BEZIER_KNOTS.);
#8084 = CARTESIAN_POINT('',(13.475884375,-4.5,0.923565625));
#8085 = CARTESIAN_POINT('',(13.482497451531,-4.5,1.046438232156));
#8086 = CARTESIAN_POINT('',(13.4335310815,-4.5,1.146289211969));
#8087 = CARTESIAN_POINT('',(13.45088125,-4.5,1.273609375));
#8088 = PCURVE('',#3067,#8089);
#8089 = DEFINITIONAL_REPRESENTATION('',(#8090),#8094);
#8090 = LINE('',#8091,#8092);
#8091 = CARTESIAN_POINT('',(0.,0.));
#8092 = VECTOR('',#8093,1.);
#8093 = DIRECTION('',(1.,0.));
#8094 = ( GEOMETRIC_REPRESENTATION_CONTEXT(2) 
PARAMETRIC_REPRESENTATION_CONTEXT() REPRESENTATION_CONTEXT('2D SPACE',''
  ) );
#8095 = PCURVE('',#7122,#8096);
#8096 = DEFINITIONAL_REPRESENTATION('',(#8097),#8102);
#8097 = B_SPLINE_CURVE_WITH_KNOTS('',3,(#8098,#8099,#8100,#8101),
  .UNSPECIFIED.,.F.,.F.,(4,4),(0.,1.),.PIECEWISE_BEZIER_KNOTS.);
#8098 = CARTESIAN_POINT('',(0.923565625,-24.524115625));
#8099 = CARTESIAN_POINT('',(1.046438232156,-24.51750254846));
#8100 = CARTESIAN_POINT('',(1.146289211969,-24.5664689185));
#8101 = CARTESIAN_POINT('',(1.273609375,-24.54911875));
#8102 = ( GEOMETRIC_REPRESENTATION_CONTEXT(2) 
PARAMETRIC_REPRESENTATION_CONTEXT() REPRESENTATION_CONTEXT('2D SPACE',''
  ) );
#8103 = ADVANCED_FACE('',(#8104),#4387,.F.);
#8104 = FACE_BOUND('',#8105,.F.);
#8105 = EDGE_LOOP('',(#8106,#8107,#8108,#8131));
#8106 = ORIENTED_EDGE('',*,*,#8007,.T.);
#8107 = ORIENTED_EDGE('',*,*,#4369,.T.);
#8108 = ORIENTED_EDGE('',*,*,#8109,.F.);
#8109 = EDGE_CURVE('',#8110,#4337,#8112,.T.);
#8110 = VERTEX_POINT('',#8111);
#8111 = CARTESIAN_POINT('',(16.40125,-4.5,4.674034375));
#8112 = SURFACE_CURVE('',#8113,(#8117,#8124),.PCURVE_S1.);
#8113 = LINE('',#8114,#8115);
#8114 = CARTESIAN_POINT('',(16.40125,-4.5,4.674034375));
#8115 = VECTOR('',#8116,1.);
#8116 = DIRECTION('',(0.,1.,2.230669073875E-16));
#8117 = PCURVE('',#4387,#8118);
#8118 = DEFINITIONAL_REPRESENTATION('',(#8119),#8123);
#8119 = LINE('',#8120,#8121);
#8120 = CARTESIAN_POINT('',(1.,0.));
#8121 = VECTOR('',#8122,1.);
#8122 = DIRECTION('',(0.,-1.));
#8123 = ( GEOMETRIC_REPRESENTATION_CONTEXT(2) 
PARAMETRIC_REPRESENTATION_CONTEXT() REPRESENTATION_CONTEXT('2D SPACE',''
  ) );
#8124 = PCURVE('',#4354,#8125);
#8125 = DEFINITIONAL_REPRESENTATION('',(#8126),#8130);
#8126 = LINE('',#8127,#8128);
#8127 = CARTESIAN_POINT('',(0.,0.));
#8128 = VECTOR('',#8129,1.);
#8129 = DIRECTION('',(0.,-1.));
#8130 = ( GEOMETRIC_REPRESENTATION_CONTEXT(2) 
PARAMETRIC_REPRESENTATION_CONTEXT() REPRESENTATION_CONTEXT('2D SPACE',''
  ) );
#8131 = ORIENTED_EDGE('',*,*,#8132,.F.);
#8132 = EDGE_CURVE('',#8008,#8110,#8133,.T.);
#8133 = SURFACE_CURVE('',#8134,(#8139,#8146),.PCURVE_S1.);
#8134 = B_SPLINE_CURVE_WITH_KNOTS('',3,(#8135,#8136,#8137,#8138),
  .UNSPECIFIED.,.F.,.F.,(4,4),(0.,1.),.PIECEWISE_BEZIER_KNOTS.);
#8135 = CARTESIAN_POINT('',(15.926190625,-4.5,4.84905625));
#8136 = CARTESIAN_POINT('',(16.089528789719,-4.5,4.802750712531));
#8137 = CARTESIAN_POINT('',(16.234851702813,-4.5,4.712952239125));
#8138 = CARTESIAN_POINT('',(16.40125,-4.5,4.674034375));
#8139 = PCURVE('',#4387,#8140);
#8140 = DEFINITIONAL_REPRESENTATION('',(#8141),#8145);
#8141 = LINE('',#8142,#8143);
#8142 = CARTESIAN_POINT('',(0.,0.));
#8143 = VECTOR('',#8144,1.);
#8144 = DIRECTION('',(1.,0.));
#8145 = ( GEOMETRIC_REPRESENTATION_CONTEXT(2) 
PARAMETRIC_REPRESENTATION_CONTEXT() REPRESENTATION_CONTEXT('2D SPACE',''
  ) );
#8146 = PCURVE('',#7122,#8147);
#8147 = DEFINITIONAL_REPRESENTATION('',(#8148),#8153);
#8148 = B_SPLINE_CURVE_WITH_KNOTS('',3,(#8149,#8150,#8151,#8152),
  .UNSPECIFIED.,.F.,.F.,(4,4),(0.,1.),.PIECEWISE_BEZIER_KNOTS.);
#8149 = CARTESIAN_POINT('',(4.84905625,-22.073809375));
#8150 = CARTESIAN_POINT('',(4.802750712531,-21.91047121028));
#8151 = CARTESIAN_POINT('',(4.712952239125,-21.76514829718));
#8152 = CARTESIAN_POINT('',(4.674034375,-21.59875));
#8153 = ( GEOMETRIC_REPRESENTATION_CONTEXT(2) 
PARAMETRIC_REPRESENTATION_CONTEXT() REPRESENTATION_CONTEXT('2D SPACE',''
  ) );
#8154 = ADVANCED_FACE('',(#8155),#3100,.F.);
#8155 = FACE_BOUND('',#8156,.F.);
#8156 = EDGE_LOOP('',(#8157,#8180,#8181,#8182));
#8157 = ORIENTED_EDGE('',*,*,#8158,.T.);
#8158 = EDGE_CURVE('',#8159,#3083,#8161,.T.);
#8159 = VERTEX_POINT('',#8160);
#8160 = CARTESIAN_POINT('',(13.5008875,-4.5,0.573521875));
#8161 = SURFACE_CURVE('',#8162,(#8166,#8173),.PCURVE_S1.);
#8162 = LINE('',#8163,#8164);
#8163 = CARTESIAN_POINT('',(13.5008875,-4.5,0.573521875));
#8164 = VECTOR('',#8165,1.);
#8165 = DIRECTION('',(0.,1.,2.230669073875E-16));
#8166 = PCURVE('',#3100,#8167);
#8167 = DEFINITIONAL_REPRESENTATION('',(#8168),#8172);
#8168 = LINE('',#8169,#8170);
#8169 = CARTESIAN_POINT('',(0.,0.));
#8170 = VECTOR('',#8171,1.);
#8171 = DIRECTION('',(0.,-1.));
#8172 = ( GEOMETRIC_REPRESENTATION_CONTEXT(2) 
PARAMETRIC_REPRESENTATION_CONTEXT() REPRESENTATION_CONTEXT('2D SPACE',''
  ) );
#8173 = PCURVE('',#3133,#8174);
#8174 = DEFINITIONAL_REPRESENTATION('',(#8175),#8179);
#8175 = LINE('',#8176,#8177);
#8176 = CARTESIAN_POINT('',(1.,0.));
#8177 = VECTOR('',#8178,1.);
#8178 = DIRECTION('',(0.,-1.));
#8179 = ( GEOMETRIC_REPRESENTATION_CONTEXT(2) 
PARAMETRIC_REPRESENTATION_CONTEXT() REPRESENTATION_CONTEXT('2D SPACE',''
  ) );
#8180 = ORIENTED_EDGE('',*,*,#3082,.T.);
#8181 = ORIENTED_EDGE('',*,*,#8056,.F.);
#8182 = ORIENTED_EDGE('',*,*,#8183,.F.);
#8183 = EDGE_CURVE('',#8159,#8057,#8184,.T.);
#8184 = SURFACE_CURVE('',#8185,(#8190,#8197),.PCURVE_S1.);
#8185 = B_SPLINE_CURVE_WITH_KNOTS('',3,(#8186,#8187,#8188,#8189),
  .UNSPECIFIED.,.F.,.F.,(4,4),(0.,1.),.PIECEWISE_BEZIER_KNOTS.);
#8186 = CARTESIAN_POINT('',(13.5008875,-4.5,0.573521875));
#8187 = CARTESIAN_POINT('',(13.507500576531,-4.5,0.696394482156));
#8188 = CARTESIAN_POINT('',(13.4585342065,-4.5,0.796245461969));
#8189 = CARTESIAN_POINT('',(13.475884375,-4.5,0.923565625));
#8190 = PCURVE('',#3100,#8191);
#8191 = DEFINITIONAL_REPRESENTATION('',(#8192),#8196);
#8192 = LINE('',#8193,#8194);
#8193 = CARTESIAN_POINT('',(0.,0.));
#8194 = VECTOR('',#8195,1.);
#8195 = DIRECTION('',(1.,0.));
#8196 = ( GEOMETRIC_REPRESENTATION_CONTEXT(2) 
PARAMETRIC_REPRESENTATION_CONTEXT() REPRESENTATION_CONTEXT('2D SPACE',''
  ) );
#8197 = PCURVE('',#7122,#8198);
#8198 = DEFINITIONAL_REPRESENTATION('',(#8199),#8204);
#8199 = B_SPLINE_CURVE_WITH_KNOTS('',3,(#8200,#8201,#8202,#8203),
  .UNSPECIFIED.,.F.,.F.,(4,4),(0.,1.),.PIECEWISE_BEZIER_KNOTS.);
#8200 = CARTESIAN_POINT('',(0.573521875,-24.4991125));
#8201 = CARTESIAN_POINT('',(0.696394482156,-24.49249942346));
#8202 = CARTESIAN_POINT('',(0.796245461969,-24.5414657935));
#8203 = CARTESIAN_POINT('',(0.923565625,-24.524115625));
#8204 = ( GEOMETRIC_REPRESENTATION_CONTEXT(2) 
PARAMETRIC_REPRESENTATION_CONTEXT() REPRESENTATION_CONTEXT('2D SPACE',''
  ) );
#8205 = ADVANCED_FACE('',(#8206),#4354,.F.);
#8206 = FACE_BOUND('',#8207,.F.);
#8207 = EDGE_LOOP('',(#8208,#8209,#8210,#8233));
#8208 = ORIENTED_EDGE('',*,*,#8109,.T.);
#8209 = ORIENTED_EDGE('',*,*,#4336,.T.);
#8210 = ORIENTED_EDGE('',*,*,#8211,.F.);
#8211 = EDGE_CURVE('',#8212,#4304,#8214,.T.);
#8212 = VERTEX_POINT('',#8213);
#8213 = CARTESIAN_POINT('',(16.65128125,-4.5,4.373996875));
#8214 = SURFACE_CURVE('',#8215,(#8219,#8226),.PCURVE_S1.);
#8215 = LINE('',#8216,#8217);
#8216 = CARTESIAN_POINT('',(16.65128125,-4.5,4.373996875));
#8217 = VECTOR('',#8218,1.);
#8218 = DIRECTION('',(0.,1.,2.230669073875E-16));
#8219 = PCURVE('',#4354,#8220);
#8220 = DEFINITIONAL_REPRESENTATION('',(#8221),#8225);
#8221 = LINE('',#8222,#8223);
#8222 = CARTESIAN_POINT('',(1.,0.));
#8223 = VECTOR('',#8224,1.);
#8224 = DIRECTION('',(0.,-1.));
#8225 = ( GEOMETRIC_REPRESENTATION_CONTEXT(2) 
PARAMETRIC_REPRESENTATION_CONTEXT() REPRESENTATION_CONTEXT('2D SPACE',''
  ) );
#8226 = PCURVE('',#4321,#8227);
#8227 = DEFINITIONAL_REPRESENTATION('',(#8228),#8232);
#8228 = LINE('',#8229,#8230);
#8229 = CARTESIAN_POINT('',(0.,0.));
#8230 = VECTOR('',#8231,1.);
#8231 = DIRECTION('',(0.,-1.));
#8232 = ( GEOMETRIC_REPRESENTATION_CONTEXT(2) 
PARAMETRIC_REPRESENTATION_CONTEXT() REPRESENTATION_CONTEXT('2D SPACE',''
  ) );
#8233 = ORIENTED_EDGE('',*,*,#8234,.F.);
#8234 = EDGE_CURVE('',#8110,#8212,#8235,.T.);
#8235 = SURFACE_CURVE('',#8236,(#8241,#8248),.PCURVE_S1.);
#8236 = B_SPLINE_CURVE_WITH_KNOTS('',3,(#8237,#8238,#8239,#8240),
  .UNSPECIFIED.,.F.,.F.,(4,4),(0.,1.),.PIECEWISE_BEZIER_KNOTS.);
#8237 = CARTESIAN_POINT('',(16.40125,-4.5,4.674034375));
#8238 = CARTESIAN_POINT('',(16.530259124125,-4.5,4.570385920563));
#8239 = CARTESIAN_POINT('',(16.776550156656,-4.5,4.581593571344));
#8240 = CARTESIAN_POINT('',(16.65128125,-4.5,4.373996875));
#8241 = PCURVE('',#4354,#8242);
#8242 = DEFINITIONAL_REPRESENTATION('',(#8243),#8247);
#8243 = LINE('',#8244,#8245);
#8244 = CARTESIAN_POINT('',(0.,0.));
#8245 = VECTOR('',#8246,1.);
#8246 = DIRECTION('',(1.,0.));
#8247 = ( GEOMETRIC_REPRESENTATION_CONTEXT(2) 
PARAMETRIC_REPRESENTATION_CONTEXT() REPRESENTATION_CONTEXT('2D SPACE',''
  ) );
#8248 = PCURVE('',#7122,#8249);
#8249 = DEFINITIONAL_REPRESENTATION('',(#8250),#8255);
#8250 = B_SPLINE_CURVE_WITH_KNOTS('',3,(#8251,#8252,#8253,#8254),
  .UNSPECIFIED.,.F.,.F.,(4,4),(0.,1.),.PIECEWISE_BEZIER_KNOTS.);
#8251 = CARTESIAN_POINT('',(4.674034375,-21.59875));
#8252 = CARTESIAN_POINT('',(4.570385920563,-21.46974087587));
#8253 = CARTESIAN_POINT('',(4.581593571344,-21.22344984334));
#8254 = CARTESIAN_POINT('',(4.373996875,-21.34871875));
#8255 = ( GEOMETRIC_REPRESENTATION_CONTEXT(2) 
PARAMETRIC_REPRESENTATION_CONTEXT() REPRESENTATION_CONTEXT('2D SPACE',''
  ) );
#8256 = ADVANCED_FACE('',(#8257),#3133,.F.);
#8257 = FACE_BOUND('',#8258,.F.);
#8258 = EDGE_LOOP('',(#8259,#8282,#8283,#8284));
#8259 = ORIENTED_EDGE('',*,*,#8260,.T.);
#8260 = EDGE_CURVE('',#8261,#3116,#8263,.T.);
#8261 = VERTEX_POINT('',#8262);
#8262 = CARTESIAN_POINT('',(13.575896875,-4.5,0.223478125));
#8263 = SURFACE_CURVE('',#8264,(#8268,#8275),.PCURVE_S1.);
#8264 = LINE('',#8265,#8266);
#8265 = CARTESIAN_POINT('',(13.575896875,-4.5,0.223478125));
#8266 = VECTOR('',#8267,1.);
#8267 = DIRECTION('',(0.,1.,2.230669073875E-16));
#8268 = PCURVE('',#3133,#8269);
#8269 = DEFINITIONAL_REPRESENTATION('',(#8270),#8274);
#8270 = LINE('',#8271,#8272);
#8271 = CARTESIAN_POINT('',(0.,0.));
#8272 = VECTOR('',#8273,1.);
#8273 = DIRECTION('',(0.,-1.));
#8274 = ( GEOMETRIC_REPRESENTATION_CONTEXT(2) 
PARAMETRIC_REPRESENTATION_CONTEXT() REPRESENTATION_CONTEXT('2D SPACE',''
  ) );
#8275 = PCURVE('',#3166,#8276);
#8276 = DEFINITIONAL_REPRESENTATION('',(#8277),#8281);
#8277 = LINE('',#8278,#8279);
#8278 = CARTESIAN_POINT('',(1.,0.));
#8279 = VECTOR('',#8280,1.);
#8280 = DIRECTION('',(0.,-1.));
#8281 = ( GEOMETRIC_REPRESENTATION_CONTEXT(2) 
PARAMETRIC_REPRESENTATION_CONTEXT() REPRESENTATION_CONTEXT('2D SPACE',''
  ) );
#8282 = ORIENTED_EDGE('',*,*,#3115,.T.);
#8283 = ORIENTED_EDGE('',*,*,#8158,.F.);
#8284 = ORIENTED_EDGE('',*,*,#8285,.F.);
#8285 = EDGE_CURVE('',#8261,#8159,#8286,.T.);
#8286 = SURFACE_CURVE('',#8287,(#8292,#8299),.PCURVE_S1.);
#8287 = B_SPLINE_CURVE_WITH_KNOTS('',3,(#8288,#8289,#8290,#8291),
  .UNSPECIFIED.,.F.,.F.,(4,4),(0.,1.),.PIECEWISE_BEZIER_KNOTS.);
#8288 = CARTESIAN_POINT('',(13.575896875,-4.5,0.223478125));
#8289 = CARTESIAN_POINT('',(13.535117528219,-4.5,0.333624641594));
#8290 = CARTESIAN_POINT('',(13.539101776188,-4.5,0.462312975625));
#8291 = CARTESIAN_POINT('',(13.5008875,-4.5,0.573521875));
#8292 = PCURVE('',#3133,#8293);
#8293 = DEFINITIONAL_REPRESENTATION('',(#8294),#8298);
#8294 = LINE('',#8295,#8296);
#8295 = CARTESIAN_POINT('',(0.,0.));
#8296 = VECTOR('',#8297,1.);
#8297 = DIRECTION('',(1.,0.));
#8298 = ( GEOMETRIC_REPRESENTATION_CONTEXT(2) 
PARAMETRIC_REPRESENTATION_CONTEXT() REPRESENTATION_CONTEXT('2D SPACE',''
  ) );
#8299 = PCURVE('',#7122,#8300);
#8300 = DEFINITIONAL_REPRESENTATION('',(#8301),#8306);
#8301 = B_SPLINE_CURVE_WITH_KNOTS('',3,(#8302,#8303,#8304,#8305),
  .UNSPECIFIED.,.F.,.F.,(4,4),(0.,1.),.PIECEWISE_BEZIER_KNOTS.);
#8302 = CARTESIAN_POINT('',(0.223478125,-24.424103125));
#8303 = CARTESIAN_POINT('',(0.333624641594,-24.46488247178));
#8304 = CARTESIAN_POINT('',(0.462312975625,-24.46089822381));
#8305 = CARTESIAN_POINT('',(0.573521875,-24.4991125));
#8306 = ( GEOMETRIC_REPRESENTATION_CONTEXT(2) 
PARAMETRIC_REPRESENTATION_CONTEXT() REPRESENTATION_CONTEXT('2D SPACE',''
  ) );
#8307 = ADVANCED_FACE('',(#8308),#4321,.F.);
#8308 = FACE_BOUND('',#8309,.F.);
#8309 = EDGE_LOOP('',(#8310,#8311,#8312,#8335));
#8310 = ORIENTED_EDGE('',*,*,#8211,.T.);
#8311 = ORIENTED_EDGE('',*,*,#4303,.T.);
#8312 = ORIENTED_EDGE('',*,*,#8313,.F.);
#8313 = EDGE_CURVE('',#8314,#4271,#8316,.T.);
#8314 = VERTEX_POINT('',#8315);
#8315 = CARTESIAN_POINT('',(16.601275,-4.5,4.051408306469));
#8316 = SURFACE_CURVE('',#8317,(#8321,#8328),.PCURVE_S1.);
#8317 = LINE('',#8318,#8319);
#8318 = CARTESIAN_POINT('',(16.601275,-4.5,4.051408306469));
#8319 = VECTOR('',#8320,1.);
#8320 = DIRECTION('',(0.,1.,2.230669073875E-16));
#8321 = PCURVE('',#4321,#8322);
#8322 = DEFINITIONAL_REPRESENTATION('',(#8323),#8327);
#8323 = LINE('',#8324,#8325);
#8324 = CARTESIAN_POINT('',(1.,0.));
#8325 = VECTOR('',#8326,1.);
#8326 = DIRECTION('',(0.,-1.));
#8327 = ( GEOMETRIC_REPRESENTATION_CONTEXT(2) 
PARAMETRIC_REPRESENTATION_CONTEXT() REPRESENTATION_CONTEXT('2D SPACE',''
  ) );
#8328 = PCURVE('',#4288,#8329);
#8329 = DEFINITIONAL_REPRESENTATION('',(#8330),#8334);
#8330 = LINE('',#8331,#8332);
#8331 = CARTESIAN_POINT('',(0.,0.));
#8332 = VECTOR('',#8333,1.);
#8333 = DIRECTION('',(0.,-1.));
#8334 = ( GEOMETRIC_REPRESENTATION_CONTEXT(2) 
PARAMETRIC_REPRESENTATION_CONTEXT() REPRESENTATION_CONTEXT('2D SPACE',''
  ) );
#8335 = ORIENTED_EDGE('',*,*,#8336,.F.);
#8336 = EDGE_CURVE('',#8212,#8314,#8337,.T.);
#8337 = SURFACE_CURVE('',#8338,(#8343,#8350),.PCURVE_S1.);
#8338 = B_SPLINE_CURVE_WITH_KNOTS('',3,(#8339,#8340,#8341,#8342),
  .UNSPECIFIED.,.F.,.F.,(4,4),(0.,1.),.PIECEWISE_BEZIER_KNOTS.);
#8339 = CARTESIAN_POINT('',(16.65128125,-4.5,4.373996875));
#8340 = CARTESIAN_POINT('',(16.624174362063,-4.5,4.270790975875));
#8341 = CARTESIAN_POINT('',(16.612314129719,-4.5,4.161269537406));
#8342 = CARTESIAN_POINT('',(16.601275,-4.5,4.051408306469));
#8343 = PCURVE('',#4321,#8344);
#8344 = DEFINITIONAL_REPRESENTATION('',(#8345),#8349);
#8345 = LINE('',#8346,#8347);
#8346 = CARTESIAN_POINT('',(0.,0.));
#8347 = VECTOR('',#8348,1.);
#8348 = DIRECTION('',(1.,0.));
#8349 = ( GEOMETRIC_REPRESENTATION_CONTEXT(2) 
PARAMETRIC_REPRESENTATION_CONTEXT() REPRESENTATION_CONTEXT('2D SPACE',''
  ) );
#8350 = PCURVE('',#7122,#8351);
#8351 = DEFINITIONAL_REPRESENTATION('',(#8352),#8357);
#8352 = B_SPLINE_CURVE_WITH_KNOTS('',3,(#8353,#8354,#8355,#8356),
  .UNSPECIFIED.,.F.,.F.,(4,4),(0.,1.),.PIECEWISE_BEZIER_KNOTS.);
#8353 = CARTESIAN_POINT('',(4.373996875,-21.34871875));
#8354 = CARTESIAN_POINT('',(4.270790975875,-21.37582563793));
#8355 = CARTESIAN_POINT('',(4.161269537406,-21.38768587028));
#8356 = CARTESIAN_POINT('',(4.051408306469,-21.398725));
#8357 = ( GEOMETRIC_REPRESENTATION_CONTEXT(2) 
PARAMETRIC_REPRESENTATION_CONTEXT() REPRESENTATION_CONTEXT('2D SPACE',''
  ) );
#8358 = ADVANCED_FACE('',(#8359),#3166,.F.);
#8359 = FACE_BOUND('',#8360,.F.);
#8360 = EDGE_LOOP('',(#8361,#8384,#8385,#8386));
#8361 = ORIENTED_EDGE('',*,*,#8362,.T.);
#8362 = EDGE_CURVE('',#8363,#3149,#8365,.T.);
#8363 = VERTEX_POINT('',#8364);
#8364 = CARTESIAN_POINT('',(13.7009125,-4.5,-0.201575));
#8365 = SURFACE_CURVE('',#8366,(#8370,#8377),.PCURVE_S1.);
#8366 = LINE('',#8367,#8368);
#8367 = CARTESIAN_POINT('',(13.7009125,-4.5,-0.201575));
#8368 = VECTOR('',#8369,1.);
#8369 = DIRECTION('',(0.,1.,2.230669073875E-16));
#8370 = PCURVE('',#3166,#8371);
#8371 = DEFINITIONAL_REPRESENTATION('',(#8372),#8376);
#8372 = LINE('',#8373,#8374);
#8373 = CARTESIAN_POINT('',(0.,0.));
#8374 = VECTOR('',#8375,1.);
#8375 = DIRECTION('',(0.,-1.));
#8376 = ( GEOMETRIC_REPRESENTATION_CONTEXT(2) 
PARAMETRIC_REPRESENTATION_CONTEXT() REPRESENTATION_CONTEXT('2D SPACE',''
  ) );
#8377 = PCURVE('',#3199,#8378);
#8378 = DEFINITIONAL_REPRESENTATION('',(#8379),#8383);
#8379 = LINE('',#8380,#8381);
#8380 = CARTESIAN_POINT('',(1.,0.));
#8381 = VECTOR('',#8382,1.);
#8382 = DIRECTION('',(0.,-1.));
#8383 = ( GEOMETRIC_REPRESENTATION_CONTEXT(2) 
PARAMETRIC_REPRESENTATION_CONTEXT() REPRESENTATION_CONTEXT('2D SPACE',''
  ) );
#8384 = ORIENTED_EDGE('',*,*,#3148,.T.);
#8385 = ORIENTED_EDGE('',*,*,#8260,.F.);
#8386 = ORIENTED_EDGE('',*,*,#8387,.F.);
#8387 = EDGE_CURVE('',#8363,#8261,#8388,.T.);
#8388 = SURFACE_CURVE('',#8389,(#8394,#8401),.PCURVE_S1.);
#8389 = B_SPLINE_CURVE_WITH_KNOTS('',3,(#8390,#8391,#8392,#8393),
  .UNSPECIFIED.,.F.,.F.,(4,4),(0.,1.),.PIECEWISE_BEZIER_KNOTS.);
#8390 = CARTESIAN_POINT('',(13.7009125,-4.5,-0.201575));
#8391 = CARTESIAN_POINT('',(13.656341179281,-4.5,-6.109169178125E-02));
#8392 = CARTESIAN_POINT('',(13.600465195656,-4.5,7.470928121875E-02));
#8393 = CARTESIAN_POINT('',(13.575896875,-4.5,0.223478125));
#8394 = PCURVE('',#3166,#8395);
#8395 = DEFINITIONAL_REPRESENTATION('',(#8396),#8400);
#8396 = LINE('',#8397,#8398);
#8397 = CARTESIAN_POINT('',(0.,0.));
#8398 = VECTOR('',#8399,1.);
#8399 = DIRECTION('',(1.,0.));
#8400 = ( GEOMETRIC_REPRESENTATION_CONTEXT(2) 
PARAMETRIC_REPRESENTATION_CONTEXT() REPRESENTATION_CONTEXT('2D SPACE',''
  ) );
#8401 = PCURVE('',#7122,#8402);
#8402 = DEFINITIONAL_REPRESENTATION('',(#8403),#8408);
#8403 = B_SPLINE_CURVE_WITH_KNOTS('',3,(#8404,#8405,#8406,#8407),
  .UNSPECIFIED.,.F.,.F.,(4,4),(0.,1.),.PIECEWISE_BEZIER_KNOTS.);
#8404 = CARTESIAN_POINT('',(-0.201575,-24.2990875));
#8405 = CARTESIAN_POINT('',(-6.109169178125E-02,-24.34365882071));
#8406 = CARTESIAN_POINT('',(7.470928121875E-02,-24.39953480434));
#8407 = CARTESIAN_POINT('',(0.223478125,-24.424103125));
#8408 = ( GEOMETRIC_REPRESENTATION_CONTEXT(2) 
PARAMETRIC_REPRESENTATION_CONTEXT() REPRESENTATION_CONTEXT('2D SPACE',''
  ) );
#8409 = ADVANCED_FACE('',(#8410),#4288,.F.);
#8410 = FACE_BOUND('',#8411,.F.);
#8411 = EDGE_LOOP('',(#8412,#8413,#8414,#8437));
#8412 = ORIENTED_EDGE('',*,*,#8313,.T.);
#8413 = ORIENTED_EDGE('',*,*,#4270,.T.);
#8414 = ORIENTED_EDGE('',*,*,#8415,.F.);
#8415 = EDGE_CURVE('',#8416,#4238,#8418,.T.);
#8416 = VERTEX_POINT('',#8417);
#8417 = CARTESIAN_POINT('',(16.626278125,-4.5,3.5989));
#8418 = SURFACE_CURVE('',#8419,(#8423,#8430),.PCURVE_S1.);
#8419 = LINE('',#8420,#8421);
#8420 = CARTESIAN_POINT('',(16.626278125,-4.5,3.5989));
#8421 = VECTOR('',#8422,1.);
#8422 = DIRECTION('',(0.,1.,2.230669073875E-16));
#8423 = PCURVE('',#4288,#8424);
#8424 = DEFINITIONAL_REPRESENTATION('',(#8425),#8429);
#8425 = LINE('',#8426,#8427);
#8426 = CARTESIAN_POINT('',(1.,0.));
#8427 = VECTOR('',#8428,1.);
#8428 = DIRECTION('',(0.,-1.));
#8429 = ( GEOMETRIC_REPRESENTATION_CONTEXT(2) 
PARAMETRIC_REPRESENTATION_CONTEXT() REPRESENTATION_CONTEXT('2D SPACE',''
  ) );
#8430 = PCURVE('',#4255,#8431);
#8431 = DEFINITIONAL_REPRESENTATION('',(#8432),#8436);
#8432 = LINE('',#8433,#8434);
#8433 = CARTESIAN_POINT('',(0.,0.));
#8434 = VECTOR('',#8435,1.);
#8435 = DIRECTION('',(0.,-1.));
#8436 = ( GEOMETRIC_REPRESENTATION_CONTEXT(2) 
PARAMETRIC_REPRESENTATION_CONTEXT() REPRESENTATION_CONTEXT('2D SPACE',''
  ) );
#8437 = ORIENTED_EDGE('',*,*,#8438,.F.);
#8438 = EDGE_CURVE('',#8314,#8416,#8439,.T.);
#8439 = SURFACE_CURVE('',#8440,(#8445,#8452),.PCURVE_S1.);
#8440 = B_SPLINE_CURVE_WITH_KNOTS('',3,(#8441,#8442,#8443,#8444),
  .UNSPECIFIED.,.F.,.F.,(4,4),(0.,1.),.PIECEWISE_BEZIER_KNOTS.);
#8441 = CARTESIAN_POINT('',(16.601275,-4.5,4.051408306469));
#8442 = CARTESIAN_POINT('',(16.607795064906,-4.5,3.899820610375));
#8443 = CARTESIAN_POINT('',(16.582591414844,-4.5,3.735092521938));
#8444 = CARTESIAN_POINT('',(16.626278125,-4.5,3.5989));
#8445 = PCURVE('',#4288,#8446);
#8446 = DEFINITIONAL_REPRESENTATION('',(#8447),#8451);
#8447 = LINE('',#8448,#8449);
#8448 = CARTESIAN_POINT('',(0.,0.));
#8449 = VECTOR('',#8450,1.);
#8450 = DIRECTION('',(1.,0.));
#8451 = ( GEOMETRIC_REPRESENTATION_CONTEXT(2) 
PARAMETRIC_REPRESENTATION_CONTEXT() REPRESENTATION_CONTEXT('2D SPACE',''
  ) );
#8452 = PCURVE('',#7122,#8453);
#8453 = DEFINITIONAL_REPRESENTATION('',(#8454),#8459);
#8454 = B_SPLINE_CURVE_WITH_KNOTS('',3,(#8455,#8456,#8457,#8458),
  .UNSPECIFIED.,.F.,.F.,(4,4),(0.,1.),.PIECEWISE_BEZIER_KNOTS.);
#8455 = CARTESIAN_POINT('',(4.051408306469,-21.398725));
#8456 = CARTESIAN_POINT('',(3.899820610375,-21.39220493509));
#8457 = CARTESIAN_POINT('',(3.735092521938,-21.41740858515));
#8458 = CARTESIAN_POINT('',(3.5989,-21.373721875));
#8459 = ( GEOMETRIC_REPRESENTATION_CONTEXT(2) 
PARAMETRIC_REPRESENTATION_CONTEXT() REPRESENTATION_CONTEXT('2D SPACE',''
  ) );
#8460 = ADVANCED_FACE('',(#8461),#3199,.F.);
#8461 = FACE_BOUND('',#8462,.F.);
#8462 = EDGE_LOOP('',(#8463,#8486,#8487,#8488));
#8463 = ORIENTED_EDGE('',*,*,#8464,.T.);
#8464 = EDGE_CURVE('',#8465,#3182,#8467,.T.);
#8465 = VERTEX_POINT('',#8466);
#8466 = CARTESIAN_POINT('',(13.925940625,-4.5,-0.676634375));
#8467 = SURFACE_CURVE('',#8468,(#8472,#8479),.PCURVE_S1.);
#8468 = LINE('',#8469,#8470);
#8469 = CARTESIAN_POINT('',(13.925940625,-4.5,-0.676634375));
#8470 = VECTOR('',#8471,1.);
#8471 = DIRECTION('',(0.,1.,2.230669073875E-16));
#8472 = PCURVE('',#3199,#8473);
#8473 = DEFINITIONAL_REPRESENTATION('',(#8474),#8478);
#8474 = LINE('',#8475,#8476);
#8475 = CARTESIAN_POINT('',(0.,0.));
#8476 = VECTOR('',#8477,1.);
#8477 = DIRECTION('',(0.,-1.));
#8478 = ( GEOMETRIC_REPRESENTATION_CONTEXT(2) 
PARAMETRIC_REPRESENTATION_CONTEXT() REPRESENTATION_CONTEXT('2D SPACE',''
  ) );
#8479 = PCURVE('',#3232,#8480);
#8480 = DEFINITIONAL_REPRESENTATION('',(#8481),#8485);
#8481 = LINE('',#8482,#8483);
#8482 = CARTESIAN_POINT('',(1.,0.));
#8483 = VECTOR('',#8484,1.);
#8484 = DIRECTION('',(0.,-1.));
#8485 = ( GEOMETRIC_REPRESENTATION_CONTEXT(2) 
PARAMETRIC_REPRESENTATION_CONTEXT() REPRESENTATION_CONTEXT('2D SPACE',''
  ) );
#8486 = ORIENTED_EDGE('',*,*,#3181,.T.);
#8487 = ORIENTED_EDGE('',*,*,#8362,.F.);
#8488 = ORIENTED_EDGE('',*,*,#8489,.F.);
#8489 = EDGE_CURVE('',#8465,#8363,#8490,.T.);
#8490 = SURFACE_CURVE('',#8491,(#8496,#8503),.PCURVE_S1.);
#8491 = B_SPLINE_CURVE_WITH_KNOTS('',3,(#8492,#8493,#8494,#8495),
  .UNSPECIFIED.,.F.,.F.,(4,4),(0.,1.),.PIECEWISE_BEZIER_KNOTS.);
#8492 = CARTESIAN_POINT('',(13.925940625,-4.5,-0.676634375));
#8493 = CARTESIAN_POINT('',(13.8353092975,-4.5,-0.524752142094));
#8494 = CARTESIAN_POINT('',(13.762542952844,-4.5,-0.365469734281));
#8495 = CARTESIAN_POINT('',(13.7009125,-4.5,-0.201575));
#8496 = PCURVE('',#3199,#8497);
#8497 = DEFINITIONAL_REPRESENTATION('',(#8498),#8502);
#8498 = LINE('',#8499,#8500);
#8499 = CARTESIAN_POINT('',(0.,0.));
#8500 = VECTOR('',#8501,1.);
#8501 = DIRECTION('',(1.,0.));
#8502 = ( GEOMETRIC_REPRESENTATION_CONTEXT(2) 
PARAMETRIC_REPRESENTATION_CONTEXT() REPRESENTATION_CONTEXT('2D SPACE',''
  ) );
#8503 = PCURVE('',#7122,#8504);
#8504 = DEFINITIONAL_REPRESENTATION('',(#8505),#8510);
#8505 = B_SPLINE_CURVE_WITH_KNOTS('',3,(#8506,#8507,#8508,#8509),
  .UNSPECIFIED.,.F.,.F.,(4,4),(0.,1.),.PIECEWISE_BEZIER_KNOTS.);
#8506 = CARTESIAN_POINT('',(-0.676634375,-24.074059375));
#8507 = CARTESIAN_POINT('',(-0.524752142094,-24.1646907025));
#8508 = CARTESIAN_POINT('',(-0.365469734281,-24.23745704715));
#8509 = CARTESIAN_POINT('',(-0.201575,-24.2990875));
#8510 = ( GEOMETRIC_REPRESENTATION_CONTEXT(2) 
PARAMETRIC_REPRESENTATION_CONTEXT() REPRESENTATION_CONTEXT('2D SPACE',''
  ) );
#8511 = ADVANCED_FACE('',(#8512),#4255,.F.);
#8512 = FACE_BOUND('',#8513,.F.);
#8513 = EDGE_LOOP('',(#8514,#8515,#8516,#8539));
#8514 = ORIENTED_EDGE('',*,*,#8415,.T.);
#8515 = ORIENTED_EDGE('',*,*,#4237,.T.);
#8516 = ORIENTED_EDGE('',*,*,#8517,.F.);
#8517 = EDGE_CURVE('',#8518,#4205,#8520,.T.);
#8518 = VERTEX_POINT('',#8519);
#8519 = CARTESIAN_POINT('',(16.676284375,-4.5,3.273859375));
#8520 = SURFACE_CURVE('',#8521,(#8525,#8532),.PCURVE_S1.);
#8521 = LINE('',#8522,#8523);
#8522 = CARTESIAN_POINT('',(16.676284375,-4.5,3.273859375));
#8523 = VECTOR('',#8524,1.);
#8524 = DIRECTION('',(0.,1.,2.230669073875E-16));
#8525 = PCURVE('',#4255,#8526);
#8526 = DEFINITIONAL_REPRESENTATION('',(#8527),#8531);
#8527 = LINE('',#8528,#8529);
#8528 = CARTESIAN_POINT('',(1.,0.));
#8529 = VECTOR('',#8530,1.);
#8530 = DIRECTION('',(0.,-1.));
#8531 = ( GEOMETRIC_REPRESENTATION_CONTEXT(2) 
PARAMETRIC_REPRESENTATION_CONTEXT() REPRESENTATION_CONTEXT('2D SPACE',''
  ) );
#8532 = PCURVE('',#4222,#8533);
#8533 = DEFINITIONAL_REPRESENTATION('',(#8534),#8538);
#8534 = LINE('',#8535,#8536);
#8535 = CARTESIAN_POINT('',(0.,0.));
#8536 = VECTOR('',#8537,1.);
#8537 = DIRECTION('',(0.,-1.));
#8538 = ( GEOMETRIC_REPRESENTATION_CONTEXT(2) 
PARAMETRIC_REPRESENTATION_CONTEXT() REPRESENTATION_CONTEXT('2D SPACE',''
  ) );
#8539 = ORIENTED_EDGE('',*,*,#8540,.F.);
#8540 = EDGE_CURVE('',#8416,#8518,#8541,.T.);
#8541 = SURFACE_CURVE('',#8542,(#8547,#8554),.PCURVE_S1.);
#8542 = B_SPLINE_CURVE_WITH_KNOTS('',3,(#8543,#8544,#8545,#8546),
  .UNSPECIFIED.,.F.,.F.,(4,4),(0.,1.),.PIECEWISE_BEZIER_KNOTS.);
#8543 = CARTESIAN_POINT('',(16.626278125,-4.5,3.5989));
#8544 = CARTESIAN_POINT('',(16.617748308906,-4.5,3.480115653813));
#8545 = CARTESIAN_POINT('',(16.675454771313,-4.5,3.388766986656));
#8546 = CARTESIAN_POINT('',(16.676284375,-4.5,3.273859375));
#8547 = PCURVE('',#4255,#8548);
#8548 = DEFINITIONAL_REPRESENTATION('',(#8549),#8553);
#8549 = LINE('',#8550,#8551);
#8550 = CARTESIAN_POINT('',(0.,0.));
#8551 = VECTOR('',#8552,1.);
#8552 = DIRECTION('',(1.,0.));
#8553 = ( GEOMETRIC_REPRESENTATION_CONTEXT(2) 
PARAMETRIC_REPRESENTATION_CONTEXT() REPRESENTATION_CONTEXT('2D SPACE',''
  ) );
#8554 = PCURVE('',#7122,#8555);
#8555 = DEFINITIONAL_REPRESENTATION('',(#8556),#8561);
#8556 = B_SPLINE_CURVE_WITH_KNOTS('',3,(#8557,#8558,#8559,#8560),
  .UNSPECIFIED.,.F.,.F.,(4,4),(0.,1.),.PIECEWISE_BEZIER_KNOTS.);
#8557 = CARTESIAN_POINT('',(3.5989,-21.373721875));
#8558 = CARTESIAN_POINT('',(3.480115653813,-21.38225169109));
#8559 = CARTESIAN_POINT('',(3.388766986656,-21.32454522868));
#8560 = CARTESIAN_POINT('',(3.273859375,-21.323715625));
#8561 = ( GEOMETRIC_REPRESENTATION_CONTEXT(2) 
PARAMETRIC_REPRESENTATION_CONTEXT() REPRESENTATION_CONTEXT('2D SPACE',''
  ) );
#8562 = ADVANCED_FACE('',(#8563),#3232,.F.);
#8563 = FACE_BOUND('',#8564,.F.);
#8564 = EDGE_LOOP('',(#8565,#8588,#8589,#8590));
#8565 = ORIENTED_EDGE('',*,*,#8566,.T.);
#8566 = EDGE_CURVE('',#8567,#3215,#8569,.T.);
#8567 = VERTEX_POINT('',#8568);
#8568 = CARTESIAN_POINT('',(14.210032132,-4.5,-1.110744632));
#8569 = SURFACE_CURVE('',#8570,(#8574,#8581),.PCURVE_S1.);
#8570 = LINE('',#8571,#8572);
#8571 = CARTESIAN_POINT('',(14.210032132,-4.5,-1.110744632));
#8572 = VECTOR('',#8573,1.);
#8573 = DIRECTION('',(0.,1.,2.230669073875E-16));
#8574 = PCURVE('',#3232,#8575);
#8575 = DEFINITIONAL_REPRESENTATION('',(#8576),#8580);
#8576 = LINE('',#8577,#8578);
#8577 = CARTESIAN_POINT('',(0.,0.));
#8578 = VECTOR('',#8579,1.);
#8579 = DIRECTION('',(0.,-1.));
#8580 = ( GEOMETRIC_REPRESENTATION_CONTEXT(2) 
PARAMETRIC_REPRESENTATION_CONTEXT() REPRESENTATION_CONTEXT('2D SPACE',''
  ) );
#8581 = PCURVE('',#3265,#8582);
#8582 = DEFINITIONAL_REPRESENTATION('',(#8583),#8587);
#8583 = LINE('',#8584,#8585);
#8584 = CARTESIAN_POINT('',(1.,0.));
#8585 = VECTOR('',#8586,1.);
#8586 = DIRECTION('',(0.,-1.));
#8587 = ( GEOMETRIC_REPRESENTATION_CONTEXT(2) 
PARAMETRIC_REPRESENTATION_CONTEXT() REPRESENTATION_CONTEXT('2D SPACE',''
  ) );
#8588 = ORIENTED_EDGE('',*,*,#3214,.T.);
#8589 = ORIENTED_EDGE('',*,*,#8464,.F.);
#8590 = ORIENTED_EDGE('',*,*,#8591,.F.);
#8591 = EDGE_CURVE('',#8567,#8465,#8592,.T.);
#8592 = SURFACE_CURVE('',#8593,(#8598,#8605),.PCURVE_S1.);
#8593 = B_SPLINE_CURVE_WITH_KNOTS('',3,(#8594,#8595,#8596,#8597),
  .UNSPECIFIED.,.F.,.F.,(4,4),(0.,1.),.PIECEWISE_BEZIER_KNOTS.);
#8594 = CARTESIAN_POINT('',(14.210032132,-4.5,-1.110744632));
#8595 = CARTESIAN_POINT('',(14.095074764125,-4.5,-0.974433095187));
#8596 = CARTESIAN_POINT('',(14.007346299438,-4.5,-0.82684314875));
#8597 = CARTESIAN_POINT('',(13.925940625,-4.5,-0.676634375));
#8598 = PCURVE('',#3232,#8599);
#8599 = DEFINITIONAL_REPRESENTATION('',(#8600),#8604);
#8600 = LINE('',#8601,#8602);
#8601 = CARTESIAN_POINT('',(0.,0.));
#8602 = VECTOR('',#8603,1.);
#8603 = DIRECTION('',(1.,0.));
#8604 = ( GEOMETRIC_REPRESENTATION_CONTEXT(2) 
PARAMETRIC_REPRESENTATION_CONTEXT() REPRESENTATION_CONTEXT('2D SPACE',''
  ) );
#8605 = PCURVE('',#7122,#8606);
#8606 = DEFINITIONAL_REPRESENTATION('',(#8607),#8612);
#8607 = B_SPLINE_CURVE_WITH_KNOTS('',3,(#8608,#8609,#8610,#8611),
  .UNSPECIFIED.,.F.,.F.,(4,4),(0.,1.),.PIECEWISE_BEZIER_KNOTS.);
#8608 = CARTESIAN_POINT('',(-1.110744632,-23.789967868));
#8609 = CARTESIAN_POINT('',(-0.974433095187,-23.90492523587));
#8610 = CARTESIAN_POINT('',(-0.82684314875,-23.99265370056));
#8611 = CARTESIAN_POINT('',(-0.676634375,-24.074059375));
#8612 = ( GEOMETRIC_REPRESENTATION_CONTEXT(2) 
PARAMETRIC_REPRESENTATION_CONTEXT() REPRESENTATION_CONTEXT('2D SPACE',''
  ) );
#8613 = ADVANCED_FACE('',(#8614),#4222,.F.);
#8614 = FACE_BOUND('',#8615,.F.);
#8615 = EDGE_LOOP('',(#8616,#8617,#8618,#8641));
#8616 = ORIENTED_EDGE('',*,*,#8517,.T.);
#8617 = ORIENTED_EDGE('',*,*,#4204,.T.);
#8618 = ORIENTED_EDGE('',*,*,#8619,.F.);
#8619 = EDGE_CURVE('',#8620,#4172,#8622,.T.);
#8620 = VERTEX_POINT('',#8621);
#8621 = CARTESIAN_POINT('',(16.876309375,-4.5,2.7988));
#8622 = SURFACE_CURVE('',#8623,(#8627,#8634),.PCURVE_S1.);
#8623 = LINE('',#8624,#8625);
#8624 = CARTESIAN_POINT('',(16.876309375,-4.5,2.7988));
#8625 = VECTOR('',#8626,1.);
#8626 = DIRECTION('',(0.,1.,2.230669073875E-16));
#8627 = PCURVE('',#4222,#8628);
#8628 = DEFINITIONAL_REPRESENTATION('',(#8629),#8633);
#8629 = LINE('',#8630,#8631);
#8630 = CARTESIAN_POINT('',(1.,0.));
#8631 = VECTOR('',#8632,1.);
#8632 = DIRECTION('',(0.,-1.));
#8633 = ( GEOMETRIC_REPRESENTATION_CONTEXT(2) 
PARAMETRIC_REPRESENTATION_CONTEXT() REPRESENTATION_CONTEXT('2D SPACE',''
  ) );
#8634 = PCURVE('',#4189,#8635);
#8635 = DEFINITIONAL_REPRESENTATION('',(#8636),#8640);
#8636 = LINE('',#8637,#8638);
#8637 = CARTESIAN_POINT('',(0.,0.));
#8638 = VECTOR('',#8639,1.);
#8639 = DIRECTION('',(0.,-1.));
#8640 = ( GEOMETRIC_REPRESENTATION_CONTEXT(2) 
PARAMETRIC_REPRESENTATION_CONTEXT() REPRESENTATION_CONTEXT('2D SPACE',''
  ) );
#8641 = ORIENTED_EDGE('',*,*,#8642,.F.);
#8642 = EDGE_CURVE('',#8518,#8620,#8643,.T.);
#8643 = SURFACE_CURVE('',#8644,(#8649,#8656),.PCURVE_S1.);
#8644 = B_SPLINE_CURVE_WITH_KNOTS('',3,(#8645,#8646,#8647,#8648),
  .UNSPECIFIED.,.F.,.F.,(4,4),(0.,1.),.PIECEWISE_BEZIER_KNOTS.);
#8645 = CARTESIAN_POINT('',(16.676284375,-4.5,3.273859375));
#8646 = CARTESIAN_POINT('',(16.751045468969,-4.5,3.118855751969));
#8647 = CARTESIAN_POINT('',(16.778208863969,-4.5,2.94413616475));
#8648 = CARTESIAN_POINT('',(16.876309375,-4.5,2.7988));
#8649 = PCURVE('',#4222,#8650);
#8650 = DEFINITIONAL_REPRESENTATION('',(#8651),#8655);
#8651 = LINE('',#8652,#8653);
#8652 = CARTESIAN_POINT('',(0.,0.));
#8653 = VECTOR('',#8654,1.);
#8654 = DIRECTION('',(1.,0.));
#8655 = ( GEOMETRIC_REPRESENTATION_CONTEXT(2) 
PARAMETRIC_REPRESENTATION_CONTEXT() REPRESENTATION_CONTEXT('2D SPACE',''
  ) );
#8656 = PCURVE('',#7122,#8657);
#8657 = DEFINITIONAL_REPRESENTATION('',(#8658),#8663);
#8658 = B_SPLINE_CURVE_WITH_KNOTS('',3,(#8659,#8660,#8661,#8662),
  .UNSPECIFIED.,.F.,.F.,(4,4),(0.,1.),.PIECEWISE_BEZIER_KNOTS.);
#8659 = CARTESIAN_POINT('',(3.273859375,-21.323715625));
#8660 = CARTESIAN_POINT('',(3.118855751969,-21.24895453103));
#8661 = CARTESIAN_POINT('',(2.94413616475,-21.22179113603));
#8662 = CARTESIAN_POINT('',(2.7988,-21.123690625));
#8663 = ( GEOMETRIC_REPRESENTATION_CONTEXT(2) 
PARAMETRIC_REPRESENTATION_CONTEXT() REPRESENTATION_CONTEXT('2D SPACE',''
  ) );
#8664 = ADVANCED_FACE('',(#8665),#3265,.F.);
#8665 = FACE_BOUND('',#8666,.F.);
#8666 = EDGE_LOOP('',(#8667,#8690,#8691,#8692));
#8667 = ORIENTED_EDGE('',*,*,#8668,.T.);
#8668 = EDGE_CURVE('',#8669,#3248,#8671,.T.);
#8669 = VERTEX_POINT('',#8670);
#8670 = CARTESIAN_POINT('',(14.676034375,-4.5,-1.626753125));
#8671 = SURFACE_CURVE('',#8672,(#8676,#8683),.PCURVE_S1.);
#8672 = LINE('',#8673,#8674);
#8673 = CARTESIAN_POINT('',(14.676034375,-4.5,-1.626753125));
#8674 = VECTOR('',#8675,1.);
#8675 = DIRECTION('',(0.,1.,2.230669073875E-16));
#8676 = PCURVE('',#3265,#8677);
#8677 = DEFINITIONAL_REPRESENTATION('',(#8678),#8682);
#8678 = LINE('',#8679,#8680);
#8679 = CARTESIAN_POINT('',(0.,0.));
#8680 = VECTOR('',#8681,1.);
#8681 = DIRECTION('',(0.,-1.));
#8682 = ( GEOMETRIC_REPRESENTATION_CONTEXT(2) 
PARAMETRIC_REPRESENTATION_CONTEXT() REPRESENTATION_CONTEXT('2D SPACE',''
  ) );
#8683 = PCURVE('',#3298,#8684);
#8684 = DEFINITIONAL_REPRESENTATION('',(#8685),#8689);
#8685 = LINE('',#8686,#8687);
#8686 = CARTESIAN_POINT('',(1.,0.));
#8687 = VECTOR('',#8688,1.);
#8688 = DIRECTION('',(0.,-1.));
#8689 = ( GEOMETRIC_REPRESENTATION_CONTEXT(2) 
PARAMETRIC_REPRESENTATION_CONTEXT() REPRESENTATION_CONTEXT('2D SPACE',''
  ) );
#8690 = ORIENTED_EDGE('',*,*,#3247,.T.);
#8691 = ORIENTED_EDGE('',*,*,#8566,.F.);
#8692 = ORIENTED_EDGE('',*,*,#8693,.F.);
#8693 = EDGE_CURVE('',#8669,#8567,#8694,.T.);
#8694 = SURFACE_CURVE('',#8695,(#8700,#8707),.PCURVE_S1.);
#8695 = B_SPLINE_CURVE_WITH_KNOTS('',3,(#8696,#8697,#8698,#8699),
  .UNSPECIFIED.,.F.,.F.,(4,4),(0.,1.),.PIECEWISE_BEZIER_KNOTS.);
#8696 = CARTESIAN_POINT('',(14.676034375,-4.5,-1.626753125));
#8697 = CARTESIAN_POINT('',(14.503826601719,-4.5,-1.461739500875));
#8698 = CARTESIAN_POINT('',(14.344083636344,-4.5,-1.291562981469));
#8699 = CARTESIAN_POINT('',(14.210032132,-4.5,-1.110744632));
#8700 = PCURVE('',#3265,#8701);
#8701 = DEFINITIONAL_REPRESENTATION('',(#8702),#8706);
#8702 = LINE('',#8703,#8704);
#8703 = CARTESIAN_POINT('',(0.,0.));
#8704 = VECTOR('',#8705,1.);
#8705 = DIRECTION('',(1.,0.));
#8706 = ( GEOMETRIC_REPRESENTATION_CONTEXT(2) 
PARAMETRIC_REPRESENTATION_CONTEXT() REPRESENTATION_CONTEXT('2D SPACE',''
  ) );
#8707 = PCURVE('',#7122,#8708);
#8708 = DEFINITIONAL_REPRESENTATION('',(#8709),#8714);
#8709 = B_SPLINE_CURVE_WITH_KNOTS('',3,(#8710,#8711,#8712,#8713),
  .UNSPECIFIED.,.F.,.F.,(4,4),(0.,1.),.PIECEWISE_BEZIER_KNOTS.);
#8710 = CARTESIAN_POINT('',(-1.626753125,-23.323965625));
#8711 = CARTESIAN_POINT('',(-1.461739500875,-23.49617339828));
#8712 = CARTESIAN_POINT('',(-1.291562981469,-23.65591636365));
#8713 = CARTESIAN_POINT('',(-1.110744632,-23.789967868));
#8714 = ( GEOMETRIC_REPRESENTATION_CONTEXT(2) 
PARAMETRIC_REPRESENTATION_CONTEXT() REPRESENTATION_CONTEXT('2D SPACE',''
  ) );
#8715 = ADVANCED_FACE('',(#8716),#4189,.F.);
#8716 = FACE_BOUND('',#8717,.F.);
#8717 = EDGE_LOOP('',(#8718,#8719,#8720,#8743));
#8718 = ORIENTED_EDGE('',*,*,#8619,.T.);
#8719 = ORIENTED_EDGE('',*,*,#4171,.T.);
#8720 = ORIENTED_EDGE('',*,*,#8721,.F.);
#8721 = EDGE_CURVE('',#8722,#4139,#8724,.T.);
#8722 = VERTEX_POINT('',#8723);
#8723 = CARTESIAN_POINT('',(17.15134375,-4.5,2.34874375));
#8724 = SURFACE_CURVE('',#8725,(#8729,#8736),.PCURVE_S1.);
#8725 = LINE('',#8726,#8727);
#8726 = CARTESIAN_POINT('',(17.15134375,-4.5,2.34874375));
#8727 = VECTOR('',#8728,1.);
#8728 = DIRECTION('',(0.,1.,2.230669073875E-16));
#8729 = PCURVE('',#4189,#8730);
#8730 = DEFINITIONAL_REPRESENTATION('',(#8731),#8735);
#8731 = LINE('',#8732,#8733);
#8732 = CARTESIAN_POINT('',(1.,0.));
#8733 = VECTOR('',#8734,1.);
#8734 = DIRECTION('',(0.,-1.));
#8735 = ( GEOMETRIC_REPRESENTATION_CONTEXT(2) 
PARAMETRIC_REPRESENTATION_CONTEXT() REPRESENTATION_CONTEXT('2D SPACE',''
  ) );
#8736 = PCURVE('',#4156,#8737);
#8737 = DEFINITIONAL_REPRESENTATION('',(#8738),#8742);
#8738 = LINE('',#8739,#8740);
#8739 = CARTESIAN_POINT('',(0.,0.));
#8740 = VECTOR('',#8741,1.);
#8741 = DIRECTION('',(0.,-1.));
#8742 = ( GEOMETRIC_REPRESENTATION_CONTEXT(2) 
PARAMETRIC_REPRESENTATION_CONTEXT() REPRESENTATION_CONTEXT('2D SPACE',''
  ) );
#8743 = ORIENTED_EDGE('',*,*,#8744,.F.);
#8744 = EDGE_CURVE('',#8620,#8722,#8745,.T.);
#8745 = SURFACE_CURVE('',#8746,(#8751,#8758),.PCURVE_S1.);
#8746 = B_SPLINE_CURVE_WITH_KNOTS('',3,(#8747,#8748,#8749,#8750),
  .UNSPECIFIED.,.F.,.F.,(4,4),(0.,1.),.PIECEWISE_BEZIER_KNOTS.);
#8747 = CARTESIAN_POINT('',(16.876309375,-4.5,2.7988));
#8748 = CARTESIAN_POINT('',(16.943599285188,-4.5,2.638679487438));
#8749 = CARTESIAN_POINT('',(17.041006209531,-4.5,2.491033534));
#8750 = CARTESIAN_POINT('',(17.15134375,-4.5,2.34874375));
#8751 = PCURVE('',#4189,#8752);
#8752 = DEFINITIONAL_REPRESENTATION('',(#8753),#8757);
#8753 = LINE('',#8754,#8755);
#8754 = CARTESIAN_POINT('',(0.,0.));
#8755 = VECTOR('',#8756,1.);
#8756 = DIRECTION('',(1.,0.));
#8757 = ( GEOMETRIC_REPRESENTATION_CONTEXT(2) 
PARAMETRIC_REPRESENTATION_CONTEXT() REPRESENTATION_CONTEXT('2D SPACE',''
  ) );
#8758 = PCURVE('',#7122,#8759);
#8759 = DEFINITIONAL_REPRESENTATION('',(#8760),#8765);
#8760 = B_SPLINE_CURVE_WITH_KNOTS('',3,(#8761,#8762,#8763,#8764),
  .UNSPECIFIED.,.F.,.F.,(4,4),(0.,1.),.PIECEWISE_BEZIER_KNOTS.);
#8761 = CARTESIAN_POINT('',(2.7988,-21.123690625));
#8762 = CARTESIAN_POINT('',(2.638679487438,-21.05640071481));
#8763 = CARTESIAN_POINT('',(2.491033534,-20.95899379046));
#8764 = CARTESIAN_POINT('',(2.34874375,-20.84865625));
#8765 = ( GEOMETRIC_REPRESENTATION_CONTEXT(2) 
PARAMETRIC_REPRESENTATION_CONTEXT() REPRESENTATION_CONTEXT('2D SPACE',''
  ) );
#8766 = ADVANCED_FACE('',(#8767),#3298,.F.);
#8767 = FACE_BOUND('',#8768,.F.);
#8768 = EDGE_LOOP('',(#8769,#8792,#8793,#8794));
#8769 = ORIENTED_EDGE('',*,*,#8770,.T.);
#8770 = EDGE_CURVE('',#8771,#3281,#8773,.T.);
#8771 = VERTEX_POINT('',#8772);
#8772 = CARTESIAN_POINT('',(15.026078125,-4.5,-1.9017875));
#8773 = SURFACE_CURVE('',#8774,(#8778,#8785),.PCURVE_S1.);
#8774 = LINE('',#8775,#8776);
#8775 = CARTESIAN_POINT('',(15.026078125,-4.5,-1.9017875));
#8776 = VECTOR('',#8777,1.);
#8777 = DIRECTION('',(0.,1.,2.230669073875E-16));
#8778 = PCURVE('',#3298,#8779);
#8779 = DEFINITIONAL_REPRESENTATION('',(#8780),#8784);
#8780 = LINE('',#8781,#8782);
#8781 = CARTESIAN_POINT('',(0.,0.));
#8782 = VECTOR('',#8783,1.);
#8783 = DIRECTION('',(0.,-1.));
#8784 = ( GEOMETRIC_REPRESENTATION_CONTEXT(2) 
PARAMETRIC_REPRESENTATION_CONTEXT() REPRESENTATION_CONTEXT('2D SPACE',''
  ) );
#8785 = PCURVE('',#3331,#8786);
#8786 = DEFINITIONAL_REPRESENTATION('',(#8787),#8791);
#8787 = LINE('',#8788,#8789);
#8788 = CARTESIAN_POINT('',(1.,0.));
#8789 = VECTOR('',#8790,1.);
#8790 = DIRECTION('',(0.,-1.));
#8791 = ( GEOMETRIC_REPRESENTATION_CONTEXT(2) 
PARAMETRIC_REPRESENTATION_CONTEXT() REPRESENTATION_CONTEXT('2D SPACE',''
  ) );
#8792 = ORIENTED_EDGE('',*,*,#3280,.T.);
#8793 = ORIENTED_EDGE('',*,*,#8668,.F.);
#8794 = ORIENTED_EDGE('',*,*,#8795,.F.);
#8795 = EDGE_CURVE('',#8771,#8669,#8796,.T.);
#8796 = SURFACE_CURVE('',#8797,(#8802,#8809),.PCURVE_S1.);
#8797 = B_SPLINE_CURVE_WITH_KNOTS('',3,(#8798,#8799,#8800,#8801),
  .UNSPECIFIED.,.F.,.F.,(4,4),(0.,1.),.PIECEWISE_BEZIER_KNOTS.);
#8798 = CARTESIAN_POINT('',(15.026078125,-4.5,-1.9017875));
#8799 = CARTESIAN_POINT('',(14.911708330563,-4.5,-1.80452934425));
#8800 = CARTESIAN_POINT('',(14.796055625781,-4.5,-1.7103675755));
#8801 = CARTESIAN_POINT('',(14.676034375,-4.5,-1.626753125));
#8802 = PCURVE('',#3298,#8803);
#8803 = DEFINITIONAL_REPRESENTATION('',(#8804),#8808);
#8804 = LINE('',#8805,#8806);
#8805 = CARTESIAN_POINT('',(0.,0.));
#8806 = VECTOR('',#8807,1.);
#8807 = DIRECTION('',(1.,0.));
#8808 = ( GEOMETRIC_REPRESENTATION_CONTEXT(2) 
PARAMETRIC_REPRESENTATION_CONTEXT() REPRESENTATION_CONTEXT('2D SPACE',''
  ) );
#8809 = PCURVE('',#7122,#8810);
#8810 = DEFINITIONAL_REPRESENTATION('',(#8811),#8816);
#8811 = B_SPLINE_CURVE_WITH_KNOTS('',3,(#8812,#8813,#8814,#8815),
  .UNSPECIFIED.,.F.,.F.,(4,4),(0.,1.),.PIECEWISE_BEZIER_KNOTS.);
#8812 = CARTESIAN_POINT('',(-1.9017875,-22.973921875));
#8813 = CARTESIAN_POINT('',(-1.80452934425,-23.08829166943));
#8814 = CARTESIAN_POINT('',(-1.7103675755,-23.20394437421));
#8815 = CARTESIAN_POINT('',(-1.626753125,-23.323965625));
#8816 = ( GEOMETRIC_REPRESENTATION_CONTEXT(2) 
PARAMETRIC_REPRESENTATION_CONTEXT() REPRESENTATION_CONTEXT('2D SPACE',''
  ) );
#8817 = ADVANCED_FACE('',(#8818),#4156,.F.);
#8818 = FACE_BOUND('',#8819,.F.);
#8819 = EDGE_LOOP('',(#8820,#8821,#8822,#8845));
#8820 = ORIENTED_EDGE('',*,*,#8721,.T.);
#8821 = ORIENTED_EDGE('',*,*,#4138,.T.);
#8822 = ORIENTED_EDGE('',*,*,#8823,.F.);
#8823 = EDGE_CURVE('',#8824,#4106,#8826,.T.);
#8824 = VERTEX_POINT('',#8825);
#8825 = CARTESIAN_POINT('',(17.626403125,-4.5,1.823678125));
#8826 = SURFACE_CURVE('',#8827,(#8831,#8838),.PCURVE_S1.);
#8827 = LINE('',#8828,#8829);
#8828 = CARTESIAN_POINT('',(17.626403125,-4.5,1.823678125));
#8829 = VECTOR('',#8830,1.);
#8830 = DIRECTION('',(0.,1.,2.230669073875E-16));
#8831 = PCURVE('',#4156,#8832);
#8832 = DEFINITIONAL_REPRESENTATION('',(#8833),#8837);
#8833 = LINE('',#8834,#8835);
#8834 = CARTESIAN_POINT('',(1.,0.));
#8835 = VECTOR('',#8836,1.);
#8836 = DIRECTION('',(0.,-1.));
#8837 = ( GEOMETRIC_REPRESENTATION_CONTEXT(2) 
PARAMETRIC_REPRESENTATION_CONTEXT() REPRESENTATION_CONTEXT('2D SPACE',''
  ) );
#8838 = PCURVE('',#4123,#8839);
#8839 = DEFINITIONAL_REPRESENTATION('',(#8840),#8844);
#8840 = LINE('',#8841,#8842);
#8841 = CARTESIAN_POINT('',(0.,0.));
#8842 = VECTOR('',#8843,1.);
#8843 = DIRECTION('',(0.,-1.));
#8844 = ( GEOMETRIC_REPRESENTATION_CONTEXT(2) 
PARAMETRIC_REPRESENTATION_CONTEXT() REPRESENTATION_CONTEXT('2D SPACE',''
  ) );
#8845 = ORIENTED_EDGE('',*,*,#8846,.F.);
#8846 = EDGE_CURVE('',#8722,#8824,#8847,.T.);
#8847 = SURFACE_CURVE('',#8848,(#8853,#8860),.PCURVE_S1.);
#8848 = B_SPLINE_CURVE_WITH_KNOTS('',3,(#8849,#8850,#8851,#8852),
  .UNSPECIFIED.,.F.,.F.,(4,4),(0.,1.),.PIECEWISE_BEZIER_KNOTS.);
#8849 = CARTESIAN_POINT('',(17.15134375,-4.5,2.34874375));
#8850 = CARTESIAN_POINT('',(17.275140972719,-4.5,2.159408336031));
#8851 = CARTESIAN_POINT('',(17.457099214656,-4.5,1.994163933063));
#8852 = CARTESIAN_POINT('',(17.626403125,-4.5,1.823678125));
#8853 = PCURVE('',#4156,#8854);
#8854 = DEFINITIONAL_REPRESENTATION('',(#8855),#8859);
#8855 = LINE('',#8856,#8857);
#8856 = CARTESIAN_POINT('',(0.,0.));
#8857 = VECTOR('',#8858,1.);
#8858 = DIRECTION('',(1.,0.));
#8859 = ( GEOMETRIC_REPRESENTATION_CONTEXT(2) 
PARAMETRIC_REPRESENTATION_CONTEXT() REPRESENTATION_CONTEXT('2D SPACE',''
  ) );
#8860 = PCURVE('',#7122,#8861);
#8861 = DEFINITIONAL_REPRESENTATION('',(#8862),#8867);
#8862 = B_SPLINE_CURVE_WITH_KNOTS('',3,(#8863,#8864,#8865,#8866),
  .UNSPECIFIED.,.F.,.F.,(4,4),(0.,1.),.PIECEWISE_BEZIER_KNOTS.);
#8863 = CARTESIAN_POINT('',(2.34874375,-20.84865625));
#8864 = CARTESIAN_POINT('',(2.159408336031,-20.72485902728));
#8865 = CARTESIAN_POINT('',(1.994163933063,-20.54290078534));
#8866 = CARTESIAN_POINT('',(1.823678125,-20.373596875));
#8867 = ( GEOMETRIC_REPRESENTATION_CONTEXT(2) 
PARAMETRIC_REPRESENTATION_CONTEXT() REPRESENTATION_CONTEXT('2D SPACE',''
  ) );
#8868 = ADVANCED_FACE('',(#8869),#3331,.F.);
#8869 = FACE_BOUND('',#8870,.F.);
#8870 = EDGE_LOOP('',(#8871,#8894,#8895,#8896));
#8871 = ORIENTED_EDGE('',*,*,#8872,.T.);
#8872 = EDGE_CURVE('',#8873,#3314,#8875,.T.);
#8873 = VERTEX_POINT('',#8874);
#8874 = CARTESIAN_POINT('',(15.5011375,-4.5,-2.176821875));
#8875 = SURFACE_CURVE('',#8876,(#8880,#8887),.PCURVE_S1.);
#8876 = LINE('',#8877,#8878);
#8877 = CARTESIAN_POINT('',(15.5011375,-4.5,-2.176821875));
#8878 = VECTOR('',#8879,1.);
#8879 = DIRECTION('',(0.,1.,2.230669073875E-16));
#8880 = PCURVE('',#3331,#8881);
#8881 = DEFINITIONAL_REPRESENTATION('',(#8882),#8886);
#8882 = LINE('',#8883,#8884);
#8883 = CARTESIAN_POINT('',(0.,0.));
#8884 = VECTOR('',#8885,1.);
#8885 = DIRECTION('',(0.,-1.));
#8886 = ( GEOMETRIC_REPRESENTATION_CONTEXT(2) 
PARAMETRIC_REPRESENTATION_CONTEXT() REPRESENTATION_CONTEXT('2D SPACE',''
  ) );
#8887 = PCURVE('',#3364,#8888);
#8888 = DEFINITIONAL_REPRESENTATION('',(#8889),#8893);
#8889 = LINE('',#8890,#8891);
#8890 = CARTESIAN_POINT('',(1.,0.));
#8891 = VECTOR('',#8892,1.);
#8892 = DIRECTION('',(0.,-1.));
#8893 = ( GEOMETRIC_REPRESENTATION_CONTEXT(2) 
PARAMETRIC_REPRESENTATION_CONTEXT() REPRESENTATION_CONTEXT('2D SPACE',''
  ) );
#8894 = ORIENTED_EDGE('',*,*,#3313,.T.);
#8895 = ORIENTED_EDGE('',*,*,#8770,.F.);
#8896 = ORIENTED_EDGE('',*,*,#8897,.F.);
#8897 = EDGE_CURVE('',#8873,#8771,#8898,.T.);
#8898 = SURFACE_CURVE('',#8899,(#8904,#8911),.PCURVE_S1.);
#8899 = B_SPLINE_CURVE_WITH_KNOTS('',3,(#8900,#8901,#8902,#8903),
  .UNSPECIFIED.,.F.,.F.,(4,4),(0.,1.),.PIECEWISE_BEZIER_KNOTS.);
#8900 = CARTESIAN_POINT('',(15.5011375,-4.5,-2.176821875));
#8901 = CARTESIAN_POINT('',(15.34050342325,-4.5,-2.090650604938));
#8902 = CARTESIAN_POINT('',(15.18714025525,-4.5,-1.986925640937));
#8903 = CARTESIAN_POINT('',(15.026078125,-4.5,-1.9017875));
#8904 = PCURVE('',#3331,#8905);
#8905 = DEFINITIONAL_REPRESENTATION('',(#8906),#8910);
#8906 = LINE('',#8907,#8908);
#8907 = CARTESIAN_POINT('',(0.,0.));
#8908 = VECTOR('',#8909,1.);
#8909 = DIRECTION('',(1.,0.));
#8910 = ( GEOMETRIC_REPRESENTATION_CONTEXT(2) 
PARAMETRIC_REPRESENTATION_CONTEXT() REPRESENTATION_CONTEXT('2D SPACE',''
  ) );
#8911 = PCURVE('',#7122,#8912);
#8912 = DEFINITIONAL_REPRESENTATION('',(#8913),#8918);
#8913 = B_SPLINE_CURVE_WITH_KNOTS('',3,(#8914,#8915,#8916,#8917),
  .UNSPECIFIED.,.F.,.F.,(4,4),(0.,1.),.PIECEWISE_BEZIER_KNOTS.);
#8914 = CARTESIAN_POINT('',(-2.176821875,-22.4988625));
#8915 = CARTESIAN_POINT('',(-2.090650604937,-22.65949657675));
#8916 = CARTESIAN_POINT('',(-1.986925640937,-22.81285974475));
#8917 = CARTESIAN_POINT('',(-1.9017875,-22.973921875));
#8918 = ( GEOMETRIC_REPRESENTATION_CONTEXT(2) 
PARAMETRIC_REPRESENTATION_CONTEXT() REPRESENTATION_CONTEXT('2D SPACE',''
  ) );
#8919 = ADVANCED_FACE('',(#8920),#4123,.F.);
#8920 = FACE_BOUND('',#8921,.F.);
#8921 = EDGE_LOOP('',(#8922,#8923,#8924,#8947));
#8922 = ORIENTED_EDGE('',*,*,#8823,.T.);
#8923 = ORIENTED_EDGE('',*,*,#4105,.T.);
#8924 = ORIENTED_EDGE('',*,*,#8925,.F.);
#8925 = EDGE_CURVE('',#8926,#4073,#8928,.T.);
#8926 = VERTEX_POINT('',#8927);
#8927 = CARTESIAN_POINT('',(18.00145,-4.5,1.54864375));
#8928 = SURFACE_CURVE('',#8929,(#8933,#8940),.PCURVE_S1.);
#8929 = LINE('',#8930,#8931);
#8930 = CARTESIAN_POINT('',(18.00145,-4.5,1.54864375));
#8931 = VECTOR('',#8932,1.);
#8932 = DIRECTION('',(0.,1.,2.230669073875E-16));
#8933 = PCURVE('',#4123,#8934);
#8934 = DEFINITIONAL_REPRESENTATION('',(#8935),#8939);
#8935 = LINE('',#8936,#8937);
#8936 = CARTESIAN_POINT('',(1.,0.));
#8937 = VECTOR('',#8938,1.);
#8938 = DIRECTION('',(0.,-1.));
#8939 = ( GEOMETRIC_REPRESENTATION_CONTEXT(2) 
PARAMETRIC_REPRESENTATION_CONTEXT() REPRESENTATION_CONTEXT('2D SPACE',''
  ) );
#8940 = PCURVE('',#4090,#8941);
#8941 = DEFINITIONAL_REPRESENTATION('',(#8942),#8946);
#8942 = LINE('',#8943,#8944);
#8943 = CARTESIAN_POINT('',(0.,0.));
#8944 = VECTOR('',#8945,1.);
#8945 = DIRECTION('',(0.,-1.));
#8946 = ( GEOMETRIC_REPRESENTATION_CONTEXT(2) 
PARAMETRIC_REPRESENTATION_CONTEXT() REPRESENTATION_CONTEXT('2D SPACE',''
  ) );
#8947 = ORIENTED_EDGE('',*,*,#8948,.F.);
#8948 = EDGE_CURVE('',#8824,#8926,#8949,.T.);
#8949 = SURFACE_CURVE('',#8950,(#8955,#8962),.PCURVE_S1.);
#8950 = B_SPLINE_CURVE_WITH_KNOTS('',3,(#8951,#8952,#8953,#8954),
  .UNSPECIFIED.,.F.,.F.,(4,4),(0.,1.),.PIECEWISE_BEZIER_KNOTS.);
#8951 = CARTESIAN_POINT('',(17.626403125,-4.5,1.823678125));
#8952 = CARTESIAN_POINT('',(17.755952566656,-4.5,1.742945784719));
#8953 = CARTESIAN_POINT('',(17.872363116156,-4.5,1.630493229906));
#8954 = CARTESIAN_POINT('',(18.00145,-4.5,1.54864375));
#8955 = PCURVE('',#4123,#8956);
#8956 = DEFINITIONAL_REPRESENTATION('',(#8957),#8961);
#8957 = LINE('',#8958,#8959);
#8958 = CARTESIAN_POINT('',(0.,0.));
#8959 = VECTOR('',#8960,1.);
#8960 = DIRECTION('',(1.,0.));
#8961 = ( GEOMETRIC_REPRESENTATION_CONTEXT(2) 
PARAMETRIC_REPRESENTATION_CONTEXT() REPRESENTATION_CONTEXT('2D SPACE',''
  ) );
#8962 = PCURVE('',#7122,#8963);
#8963 = DEFINITIONAL_REPRESENTATION('',(#8964),#8969);
#8964 = B_SPLINE_CURVE_WITH_KNOTS('',3,(#8965,#8966,#8967,#8968),
  .UNSPECIFIED.,.F.,.F.,(4,4),(0.,1.),.PIECEWISE_BEZIER_KNOTS.);
#8965 = CARTESIAN_POINT('',(1.823678125,-20.373596875));
#8966 = CARTESIAN_POINT('',(1.742945784719,-20.24404743334));
#8967 = CARTESIAN_POINT('',(1.630493229906,-20.12763688384));
#8968 = CARTESIAN_POINT('',(1.54864375,-19.99855));
#8969 = ( GEOMETRIC_REPRESENTATION_CONTEXT(2) 
PARAMETRIC_REPRESENTATION_CONTEXT() REPRESENTATION_CONTEXT('2D SPACE',''
  ) );
#8970 = ADVANCED_FACE('',(#8971),#3364,.F.);
#8971 = FACE_BOUND('',#8972,.F.);
#8972 = EDGE_LOOP('',(#8973,#8996,#8997,#8998));
#8973 = ORIENTED_EDGE('',*,*,#8974,.T.);
#8974 = EDGE_CURVE('',#8975,#3347,#8977,.T.);
#8975 = VERTEX_POINT('',#8976);
#8976 = CARTESIAN_POINT('',(15.976196875,-4.5,-2.376846875));
#8977 = SURFACE_CURVE('',#8978,(#8982,#8989),.PCURVE_S1.);
#8978 = LINE('',#8979,#8980);
#8979 = CARTESIAN_POINT('',(15.976196875,-4.5,-2.376846875));
#8980 = VECTOR('',#8981,1.);
#8981 = DIRECTION('',(0.,1.,2.230669073875E-16));
#8982 = PCURVE('',#3364,#8983);
#8983 = DEFINITIONAL_REPRESENTATION('',(#8984),#8988);
#8984 = LINE('',#8985,#8986);
#8985 = CARTESIAN_POINT('',(0.,0.));
#8986 = VECTOR('',#8987,1.);
#8987 = DIRECTION('',(0.,-1.));
#8988 = ( GEOMETRIC_REPRESENTATION_CONTEXT(2) 
PARAMETRIC_REPRESENTATION_CONTEXT() REPRESENTATION_CONTEXT('2D SPACE',''
  ) );
#8989 = PCURVE('',#3397,#8990);
#8990 = DEFINITIONAL_REPRESENTATION('',(#8991),#8995);
#8991 = LINE('',#8992,#8993);
#8992 = CARTESIAN_POINT('',(1.,0.));
#8993 = VECTOR('',#8994,1.);
#8994 = DIRECTION('',(0.,-1.));
#8995 = ( GEOMETRIC_REPRESENTATION_CONTEXT(2) 
PARAMETRIC_REPRESENTATION_CONTEXT() REPRESENTATION_CONTEXT('2D SPACE',''
  ) );
#8996 = ORIENTED_EDGE('',*,*,#3346,.T.);
#8997 = ORIENTED_EDGE('',*,*,#8872,.F.);
#8998 = ORIENTED_EDGE('',*,*,#8999,.F.);
#8999 = EDGE_CURVE('',#8975,#8873,#9000,.T.);
#9000 = SURFACE_CURVE('',#9001,(#9006,#9013),.PCURVE_S1.);
#9001 = B_SPLINE_CURVE_WITH_KNOTS('',3,(#9002,#9003,#9004,#9005),
  .UNSPECIFIED.,.F.,.F.,(4,4),(0.,1.),.PIECEWISE_BEZIER_KNOTS.);
#9002 = CARTESIAN_POINT('',(15.976196875,-4.5,-2.376846875));
#9003 = CARTESIAN_POINT('',(15.810041858219,-4.5,-2.329007145781));
#9004 = CARTESIAN_POINT('',(15.659199755313,-4.5,-2.244199296125));
#9005 = CARTESIAN_POINT('',(15.5011375,-4.5,-2.176821875));
#9006 = PCURVE('',#3364,#9007);
#9007 = DEFINITIONAL_REPRESENTATION('',(#9008),#9012);
#9008 = LINE('',#9009,#9010);
#9009 = CARTESIAN_POINT('',(0.,0.));
#9010 = VECTOR('',#9011,1.);
#9011 = DIRECTION('',(1.,0.));
#9012 = ( GEOMETRIC_REPRESENTATION_CONTEXT(2) 
PARAMETRIC_REPRESENTATION_CONTEXT() REPRESENTATION_CONTEXT('2D SPACE',''
  ) );
#9013 = PCURVE('',#7122,#9014);
#9014 = DEFINITIONAL_REPRESENTATION('',(#9015),#9020);
#9015 = B_SPLINE_CURVE_WITH_KNOTS('',3,(#9016,#9017,#9018,#9019),
  .UNSPECIFIED.,.F.,.F.,(4,4),(0.,1.),.PIECEWISE_BEZIER_KNOTS.);
#9016 = CARTESIAN_POINT('',(-2.376846875,-22.023803125));
#9017 = CARTESIAN_POINT('',(-2.329007145781,-22.18995814178));
#9018 = CARTESIAN_POINT('',(-2.244199296125,-22.34080024468));
#9019 = CARTESIAN_POINT('',(-2.176821875,-22.4988625));
#9020 = ( GEOMETRIC_REPRESENTATION_CONTEXT(2) 
PARAMETRIC_REPRESENTATION_CONTEXT() REPRESENTATION_CONTEXT('2D SPACE',''
  ) );
#9021 = ADVANCED_FACE('',(#9022),#4090,.F.);
#9022 = FACE_BOUND('',#9023,.F.);
#9023 = EDGE_LOOP('',(#9024,#9025,#9026,#9049));
#9024 = ORIENTED_EDGE('',*,*,#8925,.T.);
#9025 = ORIENTED_EDGE('',*,*,#4072,.T.);
#9026 = ORIENTED_EDGE('',*,*,#9027,.F.);
#9027 = EDGE_CURVE('',#9028,#4040,#9030,.T.);
#9028 = VERTEX_POINT('',#9029);
#9029 = CARTESIAN_POINT('',(18.45150625,-4.5,1.24860625));
#9030 = SURFACE_CURVE('',#9031,(#9035,#9042),.PCURVE_S1.);
#9031 = LINE('',#9032,#9033);
#9032 = CARTESIAN_POINT('',(18.45150625,-4.5,1.24860625));
#9033 = VECTOR('',#9034,1.);
#9034 = DIRECTION('',(0.,1.,2.230669073875E-16));
#9035 = PCURVE('',#4090,#9036);
#9036 = DEFINITIONAL_REPRESENTATION('',(#9037),#9041);
#9037 = LINE('',#9038,#9039);
#9038 = CARTESIAN_POINT('',(1.,0.));
#9039 = VECTOR('',#9040,1.);
#9040 = DIRECTION('',(0.,-1.));
#9041 = ( GEOMETRIC_REPRESENTATION_CONTEXT(2) 
PARAMETRIC_REPRESENTATION_CONTEXT() REPRESENTATION_CONTEXT('2D SPACE',''
  ) );
#9042 = PCURVE('',#4057,#9043);
#9043 = DEFINITIONAL_REPRESENTATION('',(#9044),#9048);
#9044 = LINE('',#9045,#9046);
#9045 = CARTESIAN_POINT('',(0.,0.));
#9046 = VECTOR('',#9047,1.);
#9047 = DIRECTION('',(0.,-1.));
#9048 = ( GEOMETRIC_REPRESENTATION_CONTEXT(2) 
PARAMETRIC_REPRESENTATION_CONTEXT() REPRESENTATION_CONTEXT('2D SPACE',''
  ) );
#9049 = ORIENTED_EDGE('',*,*,#9050,.F.);
#9050 = EDGE_CURVE('',#8926,#9028,#9051,.T.);
#9051 = SURFACE_CURVE('',#9052,(#9057,#9064),.PCURVE_S1.);
#9052 = B_SPLINE_CURVE_WITH_KNOTS('',3,(#9053,#9054,#9055,#9056),
  .UNSPECIFIED.,.F.,.F.,(4,4),(0.,1.),.PIECEWISE_BEZIER_KNOTS.);
#9053 = CARTESIAN_POINT('',(18.00145,-4.5,1.54864375));
#9054 = CARTESIAN_POINT('',(18.146544884594,-4.5,1.436744264313));
#9055 = CARTESIAN_POINT('',(18.300274348375,-4.5,1.345689883938));
#9056 = CARTESIAN_POINT('',(18.45150625,-4.5,1.24860625));
#9057 = PCURVE('',#4090,#9058);
#9058 = DEFINITIONAL_REPRESENTATION('',(#9059),#9063);
#9059 = LINE('',#9060,#9061);
#9060 = CARTESIAN_POINT('',(0.,0.));
#9061 = VECTOR('',#9062,1.);
#9062 = DIRECTION('',(1.,0.));
#9063 = ( GEOMETRIC_REPRESENTATION_CONTEXT(2) 
PARAMETRIC_REPRESENTATION_CONTEXT() REPRESENTATION_CONTEXT('2D SPACE',''
  ) );
#9064 = PCURVE('',#7122,#9065);
#9065 = DEFINITIONAL_REPRESENTATION('',(#9066),#9071);
#9066 = B_SPLINE_CURVE_WITH_KNOTS('',3,(#9067,#9068,#9069,#9070),
  .UNSPECIFIED.,.F.,.F.,(4,4),(0.,1.),.PIECEWISE_BEZIER_KNOTS.);
#9067 = CARTESIAN_POINT('',(1.54864375,-19.99855));
#9068 = CARTESIAN_POINT('',(1.436744264313,-19.8534551154));
#9069 = CARTESIAN_POINT('',(1.345689883938,-19.69972565162));
#9070 = CARTESIAN_POINT('',(1.24860625,-19.54849375));
#9071 = ( GEOMETRIC_REPRESENTATION_CONTEXT(2) 
PARAMETRIC_REPRESENTATION_CONTEXT() REPRESENTATION_CONTEXT('2D SPACE',''
  ) );
#9072 = ADVANCED_FACE('',(#9073),#3397,.F.);
#9073 = FACE_BOUND('',#9074,.F.);
#9074 = EDGE_LOOP('',(#9075,#9098,#9099,#9100));
#9075 = ORIENTED_EDGE('',*,*,#9076,.T.);
#9076 = EDGE_CURVE('',#9077,#3380,#9079,.T.);
#9077 = VERTEX_POINT('',#9078);
#9078 = CARTESIAN_POINT('',(16.426253125,-4.5,-2.526865625));
#9079 = SURFACE_CURVE('',#9080,(#9084,#9091),.PCURVE_S1.);
#9080 = LINE('',#9081,#9082);
#9081 = CARTESIAN_POINT('',(16.426253125,-4.5,-2.526865625));
#9082 = VECTOR('',#9083,1.);
#9083 = DIRECTION('',(0.,1.,2.230669073875E-16));
#9084 = PCURVE('',#3397,#9085);
#9085 = DEFINITIONAL_REPRESENTATION('',(#9086),#9090);
#9086 = LINE('',#9087,#9088);
#9087 = CARTESIAN_POINT('',(0.,0.));
#9088 = VECTOR('',#9089,1.);
#9089 = DIRECTION('',(0.,-1.));
#9090 = ( GEOMETRIC_REPRESENTATION_CONTEXT(2) 
PARAMETRIC_REPRESENTATION_CONTEXT() REPRESENTATION_CONTEXT('2D SPACE',''
  ) );
#9091 = PCURVE('',#3430,#9092);
#9092 = DEFINITIONAL_REPRESENTATION('',(#9093),#9097);
#9093 = LINE('',#9094,#9095);
#9094 = CARTESIAN_POINT('',(1.,0.));
#9095 = VECTOR('',#9096,1.);
#9096 = DIRECTION('',(0.,-1.));
#9097 = ( GEOMETRIC_REPRESENTATION_CONTEXT(2) 
PARAMETRIC_REPRESENTATION_CONTEXT() REPRESENTATION_CONTEXT('2D SPACE',''
  ) );
#9098 = ORIENTED_EDGE('',*,*,#3379,.T.);
#9099 = ORIENTED_EDGE('',*,*,#8974,.F.);
#9100 = ORIENTED_EDGE('',*,*,#9101,.F.);
#9101 = EDGE_CURVE('',#9077,#8975,#9102,.T.);
#9102 = SURFACE_CURVE('',#9103,(#9108,#9115),.PCURVE_S1.);
#9103 = B_SPLINE_CURVE_WITH_KNOTS('',3,(#9104,#9105,#9106,#9107),
  .UNSPECIFIED.,.F.,.F.,(4,4),(0.,1.),.PIECEWISE_BEZIER_KNOTS.);
#9104 = CARTESIAN_POINT('',(16.426253125,-4.5,-2.526865625));
#9105 = CARTESIAN_POINT('',(16.272525661469,-4.5,-2.485813244094));
#9106 = CARTESIAN_POINT('',(16.121110987,-4.5,-2.439177165312));
#9107 = CARTESIAN_POINT('',(15.976196875,-4.5,-2.376846875));
#9108 = PCURVE('',#3397,#9109);
#9109 = DEFINITIONAL_REPRESENTATION('',(#9110),#9114);
#9110 = LINE('',#9111,#9112);
#9111 = CARTESIAN_POINT('',(0.,0.));
#9112 = VECTOR('',#9113,1.);
#9113 = DIRECTION('',(1.,0.));
#9114 = ( GEOMETRIC_REPRESENTATION_CONTEXT(2) 
PARAMETRIC_REPRESENTATION_CONTEXT() REPRESENTATION_CONTEXT('2D SPACE',''
  ) );
#9115 = PCURVE('',#7122,#9116);
#9116 = DEFINITIONAL_REPRESENTATION('',(#9117),#9122);
#9117 = B_SPLINE_CURVE_WITH_KNOTS('',3,(#9118,#9119,#9120,#9121),
  .UNSPECIFIED.,.F.,.F.,(4,4),(0.,1.),.PIECEWISE_BEZIER_KNOTS.);
#9118 = CARTESIAN_POINT('',(-2.526865625,-21.573746875));
#9119 = CARTESIAN_POINT('',(-2.485813244094,-21.72747433853));
#9120 = CARTESIAN_POINT('',(-2.439177165312,-21.878889013));
#9121 = CARTESIAN_POINT('',(-2.376846875,-22.023803125));
#9122 = ( GEOMETRIC_REPRESENTATION_CONTEXT(2) 
PARAMETRIC_REPRESENTATION_CONTEXT() REPRESENTATION_CONTEXT('2D SPACE',''
  ) );
#9123 = ADVANCED_FACE('',(#9124),#4057,.F.);
#9124 = FACE_BOUND('',#9125,.F.);
#9125 = EDGE_LOOP('',(#9126,#9127,#9128,#9151));
#9126 = ORIENTED_EDGE('',*,*,#9027,.T.);
#9127 = ORIENTED_EDGE('',*,*,#4039,.T.);
#9128 = ORIENTED_EDGE('',*,*,#9129,.F.);
#9129 = EDGE_CURVE('',#9130,#4007,#9132,.T.);
#9130 = VERTEX_POINT('',#9131);
#9131 = CARTESIAN_POINT('',(18.9015625,-4.5,0.94856875));
#9132 = SURFACE_CURVE('',#9133,(#9137,#9144),.PCURVE_S1.);
#9133 = LINE('',#9134,#9135);
#9134 = CARTESIAN_POINT('',(18.9015625,-4.5,0.94856875));
#9135 = VECTOR('',#9136,1.);
#9136 = DIRECTION('',(0.,1.,2.230669073875E-16));
#9137 = PCURVE('',#4057,#9138);
#9138 = DEFINITIONAL_REPRESENTATION('',(#9139),#9143);
#9139 = LINE('',#9140,#9141);
#9140 = CARTESIAN_POINT('',(1.,0.));
#9141 = VECTOR('',#9142,1.);
#9142 = DIRECTION('',(0.,-1.));
#9143 = ( GEOMETRIC_REPRESENTATION_CONTEXT(2) 
PARAMETRIC_REPRESENTATION_CONTEXT() REPRESENTATION_CONTEXT('2D SPACE',''
  ) );
#9144 = PCURVE('',#4024,#9145);
#9145 = DEFINITIONAL_REPRESENTATION('',(#9146),#9150);
#9146 = LINE('',#9147,#9148);
#9147 = CARTESIAN_POINT('',(0.,0.));
#9148 = VECTOR('',#9149,1.);
#9149 = DIRECTION('',(0.,-1.));
#9150 = ( GEOMETRIC_REPRESENTATION_CONTEXT(2) 
PARAMETRIC_REPRESENTATION_CONTEXT() REPRESENTATION_CONTEXT('2D SPACE',''
  ) );
#9151 = ORIENTED_EDGE('',*,*,#9152,.F.);
#9152 = EDGE_CURVE('',#9028,#9130,#9153,.T.);
#9153 = SURFACE_CURVE('',#9154,(#9159,#9166),.PCURVE_S1.);
#9154 = B_SPLINE_CURVE_WITH_KNOTS('',3,(#9155,#9156,#9157,#9158),
  .UNSPECIFIED.,.F.,.F.,(4,4),(0.,1.),.PIECEWISE_BEZIER_KNOTS.);
#9155 = CARTESIAN_POINT('',(18.45150625,-4.5,1.24860625));
#9156 = CARTESIAN_POINT('',(18.602943677313,-4.5,1.152018678063));
#9157 = CARTESIAN_POINT('',(18.749543249969,-4.5,1.043751646375));
#9158 = CARTESIAN_POINT('',(18.9015625,-4.5,0.94856875));
#9159 = PCURVE('',#4057,#9160);
#9160 = DEFINITIONAL_REPRESENTATION('',(#9161),#9165);
#9161 = LINE('',#9162,#9163);
#9162 = CARTESIAN_POINT('',(0.,0.));
#9163 = VECTOR('',#9164,1.);
#9164 = DIRECTION('',(1.,0.));
#9165 = ( GEOMETRIC_REPRESENTATION_CONTEXT(2) 
PARAMETRIC_REPRESENTATION_CONTEXT() REPRESENTATION_CONTEXT('2D SPACE',''
  ) );
#9166 = PCURVE('',#7122,#9167);
#9167 = DEFINITIONAL_REPRESENTATION('',(#9168),#9173);
#9168 = B_SPLINE_CURVE_WITH_KNOTS('',3,(#9169,#9170,#9171,#9172),
  .UNSPECIFIED.,.F.,.F.,(4,4),(0.,1.),.PIECEWISE_BEZIER_KNOTS.);
#9169 = CARTESIAN_POINT('',(1.24860625,-19.54849375));
#9170 = CARTESIAN_POINT('',(1.152018678063,-19.39705632268));
#9171 = CARTESIAN_POINT('',(1.043751646375,-19.25045675003));
#9172 = CARTESIAN_POINT('',(0.94856875,-19.0984375));
#9173 = ( GEOMETRIC_REPRESENTATION_CONTEXT(2) 
PARAMETRIC_REPRESENTATION_CONTEXT() REPRESENTATION_CONTEXT('2D SPACE',''
  ) );
#9174 = ADVANCED_FACE('',(#9175),#3430,.F.);
#9175 = FACE_BOUND('',#9176,.F.);
#9176 = EDGE_LOOP('',(#9177,#9200,#9201,#9202));
#9177 = ORIENTED_EDGE('',*,*,#9178,.T.);
#9178 = EDGE_CURVE('',#9179,#3413,#9181,.T.);
#9179 = VERTEX_POINT('',#9180);
#9180 = CARTESIAN_POINT('',(16.803752056469,-4.5,-2.626878125));
#9181 = SURFACE_CURVE('',#9182,(#9186,#9193),.PCURVE_S1.);
#9182 = LINE('',#9183,#9184);
#9183 = CARTESIAN_POINT('',(16.803752056469,-4.5,-2.626878125));
#9184 = VECTOR('',#9185,1.);
#9185 = DIRECTION('',(0.,1.,2.230669073875E-16));
#9186 = PCURVE('',#3430,#9187);
#9187 = DEFINITIONAL_REPRESENTATION('',(#9188),#9192);
#9188 = LINE('',#9189,#9190);
#9189 = CARTESIAN_POINT('',(0.,0.));
#9190 = VECTOR('',#9191,1.);
#9191 = DIRECTION('',(0.,-1.));
#9192 = ( GEOMETRIC_REPRESENTATION_CONTEXT(2) 
PARAMETRIC_REPRESENTATION_CONTEXT() REPRESENTATION_CONTEXT('2D SPACE',''
  ) );
#9193 = PCURVE('',#3463,#9194);
#9194 = DEFINITIONAL_REPRESENTATION('',(#9195),#9199);
#9195 = LINE('',#9196,#9197);
#9196 = CARTESIAN_POINT('',(1.,0.));
#9197 = VECTOR('',#9198,1.);
#9198 = DIRECTION('',(0.,-1.));
#9199 = ( GEOMETRIC_REPRESENTATION_CONTEXT(2) 
PARAMETRIC_REPRESENTATION_CONTEXT() REPRESENTATION_CONTEXT('2D SPACE',''
  ) );
#9200 = ORIENTED_EDGE('',*,*,#3412,.T.);
#9201 = ORIENTED_EDGE('',*,*,#9076,.F.);
#9202 = ORIENTED_EDGE('',*,*,#9203,.F.);
#9203 = EDGE_CURVE('',#9179,#9077,#9204,.T.);
#9204 = SURFACE_CURVE('',#9205,(#9210,#9217),.PCURVE_S1.);
#9205 = B_SPLINE_CURVE_WITH_KNOTS('',3,(#9206,#9207,#9208,#9209),
  .UNSPECIFIED.,.F.,.F.,(4,4),(0.,1.),.PIECEWISE_BEZIER_KNOTS.);
#9206 = CARTESIAN_POINT('',(16.803752056469,-4.5,-2.626878125));
#9207 = CARTESIAN_POINT('',(16.680043844875,-4.5,-2.588411067219));
#9208 = CARTESIAN_POINT('',(16.548961961688,-4.5,-2.567745484344));
#9209 = CARTESIAN_POINT('',(16.426253125,-4.5,-2.526865625));
#9210 = PCURVE('',#3430,#9211);
#9211 = DEFINITIONAL_REPRESENTATION('',(#9212),#9216);
#9212 = LINE('',#9213,#9214);
#9213 = CARTESIAN_POINT('',(0.,0.));
#9214 = VECTOR('',#9215,1.);
#9215 = DIRECTION('',(1.,0.));
#9216 = ( GEOMETRIC_REPRESENTATION_CONTEXT(2) 
PARAMETRIC_REPRESENTATION_CONTEXT() REPRESENTATION_CONTEXT('2D SPACE',''
  ) );
#9217 = PCURVE('',#7122,#9218);
#9218 = DEFINITIONAL_REPRESENTATION('',(#9219),#9224);
#9219 = B_SPLINE_CURVE_WITH_KNOTS('',3,(#9220,#9221,#9222,#9223),
  .UNSPECIFIED.,.F.,.F.,(4,4),(0.,1.),.PIECEWISE_BEZIER_KNOTS.);
#9220 = CARTESIAN_POINT('',(-2.626878125,-21.19624794353));
#9221 = CARTESIAN_POINT('',(-2.588411067219,-21.31995615512));
#9222 = CARTESIAN_POINT('',(-2.567745484344,-21.45103803831));
#9223 = CARTESIAN_POINT('',(-2.526865625,-21.573746875));
#9224 = ( GEOMETRIC_REPRESENTATION_CONTEXT(2) 
PARAMETRIC_REPRESENTATION_CONTEXT() REPRESENTATION_CONTEXT('2D SPACE',''
  ) );
#9225 = ADVANCED_FACE('',(#9226),#4024,.F.);
#9226 = FACE_BOUND('',#9227,.F.);
#9227 = EDGE_LOOP('',(#9228,#9229,#9230,#9253));
#9228 = ORIENTED_EDGE('',*,*,#9129,.T.);
#9229 = ORIENTED_EDGE('',*,*,#4006,.T.);
#9230 = ORIENTED_EDGE('',*,*,#9231,.F.);
#9231 = EDGE_CURVE('',#9232,#3974,#9234,.T.);
#9232 = VERTEX_POINT('',#9233);
#9233 = CARTESIAN_POINT('',(19.3016125,-4.5,0.64853125));
#9234 = SURFACE_CURVE('',#9235,(#9239,#9246),.PCURVE_S1.);
#9235 = LINE('',#9236,#9237);
#9236 = CARTESIAN_POINT('',(19.3016125,-4.5,0.64853125));
#9237 = VECTOR('',#9238,1.);
#9238 = DIRECTION('',(0.,1.,2.230669073875E-16));
#9239 = PCURVE('',#4024,#9240);
#9240 = DEFINITIONAL_REPRESENTATION('',(#9241),#9245);
#9241 = LINE('',#9242,#9243);
#9242 = CARTESIAN_POINT('',(1.,0.));
#9243 = VECTOR('',#9244,1.);
#9244 = DIRECTION('',(0.,-1.));
#9245 = ( GEOMETRIC_REPRESENTATION_CONTEXT(2) 
PARAMETRIC_REPRESENTATION_CONTEXT() REPRESENTATION_CONTEXT('2D SPACE',''
  ) );
#9246 = PCURVE('',#3991,#9247);
#9247 = DEFINITIONAL_REPRESENTATION('',(#9248),#9252);
#9248 = LINE('',#9249,#9250);
#9249 = CARTESIAN_POINT('',(0.,0.));
#9250 = VECTOR('',#9251,1.);
#9251 = DIRECTION('',(0.,-1.));
#9252 = ( GEOMETRIC_REPRESENTATION_CONTEXT(2) 
PARAMETRIC_REPRESENTATION_CONTEXT() REPRESENTATION_CONTEXT('2D SPACE',''
  ) );
#9253 = ORIENTED_EDGE('',*,*,#9254,.F.);
#9254 = EDGE_CURVE('',#9130,#9232,#9255,.T.);
#9255 = SURFACE_CURVE('',#9256,(#9261,#9268),.PCURVE_S1.);
#9256 = B_SPLINE_CURVE_WITH_KNOTS('',3,(#9257,#9258,#9259,#9260),
  .UNSPECIFIED.,.F.,.F.,(4,4),(0.,1.),.PIECEWISE_BEZIER_KNOTS.);
#9257 = CARTESIAN_POINT('',(18.9015625,-4.5,0.94856875));
#9258 = CARTESIAN_POINT('',(19.033327968625,-4.5,0.844730771875));
#9259 = CARTESIAN_POINT('',(19.172015552406,-4.5,0.757604382438));
#9260 = CARTESIAN_POINT('',(19.3016125,-4.5,0.64853125));
#9261 = PCURVE('',#4024,#9262);
#9262 = DEFINITIONAL_REPRESENTATION('',(#9263),#9267);
#9263 = LINE('',#9264,#9265);
#9264 = CARTESIAN_POINT('',(0.,0.));
#9265 = VECTOR('',#9266,1.);
#9266 = DIRECTION('',(1.,0.));
#9267 = ( GEOMETRIC_REPRESENTATION_CONTEXT(2) 
PARAMETRIC_REPRESENTATION_CONTEXT() REPRESENTATION_CONTEXT('2D SPACE',''
  ) );
#9268 = PCURVE('',#7122,#9269);
#9269 = DEFINITIONAL_REPRESENTATION('',(#9270),#9275);
#9270 = B_SPLINE_CURVE_WITH_KNOTS('',3,(#9271,#9272,#9273,#9274),
  .UNSPECIFIED.,.F.,.F.,(4,4),(0.,1.),.PIECEWISE_BEZIER_KNOTS.);
#9271 = CARTESIAN_POINT('',(0.94856875,-19.0984375));
#9272 = CARTESIAN_POINT('',(0.844730771875,-18.96667203137));
#9273 = CARTESIAN_POINT('',(0.757604382438,-18.82798444759));
#9274 = CARTESIAN_POINT('',(0.64853125,-18.6983875));
#9275 = ( GEOMETRIC_REPRESENTATION_CONTEXT(2) 
PARAMETRIC_REPRESENTATION_CONTEXT() REPRESENTATION_CONTEXT('2D SPACE',''
  ) );
#9276 = ADVANCED_FACE('',(#9277),#3463,.F.);
#9277 = FACE_BOUND('',#9278,.F.);
#9278 = EDGE_LOOP('',(#9279,#9302,#9303,#9304));
#9279 = ORIENTED_EDGE('',*,*,#9280,.T.);
#9280 = EDGE_CURVE('',#9281,#3446,#9283,.T.);
#9281 = VERTEX_POINT('',#9282);
#9282 = CARTESIAN_POINT('',(17.15134375,-4.5,-2.7018875));
#9283 = SURFACE_CURVE('',#9284,(#9288,#9295),.PCURVE_S1.);
#9284 = LINE('',#9285,#9286);
#9285 = CARTESIAN_POINT('',(17.15134375,-4.5,-2.7018875));
#9286 = VECTOR('',#9287,1.);
#9287 = DIRECTION('',(0.,1.,2.230669073875E-16));
#9288 = PCURVE('',#3463,#9289);
#9289 = DEFINITIONAL_REPRESENTATION('',(#9290),#9294);
#9290 = LINE('',#9291,#9292);
#9291 = CARTESIAN_POINT('',(0.,0.));
#9292 = VECTOR('',#9293,1.);
#9293 = DIRECTION('',(0.,-1.));
#9294 = ( GEOMETRIC_REPRESENTATION_CONTEXT(2) 
PARAMETRIC_REPRESENTATION_CONTEXT() REPRESENTATION_CONTEXT('2D SPACE',''
  ) );
#9295 = PCURVE('',#3496,#9296);
#9296 = DEFINITIONAL_REPRESENTATION('',(#9297),#9301);
#9297 = LINE('',#9298,#9299);
#9298 = CARTESIAN_POINT('',(1.,0.));
#9299 = VECTOR('',#9300,1.);
#9300 = DIRECTION('',(0.,-1.));
#9301 = ( GEOMETRIC_REPRESENTATION_CONTEXT(2) 
PARAMETRIC_REPRESENTATION_CONTEXT() REPRESENTATION_CONTEXT('2D SPACE',''
  ) );
#9302 = ORIENTED_EDGE('',*,*,#3445,.T.);
#9303 = ORIENTED_EDGE('',*,*,#9178,.F.);
#9304 = ORIENTED_EDGE('',*,*,#9305,.F.);
#9305 = EDGE_CURVE('',#9281,#9179,#9306,.T.);
#9306 = SURFACE_CURVE('',#9307,(#9312,#9319),.PCURVE_S1.);
#9307 = B_SPLINE_CURVE_WITH_KNOTS('',3,(#9308,#9309,#9310,#9311),
  .UNSPECIFIED.,.F.,.F.,(4,4),(0.,1.),.PIECEWISE_BEZIER_KNOTS.);
#9308 = CARTESIAN_POINT('',(17.15134375,-4.5,-2.7018875));
#9309 = CARTESIAN_POINT('',(17.0421020965,-4.5,-2.660896626781));
#9310 = CARTESIAN_POINT('',(16.921772557188,-4.5,-2.646674849281));
#9311 = CARTESIAN_POINT('',(16.803752056469,-4.5,-2.626878125));
#9312 = PCURVE('',#3463,#9313);
#9313 = DEFINITIONAL_REPRESENTATION('',(#9314),#9318);
#9314 = LINE('',#9315,#9316);
#9315 = CARTESIAN_POINT('',(0.,0.));
#9316 = VECTOR('',#9317,1.);
#9317 = DIRECTION('',(1.,0.));
#9318 = ( GEOMETRIC_REPRESENTATION_CONTEXT(2) 
PARAMETRIC_REPRESENTATION_CONTEXT() REPRESENTATION_CONTEXT('2D SPACE',''
  ) );
#9319 = PCURVE('',#7122,#9320);
#9320 = DEFINITIONAL_REPRESENTATION('',(#9321),#9326);
#9321 = B_SPLINE_CURVE_WITH_KNOTS('',3,(#9322,#9323,#9324,#9325),
  .UNSPECIFIED.,.F.,.F.,(4,4),(0.,1.),.PIECEWISE_BEZIER_KNOTS.);
#9322 = CARTESIAN_POINT('',(-2.7018875,-20.84865625));
#9323 = CARTESIAN_POINT('',(-2.660896626781,-20.9578979035));
#9324 = CARTESIAN_POINT('',(-2.646674849281,-21.07822744281));
#9325 = CARTESIAN_POINT('',(-2.626878125,-21.19624794353));
#9326 = ( GEOMETRIC_REPRESENTATION_CONTEXT(2) 
PARAMETRIC_REPRESENTATION_CONTEXT() REPRESENTATION_CONTEXT('2D SPACE',''
  ) );
#9327 = ADVANCED_FACE('',(#9328),#3991,.F.);
#9328 = FACE_BOUND('',#9329,.F.);
#9329 = EDGE_LOOP('',(#9330,#9331,#9332,#9355));
#9330 = ORIENTED_EDGE('',*,*,#9231,.T.);
#9331 = ORIENTED_EDGE('',*,*,#3973,.T.);
#9332 = ORIENTED_EDGE('',*,*,#9333,.F.);
#9333 = EDGE_CURVE('',#9334,#3941,#9336,.T.);
#9334 = VERTEX_POINT('',#9335);
#9335 = CARTESIAN_POINT('',(19.65165625,-4.5,0.34849375));
#9336 = SURFACE_CURVE('',#9337,(#9341,#9348),.PCURVE_S1.);
#9337 = LINE('',#9338,#9339);
#9338 = CARTESIAN_POINT('',(19.65165625,-4.5,0.34849375));
#9339 = VECTOR('',#9340,1.);
#9340 = DIRECTION('',(0.,1.,2.230669073875E-16));
#9341 = PCURVE('',#3991,#9342);
#9342 = DEFINITIONAL_REPRESENTATION('',(#9343),#9347);
#9343 = LINE('',#9344,#9345);
#9344 = CARTESIAN_POINT('',(1.,0.));
#9345 = VECTOR('',#9346,1.);
#9346 = DIRECTION('',(0.,-1.));
#9347 = ( GEOMETRIC_REPRESENTATION_CONTEXT(2) 
PARAMETRIC_REPRESENTATION_CONTEXT() REPRESENTATION_CONTEXT('2D SPACE',''
  ) );
#9348 = PCURVE('',#3958,#9349);
#9349 = DEFINITIONAL_REPRESENTATION('',(#9350),#9354);
#9350 = LINE('',#9351,#9352);
#9351 = CARTESIAN_POINT('',(0.,0.));
#9352 = VECTOR('',#9353,1.);
#9353 = DIRECTION('',(0.,-1.));
#9354 = ( GEOMETRIC_REPRESENTATION_CONTEXT(2) 
PARAMETRIC_REPRESENTATION_CONTEXT() REPRESENTATION_CONTEXT('2D SPACE',''
  ) );
#9355 = ORIENTED_EDGE('',*,*,#9356,.F.);
#9356 = EDGE_CURVE('',#9232,#9334,#9357,.T.);
#9357 = SURFACE_CURVE('',#9358,(#9363,#9370),.PCURVE_S1.);
#9358 = B_SPLINE_CURVE_WITH_KNOTS('',3,(#9359,#9360,#9361,#9362),
  .UNSPECIFIED.,.F.,.F.,(4,4),(0.,1.),.PIECEWISE_BEZIER_KNOTS.);
#9359 = CARTESIAN_POINT('',(19.3016125,-4.5,0.64853125));
#9360 = CARTESIAN_POINT('',(19.423883531969,-4.5,0.562013686656));
#9361 = CARTESIAN_POINT('',(19.542438099438,-4.5,0.466524001938));
#9362 = CARTESIAN_POINT('',(19.65165625,-4.5,0.34849375));
#9363 = PCURVE('',#3991,#9364);
#9364 = DEFINITIONAL_REPRESENTATION('',(#9365),#9369);
#9365 = LINE('',#9366,#9367);
#9366 = CARTESIAN_POINT('',(0.,0.));
#9367 = VECTOR('',#9368,1.);
#9368 = DIRECTION('',(1.,0.));
#9369 = ( GEOMETRIC_REPRESENTATION_CONTEXT(2) 
PARAMETRIC_REPRESENTATION_CONTEXT() REPRESENTATION_CONTEXT('2D SPACE',''
  ) );
#9370 = PCURVE('',#7122,#9371);
#9371 = DEFINITIONAL_REPRESENTATION('',(#9372),#9377);
#9372 = B_SPLINE_CURVE_WITH_KNOTS('',3,(#9373,#9374,#9375,#9376),
  .UNSPECIFIED.,.F.,.F.,(4,4),(0.,1.),.PIECEWISE_BEZIER_KNOTS.);
#9373 = CARTESIAN_POINT('',(0.64853125,-18.6983875));
#9374 = CARTESIAN_POINT('',(0.562013686656,-18.57611646803));
#9375 = CARTESIAN_POINT('',(0.466524001938,-18.45756190056));
#9376 = CARTESIAN_POINT('',(0.34849375,-18.34834375));
#9377 = ( GEOMETRIC_REPRESENTATION_CONTEXT(2) 
PARAMETRIC_REPRESENTATION_CONTEXT() REPRESENTATION_CONTEXT('2D SPACE',''
  ) );
#9378 = ADVANCED_FACE('',(#9379),#3496,.F.);
#9379 = FACE_BOUND('',#9380,.F.);
#9380 = EDGE_LOOP('',(#9381,#9404,#9405,#9406));
#9381 = ORIENTED_EDGE('',*,*,#9382,.T.);
#9382 = EDGE_CURVE('',#9383,#3479,#9385,.T.);
#9383 = VERTEX_POINT('',#9384);
#9384 = CARTESIAN_POINT('',(17.476384375,-4.5,-2.726890625));
#9385 = SURFACE_CURVE('',#9386,(#9390,#9397),.PCURVE_S1.);
#9386 = LINE('',#9387,#9388);
#9387 = CARTESIAN_POINT('',(17.476384375,-4.5,-2.726890625));
#9388 = VECTOR('',#9389,1.);
#9389 = DIRECTION('',(0.,1.,2.230669073875E-16));
#9390 = PCURVE('',#3496,#9391);
#9391 = DEFINITIONAL_REPRESENTATION('',(#9392),#9396);
#9392 = LINE('',#9393,#9394);
#9393 = CARTESIAN_POINT('',(0.,0.));
#9394 = VECTOR('',#9395,1.);
#9395 = DIRECTION('',(0.,-1.));
#9396 = ( GEOMETRIC_REPRESENTATION_CONTEXT(2) 
PARAMETRIC_REPRESENTATION_CONTEXT() REPRESENTATION_CONTEXT('2D SPACE',''
  ) );
#9397 = PCURVE('',#3529,#9398);
#9398 = DEFINITIONAL_REPRESENTATION('',(#9399),#9403);
#9399 = LINE('',#9400,#9401);
#9400 = CARTESIAN_POINT('',(1.,0.));
#9401 = VECTOR('',#9402,1.);
#9402 = DIRECTION('',(0.,-1.));
#9403 = ( GEOMETRIC_REPRESENTATION_CONTEXT(2) 
PARAMETRIC_REPRESENTATION_CONTEXT() REPRESENTATION_CONTEXT('2D SPACE',''
  ) );
#9404 = ORIENTED_EDGE('',*,*,#3478,.T.);
#9405 = ORIENTED_EDGE('',*,*,#9280,.F.);
#9406 = ORIENTED_EDGE('',*,*,#9407,.F.);
#9407 = EDGE_CURVE('',#9383,#9281,#9408,.T.);
#9408 = SURFACE_CURVE('',#9409,(#9414,#9421),.PCURVE_S1.);
#9409 = B_SPLINE_CURVE_WITH_KNOTS('',3,(#9410,#9411,#9412,#9413),
  .UNSPECIFIED.,.F.,.F.,(4,4),(0.,1.),.PIECEWISE_BEZIER_KNOTS.);
#9410 = CARTESIAN_POINT('',(17.476384375,-4.5,-2.726890625));
#9411 = CARTESIAN_POINT('',(17.358111842781,-4.5,-2.742518828281));
#9412 = CARTESIAN_POINT('',(17.26922048275,-4.5,-2.687214666125));
#9413 = CARTESIAN_POINT('',(17.15134375,-4.5,-2.7018875));
#9414 = PCURVE('',#3496,#9415);
#9415 = DEFINITIONAL_REPRESENTATION('',(#9416),#9420);
#9416 = LINE('',#9417,#9418);
#9417 = CARTESIAN_POINT('',(0.,0.));
#9418 = VECTOR('',#9419,1.);
#9419 = DIRECTION('',(1.,0.));
#9420 = ( GEOMETRIC_REPRESENTATION_CONTEXT(2) 
PARAMETRIC_REPRESENTATION_CONTEXT() REPRESENTATION_CONTEXT('2D SPACE',''
  ) );
#9421 = PCURVE('',#7122,#9422);
#9422 = DEFINITIONAL_REPRESENTATION('',(#9423),#9428);
#9423 = B_SPLINE_CURVE_WITH_KNOTS('',3,(#9424,#9425,#9426,#9427),
  .UNSPECIFIED.,.F.,.F.,(4,4),(0.,1.),.PIECEWISE_BEZIER_KNOTS.);
#9424 = CARTESIAN_POINT('',(-2.726890625,-20.523615625));
#9425 = CARTESIAN_POINT('',(-2.742518828281,-20.64188815721));
#9426 = CARTESIAN_POINT('',(-2.687214666125,-20.73077951725));
#9427 = CARTESIAN_POINT('',(-2.7018875,-20.84865625));
#9428 = ( GEOMETRIC_REPRESENTATION_CONTEXT(2) 
PARAMETRIC_REPRESENTATION_CONTEXT() REPRESENTATION_CONTEXT('2D SPACE',''
  ) );
#9429 = ADVANCED_FACE('',(#9430),#3958,.F.);
#9430 = FACE_BOUND('',#9431,.F.);
#9431 = EDGE_LOOP('',(#9432,#9433,#9434,#9457));
#9432 = ORIENTED_EDGE('',*,*,#9333,.T.);
#9433 = ORIENTED_EDGE('',*,*,#3940,.T.);
#9434 = ORIENTED_EDGE('',*,*,#9435,.F.);
#9435 = EDGE_CURVE('',#9436,#3908,#9438,.T.);
#9436 = VERTEX_POINT('',#9437);
#9437 = CARTESIAN_POINT('',(19.976696875,-4.5,2.3453125E-02));
#9438 = SURFACE_CURVE('',#9439,(#9443,#9450),.PCURVE_S1.);
#9439 = LINE('',#9440,#9441);
#9440 = CARTESIAN_POINT('',(19.976696875,-4.5,2.3453125E-02));
#9441 = VECTOR('',#9442,1.);
#9442 = DIRECTION('',(0.,1.,2.230669073875E-16));
#9443 = PCURVE('',#3958,#9444);
#9444 = DEFINITIONAL_REPRESENTATION('',(#9445),#9449);
#9445 = LINE('',#9446,#9447);
#9446 = CARTESIAN_POINT('',(1.,0.));
#9447 = VECTOR('',#9448,1.);
#9448 = DIRECTION('',(0.,-1.));
#9449 = ( GEOMETRIC_REPRESENTATION_CONTEXT(2) 
PARAMETRIC_REPRESENTATION_CONTEXT() REPRESENTATION_CONTEXT('2D SPACE',''
  ) );
#9450 = PCURVE('',#3925,#9451);
#9451 = DEFINITIONAL_REPRESENTATION('',(#9452),#9456);
#9452 = LINE('',#9453,#9454);
#9453 = CARTESIAN_POINT('',(0.,0.));
#9454 = VECTOR('',#9455,1.);
#9455 = DIRECTION('',(0.,-1.));
#9456 = ( GEOMETRIC_REPRESENTATION_CONTEXT(2) 
PARAMETRIC_REPRESENTATION_CONTEXT() REPRESENTATION_CONTEXT('2D SPACE',''
  ) );
#9457 = ORIENTED_EDGE('',*,*,#9458,.F.);
#9458 = EDGE_CURVE('',#9334,#9436,#9459,.T.);
#9459 = SURFACE_CURVE('',#9460,(#9465,#9472),.PCURVE_S1.);
#9460 = B_SPLINE_CURVE_WITH_KNOTS('',3,(#9461,#9462,#9463,#9464),
  .UNSPECIFIED.,.F.,.F.,(4,4),(0.,1.),.PIECEWISE_BEZIER_KNOTS.);
#9461 = CARTESIAN_POINT('',(19.65165625,-4.5,0.34849375));
#9462 = CARTESIAN_POINT('',(19.784276575469,-4.5,0.278014441187));
#9463 = CARTESIAN_POINT('',(19.8763443325,-4.5,0.130582014438));
#9464 = CARTESIAN_POINT('',(19.976696875,-4.5,2.3453125E-02));
#9465 = PCURVE('',#3958,#9466);
#9466 = DEFINITIONAL_REPRESENTATION('',(#9467),#9471);
#9467 = LINE('',#9468,#9469);
#9468 = CARTESIAN_POINT('',(0.,0.));
#9469 = VECTOR('',#9470,1.);
#9470 = DIRECTION('',(1.,0.));
#9471 = ( GEOMETRIC_REPRESENTATION_CONTEXT(2) 
PARAMETRIC_REPRESENTATION_CONTEXT() REPRESENTATION_CONTEXT('2D SPACE',''
  ) );
#9472 = PCURVE('',#7122,#9473);
#9473 = DEFINITIONAL_REPRESENTATION('',(#9474),#9479);
#9474 = B_SPLINE_CURVE_WITH_KNOTS('',3,(#9475,#9476,#9477,#9478),
  .UNSPECIFIED.,.F.,.F.,(4,4),(0.,1.),.PIECEWISE_BEZIER_KNOTS.);
#9475 = CARTESIAN_POINT('',(0.34849375,-18.34834375));
#9476 = CARTESIAN_POINT('',(0.278014441187,-18.21572342453));
#9477 = CARTESIAN_POINT('',(0.130582014438,-18.1236556675));
#9478 = CARTESIAN_POINT('',(2.3453125E-02,-18.023303125));
#9479 = ( GEOMETRIC_REPRESENTATION_CONTEXT(2) 
PARAMETRIC_REPRESENTATION_CONTEXT() REPRESENTATION_CONTEXT('2D SPACE',''
  ) );
#9480 = ADVANCED_FACE('',(#9481),#3529,.F.);
#9481 = FACE_BOUND('',#9482,.F.);
#9482 = EDGE_LOOP('',(#9483,#9506,#9507,#9508));
#9483 = ORIENTED_EDGE('',*,*,#9484,.T.);
#9484 = EDGE_CURVE('',#9485,#3512,#9487,.T.);
#9485 = VERTEX_POINT('',#9486);
#9486 = CARTESIAN_POINT('',(17.776421875,-4.5,-2.776896875));
#9487 = SURFACE_CURVE('',#9488,(#9492,#9499),.PCURVE_S1.);
#9488 = LINE('',#9489,#9490);
#9489 = CARTESIAN_POINT('',(17.776421875,-4.5,-2.776896875));
#9490 = VECTOR('',#9491,1.);
#9491 = DIRECTION('',(0.,1.,2.230669073875E-16));
#9492 = PCURVE('',#3529,#9493);
#9493 = DEFINITIONAL_REPRESENTATION('',(#9494),#9498);
#9494 = LINE('',#9495,#9496);
#9495 = CARTESIAN_POINT('',(0.,0.));
#9496 = VECTOR('',#9497,1.);
#9497 = DIRECTION('',(0.,-1.));
#9498 = ( GEOMETRIC_REPRESENTATION_CONTEXT(2) 
PARAMETRIC_REPRESENTATION_CONTEXT() REPRESENTATION_CONTEXT('2D SPACE',''
  ) );
#9499 = PCURVE('',#3562,#9500);
#9500 = DEFINITIONAL_REPRESENTATION('',(#9501),#9505);
#9501 = LINE('',#9502,#9503);
#9502 = CARTESIAN_POINT('',(1.,0.));
#9503 = VECTOR('',#9504,1.);
#9504 = DIRECTION('',(0.,-1.));
#9505 = ( GEOMETRIC_REPRESENTATION_CONTEXT(2) 
PARAMETRIC_REPRESENTATION_CONTEXT() REPRESENTATION_CONTEXT('2D SPACE',''
  ) );
#9506 = ORIENTED_EDGE('',*,*,#3511,.T.);
#9507 = ORIENTED_EDGE('',*,*,#9382,.F.);
#9508 = ORIENTED_EDGE('',*,*,#9509,.F.);
#9509 = EDGE_CURVE('',#9485,#9383,#9510,.T.);
#9510 = SURFACE_CURVE('',#9511,(#9516,#9523),.PCURVE_S1.);
#9511 = B_SPLINE_CURVE_WITH_KNOTS('',3,(#9512,#9513,#9514,#9515),
  .UNSPECIFIED.,.F.,.F.,(4,4),(0.,1.),.PIECEWISE_BEZIER_KNOTS.);
#9512 = CARTESIAN_POINT('',(17.776421875,-4.5,-2.776896875));
#9513 = CARTESIAN_POINT('',(17.694694410344,-4.5,-2.716084024344));
#9514 = CARTESIAN_POINT('',(17.55875667025,-4.5,-2.786146531063));
#9515 = CARTESIAN_POINT('',(17.476384375,-4.5,-2.726890625));
#9516 = PCURVE('',#3529,#9517);
#9517 = DEFINITIONAL_REPRESENTATION('',(#9518),#9522);
#9518 = LINE('',#9519,#9520);
#9519 = CARTESIAN_POINT('',(0.,0.));
#9520 = VECTOR('',#9521,1.);
#9521 = DIRECTION('',(1.,0.));
#9522 = ( GEOMETRIC_REPRESENTATION_CONTEXT(2) 
PARAMETRIC_REPRESENTATION_CONTEXT() REPRESENTATION_CONTEXT('2D SPACE',''
  ) );
#9523 = PCURVE('',#7122,#9524);
#9524 = DEFINITIONAL_REPRESENTATION('',(#9525),#9530);
#9525 = B_SPLINE_CURVE_WITH_KNOTS('',3,(#9526,#9527,#9528,#9529),
  .UNSPECIFIED.,.F.,.F.,(4,4),(0.,1.),.PIECEWISE_BEZIER_KNOTS.);
#9526 = CARTESIAN_POINT('',(-2.776896875,-20.223578125));
#9527 = CARTESIAN_POINT('',(-2.716084024344,-20.30530558965));
#9528 = CARTESIAN_POINT('',(-2.786146531062,-20.44124332975));
#9529 = CARTESIAN_POINT('',(-2.726890625,-20.523615625));
#9530 = ( GEOMETRIC_REPRESENTATION_CONTEXT(2) 
PARAMETRIC_REPRESENTATION_CONTEXT() REPRESENTATION_CONTEXT('2D SPACE',''
  ) );
#9531 = ADVANCED_FACE('',(#9532),#3925,.F.);
#9532 = FACE_BOUND('',#9533,.F.);
#9533 = EDGE_LOOP('',(#9534,#9535,#9536,#9559));
#9534 = ORIENTED_EDGE('',*,*,#9435,.T.);
#9535 = ORIENTED_EDGE('',*,*,#3907,.T.);
#9536 = ORIENTED_EDGE('',*,*,#9537,.F.);
#9537 = EDGE_CURVE('',#9538,#3875,#9540,.T.);
#9538 = VERTEX_POINT('',#9539);
#9539 = CARTESIAN_POINT('',(20.276734375,-4.5,-0.376596875));
#9540 = SURFACE_CURVE('',#9541,(#9545,#9552),.PCURVE_S1.);
#9541 = LINE('',#9542,#9543);
#9542 = CARTESIAN_POINT('',(20.276734375,-4.5,-0.376596875));
#9543 = VECTOR('',#9544,1.);
#9544 = DIRECTION('',(0.,1.,2.230669073875E-16));
#9545 = PCURVE('',#3925,#9546);
#9546 = DEFINITIONAL_REPRESENTATION('',(#9547),#9551);
#9547 = LINE('',#9548,#9549);
#9548 = CARTESIAN_POINT('',(1.,0.));
#9549 = VECTOR('',#9550,1.);
#9550 = DIRECTION('',(0.,-1.));
#9551 = ( GEOMETRIC_REPRESENTATION_CONTEXT(2) 
PARAMETRIC_REPRESENTATION_CONTEXT() REPRESENTATION_CONTEXT('2D SPACE',''
  ) );
#9552 = PCURVE('',#3892,#9553);
#9553 = DEFINITIONAL_REPRESENTATION('',(#9554),#9558);
#9554 = LINE('',#9555,#9556);
#9555 = CARTESIAN_POINT('',(0.,0.));
#9556 = VECTOR('',#9557,1.);
#9557 = DIRECTION('',(0.,-1.));
#9558 = ( GEOMETRIC_REPRESENTATION_CONTEXT(2) 
PARAMETRIC_REPRESENTATION_CONTEXT() REPRESENTATION_CONTEXT('2D SPACE',''
  ) );
#9559 = ORIENTED_EDGE('',*,*,#9560,.F.);
#9560 = EDGE_CURVE('',#9436,#9538,#9561,.T.);
#9561 = SURFACE_CURVE('',#9562,(#9567,#9574),.PCURVE_S1.);
#9562 = B_SPLINE_CURVE_WITH_KNOTS('',3,(#9563,#9564,#9565,#9566),
  .UNSPECIFIED.,.F.,.F.,(4,4),(0.,1.),.PIECEWISE_BEZIER_KNOTS.);
#9563 = CARTESIAN_POINT('',(19.976696875,-4.5,2.3453125E-02));
#9564 = CARTESIAN_POINT('',(20.104940403438,-4.5,-9.8203080125E-02));
#9565 = CARTESIAN_POINT('',(20.181941527375,-4.5,-0.241084688094));
#9566 = CARTESIAN_POINT('',(20.276734375,-4.5,-0.376596875));
#9567 = PCURVE('',#3925,#9568);
#9568 = DEFINITIONAL_REPRESENTATION('',(#9569),#9573);
#9569 = LINE('',#9570,#9571);
#9570 = CARTESIAN_POINT('',(0.,0.));
#9571 = VECTOR('',#9572,1.);
#9572 = DIRECTION('',(1.,0.));
#9573 = ( GEOMETRIC_REPRESENTATION_CONTEXT(2) 
PARAMETRIC_REPRESENTATION_CONTEXT() REPRESENTATION_CONTEXT('2D SPACE',''
  ) );
#9574 = PCURVE('',#7122,#9575);
#9575 = DEFINITIONAL_REPRESENTATION('',(#9576),#9581);
#9576 = B_SPLINE_CURVE_WITH_KNOTS('',3,(#9577,#9578,#9579,#9580),
  .UNSPECIFIED.,.F.,.F.,(4,4),(0.,1.),.PIECEWISE_BEZIER_KNOTS.);
#9577 = CARTESIAN_POINT('',(2.3453125E-02,-18.023303125));
#9578 = CARTESIAN_POINT('',(-9.8203080125E-02,-17.89505959656));
#9579 = CARTESIAN_POINT('',(-0.241084688094,-17.81805847262));
#9580 = CARTESIAN_POINT('',(-0.376596875,-17.723265625));
#9581 = ( GEOMETRIC_REPRESENTATION_CONTEXT(2) 
PARAMETRIC_REPRESENTATION_CONTEXT() REPRESENTATION_CONTEXT('2D SPACE',''
  ) );
#9582 = ADVANCED_FACE('',(#9583),#3562,.F.);
#9583 = FACE_BOUND('',#9584,.F.);
#9584 = EDGE_LOOP('',(#9585,#9608,#9609,#9610));
#9585 = ORIENTED_EDGE('',*,*,#9586,.T.);
#9586 = EDGE_CURVE('',#9587,#3545,#9589,.T.);
#9587 = VERTEX_POINT('',#9588);
#9588 = CARTESIAN_POINT('',(18.201475,-4.5,-2.8019));
#9589 = SURFACE_CURVE('',#9590,(#9594,#9601),.PCURVE_S1.);
#9590 = LINE('',#9591,#9592);
#9591 = CARTESIAN_POINT('',(18.201475,-4.5,-2.8019));
#9592 = VECTOR('',#9593,1.);
#9593 = DIRECTION('',(0.,1.,2.230669073875E-16));
#9594 = PCURVE('',#3562,#9595);
#9595 = DEFINITIONAL_REPRESENTATION('',(#9596),#9600);
#9596 = LINE('',#9597,#9598);
#9597 = CARTESIAN_POINT('',(0.,0.));
#9598 = VECTOR('',#9599,1.);
#9599 = DIRECTION('',(0.,-1.));
#9600 = ( GEOMETRIC_REPRESENTATION_CONTEXT(2) 
PARAMETRIC_REPRESENTATION_CONTEXT() REPRESENTATION_CONTEXT('2D SPACE',''
  ) );
#9601 = PCURVE('',#3595,#9602);
#9602 = DEFINITIONAL_REPRESENTATION('',(#9603),#9607);
#9603 = LINE('',#9604,#9605);
#9604 = CARTESIAN_POINT('',(1.,0.));
#9605 = VECTOR('',#9606,1.);
#9606 = DIRECTION('',(0.,-1.));
#9607 = ( GEOMETRIC_REPRESENTATION_CONTEXT(2) 
PARAMETRIC_REPRESENTATION_CONTEXT() REPRESENTATION_CONTEXT('2D SPACE',''
  ) );
#9608 = ORIENTED_EDGE('',*,*,#3544,.T.);
#9609 = ORIENTED_EDGE('',*,*,#9484,.F.);
#9610 = ORIENTED_EDGE('',*,*,#9611,.F.);
#9611 = EDGE_CURVE('',#9587,#9485,#9612,.T.);
#9612 = SURFACE_CURVE('',#9613,(#9618,#9625),.PCURVE_S1.);
#9613 = B_SPLINE_CURVE_WITH_KNOTS('',3,(#9614,#9615,#9616,#9617),
  .UNSPECIFIED.,.F.,.F.,(4,4),(0.,1.),.PIECEWISE_BEZIER_KNOTS.);
#9614 = CARTESIAN_POINT('',(18.201475,-4.5,-2.8019));
#9615 = CARTESIAN_POINT('',(18.07822959625,-4.5,-2.749050144594));
#9616 = CARTESIAN_POINT('',(17.916263603031,-4.5,-2.789679972687));
#9617 = CARTESIAN_POINT('',(17.776421875,-4.5,-2.776896875));
#9618 = PCURVE('',#3562,#9619);
#9619 = DEFINITIONAL_REPRESENTATION('',(#9620),#9624);
#9620 = LINE('',#9621,#9622);
#9621 = CARTESIAN_POINT('',(0.,0.));
#9622 = VECTOR('',#9623,1.);
#9623 = DIRECTION('',(1.,0.));
#9624 = ( GEOMETRIC_REPRESENTATION_CONTEXT(2) 
PARAMETRIC_REPRESENTATION_CONTEXT() REPRESENTATION_CONTEXT('2D SPACE',''
  ) );
#9625 = PCURVE('',#7122,#9626);
#9626 = DEFINITIONAL_REPRESENTATION('',(#9627),#9632);
#9627 = B_SPLINE_CURVE_WITH_KNOTS('',3,(#9628,#9629,#9630,#9631),
  .UNSPECIFIED.,.F.,.F.,(4,4),(0.,1.),.PIECEWISE_BEZIER_KNOTS.);
#9628 = CARTESIAN_POINT('',(-2.8019,-19.798525));
#9629 = CARTESIAN_POINT('',(-2.749050144594,-19.92177040375));
#9630 = CARTESIAN_POINT('',(-2.789679972687,-20.08373639696));
#9631 = CARTESIAN_POINT('',(-2.776896875,-20.223578125));
#9632 = ( GEOMETRIC_REPRESENTATION_CONTEXT(2) 
PARAMETRIC_REPRESENTATION_CONTEXT() REPRESENTATION_CONTEXT('2D SPACE',''
  ) );
#9633 = ADVANCED_FACE('',(#9634),#3892,.F.);
#9634 = FACE_BOUND('',#9635,.F.);
#9635 = EDGE_LOOP('',(#9636,#9637,#9638,#9661));
#9636 = ORIENTED_EDGE('',*,*,#9537,.T.);
#9637 = ORIENTED_EDGE('',*,*,#3874,.T.);
#9638 = ORIENTED_EDGE('',*,*,#9639,.F.);
#9639 = EDGE_CURVE('',#9640,#3842,#9642,.T.);
#9640 = VERTEX_POINT('',#9641);
#9641 = CARTESIAN_POINT('',(20.235785257,-4.5,-0.767589743));
#9642 = SURFACE_CURVE('',#9643,(#9647,#9654),.PCURVE_S1.);
#9643 = LINE('',#9644,#9645);
#9644 = CARTESIAN_POINT('',(20.235785257,-4.5,-0.767589743));
#9645 = VECTOR('',#9646,1.);
#9646 = DIRECTION('',(0.,1.,2.230669073875E-16));
#9647 = PCURVE('',#3892,#9648);
#9648 = DEFINITIONAL_REPRESENTATION('',(#9649),#9653);
#9649 = LINE('',#9650,#9651);
#9650 = CARTESIAN_POINT('',(1.,0.));
#9651 = VECTOR('',#9652,1.);
#9652 = DIRECTION('',(0.,-1.));
#9653 = ( GEOMETRIC_REPRESENTATION_CONTEXT(2) 
PARAMETRIC_REPRESENTATION_CONTEXT() REPRESENTATION_CONTEXT('2D SPACE',''
  ) );
#9654 = PCURVE('',#3859,#9655);
#9655 = DEFINITIONAL_REPRESENTATION('',(#9656),#9660);
#9656 = LINE('',#9657,#9658);
#9657 = CARTESIAN_POINT('',(0.,0.));
#9658 = VECTOR('',#9659,1.);
#9659 = DIRECTION('',(0.,-1.));
#9660 = ( GEOMETRIC_REPRESENTATION_CONTEXT(2) 
PARAMETRIC_REPRESENTATION_CONTEXT() REPRESENTATION_CONTEXT('2D SPACE',''
  ) );
#9661 = ORIENTED_EDGE('',*,*,#9662,.F.);
#9662 = EDGE_CURVE('',#9538,#9640,#9663,.T.);
#9663 = SURFACE_CURVE('',#9664,(#9669,#9676),.PCURVE_S1.);
#9664 = B_SPLINE_CURVE_WITH_KNOTS('',3,(#9665,#9666,#9667,#9668),
  .UNSPECIFIED.,.F.,.F.,(4,4),(0.,1.),.PIECEWISE_BEZIER_KNOTS.);
#9665 = CARTESIAN_POINT('',(20.276734375,-4.5,-0.376596875));
#9666 = CARTESIAN_POINT('',(20.342282067438,-4.5,-0.498953917719));
#9667 = CARTESIAN_POINT('',(20.3527878805,-4.5,-0.66611105975));
#9668 = CARTESIAN_POINT('',(20.235785257,-4.5,-0.767589743));
#9669 = PCURVE('',#3892,#9670);
#9670 = DEFINITIONAL_REPRESENTATION('',(#9671),#9675);
#9671 = LINE('',#9672,#9673);
#9672 = CARTESIAN_POINT('',(0.,0.));
#9673 = VECTOR('',#9674,1.);
#9674 = DIRECTION('',(1.,0.));
#9675 = ( GEOMETRIC_REPRESENTATION_CONTEXT(2) 
PARAMETRIC_REPRESENTATION_CONTEXT() REPRESENTATION_CONTEXT('2D SPACE',''
  ) );
#9676 = PCURVE('',#7122,#9677);
#9677 = DEFINITIONAL_REPRESENTATION('',(#9678),#9683);
#9678 = B_SPLINE_CURVE_WITH_KNOTS('',3,(#9679,#9680,#9681,#9682),
  .UNSPECIFIED.,.F.,.F.,(4,4),(0.,1.),.PIECEWISE_BEZIER_KNOTS.);
#9679 = CARTESIAN_POINT('',(-0.376596875,-17.723265625));
#9680 = CARTESIAN_POINT('',(-0.498953917719,-17.65771793256));
#9681 = CARTESIAN_POINT('',(-0.66611105975,-17.6472121195));
#9682 = CARTESIAN_POINT('',(-0.767589743,-17.764214743));
#9683 = ( GEOMETRIC_REPRESENTATION_CONTEXT(2) 
PARAMETRIC_REPRESENTATION_CONTEXT() REPRESENTATION_CONTEXT('2D SPACE',''
  ) );
#9684 = ADVANCED_FACE('',(#9685),#3595,.F.);
#9685 = FACE_BOUND('',#9686,.F.);
#9686 = EDGE_LOOP('',(#9687,#9710,#9711,#9712));
#9687 = ORIENTED_EDGE('',*,*,#9688,.T.);
#9688 = EDGE_CURVE('',#9689,#3578,#9691,.T.);
#9689 = VERTEX_POINT('',#9690);
#9690 = CARTESIAN_POINT('',(18.976571875,-4.5,-2.8019));
#9691 = SURFACE_CURVE('',#9692,(#9696,#9703),.PCURVE_S1.);
#9692 = LINE('',#9693,#9694);
#9693 = CARTESIAN_POINT('',(18.976571875,-4.5,-2.8019));
#9694 = VECTOR('',#9695,1.);
#9695 = DIRECTION('',(0.,1.,2.230669073875E-16));
#9696 = PCURVE('',#3595,#9697);
#9697 = DEFINITIONAL_REPRESENTATION('',(#9698),#9702);
#9698 = LINE('',#9699,#9700);
#9699 = CARTESIAN_POINT('',(0.,0.));
#9700 = VECTOR('',#9701,1.);
#9701 = DIRECTION('',(0.,-1.));
#9702 = ( GEOMETRIC_REPRESENTATION_CONTEXT(2) 
PARAMETRIC_REPRESENTATION_CONTEXT() REPRESENTATION_CONTEXT('2D SPACE',''
  ) );
#9703 = PCURVE('',#3628,#9704);
#9704 = DEFINITIONAL_REPRESENTATION('',(#9705),#9709);
#9705 = LINE('',#9706,#9707);
#9706 = CARTESIAN_POINT('',(1.,0.));
#9707 = VECTOR('',#9708,1.);
#9708 = DIRECTION('',(0.,-1.));
#9709 = ( GEOMETRIC_REPRESENTATION_CONTEXT(2) 
PARAMETRIC_REPRESENTATION_CONTEXT() REPRESENTATION_CONTEXT('2D SPACE',''
  ) );
#9710 = ORIENTED_EDGE('',*,*,#3577,.T.);
#9711 = ORIENTED_EDGE('',*,*,#9586,.F.);
#9712 = ORIENTED_EDGE('',*,*,#9713,.F.);
#9713 = EDGE_CURVE('',#9689,#9587,#9714,.T.);
#9714 = SURFACE_CURVE('',#9715,(#9720,#9727),.PCURVE_S1.);
#9715 = B_SPLINE_CURVE_WITH_KNOTS('',3,(#9716,#9717,#9718,#9719),
  .UNSPECIFIED.,.F.,.F.,(4,4),(0.,1.),.PIECEWISE_BEZIER_KNOTS.);
#9716 = CARTESIAN_POINT('',(18.976571875,-4.5,-2.8019));
#9717 = CARTESIAN_POINT('',(18.718206333344,-4.5,-2.8019));
#9718 = CARTESIAN_POINT('',(18.459840541656,-4.5,-2.8019));
#9719 = CARTESIAN_POINT('',(18.201475,-4.5,-2.8019));
#9720 = PCURVE('',#3595,#9721);
#9721 = DEFINITIONAL_REPRESENTATION('',(#9722),#9726);
#9722 = LINE('',#9723,#9724);
#9723 = CARTESIAN_POINT('',(0.,0.));
#9724 = VECTOR('',#9725,1.);
#9725 = DIRECTION('',(1.,0.));
#9726 = ( GEOMETRIC_REPRESENTATION_CONTEXT(2) 
PARAMETRIC_REPRESENTATION_CONTEXT() REPRESENTATION_CONTEXT('2D SPACE',''
  ) );
#9727 = PCURVE('',#7122,#9728);
#9728 = DEFINITIONAL_REPRESENTATION('',(#9729),#9734);
#9729 = B_SPLINE_CURVE_WITH_KNOTS('',3,(#9730,#9731,#9732,#9733),
  .UNSPECIFIED.,.F.,.F.,(4,4),(0.,1.),.PIECEWISE_BEZIER_KNOTS.);
#9730 = CARTESIAN_POINT('',(-2.8019,-19.023428125));
#9731 = CARTESIAN_POINT('',(-2.8019,-19.28179366665));
#9732 = CARTESIAN_POINT('',(-2.8019,-19.54015945834));
#9733 = CARTESIAN_POINT('',(-2.8019,-19.798525));
#9734 = ( GEOMETRIC_REPRESENTATION_CONTEXT(2) 
PARAMETRIC_REPRESENTATION_CONTEXT() REPRESENTATION_CONTEXT('2D SPACE',''
  ) );
#9735 = ADVANCED_FACE('',(#9736),#3859,.F.);
#9736 = FACE_BOUND('',#9737,.F.);
#9737 = EDGE_LOOP('',(#9738,#9739,#9740,#9763));
#9738 = ORIENTED_EDGE('',*,*,#9639,.T.);
#9739 = ORIENTED_EDGE('',*,*,#3841,.T.);
#9740 = ORIENTED_EDGE('',*,*,#9741,.F.);
#9741 = EDGE_CURVE('',#9742,#3809,#9744,.T.);
#9742 = VERTEX_POINT('',#9743);
#9743 = CARTESIAN_POINT('',(19.60165,-4.5,-1.426728125));
#9744 = SURFACE_CURVE('',#9745,(#9749,#9756),.PCURVE_S1.);
#9745 = LINE('',#9746,#9747);
#9746 = CARTESIAN_POINT('',(19.60165,-4.5,-1.426728125));
#9747 = VECTOR('',#9748,1.);
#9748 = DIRECTION('',(0.,1.,2.230669073875E-16));
#9749 = PCURVE('',#3859,#9750);
#9750 = DEFINITIONAL_REPRESENTATION('',(#9751),#9755);
#9751 = LINE('',#9752,#9753);
#9752 = CARTESIAN_POINT('',(1.,0.));
#9753 = VECTOR('',#9754,1.);
#9754 = DIRECTION('',(0.,-1.));
#9755 = ( GEOMETRIC_REPRESENTATION_CONTEXT(2) 
PARAMETRIC_REPRESENTATION_CONTEXT() REPRESENTATION_CONTEXT('2D SPACE',''
  ) );
#9756 = PCURVE('',#3826,#9757);
#9757 = DEFINITIONAL_REPRESENTATION('',(#9758),#9762);
#9758 = LINE('',#9759,#9760);
#9759 = CARTESIAN_POINT('',(0.,0.));
#9760 = VECTOR('',#9761,1.);
#9761 = DIRECTION('',(0.,-1.));
#9762 = ( GEOMETRIC_REPRESENTATION_CONTEXT(2) 
PARAMETRIC_REPRESENTATION_CONTEXT() REPRESENTATION_CONTEXT('2D SPACE',''
  ) );
#9763 = ORIENTED_EDGE('',*,*,#9764,.F.);
#9764 = EDGE_CURVE('',#9640,#9742,#9765,.T.);
#9765 = SURFACE_CURVE('',#9766,(#9771,#9778),.PCURVE_S1.);
#9766 = B_SPLINE_CURVE_WITH_KNOTS('',3,(#9767,#9768,#9769,#9770),
  .UNSPECIFIED.,.F.,.F.,(4,4),(0.,1.),.PIECEWISE_BEZIER_KNOTS.);
#9767 = CARTESIAN_POINT('',(20.235785257,-4.5,-0.767589743));
#9768 = CARTESIAN_POINT('',(20.026590860969,-4.5,-0.98820731675));
#9769 = CARTESIAN_POINT('',(19.78285864825,-4.5,-1.194518602437));
#9770 = CARTESIAN_POINT('',(19.60165,-4.5,-1.426728125));
#9771 = PCURVE('',#3859,#9772);
#9772 = DEFINITIONAL_REPRESENTATION('',(#9773),#9777);
#9773 = LINE('',#9774,#9775);
#9774 = CARTESIAN_POINT('',(0.,0.));
#9775 = VECTOR('',#9776,1.);
#9776 = DIRECTION('',(1.,0.));
#9777 = ( GEOMETRIC_REPRESENTATION_CONTEXT(2) 
PARAMETRIC_REPRESENTATION_CONTEXT() REPRESENTATION_CONTEXT('2D SPACE',''
  ) );
#9778 = PCURVE('',#7122,#9779);
#9779 = DEFINITIONAL_REPRESENTATION('',(#9780),#9785);
#9780 = B_SPLINE_CURVE_WITH_KNOTS('',3,(#9781,#9782,#9783,#9784),
  .UNSPECIFIED.,.F.,.F.,(4,4),(0.,1.),.PIECEWISE_BEZIER_KNOTS.);
#9781 = CARTESIAN_POINT('',(-0.767589743,-17.764214743));
#9782 = CARTESIAN_POINT('',(-0.98820731675,-17.97340913903));
#9783 = CARTESIAN_POINT('',(-1.194518602437,-18.21714135175));
#9784 = CARTESIAN_POINT('',(-1.426728125,-18.39835));
#9785 = ( GEOMETRIC_REPRESENTATION_CONTEXT(2) 
PARAMETRIC_REPRESENTATION_CONTEXT() REPRESENTATION_CONTEXT('2D SPACE',''
  ) );
#9786 = ADVANCED_FACE('',(#9787),#3628,.F.);
#9787 = FACE_BOUND('',#9788,.F.);
#9788 = EDGE_LOOP('',(#9789,#9812,#9813,#9814));
#9789 = ORIENTED_EDGE('',*,*,#9790,.T.);
#9790 = EDGE_CURVE('',#9791,#3611,#9793,.T.);
#9791 = VERTEX_POINT('',#9792);
#9792 = CARTESIAN_POINT('',(19.326615625,-4.5,-2.776896875));
#9793 = SURFACE_CURVE('',#9794,(#9798,#9805),.PCURVE_S1.);
#9794 = LINE('',#9795,#9796);
#9795 = CARTESIAN_POINT('',(19.326615625,-4.5,-2.776896875));
#9796 = VECTOR('',#9797,1.);
#9797 = DIRECTION('',(0.,1.,2.230669073875E-16));
#9798 = PCURVE('',#3628,#9799);
#9799 = DEFINITIONAL_REPRESENTATION('',(#9800),#9804);
#9800 = LINE('',#9801,#9802);
#9801 = CARTESIAN_POINT('',(0.,0.));
#9802 = VECTOR('',#9803,1.);
#9803 = DIRECTION('',(0.,-1.));
#9804 = ( GEOMETRIC_REPRESENTATION_CONTEXT(2) 
PARAMETRIC_REPRESENTATION_CONTEXT() REPRESENTATION_CONTEXT('2D SPACE',''
  ) );
#9805 = PCURVE('',#3661,#9806);
#9806 = DEFINITIONAL_REPRESENTATION('',(#9807),#9811);
#9807 = LINE('',#9808,#9809);
#9808 = CARTESIAN_POINT('',(1.,0.));
#9809 = VECTOR('',#9810,1.);
#9810 = DIRECTION('',(0.,-1.));
#9811 = ( GEOMETRIC_REPRESENTATION_CONTEXT(2) 
PARAMETRIC_REPRESENTATION_CONTEXT() REPRESENTATION_CONTEXT('2D SPACE',''
  ) );
#9812 = ORIENTED_EDGE('',*,*,#3610,.T.);
#9813 = ORIENTED_EDGE('',*,*,#9688,.F.);
#9814 = ORIENTED_EDGE('',*,*,#9815,.F.);
#9815 = EDGE_CURVE('',#9791,#9689,#9816,.T.);
#9816 = SURFACE_CURVE('',#9817,(#9822,#9829),.PCURVE_S1.);
#9817 = B_SPLINE_CURVE_WITH_KNOTS('',3,(#9818,#9819,#9820,#9821),
  .UNSPECIFIED.,.F.,.F.,(4,4),(0.,1.),.PIECEWISE_BEZIER_KNOTS.);
#9818 = CARTESIAN_POINT('',(19.326615625,-4.5,-2.776896875));
#9819 = CARTESIAN_POINT('',(19.204184573031,-4.5,-2.77135018175));
#9820 = CARTESIAN_POINT('',(19.086934668625,-4.5,-2.778312051875));
#9821 = CARTESIAN_POINT('',(18.976571875,-4.5,-2.8019));
#9822 = PCURVE('',#3628,#9823);
#9823 = DEFINITIONAL_REPRESENTATION('',(#9824),#9828);
#9824 = LINE('',#9825,#9826);
#9825 = CARTESIAN_POINT('',(0.,0.));
#9826 = VECTOR('',#9827,1.);
#9827 = DIRECTION('',(1.,0.));
#9828 = ( GEOMETRIC_REPRESENTATION_CONTEXT(2) 
PARAMETRIC_REPRESENTATION_CONTEXT() REPRESENTATION_CONTEXT('2D SPACE',''
  ) );
#9829 = PCURVE('',#7122,#9830);
#9830 = DEFINITIONAL_REPRESENTATION('',(#9831),#9836);
#9831 = B_SPLINE_CURVE_WITH_KNOTS('',3,(#9832,#9833,#9834,#9835),
  .UNSPECIFIED.,.F.,.F.,(4,4),(0.,1.),.PIECEWISE_BEZIER_KNOTS.);
#9832 = CARTESIAN_POINT('',(-2.776896875,-18.673384375));
#9833 = CARTESIAN_POINT('',(-2.77135018175,-18.79581542696));
#9834 = CARTESIAN_POINT('',(-2.778312051875,-18.91306533137));
#9835 = CARTESIAN_POINT('',(-2.8019,-19.023428125));
#9836 = ( GEOMETRIC_REPRESENTATION_CONTEXT(2) 
PARAMETRIC_REPRESENTATION_CONTEXT() REPRESENTATION_CONTEXT('2D SPACE',''
  ) );
#9837 = ADVANCED_FACE('',(#9838),#3826,.F.);
#9838 = FACE_BOUND('',#9839,.F.);
#9839 = EDGE_LOOP('',(#9840,#9841,#9842,#9865));
#9840 = ORIENTED_EDGE('',*,*,#9741,.T.);
#9841 = ORIENTED_EDGE('',*,*,#3808,.T.);
#9842 = ORIENTED_EDGE('',*,*,#9843,.F.);
#9843 = EDGE_CURVE('',#9844,#3776,#9846,.T.);
#9844 = VERTEX_POINT('',#9845);
#9845 = CARTESIAN_POINT('',(19.55164375,-4.5,-1.801775));
#9846 = SURFACE_CURVE('',#9847,(#9851,#9858),.PCURVE_S1.);
#9847 = LINE('',#9848,#9849);
#9848 = CARTESIAN_POINT('',(19.55164375,-4.5,-1.801775));
#9849 = VECTOR('',#9850,1.);
#9850 = DIRECTION('',(0.,1.,2.230669073875E-16));
#9851 = PCURVE('',#3826,#9852);
#9852 = DEFINITIONAL_REPRESENTATION('',(#9853),#9857);
#9853 = LINE('',#9854,#9855);
#9854 = CARTESIAN_POINT('',(1.,0.));
#9855 = VECTOR('',#9856,1.);
#9856 = DIRECTION('',(0.,-1.));
#9857 = ( GEOMETRIC_REPRESENTATION_CONTEXT(2) 
PARAMETRIC_REPRESENTATION_CONTEXT() REPRESENTATION_CONTEXT('2D SPACE',''
  ) );
#9858 = PCURVE('',#3793,#9859);
#9859 = DEFINITIONAL_REPRESENTATION('',(#9860),#9864);
#9860 = LINE('',#9861,#9862);
#9861 = CARTESIAN_POINT('',(0.,0.));
#9862 = VECTOR('',#9863,1.);
#9863 = DIRECTION('',(0.,-1.));
#9864 = ( GEOMETRIC_REPRESENTATION_CONTEXT(2) 
PARAMETRIC_REPRESENTATION_CONTEXT() REPRESENTATION_CONTEXT('2D SPACE',''
  ) );
#9865 = ORIENTED_EDGE('',*,*,#9866,.F.);
#9866 = EDGE_CURVE('',#9742,#9844,#9867,.T.);
#9867 = SURFACE_CURVE('',#9868,(#9873,#9880),.PCURVE_S1.);
#9868 = B_SPLINE_CURVE_WITH_KNOTS('',3,(#9869,#9870,#9871,#9872),
  .UNSPECIFIED.,.F.,.F.,(4,4),(0.,1.),.PIECEWISE_BEZIER_KNOTS.);
#9869 = CARTESIAN_POINT('',(19.60165,-4.5,-1.426728125));
#9870 = CARTESIAN_POINT('',(19.547435974094,-4.5,-1.539126673062));
#9871 = CARTESIAN_POINT('',(19.494392844531,-4.5,-1.673927021));
#9872 = CARTESIAN_POINT('',(19.55164375,-4.5,-1.801775));
#9873 = PCURVE('',#3826,#9874);
#9874 = DEFINITIONAL_REPRESENTATION('',(#9875),#9879);
#9875 = LINE('',#9876,#9877);
#9876 = CARTESIAN_POINT('',(0.,0.));
#9877 = VECTOR('',#9878,1.);
#9878 = DIRECTION('',(1.,0.));
#9879 = ( GEOMETRIC_REPRESENTATION_CONTEXT(2) 
PARAMETRIC_REPRESENTATION_CONTEXT() REPRESENTATION_CONTEXT('2D SPACE',''
  ) );
#9880 = PCURVE('',#7122,#9881);
#9881 = DEFINITIONAL_REPRESENTATION('',(#9882),#9887);
#9882 = B_SPLINE_CURVE_WITH_KNOTS('',3,(#9883,#9884,#9885,#9886),
  .UNSPECIFIED.,.F.,.F.,(4,4),(0.,1.),.PIECEWISE_BEZIER_KNOTS.);
#9883 = CARTESIAN_POINT('',(-1.426728125,-18.39835));
#9884 = CARTESIAN_POINT('',(-1.539126673062,-18.4525640259));
#9885 = CARTESIAN_POINT('',(-1.673927021,-18.50560715546));
#9886 = CARTESIAN_POINT('',(-1.801775,-18.44835625));
#9887 = ( GEOMETRIC_REPRESENTATION_CONTEXT(2) 
PARAMETRIC_REPRESENTATION_CONTEXT() REPRESENTATION_CONTEXT('2D SPACE',''
  ) );
#9888 = ADVANCED_FACE('',(#9889),#3661,.F.);
#9889 = FACE_BOUND('',#9890,.F.);
#9890 = EDGE_LOOP('',(#9891,#9914,#9915,#9916));
#9891 = ORIENTED_EDGE('',*,*,#9892,.T.);
#9892 = EDGE_CURVE('',#9893,#3644,#9895,.T.);
#9893 = VERTEX_POINT('',#9894);
#9894 = CARTESIAN_POINT('',(19.726665625,-4.5,-2.75189375));
#9895 = SURFACE_CURVE('',#9896,(#9900,#9907),.PCURVE_S1.);
#9896 = LINE('',#9897,#9898);
#9897 = CARTESIAN_POINT('',(19.726665625,-4.5,-2.75189375));
#9898 = VECTOR('',#9899,1.);
#9899 = DIRECTION('',(0.,1.,2.230669073875E-16));
#9900 = PCURVE('',#3661,#9901);
#9901 = DEFINITIONAL_REPRESENTATION('',(#9902),#9906);
#9902 = LINE('',#9903,#9904);
#9903 = CARTESIAN_POINT('',(0.,0.));
#9904 = VECTOR('',#9905,1.);
#9905 = DIRECTION('',(0.,-1.));
#9906 = ( GEOMETRIC_REPRESENTATION_CONTEXT(2) 
PARAMETRIC_REPRESENTATION_CONTEXT() REPRESENTATION_CONTEXT('2D SPACE',''
  ) );
#9907 = PCURVE('',#3694,#9908);
#9908 = DEFINITIONAL_REPRESENTATION('',(#9909),#9913);
#9909 = LINE('',#9910,#9911);
#9910 = CARTESIAN_POINT('',(1.,0.));
#9911 = VECTOR('',#9912,1.);
#9912 = DIRECTION('',(0.,-1.));
#9913 = ( GEOMETRIC_REPRESENTATION_CONTEXT(2) 
PARAMETRIC_REPRESENTATION_CONTEXT() REPRESENTATION_CONTEXT('2D SPACE',''
  ) );
#9914 = ORIENTED_EDGE('',*,*,#3643,.T.);
#9915 = ORIENTED_EDGE('',*,*,#9790,.F.);
#9916 = ORIENTED_EDGE('',*,*,#9917,.F.);
#9917 = EDGE_CURVE('',#9893,#9791,#9918,.T.);
#9918 = SURFACE_CURVE('',#9919,(#9924,#9931),.PCURVE_S1.);
#9919 = B_SPLINE_CURVE_WITH_KNOTS('',3,(#9920,#9921,#9922,#9923),
  .UNSPECIFIED.,.F.,.F.,(4,4),(0.,1.),.PIECEWISE_BEZIER_KNOTS.);
#9920 = CARTESIAN_POINT('',(19.726665625,-4.5,-2.75189375));
#9921 = CARTESIAN_POINT('',(19.583978291313,-4.5,-2.737685474187));
#9922 = CARTESIAN_POINT('',(19.470340338344,-4.5,-2.793609213781));
#9923 = CARTESIAN_POINT('',(19.326615625,-4.5,-2.776896875));
#9924 = PCURVE('',#3661,#9925);
#9925 = DEFINITIONAL_REPRESENTATION('',(#9926),#9930);
#9926 = LINE('',#9927,#9928);
#9927 = CARTESIAN_POINT('',(0.,0.));
#9928 = VECTOR('',#9929,1.);
#9929 = DIRECTION('',(1.,0.));
#9930 = ( GEOMETRIC_REPRESENTATION_CONTEXT(2) 
PARAMETRIC_REPRESENTATION_CONTEXT() REPRESENTATION_CONTEXT('2D SPACE',''
  ) );
#9931 = PCURVE('',#7122,#9932);
#9932 = DEFINITIONAL_REPRESENTATION('',(#9933),#9938);
#9933 = B_SPLINE_CURVE_WITH_KNOTS('',3,(#9934,#9935,#9936,#9937),
  .UNSPECIFIED.,.F.,.F.,(4,4),(0.,1.),.PIECEWISE_BEZIER_KNOTS.);
#9934 = CARTESIAN_POINT('',(-2.75189375,-18.273334375));
#9935 = CARTESIAN_POINT('',(-2.737685474187,-18.41602170868));
#9936 = CARTESIAN_POINT('',(-2.793609213781,-18.52965966165));
#9937 = CARTESIAN_POINT('',(-2.776896875,-18.673384375));
#9938 = ( GEOMETRIC_REPRESENTATION_CONTEXT(2) 
PARAMETRIC_REPRESENTATION_CONTEXT() REPRESENTATION_CONTEXT('2D SPACE',''
  ) );
#9939 = ADVANCED_FACE('',(#9940),#3793,.F.);
#9940 = FACE_BOUND('',#9941,.F.);
#9941 = EDGE_LOOP('',(#9942,#9943,#9944,#9967));
#9942 = ORIENTED_EDGE('',*,*,#9843,.T.);
#9943 = ORIENTED_EDGE('',*,*,#3775,.T.);
#9944 = ORIENTED_EDGE('',*,*,#9945,.F.);
#9945 = EDGE_CURVE('',#9946,#3743,#9948,.T.);
#9946 = VERTEX_POINT('',#9947);
#9947 = CARTESIAN_POINT('',(19.776671875,-4.5,-2.176821875));
#9948 = SURFACE_CURVE('',#9949,(#9953,#9960),.PCURVE_S1.);
#9949 = LINE('',#9950,#9951);
#9950 = CARTESIAN_POINT('',(19.776671875,-4.5,-2.176821875));
#9951 = VECTOR('',#9952,1.);
#9952 = DIRECTION('',(0.,1.,2.230669073875E-16));
#9953 = PCURVE('',#3793,#9954);
#9954 = DEFINITIONAL_REPRESENTATION('',(#9955),#9959);
#9955 = LINE('',#9956,#9957);
#9956 = CARTESIAN_POINT('',(1.,0.));
#9957 = VECTOR('',#9958,1.);
#9958 = DIRECTION('',(0.,-1.));
#9959 = ( GEOMETRIC_REPRESENTATION_CONTEXT(2) 
PARAMETRIC_REPRESENTATION_CONTEXT() REPRESENTATION_CONTEXT('2D SPACE',''
  ) );
#9960 = PCURVE('',#3760,#9961);
#9961 = DEFINITIONAL_REPRESENTATION('',(#9962),#9966);
#9962 = LINE('',#9963,#9964);
#9963 = CARTESIAN_POINT('',(0.,0.));
#9964 = VECTOR('',#9965,1.);
#9965 = DIRECTION('',(0.,-1.));
#9966 = ( GEOMETRIC_REPRESENTATION_CONTEXT(2) 
PARAMETRIC_REPRESENTATION_CONTEXT() REPRESENTATION_CONTEXT('2D SPACE',''
  ) );
#9967 = ORIENTED_EDGE('',*,*,#9968,.F.);
#9968 = EDGE_CURVE('',#9844,#9946,#9969,.T.);
#9969 = SURFACE_CURVE('',#9970,(#9975,#9982),.PCURVE_S1.);
#9970 = B_SPLINE_CURVE_WITH_KNOTS('',3,(#9971,#9972,#9973,#9974),
  .UNSPECIFIED.,.F.,.F.,(4,4),(0.,1.),.PIECEWISE_BEZIER_KNOTS.);
#9971 = CARTESIAN_POINT('',(19.55164375,-4.5,-1.801775));
#9972 = CARTESIAN_POINT('',(19.580499606531,-4.5,-1.945908014375));
#9973 = CARTESIAN_POINT('',(19.664278327563,-4.5,-2.067291185375));
#9974 = CARTESIAN_POINT('',(19.776671875,-4.5,-2.176821875));
#9975 = PCURVE('',#3793,#9976);
#9976 = DEFINITIONAL_REPRESENTATION('',(#9977),#9981);
#9977 = LINE('',#9978,#9979);
#9978 = CARTESIAN_POINT('',(0.,0.));
#9979 = VECTOR('',#9980,1.);
#9980 = DIRECTION('',(1.,0.));
#9981 = ( GEOMETRIC_REPRESENTATION_CONTEXT(2) 
PARAMETRIC_REPRESENTATION_CONTEXT() REPRESENTATION_CONTEXT('2D SPACE',''
  ) );
#9982 = PCURVE('',#7122,#9983);
#9983 = DEFINITIONAL_REPRESENTATION('',(#9984),#9989);
#9984 = B_SPLINE_CURVE_WITH_KNOTS('',3,(#9985,#9986,#9987,#9988),
  .UNSPECIFIED.,.F.,.F.,(4,4),(0.,1.),.PIECEWISE_BEZIER_KNOTS.);
#9985 = CARTESIAN_POINT('',(-1.801775,-18.44835625));
#9986 = CARTESIAN_POINT('',(-1.945908014375,-18.41950039346));
#9987 = CARTESIAN_POINT('',(-2.067291185375,-18.33572167243));
#9988 = CARTESIAN_POINT('',(-2.176821875,-18.223328125));
#9989 = ( GEOMETRIC_REPRESENTATION_CONTEXT(2) 
PARAMETRIC_REPRESENTATION_CONTEXT() REPRESENTATION_CONTEXT('2D SPACE',''
  ) );
#9990 = ADVANCED_FACE('',(#9991),#3694,.F.);
#9991 = FACE_BOUND('',#9992,.F.);
#9992 = EDGE_LOOP('',(#9993,#10016,#10017,#10018));
#9993 = ORIENTED_EDGE('',*,*,#9994,.T.);
#9994 = EDGE_CURVE('',#9995,#3677,#9997,.T.);
#9995 = VERTEX_POINT('',#9996);
#9996 = CARTESIAN_POINT('',(20.029155181469,-4.5,-2.7018875));
#9997 = SURFACE_CURVE('',#9998,(#10002,#10009),.PCURVE_S1.);
#9998 = LINE('',#9999,#10000);
#9999 = CARTESIAN_POINT('',(20.029155181469,-4.5,-2.7018875));
#10000 = VECTOR('',#10001,1.);
#10001 = DIRECTION('',(0.,1.,2.230669073875E-16));
#10002 = PCURVE('',#3694,#10003);
#10003 = DEFINITIONAL_REPRESENTATION('',(#10004),#10008);
#10004 = LINE('',#10005,#10006);
#10005 = CARTESIAN_POINT('',(0.,0.));
#10006 = VECTOR('',#10007,1.);
#10007 = DIRECTION('',(0.,-1.));
#10008 = ( GEOMETRIC_REPRESENTATION_CONTEXT(2) 
PARAMETRIC_REPRESENTATION_CONTEXT() REPRESENTATION_CONTEXT('2D SPACE',''
  ) );
#10009 = PCURVE('',#3727,#10010);
#10010 = DEFINITIONAL_REPRESENTATION('',(#10011),#10015);
#10011 = LINE('',#10012,#10013);
#10012 = CARTESIAN_POINT('',(1.,0.));
#10013 = VECTOR('',#10014,1.);
#10014 = DIRECTION('',(0.,-1.));
#10015 = ( GEOMETRIC_REPRESENTATION_CONTEXT(2) 
PARAMETRIC_REPRESENTATION_CONTEXT() REPRESENTATION_CONTEXT('2D SPACE',''
  ) );
#10016 = ORIENTED_EDGE('',*,*,#3676,.T.);
#10017 = ORIENTED_EDGE('',*,*,#9892,.F.);
#10018 = ORIENTED_EDGE('',*,*,#10019,.F.);
#10019 = EDGE_CURVE('',#9995,#9893,#10020,.T.);
#10020 = SURFACE_CURVE('',#10021,(#10026,#10033),.PCURVE_S1.);
#10021 = B_SPLINE_CURVE_WITH_KNOTS('',3,(#10022,#10023,#10024,#10025),
  .UNSPECIFIED.,.F.,.F.,(4,4),(0.,1.),.PIECEWISE_BEZIER_KNOTS.);
#10022 = CARTESIAN_POINT('',(20.029155181469,-4.5,-2.7018875));
#10023 = CARTESIAN_POINT('',(19.939415215375,-4.5,-2.745329429563));
#10024 = CARTESIAN_POINT('',(19.817600740469,-4.5,-2.711336931031));
#10025 = CARTESIAN_POINT('',(19.726665625,-4.5,-2.75189375));
#10026 = PCURVE('',#3694,#10027);
#10027 = DEFINITIONAL_REPRESENTATION('',(#10028),#10032);
#10028 = LINE('',#10029,#10030);
#10029 = CARTESIAN_POINT('',(0.,0.));
#10030 = VECTOR('',#10031,1.);
#10031 = DIRECTION('',(1.,0.));
#10032 = ( GEOMETRIC_REPRESENTATION_CONTEXT(2) 
PARAMETRIC_REPRESENTATION_CONTEXT() REPRESENTATION_CONTEXT('2D SPACE',''
  ) );
#10033 = PCURVE('',#7122,#10034);
#10034 = DEFINITIONAL_REPRESENTATION('',(#10035),#10040);
#10035 = B_SPLINE_CURVE_WITH_KNOTS('',3,(#10036,#10037,#10038,#10039),
  .UNSPECIFIED.,.F.,.F.,(4,4),(0.,1.),.PIECEWISE_BEZIER_KNOTS.);
#10036 = CARTESIAN_POINT('',(-2.7018875,-17.97084481853));
#10037 = CARTESIAN_POINT('',(-2.745329429562,-18.06058478462));
#10038 = CARTESIAN_POINT('',(-2.711336931031,-18.18239925953));
#10039 = CARTESIAN_POINT('',(-2.75189375,-18.273334375));
#10040 = ( GEOMETRIC_REPRESENTATION_CONTEXT(2) 
PARAMETRIC_REPRESENTATION_CONTEXT() REPRESENTATION_CONTEXT('2D SPACE',''
  ) );
#10041 = ADVANCED_FACE('',(#10042),#3760,.F.);
#10042 = FACE_BOUND('',#10043,.F.);
#10043 = EDGE_LOOP('',(#10044,#10045,#10046,#10069));
#10044 = ORIENTED_EDGE('',*,*,#9945,.T.);
#10045 = ORIENTED_EDGE('',*,*,#3742,.T.);
#10046 = ORIENTED_EDGE('',*,*,#10047,.F.);
#10047 = EDGE_CURVE('',#10048,#3710,#10050,.T.);
#10048 = VERTEX_POINT('',#10049);
#10049 = CARTESIAN_POINT('',(20.126715625,-4.5,-2.55186875));
#10050 = SURFACE_CURVE('',#10051,(#10055,#10062),.PCURVE_S1.);
#10051 = LINE('',#10052,#10053);
#10052 = CARTESIAN_POINT('',(20.126715625,-4.5,-2.55186875));
#10053 = VECTOR('',#10054,1.);
#10054 = DIRECTION('',(0.,1.,2.230669073875E-16));
#10055 = PCURVE('',#3760,#10056);
#10056 = DEFINITIONAL_REPRESENTATION('',(#10057),#10061);
#10057 = LINE('',#10058,#10059);
#10058 = CARTESIAN_POINT('',(1.,0.));
#10059 = VECTOR('',#10060,1.);
#10060 = DIRECTION('',(0.,-1.));
#10061 = ( GEOMETRIC_REPRESENTATION_CONTEXT(2) 
PARAMETRIC_REPRESENTATION_CONTEXT() REPRESENTATION_CONTEXT('2D SPACE',''
  ) );
#10062 = PCURVE('',#3727,#10063);
#10063 = DEFINITIONAL_REPRESENTATION('',(#10064),#10068);
#10064 = LINE('',#10065,#10066);
#10065 = CARTESIAN_POINT('',(0.,0.));
#10066 = VECTOR('',#10067,1.);
#10067 = DIRECTION('',(0.,-1.));
#10068 = ( GEOMETRIC_REPRESENTATION_CONTEXT(2) 
PARAMETRIC_REPRESENTATION_CONTEXT() REPRESENTATION_CONTEXT('2D SPACE',''
  ) );
#10069 = ORIENTED_EDGE('',*,*,#10070,.F.);
#10070 = EDGE_CURVE('',#9946,#10048,#10071,.T.);
#10071 = SURFACE_CURVE('',#10072,(#10077,#10084),.PCURVE_S1.);
#10072 = B_SPLINE_CURVE_WITH_KNOTS('',3,(#10073,#10074,#10075,#10076),
  .UNSPECIFIED.,.F.,.F.,(4,4),(0.,1.),.PIECEWISE_BEZIER_KNOTS.);
#10073 = CARTESIAN_POINT('',(19.776671875,-4.5,-2.176821875));
#10074 = CARTESIAN_POINT('',(19.912155808375,-4.5,-2.294049276594));
#10075 = CARTESIAN_POINT('',(19.9971194275,-4.5,-2.432202793625));
#10076 = CARTESIAN_POINT('',(20.126715625,-4.5,-2.55186875));
#10077 = PCURVE('',#3760,#10078);
#10078 = DEFINITIONAL_REPRESENTATION('',(#10079),#10083);
#10079 = LINE('',#10080,#10081);
#10080 = CARTESIAN_POINT('',(0.,0.));
#10081 = VECTOR('',#10082,1.);
#10082 = DIRECTION('',(1.,0.));
#10083 = ( GEOMETRIC_REPRESENTATION_CONTEXT(2) 
PARAMETRIC_REPRESENTATION_CONTEXT() REPRESENTATION_CONTEXT('2D SPACE',''
  ) );
#10084 = PCURVE('',#7122,#10085);
#10085 = DEFINITIONAL_REPRESENTATION('',(#10086),#10091);
#10086 = B_SPLINE_CURVE_WITH_KNOTS('',3,(#10087,#10088,#10089,#10090),
  .UNSPECIFIED.,.F.,.F.,(4,4),(0.,1.),.PIECEWISE_BEZIER_KNOTS.);
#10087 = CARTESIAN_POINT('',(-2.176821875,-18.223328125));
#10088 = CARTESIAN_POINT('',(-2.294049276594,-18.08784419162));
#10089 = CARTESIAN_POINT('',(-2.432202793625,-18.0028805725));
#10090 = CARTESIAN_POINT('',(-2.55186875,-17.873284375));
#10091 = ( GEOMETRIC_REPRESENTATION_CONTEXT(2) 
PARAMETRIC_REPRESENTATION_CONTEXT() REPRESENTATION_CONTEXT('2D SPACE',''
  ) );
#10092 = ADVANCED_FACE('',(#10093),#3727,.F.);
#10093 = FACE_BOUND('',#10094,.F.);
#10094 = EDGE_LOOP('',(#10095,#10096,#10097,#10098));
#10095 = ORIENTED_EDGE('',*,*,#10047,.T.);
#10096 = ORIENTED_EDGE('',*,*,#3709,.T.);
#10097 = ORIENTED_EDGE('',*,*,#9994,.F.);
#10098 = ORIENTED_EDGE('',*,*,#10099,.F.);
#10099 = EDGE_CURVE('',#10048,#9995,#10100,.T.);
#10100 = SURFACE_CURVE('',#10101,(#10106,#10113),.PCURVE_S1.);
#10101 = B_SPLINE_CURVE_WITH_KNOTS('',3,(#10102,#10103,#10104,#10105),
  .UNSPECIFIED.,.F.,.F.,(4,4),(0.,1.),.PIECEWISE_BEZIER_KNOTS.);
#10102 = CARTESIAN_POINT('',(20.126715625,-4.5,-2.55186875));
#10103 = CARTESIAN_POINT('',(20.324513096594,-4.5,-2.624591589219));
#10104 = CARTESIAN_POINT('',(20.178721624938,-4.5,-2.722479073625));
#10105 = CARTESIAN_POINT('',(20.029155181469,-4.5,-2.7018875));
#10106 = PCURVE('',#3727,#10107);
#10107 = DEFINITIONAL_REPRESENTATION('',(#10108),#10112);
#10108 = LINE('',#10109,#10110);
#10109 = CARTESIAN_POINT('',(0.,0.));
#10110 = VECTOR('',#10111,1.);
#10111 = DIRECTION('',(1.,0.));
#10112 = ( GEOMETRIC_REPRESENTATION_CONTEXT(2) 
PARAMETRIC_REPRESENTATION_CONTEXT() REPRESENTATION_CONTEXT('2D SPACE',''
  ) );
#10113 = PCURVE('',#7122,#10114);
#10114 = DEFINITIONAL_REPRESENTATION('',(#10115),#10120);
#10115 = B_SPLINE_CURVE_WITH_KNOTS('',3,(#10116,#10117,#10118,#10119),
  .UNSPECIFIED.,.F.,.F.,(4,4),(0.,1.),.PIECEWISE_BEZIER_KNOTS.);
#10116 = CARTESIAN_POINT('',(-2.55186875,-17.873284375));
#10117 = CARTESIAN_POINT('',(-2.624591589219,-17.6754869034));
#10118 = CARTESIAN_POINT('',(-2.722479073625,-17.82127837506));
#10119 = CARTESIAN_POINT('',(-2.7018875,-17.97084481853));
#10120 = ( GEOMETRIC_REPRESENTATION_CONTEXT(2) 
PARAMETRIC_REPRESENTATION_CONTEXT() REPRESENTATION_CONTEXT('2D SPACE',''
  ) );
#10121 = ADVANCED_FACE('',(#10122),#4719,.F.);
#10122 = FACE_BOUND('',#10123,.F.);
#10123 = EDGE_LOOP('',(#10124,#10147,#10148,#10171));
#10124 = ORIENTED_EDGE('',*,*,#10125,.T.);
#10125 = EDGE_CURVE('',#10126,#4700,#10128,.T.);
#10126 = VERTEX_POINT('',#10127);
#10127 = CARTESIAN_POINT('',(17.826428125,-4.5,3.798925));
#10128 = SURFACE_CURVE('',#10129,(#10133,#10140),.PCURVE_S1.);
#10129 = LINE('',#10130,#10131);
#10130 = CARTESIAN_POINT('',(17.826428125,-4.5,3.798925));
#10131 = VECTOR('',#10132,1.);
#10132 = DIRECTION('',(0.,1.,2.230669073875E-16));
#10133 = PCURVE('',#4719,#10134);
#10134 = DEFINITIONAL_REPRESENTATION('',(#10135),#10139);
#10135 = LINE('',#10136,#10137);
#10136 = CARTESIAN_POINT('',(0.,0.));
#10137 = VECTOR('',#10138,1.);
#10138 = DIRECTION('',(0.,-1.));
#10139 = ( GEOMETRIC_REPRESENTATION_CONTEXT(2) 
PARAMETRIC_REPRESENTATION_CONTEXT() REPRESENTATION_CONTEXT('2D SPACE',''
  ) );
#10140 = PCURVE('',#4752,#10141);
#10141 = DEFINITIONAL_REPRESENTATION('',(#10142),#10146);
#10142 = LINE('',#10143,#10144);
#10143 = CARTESIAN_POINT('',(1.,0.));
#10144 = VECTOR('',#10145,1.);
#10145 = DIRECTION('',(0.,-1.));
#10146 = ( GEOMETRIC_REPRESENTATION_CONTEXT(2) 
PARAMETRIC_REPRESENTATION_CONTEXT() REPRESENTATION_CONTEXT('2D SPACE',''
  ) );
#10147 = ORIENTED_EDGE('',*,*,#4699,.T.);
#10148 = ORIENTED_EDGE('',*,*,#10149,.F.);
#10149 = EDGE_CURVE('',#10150,#4702,#10152,.T.);
#10150 = VERTEX_POINT('',#10151);
#10151 = CARTESIAN_POINT('',(17.876434375,-4.5,3.923940625));
#10152 = SURFACE_CURVE('',#10153,(#10157,#10164),.PCURVE_S1.);
#10153 = LINE('',#10154,#10155);
#10154 = CARTESIAN_POINT('',(17.876434375,-4.5,3.923940625));
#10155 = VECTOR('',#10156,1.);
#10156 = DIRECTION('',(0.,1.,2.230669073875E-16));
#10157 = PCURVE('',#4719,#10158);
#10158 = DEFINITIONAL_REPRESENTATION('',(#10159),#10163);
#10159 = LINE('',#10160,#10161);
#10160 = CARTESIAN_POINT('',(1.,0.));
#10161 = VECTOR('',#10162,1.);
#10162 = DIRECTION('',(0.,-1.));
#10163 = ( GEOMETRIC_REPRESENTATION_CONTEXT(2) 
PARAMETRIC_REPRESENTATION_CONTEXT() REPRESENTATION_CONTEXT('2D SPACE',''
  ) );
#10164 = PCURVE('',#5872,#10165);
#10165 = DEFINITIONAL_REPRESENTATION('',(#10166),#10170);
#10166 = LINE('',#10167,#10168);
#10167 = CARTESIAN_POINT('',(0.,0.));
#10168 = VECTOR('',#10169,1.);
#10169 = DIRECTION('',(0.,-1.));
#10170 = ( GEOMETRIC_REPRESENTATION_CONTEXT(2) 
PARAMETRIC_REPRESENTATION_CONTEXT() REPRESENTATION_CONTEXT('2D SPACE',''
  ) );
#10171 = ORIENTED_EDGE('',*,*,#10172,.F.);
#10172 = EDGE_CURVE('',#10126,#10150,#10173,.T.);
#10173 = SURFACE_CURVE('',#10174,(#10179,#10186),.PCURVE_S1.);
#10174 = B_SPLINE_CURVE_WITH_KNOTS('',3,(#10175,#10176,#10177,#10178),
  .UNSPECIFIED.,.F.,.F.,(4,4),(0.,1.),.PIECEWISE_BEZIER_KNOTS.);
#10175 = CARTESIAN_POINT('',(17.826428125,-4.5,3.798925));
#10176 = CARTESIAN_POINT('',(17.819485007219,-4.5,3.849397558281));
#10177 = CARTESIAN_POINT('',(17.848919686094,-4.5,3.886925748719));
#10178 = CARTESIAN_POINT('',(17.876434375,-4.5,3.923940625));
#10179 = PCURVE('',#4719,#10180);
#10180 = DEFINITIONAL_REPRESENTATION('',(#10181),#10185);
#10181 = LINE('',#10182,#10183);
#10182 = CARTESIAN_POINT('',(0.,0.));
#10183 = VECTOR('',#10184,1.);
#10184 = DIRECTION('',(1.,0.));
#10185 = ( GEOMETRIC_REPRESENTATION_CONTEXT(2) 
PARAMETRIC_REPRESENTATION_CONTEXT() REPRESENTATION_CONTEXT('2D SPACE',''
  ) );
#10186 = PCURVE('',#10187,#10192);
#10187 = PLANE('',#10188);
#10188 = AXIS2_PLACEMENT_3D('',#10189,#10190,#10191);
#10189 = CARTESIAN_POINT('',(38.,-4.5,-1.33226762955E-15));
#10190 = DIRECTION('',(0.,1.,1.130669073875E-16));
#10191 = DIRECTION('',(0.,-1.130669073875E-16,1.));
#10192 = DEFINITIONAL_REPRESENTATION('',(#10193),#10198);
#10193 = B_SPLINE_CURVE_WITH_KNOTS('',3,(#10194,#10195,#10196,#10197),
  .UNSPECIFIED.,.F.,.F.,(4,4),(0.,1.),.PIECEWISE_BEZIER_KNOTS.);
#10194 = CARTESIAN_POINT('',(3.798925,-20.173571875));
#10195 = CARTESIAN_POINT('',(3.849397558281,-20.18051499278));
#10196 = CARTESIAN_POINT('',(3.886925748719,-20.1510803139));
#10197 = CARTESIAN_POINT('',(3.923940625,-20.123565625));
#10198 = ( GEOMETRIC_REPRESENTATION_CONTEXT(2) 
PARAMETRIC_REPRESENTATION_CONTEXT() REPRESENTATION_CONTEXT('2D SPACE',''
  ) );
#10199 = ADVANCED_FACE('',(#10200),#4752,.F.);
#10200 = FACE_BOUND('',#10201,.F.);
#10201 = EDGE_LOOP('',(#10202,#10225,#10226,#10227));
#10202 = ORIENTED_EDGE('',*,*,#10203,.T.);
#10203 = EDGE_CURVE('',#10204,#4735,#10206,.T.);
#10204 = VERTEX_POINT('',#10205);
#10205 = CARTESIAN_POINT('',(17.75141875,-4.5,3.580800737875));
#10206 = SURFACE_CURVE('',#10207,(#10211,#10218),.PCURVE_S1.);
#10207 = LINE('',#10208,#10209);
#10208 = CARTESIAN_POINT('',(17.75141875,-4.5,3.580800737875));
#10209 = VECTOR('',#10210,1.);
#10210 = DIRECTION('',(0.,1.,2.230669073875E-16));
#10211 = PCURVE('',#4752,#10212);
#10212 = DEFINITIONAL_REPRESENTATION('',(#10213),#10217);
#10213 = LINE('',#10214,#10215);
#10214 = CARTESIAN_POINT('',(0.,0.));
#10215 = VECTOR('',#10216,1.);
#10216 = DIRECTION('',(0.,-1.));
#10217 = ( GEOMETRIC_REPRESENTATION_CONTEXT(2) 
PARAMETRIC_REPRESENTATION_CONTEXT() REPRESENTATION_CONTEXT('2D SPACE',''
  ) );
#10218 = PCURVE('',#4785,#10219);
#10219 = DEFINITIONAL_REPRESENTATION('',(#10220),#10224);
#10220 = LINE('',#10221,#10222);
#10221 = CARTESIAN_POINT('',(1.,0.));
#10222 = VECTOR('',#10223,1.);
#10223 = DIRECTION('',(0.,-1.));
#10224 = ( GEOMETRIC_REPRESENTATION_CONTEXT(2) 
PARAMETRIC_REPRESENTATION_CONTEXT() REPRESENTATION_CONTEXT('2D SPACE',''
  ) );
#10225 = ORIENTED_EDGE('',*,*,#4734,.T.);
#10226 = ORIENTED_EDGE('',*,*,#10125,.F.);
#10227 = ORIENTED_EDGE('',*,*,#10228,.F.);
#10228 = EDGE_CURVE('',#10204,#10126,#10229,.T.);
#10229 = SURFACE_CURVE('',#10230,(#10235,#10242),.PCURVE_S1.);
#10230 = B_SPLINE_CURVE_WITH_KNOTS('',3,(#10231,#10232,#10233,#10234),
  .UNSPECIFIED.,.F.,.F.,(4,4),(0.,1.),.PIECEWISE_BEZIER_KNOTS.);
#10231 = CARTESIAN_POINT('',(17.75141875,-4.5,3.580800737875));
#10232 = CARTESIAN_POINT('',(17.766767668375,-4.5,3.657606837438));
#10233 = CARTESIAN_POINT('',(17.788963192469,-4.5,3.731220788031));
#10234 = CARTESIAN_POINT('',(17.826428125,-4.5,3.798925));
#10235 = PCURVE('',#4752,#10236);
#10236 = DEFINITIONAL_REPRESENTATION('',(#10237),#10241);
#10237 = LINE('',#10238,#10239);
#10238 = CARTESIAN_POINT('',(0.,0.));
#10239 = VECTOR('',#10240,1.);
#10240 = DIRECTION('',(1.,0.));
#10241 = ( GEOMETRIC_REPRESENTATION_CONTEXT(2) 
PARAMETRIC_REPRESENTATION_CONTEXT() REPRESENTATION_CONTEXT('2D SPACE',''
  ) );
#10242 = PCURVE('',#10187,#10243);
#10243 = DEFINITIONAL_REPRESENTATION('',(#10244),#10249);
#10244 = B_SPLINE_CURVE_WITH_KNOTS('',3,(#10245,#10246,#10247,#10248),
  .UNSPECIFIED.,.F.,.F.,(4,4),(0.,1.),.PIECEWISE_BEZIER_KNOTS.);
#10245 = CARTESIAN_POINT('',(3.580800737875,-20.24858125));
#10246 = CARTESIAN_POINT('',(3.657606837438,-20.23323233162));
#10247 = CARTESIAN_POINT('',(3.731220788031,-20.21103680753));
#10248 = CARTESIAN_POINT('',(3.798925,-20.173571875));
#10249 = ( GEOMETRIC_REPRESENTATION_CONTEXT(2) 
PARAMETRIC_REPRESENTATION_CONTEXT() REPRESENTATION_CONTEXT('2D SPACE',''
  ) );
#10250 = ADVANCED_FACE('',(#10251),#5872,.F.);
#10251 = FACE_BOUND('',#10252,.F.);
#10252 = EDGE_LOOP('',(#10253,#10254,#10255,#10278));
#10253 = ORIENTED_EDGE('',*,*,#10149,.T.);
#10254 = ORIENTED_EDGE('',*,*,#5856,.T.);
#10255 = ORIENTED_EDGE('',*,*,#10256,.F.);
#10256 = EDGE_CURVE('',#10257,#5824,#10259,.T.);
#10257 = VERTEX_POINT('',#10258);
#10258 = CARTESIAN_POINT('',(18.1139640625,-4.5,3.84893125));
#10259 = SURFACE_CURVE('',#10260,(#10264,#10271),.PCURVE_S1.);
#10260 = LINE('',#10261,#10262);
#10261 = CARTESIAN_POINT('',(18.1139640625,-4.5,3.84893125));
#10262 = VECTOR('',#10263,1.);
#10263 = DIRECTION('',(0.,1.,2.230669073875E-16));
#10264 = PCURVE('',#5872,#10265);
#10265 = DEFINITIONAL_REPRESENTATION('',(#10266),#10270);
#10266 = LINE('',#10267,#10268);
#10267 = CARTESIAN_POINT('',(1.,0.));
#10268 = VECTOR('',#10269,1.);
#10269 = DIRECTION('',(0.,-1.));
#10270 = ( GEOMETRIC_REPRESENTATION_CONTEXT(2) 
PARAMETRIC_REPRESENTATION_CONTEXT() REPRESENTATION_CONTEXT('2D SPACE',''
  ) );
#10271 = PCURVE('',#5841,#10272);
#10272 = DEFINITIONAL_REPRESENTATION('',(#10273),#10277);
#10273 = LINE('',#10274,#10275);
#10274 = CARTESIAN_POINT('',(0.,0.));
#10275 = VECTOR('',#10276,1.);
#10276 = DIRECTION('',(0.,-1.));
#10277 = ( GEOMETRIC_REPRESENTATION_CONTEXT(2) 
PARAMETRIC_REPRESENTATION_CONTEXT() REPRESENTATION_CONTEXT('2D SPACE',''
  ) );
#10278 = ORIENTED_EDGE('',*,*,#10279,.F.);
#10279 = EDGE_CURVE('',#10150,#10257,#10280,.T.);
#10280 = SURFACE_CURVE('',#10281,(#10286,#10293),.PCURVE_S1.);
#10281 = B_SPLINE_CURVE_WITH_KNOTS('',3,(#10282,#10283,#10284,#10285),
  .UNSPECIFIED.,.F.,.F.,(4,4),(0.,1.),.PIECEWISE_BEZIER_KNOTS.);
#10282 = CARTESIAN_POINT('',(17.876434375,-4.5,3.923940625));
#10283 = CARTESIAN_POINT('',(17.954976941594,-4.5,3.994653463));
#10284 = CARTESIAN_POINT('',(18.043260725688,-4.5,3.880044388656));
#10285 = CARTESIAN_POINT('',(18.1139640625,-4.5,3.84893125));
#10286 = PCURVE('',#5872,#10287);
#10287 = DEFINITIONAL_REPRESENTATION('',(#10288),#10292);
#10288 = LINE('',#10289,#10290);
#10289 = CARTESIAN_POINT('',(0.,0.));
#10290 = VECTOR('',#10291,1.);
#10291 = DIRECTION('',(1.,0.));
#10292 = ( GEOMETRIC_REPRESENTATION_CONTEXT(2) 
PARAMETRIC_REPRESENTATION_CONTEXT() REPRESENTATION_CONTEXT('2D SPACE',''
  ) );
#10293 = PCURVE('',#10187,#10294);
#10294 = DEFINITIONAL_REPRESENTATION('',(#10295),#10300);
#10295 = B_SPLINE_CURVE_WITH_KNOTS('',3,(#10296,#10297,#10298,#10299),
  .UNSPECIFIED.,.F.,.F.,(4,4),(0.,1.),.PIECEWISE_BEZIER_KNOTS.);
#10296 = CARTESIAN_POINT('',(3.923940625,-20.123565625));
#10297 = CARTESIAN_POINT('',(3.994653463,-20.0450230584));
#10298 = CARTESIAN_POINT('',(3.880044388656,-19.95673927431));
#10299 = CARTESIAN_POINT('',(3.84893125,-19.8860359375));
#10300 = ( GEOMETRIC_REPRESENTATION_CONTEXT(2) 
PARAMETRIC_REPRESENTATION_CONTEXT() REPRESENTATION_CONTEXT('2D SPACE',''
  ) );
#10301 = ADVANCED_FACE('',(#10302),#4785,.F.);
#10302 = FACE_BOUND('',#10303,.F.);
#10303 = EDGE_LOOP('',(#10304,#10327,#10328,#10329));
#10304 = ORIENTED_EDGE('',*,*,#10305,.T.);
#10305 = EDGE_CURVE('',#10306,#4768,#10308,.T.);
#10306 = VERTEX_POINT('',#10307);
#10307 = CARTESIAN_POINT('',(17.7014125,-4.5,3.398875));
#10308 = SURFACE_CURVE('',#10309,(#10313,#10320),.PCURVE_S1.);
#10309 = LINE('',#10310,#10311);
#10310 = CARTESIAN_POINT('',(17.7014125,-4.5,3.398875));
#10311 = VECTOR('',#10312,1.);
#10312 = DIRECTION('',(0.,1.,2.230669073875E-16));
#10313 = PCURVE('',#4785,#10314);
#10314 = DEFINITIONAL_REPRESENTATION('',(#10315),#10319);
#10315 = LINE('',#10316,#10317);
#10316 = CARTESIAN_POINT('',(0.,0.));
#10317 = VECTOR('',#10318,1.);
#10318 = DIRECTION('',(0.,-1.));
#10319 = ( GEOMETRIC_REPRESENTATION_CONTEXT(2) 
PARAMETRIC_REPRESENTATION_CONTEXT() REPRESENTATION_CONTEXT('2D SPACE',''
  ) );
#10320 = PCURVE('',#4818,#10321);
#10321 = DEFINITIONAL_REPRESENTATION('',(#10322),#10326);
#10322 = LINE('',#10323,#10324);
#10323 = CARTESIAN_POINT('',(1.,0.));
#10324 = VECTOR('',#10325,1.);
#10325 = DIRECTION('',(0.,-1.));
#10326 = ( GEOMETRIC_REPRESENTATION_CONTEXT(2) 
PARAMETRIC_REPRESENTATION_CONTEXT() REPRESENTATION_CONTEXT('2D SPACE',''
  ) );
#10327 = ORIENTED_EDGE('',*,*,#4767,.T.);
#10328 = ORIENTED_EDGE('',*,*,#10203,.F.);
#10329 = ORIENTED_EDGE('',*,*,#10330,.F.);
#10330 = EDGE_CURVE('',#10306,#10204,#10331,.T.);
#10331 = SURFACE_CURVE('',#10332,(#10337,#10344),.PCURVE_S1.);
#10332 = B_SPLINE_CURVE_WITH_KNOTS('',3,(#10333,#10334,#10335,#10336),
  .UNSPECIFIED.,.F.,.F.,(4,4),(0.,1.),.PIECEWISE_BEZIER_KNOTS.);
#10333 = CARTESIAN_POINT('',(17.7014125,-4.5,3.398875));
#10334 = CARTESIAN_POINT('',(17.745162718094,-4.5,3.448556709437));
#10335 = CARTESIAN_POINT('',(17.71546425625,-4.5,3.528064646688));
#10336 = CARTESIAN_POINT('',(17.75141875,-4.5,3.580800737875));
#10337 = PCURVE('',#4785,#10338);
#10338 = DEFINITIONAL_REPRESENTATION('',(#10339),#10343);
#10339 = LINE('',#10340,#10341);
#10340 = CARTESIAN_POINT('',(0.,0.));
#10341 = VECTOR('',#10342,1.);
#10342 = DIRECTION('',(1.,0.));
#10343 = ( GEOMETRIC_REPRESENTATION_CONTEXT(2) 
PARAMETRIC_REPRESENTATION_CONTEXT() REPRESENTATION_CONTEXT('2D SPACE',''
  ) );
#10344 = PCURVE('',#10187,#10345);
#10345 = DEFINITIONAL_REPRESENTATION('',(#10346),#10351);
#10346 = B_SPLINE_CURVE_WITH_KNOTS('',3,(#10347,#10348,#10349,#10350),
  .UNSPECIFIED.,.F.,.F.,(4,4),(0.,1.),.PIECEWISE_BEZIER_KNOTS.);
#10347 = CARTESIAN_POINT('',(3.398875,-20.2985875));
#10348 = CARTESIAN_POINT('',(3.448556709438,-20.2548372819));
#10349 = CARTESIAN_POINT('',(3.528064646688,-20.28453574375));
#10350 = CARTESIAN_POINT('',(3.580800737875,-20.24858125));
#10351 = ( GEOMETRIC_REPRESENTATION_CONTEXT(2) 
PARAMETRIC_REPRESENTATION_CONTEXT() REPRESENTATION_CONTEXT('2D SPACE',''
  ) );
#10352 = ADVANCED_FACE('',(#10353),#5841,.F.);
#10353 = FACE_BOUND('',#10354,.F.);
#10354 = EDGE_LOOP('',(#10355,#10356,#10357,#10380));
#10355 = ORIENTED_EDGE('',*,*,#10256,.T.);
#10356 = ORIENTED_EDGE('',*,*,#5823,.T.);
#10357 = ORIENTED_EDGE('',*,*,#10358,.F.);
#10358 = EDGE_CURVE('',#10359,#5791,#10361,.T.);
#10359 = VERTEX_POINT('',#10360);
#10360 = CARTESIAN_POINT('',(18.35149375,-4.5,3.6989125));
#10361 = SURFACE_CURVE('',#10362,(#10366,#10373),.PCURVE_S1.);
#10362 = LINE('',#10363,#10364);
#10363 = CARTESIAN_POINT('',(18.35149375,-4.5,3.6989125));
#10364 = VECTOR('',#10365,1.);
#10365 = DIRECTION('',(0.,1.,2.230669073875E-16));
#10366 = PCURVE('',#5841,#10367);
#10367 = DEFINITIONAL_REPRESENTATION('',(#10368),#10372);
#10368 = LINE('',#10369,#10370);
#10369 = CARTESIAN_POINT('',(1.,0.));
#10370 = VECTOR('',#10371,1.);
#10371 = DIRECTION('',(0.,-1.));
#10372 = ( GEOMETRIC_REPRESENTATION_CONTEXT(2) 
PARAMETRIC_REPRESENTATION_CONTEXT() REPRESENTATION_CONTEXT('2D SPACE',''
  ) );
#10373 = PCURVE('',#5808,#10374);
#10374 = DEFINITIONAL_REPRESENTATION('',(#10375),#10379);
#10375 = LINE('',#10376,#10377);
#10376 = CARTESIAN_POINT('',(0.,0.));
#10377 = VECTOR('',#10378,1.);
#10378 = DIRECTION('',(0.,-1.));
#10379 = ( GEOMETRIC_REPRESENTATION_CONTEXT(2) 
PARAMETRIC_REPRESENTATION_CONTEXT() REPRESENTATION_CONTEXT('2D SPACE',''
  ) );
#10380 = ORIENTED_EDGE('',*,*,#10381,.F.);
#10381 = EDGE_CURVE('',#10257,#10359,#10382,.T.);
#10382 = SURFACE_CURVE('',#10383,(#10388,#10395),.PCURVE_S1.);
#10383 = B_SPLINE_CURVE_WITH_KNOTS('',3,(#10384,#10385,#10386,#10387),
  .UNSPECIFIED.,.F.,.F.,(4,4),(0.,1.),.PIECEWISE_BEZIER_KNOTS.);
#10384 = CARTESIAN_POINT('',(18.1139640625,-4.5,3.84893125));
#10385 = CARTESIAN_POINT('',(18.197406741531,-4.5,3.80879623375));
#10386 = CARTESIAN_POINT('',(18.279964559969,-4.5,3.767128025875));
#10387 = CARTESIAN_POINT('',(18.35149375,-4.5,3.6989125));
#10388 = PCURVE('',#5841,#10389);
#10389 = DEFINITIONAL_REPRESENTATION('',(#10390),#10394);
#10390 = LINE('',#10391,#10392);
#10391 = CARTESIAN_POINT('',(0.,0.));
#10392 = VECTOR('',#10393,1.);
#10393 = DIRECTION('',(1.,0.));
#10394 = ( GEOMETRIC_REPRESENTATION_CONTEXT(2) 
PARAMETRIC_REPRESENTATION_CONTEXT() REPRESENTATION_CONTEXT('2D SPACE',''
  ) );
#10395 = PCURVE('',#10187,#10396);
#10396 = DEFINITIONAL_REPRESENTATION('',(#10397),#10402);
#10397 = B_SPLINE_CURVE_WITH_KNOTS('',3,(#10398,#10399,#10400,#10401),
  .UNSPECIFIED.,.F.,.F.,(4,4),(0.,1.),.PIECEWISE_BEZIER_KNOTS.);
#10398 = CARTESIAN_POINT('',(3.84893125,-19.8860359375));
#10399 = CARTESIAN_POINT('',(3.80879623375,-19.80259325846));
#10400 = CARTESIAN_POINT('',(3.767128025875,-19.72003544003));
#10401 = CARTESIAN_POINT('',(3.6989125,-19.64850625));
#10402 = ( GEOMETRIC_REPRESENTATION_CONTEXT(2) 
PARAMETRIC_REPRESENTATION_CONTEXT() REPRESENTATION_CONTEXT('2D SPACE',''
  ) );
#10403 = ADVANCED_FACE('',(#10404),#4818,.F.);
#10404 = FACE_BOUND('',#10405,.F.);
#10405 = EDGE_LOOP('',(#10406,#10429,#10430,#10431));
#10406 = ORIENTED_EDGE('',*,*,#10407,.T.);
#10407 = EDGE_CURVE('',#10408,#4801,#10410,.T.);
#10408 = VERTEX_POINT('',#10409);
#10409 = CARTESIAN_POINT('',(17.7014125,-4.5,3.155747612875));
#10410 = SURFACE_CURVE('',#10411,(#10415,#10422),.PCURVE_S1.);
#10411 = LINE('',#10412,#10413);
#10412 = CARTESIAN_POINT('',(17.7014125,-4.5,3.155747612875));
#10413 = VECTOR('',#10414,1.);
#10414 = DIRECTION('',(0.,1.,2.230669073875E-16));
#10415 = PCURVE('',#4818,#10416);
#10416 = DEFINITIONAL_REPRESENTATION('',(#10417),#10421);
#10417 = LINE('',#10418,#10419);
#10418 = CARTESIAN_POINT('',(0.,0.));
#10419 = VECTOR('',#10420,1.);
#10420 = DIRECTION('',(0.,-1.));
#10421 = ( GEOMETRIC_REPRESENTATION_CONTEXT(2) 
PARAMETRIC_REPRESENTATION_CONTEXT() REPRESENTATION_CONTEXT('2D SPACE',''
  ) );
#10422 = PCURVE('',#4851,#10423);
#10423 = DEFINITIONAL_REPRESENTATION('',(#10424),#10428);
#10424 = LINE('',#10425,#10426);
#10425 = CARTESIAN_POINT('',(1.,0.));
#10426 = VECTOR('',#10427,1.);
#10427 = DIRECTION('',(0.,-1.));
#10428 = ( GEOMETRIC_REPRESENTATION_CONTEXT(2) 
PARAMETRIC_REPRESENTATION_CONTEXT() REPRESENTATION_CONTEXT('2D SPACE',''
  ) );
#10429 = ORIENTED_EDGE('',*,*,#4800,.T.);
#10430 = ORIENTED_EDGE('',*,*,#10305,.F.);
#10431 = ORIENTED_EDGE('',*,*,#10432,.F.);
#10432 = EDGE_CURVE('',#10408,#10306,#10433,.T.);
#10433 = SURFACE_CURVE('',#10434,(#10439,#10446),.PCURVE_S1.);
#10434 = B_SPLINE_CURVE_WITH_KNOTS('',3,(#10435,#10436,#10437,#10438),
  .UNSPECIFIED.,.F.,.F.,(4,4),(0.,1.),.PIECEWISE_BEZIER_KNOTS.);
#10435 = CARTESIAN_POINT('',(17.7014125,-4.5,3.155747612875));
#10436 = CARTESIAN_POINT('',(17.7015125125,-4.5,3.236744986281));
#10437 = CARTESIAN_POINT('',(17.70126248125,-4.5,3.318206417688));
#10438 = CARTESIAN_POINT('',(17.7014125,-4.5,3.398875));
#10439 = PCURVE('',#4818,#10440);
#10440 = DEFINITIONAL_REPRESENTATION('',(#10441),#10445);
#10441 = LINE('',#10442,#10443);
#10442 = CARTESIAN_POINT('',(0.,0.));
#10443 = VECTOR('',#10444,1.);
#10444 = DIRECTION('',(1.,0.));
#10445 = ( GEOMETRIC_REPRESENTATION_CONTEXT(2) 
PARAMETRIC_REPRESENTATION_CONTEXT() REPRESENTATION_CONTEXT('2D SPACE',''
  ) );
#10446 = PCURVE('',#10187,#10447);
#10447 = DEFINITIONAL_REPRESENTATION('',(#10448),#10453);
#10448 = B_SPLINE_CURVE_WITH_KNOTS('',3,(#10449,#10450,#10451,#10452),
  .UNSPECIFIED.,.F.,.F.,(4,4),(0.,1.),.PIECEWISE_BEZIER_KNOTS.);
#10449 = CARTESIAN_POINT('',(3.155747612875,-20.2985875));
#10450 = CARTESIAN_POINT('',(3.236744986281,-20.2984874875));
#10451 = CARTESIAN_POINT('',(3.318206417688,-20.29873751875));
#10452 = CARTESIAN_POINT('',(3.398875,-20.2985875));
#10453 = ( GEOMETRIC_REPRESENTATION_CONTEXT(2) 
PARAMETRIC_REPRESENTATION_CONTEXT() REPRESENTATION_CONTEXT('2D SPACE',''
  ) );
#10454 = ADVANCED_FACE('',(#10455),#5808,.F.);
#10455 = FACE_BOUND('',#10456,.F.);
#10456 = EDGE_LOOP('',(#10457,#10458,#10459,#10482));
#10457 = ORIENTED_EDGE('',*,*,#10358,.T.);
#10458 = ORIENTED_EDGE('',*,*,#5790,.T.);
#10459 = ORIENTED_EDGE('',*,*,#10460,.F.);
#10460 = EDGE_CURVE('',#10461,#5758,#10463,.T.);
#10461 = VERTEX_POINT('',#10462);
#10462 = CARTESIAN_POINT('',(18.5890234375,-4.5,3.5628955));
#10463 = SURFACE_CURVE('',#10464,(#10468,#10475),.PCURVE_S1.);
#10464 = LINE('',#10465,#10466);
#10465 = CARTESIAN_POINT('',(18.5890234375,-4.5,3.5628955));
#10466 = VECTOR('',#10467,1.);
#10467 = DIRECTION('',(0.,1.,2.230669073875E-16));
#10468 = PCURVE('',#5808,#10469);
#10469 = DEFINITIONAL_REPRESENTATION('',(#10470),#10474);
#10470 = LINE('',#10471,#10472);
#10471 = CARTESIAN_POINT('',(1.,0.));
#10472 = VECTOR('',#10473,1.);
#10473 = DIRECTION('',(0.,-1.));
#10474 = ( GEOMETRIC_REPRESENTATION_CONTEXT(2) 
PARAMETRIC_REPRESENTATION_CONTEXT() REPRESENTATION_CONTEXT('2D SPACE',''
  ) );
#10475 = PCURVE('',#5775,#10476);
#10476 = DEFINITIONAL_REPRESENTATION('',(#10477),#10481);
#10477 = LINE('',#10478,#10479);
#10478 = CARTESIAN_POINT('',(0.,0.));
#10479 = VECTOR('',#10480,1.);
#10480 = DIRECTION('',(0.,-1.));
#10481 = ( GEOMETRIC_REPRESENTATION_CONTEXT(2) 
PARAMETRIC_REPRESENTATION_CONTEXT() REPRESENTATION_CONTEXT('2D SPACE',''
  ) );
#10482 = ORIENTED_EDGE('',*,*,#10483,.F.);
#10483 = EDGE_CURVE('',#10359,#10461,#10484,.T.);
#10484 = SURFACE_CURVE('',#10485,(#10490,#10497),.PCURVE_S1.);
#10485 = B_SPLINE_CURVE_WITH_KNOTS('',3,(#10486,#10487,#10488,#10489),
  .UNSPECIFIED.,.F.,.F.,(4,4),(0.,1.),.PIECEWISE_BEZIER_KNOTS.);
#10486 = CARTESIAN_POINT('',(18.35149375,-4.5,3.6989125));
#10487 = CARTESIAN_POINT('',(18.44200706275,-4.5,3.679891372656));
#10488 = CARTESIAN_POINT('',(18.503686021656,-4.5,3.595813364219));
#10489 = CARTESIAN_POINT('',(18.5890234375,-4.5,3.5628955));
#10490 = PCURVE('',#5808,#10491);
#10491 = DEFINITIONAL_REPRESENTATION('',(#10492),#10496);
#10492 = LINE('',#10493,#10494);
#10493 = CARTESIAN_POINT('',(0.,0.));
#10494 = VECTOR('',#10495,1.);
#10495 = DIRECTION('',(1.,0.));
#10496 = ( GEOMETRIC_REPRESENTATION_CONTEXT(2) 
PARAMETRIC_REPRESENTATION_CONTEXT() REPRESENTATION_CONTEXT('2D SPACE',''
  ) );
#10497 = PCURVE('',#10187,#10498);
#10498 = DEFINITIONAL_REPRESENTATION('',(#10499),#10504);
#10499 = B_SPLINE_CURVE_WITH_KNOTS('',3,(#10500,#10501,#10502,#10503),
  .UNSPECIFIED.,.F.,.F.,(4,4),(0.,1.),.PIECEWISE_BEZIER_KNOTS.);
#10500 = CARTESIAN_POINT('',(3.6989125,-19.64850625));
#10501 = CARTESIAN_POINT('',(3.679891372656,-19.55799293725));
#10502 = CARTESIAN_POINT('',(3.595813364219,-19.49631397834));
#10503 = CARTESIAN_POINT('',(3.5628955,-19.4109765625));
#10504 = ( GEOMETRIC_REPRESENTATION_CONTEXT(2) 
PARAMETRIC_REPRESENTATION_CONTEXT() REPRESENTATION_CONTEXT('2D SPACE',''
  ) );
#10505 = ADVANCED_FACE('',(#10506),#4851,.F.);
#10506 = FACE_BOUND('',#10507,.F.);
#10507 = EDGE_LOOP('',(#10508,#10531,#10532,#10533));
#10508 = ORIENTED_EDGE('',*,*,#10509,.T.);
#10509 = EDGE_CURVE('',#10510,#4834,#10512,.T.);
#10510 = VERTEX_POINT('',#10511);
#10511 = CARTESIAN_POINT('',(17.726415625,-4.5,2.998825));
#10512 = SURFACE_CURVE('',#10513,(#10517,#10524),.PCURVE_S1.);
#10513 = LINE('',#10514,#10515);
#10514 = CARTESIAN_POINT('',(17.726415625,-4.5,2.998825));
#10515 = VECTOR('',#10516,1.);
#10516 = DIRECTION('',(0.,1.,2.230669073875E-16));
#10517 = PCURVE('',#4851,#10518);
#10518 = DEFINITIONAL_REPRESENTATION('',(#10519),#10523);
#10519 = LINE('',#10520,#10521);
#10520 = CARTESIAN_POINT('',(0.,0.));
#10521 = VECTOR('',#10522,1.);
#10522 = DIRECTION('',(0.,-1.));
#10523 = ( GEOMETRIC_REPRESENTATION_CONTEXT(2) 
PARAMETRIC_REPRESENTATION_CONTEXT() REPRESENTATION_CONTEXT('2D SPACE',''
  ) );
#10524 = PCURVE('',#4884,#10525);
#10525 = DEFINITIONAL_REPRESENTATION('',(#10526),#10530);
#10526 = LINE('',#10527,#10528);
#10527 = CARTESIAN_POINT('',(1.,0.));
#10528 = VECTOR('',#10529,1.);
#10529 = DIRECTION('',(0.,-1.));
#10530 = ( GEOMETRIC_REPRESENTATION_CONTEXT(2) 
PARAMETRIC_REPRESENTATION_CONTEXT() REPRESENTATION_CONTEXT('2D SPACE',''
  ) );
#10531 = ORIENTED_EDGE('',*,*,#4833,.T.);
#10532 = ORIENTED_EDGE('',*,*,#10407,.F.);
#10533 = ORIENTED_EDGE('',*,*,#10534,.F.);
#10534 = EDGE_CURVE('',#10510,#10408,#10535,.T.);
#10535 = SURFACE_CURVE('',#10536,(#10541,#10548),.PCURVE_S1.);
#10536 = B_SPLINE_CURVE_WITH_KNOTS('',3,(#10537,#10538,#10539,#10540),
  .UNSPECIFIED.,.F.,.F.,(4,4),(0.,1.),.PIECEWISE_BEZIER_KNOTS.);
#10537 = CARTESIAN_POINT('',(17.726415625,-4.5,2.998825));
#10538 = CARTESIAN_POINT('',(17.7353087365,-4.5,3.058309934688));
#10539 = CARTESIAN_POINT('',(17.715666531531,-4.5,3.106129911437));
#10540 = CARTESIAN_POINT('',(17.7014125,-4.5,3.155747612875));
#10541 = PCURVE('',#4851,#10542);
#10542 = DEFINITIONAL_REPRESENTATION('',(#10543),#10547);
#10543 = LINE('',#10544,#10545);
#10544 = CARTESIAN_POINT('',(0.,0.));
#10545 = VECTOR('',#10546,1.);
#10546 = DIRECTION('',(1.,0.));
#10547 = ( GEOMETRIC_REPRESENTATION_CONTEXT(2) 
PARAMETRIC_REPRESENTATION_CONTEXT() REPRESENTATION_CONTEXT('2D SPACE',''
  ) );
#10548 = PCURVE('',#10187,#10549);
#10549 = DEFINITIONAL_REPRESENTATION('',(#10550),#10555);
#10550 = B_SPLINE_CURVE_WITH_KNOTS('',3,(#10551,#10552,#10553,#10554),
  .UNSPECIFIED.,.F.,.F.,(4,4),(0.,1.),.PIECEWISE_BEZIER_KNOTS.);
#10551 = CARTESIAN_POINT('',(2.998825,-20.273584375));
#10552 = CARTESIAN_POINT('',(3.058309934688,-20.2646912635));
#10553 = CARTESIAN_POINT('',(3.106129911438,-20.28433346846));
#10554 = CARTESIAN_POINT('',(3.155747612875,-20.2985875));
#10555 = ( GEOMETRIC_REPRESENTATION_CONTEXT(2) 
PARAMETRIC_REPRESENTATION_CONTEXT() REPRESENTATION_CONTEXT('2D SPACE',''
  ) );
#10556 = ADVANCED_FACE('',(#10557),#5775,.F.);
#10557 = FACE_BOUND('',#10558,.F.);
#10558 = EDGE_LOOP('',(#10559,#10560,#10561,#10584));
#10559 = ORIENTED_EDGE('',*,*,#10460,.T.);
#10560 = ORIENTED_EDGE('',*,*,#5757,.T.);
#10561 = ORIENTED_EDGE('',*,*,#10562,.F.);
#10562 = EDGE_CURVE('',#10563,#5725,#10565,.T.);
#10563 = VERTEX_POINT('',#10564);
#10564 = CARTESIAN_POINT('',(18.65153125,-4.5,3.423878125));
#10565 = SURFACE_CURVE('',#10566,(#10570,#10577),.PCURVE_S1.);
#10566 = LINE('',#10567,#10568);
#10567 = CARTESIAN_POINT('',(18.65153125,-4.5,3.423878125));
#10568 = VECTOR('',#10569,1.);
#10569 = DIRECTION('',(0.,1.,2.230669073875E-16));
#10570 = PCURVE('',#5775,#10571);
#10571 = DEFINITIONAL_REPRESENTATION('',(#10572),#10576);
#10572 = LINE('',#10573,#10574);
#10573 = CARTESIAN_POINT('',(1.,0.));
#10574 = VECTOR('',#10575,1.);
#10575 = DIRECTION('',(0.,-1.));
#10576 = ( GEOMETRIC_REPRESENTATION_CONTEXT(2) 
PARAMETRIC_REPRESENTATION_CONTEXT() REPRESENTATION_CONTEXT('2D SPACE',''
  ) );
#10577 = PCURVE('',#5742,#10578);
#10578 = DEFINITIONAL_REPRESENTATION('',(#10579),#10583);
#10579 = LINE('',#10580,#10581);
#10580 = CARTESIAN_POINT('',(0.,0.));
#10581 = VECTOR('',#10582,1.);
#10582 = DIRECTION('',(0.,-1.));
#10583 = ( GEOMETRIC_REPRESENTATION_CONTEXT(2) 
PARAMETRIC_REPRESENTATION_CONTEXT() REPRESENTATION_CONTEXT('2D SPACE',''
  ) );
#10584 = ORIENTED_EDGE('',*,*,#10585,.F.);
#10585 = EDGE_CURVE('',#10461,#10563,#10586,.T.);
#10586 = SURFACE_CURVE('',#10587,(#10592,#10599),.PCURVE_S1.);
#10587 = B_SPLINE_CURVE_WITH_KNOTS('',3,(#10588,#10589,#10590,#10591),
  .UNSPECIFIED.,.F.,.F.,(4,4),(0.,1.),.PIECEWISE_BEZIER_KNOTS.);
#10588 = CARTESIAN_POINT('',(18.5890234375,-4.5,3.5628955));
#10589 = CARTESIAN_POINT('',(18.643730024969,-4.5,3.51775985875));
#10590 = CARTESIAN_POINT('',(18.707558502531,-4.5,3.498771235469));
#10591 = CARTESIAN_POINT('',(18.65153125,-4.5,3.423878125));
#10592 = PCURVE('',#5775,#10593);
#10593 = DEFINITIONAL_REPRESENTATION('',(#10594),#10598);
#10594 = LINE('',#10595,#10596);
#10595 = CARTESIAN_POINT('',(0.,0.));
#10596 = VECTOR('',#10597,1.);
#10597 = DIRECTION('',(1.,0.));
#10598 = ( GEOMETRIC_REPRESENTATION_CONTEXT(2) 
PARAMETRIC_REPRESENTATION_CONTEXT() REPRESENTATION_CONTEXT('2D SPACE',''
  ) );
#10599 = PCURVE('',#10187,#10600);
#10600 = DEFINITIONAL_REPRESENTATION('',(#10601),#10606);
#10601 = B_SPLINE_CURVE_WITH_KNOTS('',3,(#10602,#10603,#10604,#10605),
  .UNSPECIFIED.,.F.,.F.,(4,4),(0.,1.),.PIECEWISE_BEZIER_KNOTS.);
#10602 = CARTESIAN_POINT('',(3.5628955,-19.4109765625));
#10603 = CARTESIAN_POINT('',(3.51775985875,-19.35626997503));
#10604 = CARTESIAN_POINT('',(3.498771235469,-19.29244149746));
#10605 = CARTESIAN_POINT('',(3.423878125,-19.34846875));
#10606 = ( GEOMETRIC_REPRESENTATION_CONTEXT(2) 
PARAMETRIC_REPRESENTATION_CONTEXT() REPRESENTATION_CONTEXT('2D SPACE',''
  ) );
#10607 = ADVANCED_FACE('',(#10608),#4884,.F.);
#10608 = FACE_BOUND('',#10609,.F.);
#10609 = EDGE_LOOP('',(#10610,#10633,#10634,#10635));
#10610 = ORIENTED_EDGE('',*,*,#10611,.T.);
#10611 = EDGE_CURVE('',#10612,#4867,#10614,.T.);
#10612 = VERTEX_POINT('',#10613);
#10613 = CARTESIAN_POINT('',(17.8139265625,-4.5,2.7612953125));
#10614 = SURFACE_CURVE('',#10615,(#10619,#10626),.PCURVE_S1.);
#10615 = LINE('',#10616,#10617);
#10616 = CARTESIAN_POINT('',(17.8139265625,-4.5,2.7612953125));
#10617 = VECTOR('',#10618,1.);
#10618 = DIRECTION('',(0.,1.,2.230669073875E-16));
#10619 = PCURVE('',#4884,#10620);
#10620 = DEFINITIONAL_REPRESENTATION('',(#10621),#10625);
#10621 = LINE('',#10622,#10623);
#10622 = CARTESIAN_POINT('',(0.,0.));
#10623 = VECTOR('',#10624,1.);
#10624 = DIRECTION('',(0.,-1.));
#10625 = ( GEOMETRIC_REPRESENTATION_CONTEXT(2) 
PARAMETRIC_REPRESENTATION_CONTEXT() REPRESENTATION_CONTEXT('2D SPACE',''
  ) );
#10626 = PCURVE('',#4917,#10627);
#10627 = DEFINITIONAL_REPRESENTATION('',(#10628),#10632);
#10628 = LINE('',#10629,#10630);
#10629 = CARTESIAN_POINT('',(1.,0.));
#10630 = VECTOR('',#10631,1.);
#10631 = DIRECTION('',(0.,-1.));
#10632 = ( GEOMETRIC_REPRESENTATION_CONTEXT(2) 
PARAMETRIC_REPRESENTATION_CONTEXT() REPRESENTATION_CONTEXT('2D SPACE',''
  ) );
#10633 = ORIENTED_EDGE('',*,*,#4866,.T.);
#10634 = ORIENTED_EDGE('',*,*,#10509,.F.);
#10635 = ORIENTED_EDGE('',*,*,#10636,.F.);
#10636 = EDGE_CURVE('',#10612,#10510,#10637,.T.);
#10637 = SURFACE_CURVE('',#10638,(#10643,#10650),.PCURVE_S1.);
#10638 = B_SPLINE_CURVE_WITH_KNOTS('',3,(#10639,#10640,#10641,#10642),
  .UNSPECIFIED.,.F.,.F.,(4,4),(0.,1.),.PIECEWISE_BEZIER_KNOTS.);
#10639 = CARTESIAN_POINT('',(17.8139265625,-4.5,2.7612953125));
#10640 = CARTESIAN_POINT('',(17.771895809313,-4.5,2.835682359719));
#10641 = CARTESIAN_POINT('',(17.756455129469,-4.5,2.919953892344));
#10642 = CARTESIAN_POINT('',(17.726415625,-4.5,2.998825));
#10643 = PCURVE('',#4884,#10644);
#10644 = DEFINITIONAL_REPRESENTATION('',(#10645),#10649);
#10645 = LINE('',#10646,#10647);
#10646 = CARTESIAN_POINT('',(0.,0.));
#10647 = VECTOR('',#10648,1.);
#10648 = DIRECTION('',(1.,0.));
#10649 = ( GEOMETRIC_REPRESENTATION_CONTEXT(2) 
PARAMETRIC_REPRESENTATION_CONTEXT() REPRESENTATION_CONTEXT('2D SPACE',''
  ) );
#10650 = PCURVE('',#10187,#10651);
#10651 = DEFINITIONAL_REPRESENTATION('',(#10652),#10657);
#10652 = B_SPLINE_CURVE_WITH_KNOTS('',3,(#10653,#10654,#10655,#10656),
  .UNSPECIFIED.,.F.,.F.,(4,4),(0.,1.),.PIECEWISE_BEZIER_KNOTS.);
#10653 = CARTESIAN_POINT('',(2.7612953125,-20.1860734375));
#10654 = CARTESIAN_POINT('',(2.835682359719,-20.22810419068));
#10655 = CARTESIAN_POINT('',(2.919953892344,-20.24354487053));
#10656 = CARTESIAN_POINT('',(2.998825,-20.273584375));
#10657 = ( GEOMETRIC_REPRESENTATION_CONTEXT(2) 
PARAMETRIC_REPRESENTATION_CONTEXT() REPRESENTATION_CONTEXT('2D SPACE',''
  ) );
#10658 = ADVANCED_FACE('',(#10659),#5742,.F.);
#10659 = FACE_BOUND('',#10660,.F.);
#10660 = EDGE_LOOP('',(#10661,#10662,#10663,#10686));
#10661 = ORIENTED_EDGE('',*,*,#10562,.T.);
#10662 = ORIENTED_EDGE('',*,*,#5724,.T.);
#10663 = ORIENTED_EDGE('',*,*,#10664,.F.);
#10664 = EDGE_CURVE('',#10665,#5692,#10667,.T.);
#10665 = VERTEX_POINT('',#10666);
#10666 = CARTESIAN_POINT('',(18.574927925781,-4.5,3.2113515625));
#10667 = SURFACE_CURVE('',#10668,(#10672,#10679),.PCURVE_S1.);
#10668 = LINE('',#10669,#10670);
#10669 = CARTESIAN_POINT('',(18.574927925781,-4.5,3.2113515625));
#10670 = VECTOR('',#10671,1.);
#10671 = DIRECTION('',(0.,1.,2.230669073875E-16));
#10672 = PCURVE('',#5742,#10673);
#10673 = DEFINITIONAL_REPRESENTATION('',(#10674),#10678);
#10674 = LINE('',#10675,#10676);
#10675 = CARTESIAN_POINT('',(1.,0.));
#10676 = VECTOR('',#10677,1.);
#10677 = DIRECTION('',(0.,-1.));
#10678 = ( GEOMETRIC_REPRESENTATION_CONTEXT(2) 
PARAMETRIC_REPRESENTATION_CONTEXT() REPRESENTATION_CONTEXT('2D SPACE',''
  ) );
#10679 = PCURVE('',#5709,#10680);
#10680 = DEFINITIONAL_REPRESENTATION('',(#10681),#10685);
#10681 = LINE('',#10682,#10683);
#10682 = CARTESIAN_POINT('',(0.,0.));
#10683 = VECTOR('',#10684,1.);
#10684 = DIRECTION('',(0.,-1.));
#10685 = ( GEOMETRIC_REPRESENTATION_CONTEXT(2) 
PARAMETRIC_REPRESENTATION_CONTEXT() REPRESENTATION_CONTEXT('2D SPACE',''
  ) );
#10686 = ORIENTED_EDGE('',*,*,#10687,.F.);
#10687 = EDGE_CURVE('',#10563,#10665,#10688,.T.);
#10688 = SURFACE_CURVE('',#10689,(#10694,#10701),.PCURVE_S1.);
#10689 = B_SPLINE_CURVE_WITH_KNOTS('',3,(#10690,#10691,#10692,#10693),
  .UNSPECIFIED.,.F.,.F.,(4,4),(0.,1.),.PIECEWISE_BEZIER_KNOTS.);
#10690 = CARTESIAN_POINT('',(18.65153125,-4.5,3.423878125));
#10691 = CARTESIAN_POINT('',(18.599154953781,-4.5,3.363693852906));
#10692 = CARTESIAN_POINT('',(18.617582756969,-4.5,3.276591216437));
#10693 = CARTESIAN_POINT('',(18.574927925781,-4.5,3.2113515625));
#10694 = PCURVE('',#5742,#10695);
#10695 = DEFINITIONAL_REPRESENTATION('',(#10696),#10700);
#10696 = LINE('',#10697,#10698);
#10697 = CARTESIAN_POINT('',(0.,0.));
#10698 = VECTOR('',#10699,1.);
#10699 = DIRECTION('',(1.,0.));
#10700 = ( GEOMETRIC_REPRESENTATION_CONTEXT(2) 
PARAMETRIC_REPRESENTATION_CONTEXT() REPRESENTATION_CONTEXT('2D SPACE',''
  ) );
#10701 = PCURVE('',#10187,#10702);
#10702 = DEFINITIONAL_REPRESENTATION('',(#10703),#10708);
#10703 = B_SPLINE_CURVE_WITH_KNOTS('',3,(#10704,#10705,#10706,#10707),
  .UNSPECIFIED.,.F.,.F.,(4,4),(0.,1.),.PIECEWISE_BEZIER_KNOTS.);
#10704 = CARTESIAN_POINT('',(3.423878125,-19.34846875));
#10705 = CARTESIAN_POINT('',(3.363693852906,-19.40084504621));
#10706 = CARTESIAN_POINT('',(3.276591216438,-19.38241724303));
#10707 = CARTESIAN_POINT('',(3.2113515625,-19.42507207421));
#10708 = ( GEOMETRIC_REPRESENTATION_CONTEXT(2) 
PARAMETRIC_REPRESENTATION_CONTEXT() REPRESENTATION_CONTEXT('2D SPACE',''
  ) );
#10709 = ADVANCED_FACE('',(#10710),#4917,.F.);
#10710 = FACE_BOUND('',#10711,.F.);
#10711 = EDGE_LOOP('',(#10712,#10735,#10736,#10737));
#10712 = ORIENTED_EDGE('',*,*,#10713,.T.);
#10713 = EDGE_CURVE('',#10714,#4900,#10716,.T.);
#10714 = VERTEX_POINT('',#10715);
#10715 = CARTESIAN_POINT('',(17.95144375,-4.5,2.523765625));
#10716 = SURFACE_CURVE('',#10717,(#10721,#10728),.PCURVE_S1.);
#10717 = LINE('',#10718,#10719);
#10718 = CARTESIAN_POINT('',(17.95144375,-4.5,2.523765625));
#10719 = VECTOR('',#10720,1.);
#10720 = DIRECTION('',(0.,1.,2.230669073875E-16));
#10721 = PCURVE('',#4917,#10722);
#10722 = DEFINITIONAL_REPRESENTATION('',(#10723),#10727);
#10723 = LINE('',#10724,#10725);
#10724 = CARTESIAN_POINT('',(0.,0.));
#10725 = VECTOR('',#10726,1.);
#10726 = DIRECTION('',(0.,-1.));
#10727 = ( GEOMETRIC_REPRESENTATION_CONTEXT(2) 
PARAMETRIC_REPRESENTATION_CONTEXT() REPRESENTATION_CONTEXT('2D SPACE',''
  ) );
#10728 = PCURVE('',#4950,#10729);
#10729 = DEFINITIONAL_REPRESENTATION('',(#10730),#10734);
#10730 = LINE('',#10731,#10732);
#10731 = CARTESIAN_POINT('',(1.,0.));
#10732 = VECTOR('',#10733,1.);
#10733 = DIRECTION('',(0.,-1.));
#10734 = ( GEOMETRIC_REPRESENTATION_CONTEXT(2) 
PARAMETRIC_REPRESENTATION_CONTEXT() REPRESENTATION_CONTEXT('2D SPACE',''
  ) );
#10735 = ORIENTED_EDGE('',*,*,#4899,.T.);
#10736 = ORIENTED_EDGE('',*,*,#10611,.F.);
#10737 = ORIENTED_EDGE('',*,*,#10738,.F.);
#10738 = EDGE_CURVE('',#10714,#10612,#10739,.T.);
#10739 = SURFACE_CURVE('',#10740,(#10745,#10752),.PCURVE_S1.);
#10740 = B_SPLINE_CURVE_WITH_KNOTS('',3,(#10741,#10742,#10743,#10744),
  .UNSPECIFIED.,.F.,.F.,(4,4),(0.,1.),.PIECEWISE_BEZIER_KNOTS.);
#10741 = CARTESIAN_POINT('',(17.95144375,-4.5,2.523765625));
#10742 = CARTESIAN_POINT('',(17.918871428969,-4.5,2.608533719688));
#10743 = CARTESIAN_POINT('',(17.84324022625,-4.5,2.67500252725));
#10744 = CARTESIAN_POINT('',(17.8139265625,-4.5,2.7612953125));
#10745 = PCURVE('',#4917,#10746);
#10746 = DEFINITIONAL_REPRESENTATION('',(#10747),#10751);
#10747 = LINE('',#10748,#10749);
#10748 = CARTESIAN_POINT('',(0.,0.));
#10749 = VECTOR('',#10750,1.);
#10750 = DIRECTION('',(1.,0.));
#10751 = ( GEOMETRIC_REPRESENTATION_CONTEXT(2) 
PARAMETRIC_REPRESENTATION_CONTEXT() REPRESENTATION_CONTEXT('2D SPACE',''
  ) );
#10752 = PCURVE('',#10187,#10753);
#10753 = DEFINITIONAL_REPRESENTATION('',(#10754),#10759);
#10754 = B_SPLINE_CURVE_WITH_KNOTS('',3,(#10755,#10756,#10757,#10758),
  .UNSPECIFIED.,.F.,.F.,(4,4),(0.,1.),.PIECEWISE_BEZIER_KNOTS.);
#10755 = CARTESIAN_POINT('',(2.523765625,-20.04855625));
#10756 = CARTESIAN_POINT('',(2.608533719688,-20.08112857103));
#10757 = CARTESIAN_POINT('',(2.67500252725,-20.15675977375));
#10758 = CARTESIAN_POINT('',(2.7612953125,-20.1860734375));
#10759 = ( GEOMETRIC_REPRESENTATION_CONTEXT(2) 
PARAMETRIC_REPRESENTATION_CONTEXT() REPRESENTATION_CONTEXT('2D SPACE',''
  ) );
#10760 = ADVANCED_FACE('',(#10761),#5709,.F.);
#10761 = FACE_BOUND('',#10762,.F.);
#10762 = EDGE_LOOP('',(#10763,#10764,#10765,#10788));
#10763 = ORIENTED_EDGE('',*,*,#10664,.T.);
#10764 = ORIENTED_EDGE('',*,*,#5691,.T.);
#10765 = ORIENTED_EDGE('',*,*,#10766,.F.);
#10766 = EDGE_CURVE('',#10767,#5659,#10769,.T.);
#10767 = VERTEX_POINT('',#10768);
#10768 = CARTESIAN_POINT('',(18.576523125156,-4.5,2.84880625));
#10769 = SURFACE_CURVE('',#10770,(#10774,#10781),.PCURVE_S1.);
#10770 = LINE('',#10771,#10772);
#10771 = CARTESIAN_POINT('',(18.576523125156,-4.5,2.84880625));
#10772 = VECTOR('',#10773,1.);
#10773 = DIRECTION('',(0.,1.,2.230669073875E-16));
#10774 = PCURVE('',#5709,#10775);
#10775 = DEFINITIONAL_REPRESENTATION('',(#10776),#10780);
#10776 = LINE('',#10777,#10778);
#10777 = CARTESIAN_POINT('',(1.,0.));
#10778 = VECTOR('',#10779,1.);
#10779 = DIRECTION('',(0.,-1.));
#10780 = ( GEOMETRIC_REPRESENTATION_CONTEXT(2) 
PARAMETRIC_REPRESENTATION_CONTEXT() REPRESENTATION_CONTEXT('2D SPACE',''
  ) );
#10781 = PCURVE('',#5676,#10782);
#10782 = DEFINITIONAL_REPRESENTATION('',(#10783),#10787);
#10783 = LINE('',#10784,#10785);
#10784 = CARTESIAN_POINT('',(0.,0.));
#10785 = VECTOR('',#10786,1.);
#10786 = DIRECTION('',(0.,-1.));
#10787 = ( GEOMETRIC_REPRESENTATION_CONTEXT(2) 
PARAMETRIC_REPRESENTATION_CONTEXT() REPRESENTATION_CONTEXT('2D SPACE',''
  ) );
#10788 = ORIENTED_EDGE('',*,*,#10789,.F.);
#10789 = EDGE_CURVE('',#10665,#10767,#10790,.T.);
#10790 = SURFACE_CURVE('',#10791,(#10796,#10803),.PCURVE_S1.);
#10791 = B_SPLINE_CURVE_WITH_KNOTS('',3,(#10792,#10793,#10794,#10795),
  .UNSPECIFIED.,.F.,.F.,(4,4),(0.,1.),.PIECEWISE_BEZIER_KNOTS.);
#10792 = CARTESIAN_POINT('',(18.574927925781,-4.5,3.2113515625));
#10793 = CARTESIAN_POINT('',(18.578658392031,-4.5,3.090758990313));
#10794 = CARTESIAN_POINT('',(18.575415486719,-4.5,2.969233801563));
#10795 = CARTESIAN_POINT('',(18.576523125156,-4.5,2.84880625));
#10796 = PCURVE('',#5709,#10797);
#10797 = DEFINITIONAL_REPRESENTATION('',(#10798),#10802);
#10798 = LINE('',#10799,#10800);
#10799 = CARTESIAN_POINT('',(0.,0.));
#10800 = VECTOR('',#10801,1.);
#10801 = DIRECTION('',(1.,0.));
#10802 = ( GEOMETRIC_REPRESENTATION_CONTEXT(2) 
PARAMETRIC_REPRESENTATION_CONTEXT() REPRESENTATION_CONTEXT('2D SPACE',''
  ) );
#10803 = PCURVE('',#10187,#10804);
#10804 = DEFINITIONAL_REPRESENTATION('',(#10805),#10810);
#10805 = B_SPLINE_CURVE_WITH_KNOTS('',3,(#10806,#10807,#10808,#10809),
  .UNSPECIFIED.,.F.,.F.,(4,4),(0.,1.),.PIECEWISE_BEZIER_KNOTS.);
#10806 = CARTESIAN_POINT('',(3.2113515625,-19.42507207421));
#10807 = CARTESIAN_POINT('',(3.090758990313,-19.42134160796));
#10808 = CARTESIAN_POINT('',(2.969233801563,-19.42458451328));
#10809 = CARTESIAN_POINT('',(2.84880625,-19.42347687484));
#10810 = ( GEOMETRIC_REPRESENTATION_CONTEXT(2) 
PARAMETRIC_REPRESENTATION_CONTEXT() REPRESENTATION_CONTEXT('2D SPACE',''
  ) );
#10811 = ADVANCED_FACE('',(#10812),#4950,.F.);
#10812 = FACE_BOUND('',#10813,.F.);
#10813 = EDGE_LOOP('',(#10814,#10837,#10838,#10839));
#10814 = ORIENTED_EDGE('',*,*,#10815,.T.);
#10815 = EDGE_CURVE('',#10816,#4933,#10818,.T.);
#10816 = VERTEX_POINT('',#10817);
#10817 = CARTESIAN_POINT('',(18.111821544719,-4.5,2.363389080438));
#10818 = SURFACE_CURVE('',#10819,(#10823,#10830),.PCURVE_S1.);
#10819 = LINE('',#10820,#10821);
#10820 = CARTESIAN_POINT('',(18.111821544719,-4.5,2.363389080438));
#10821 = VECTOR('',#10822,1.);
#10822 = DIRECTION('',(0.,1.,2.230669073875E-16));
#10823 = PCURVE('',#4950,#10824);
#10824 = DEFINITIONAL_REPRESENTATION('',(#10825),#10829);
#10825 = LINE('',#10826,#10827);
#10826 = CARTESIAN_POINT('',(0.,0.));
#10827 = VECTOR('',#10828,1.);
#10828 = DIRECTION('',(0.,-1.));
#10829 = ( GEOMETRIC_REPRESENTATION_CONTEXT(2) 
PARAMETRIC_REPRESENTATION_CONTEXT() REPRESENTATION_CONTEXT('2D SPACE',''
  ) );
#10830 = PCURVE('',#4983,#10831);
#10831 = DEFINITIONAL_REPRESENTATION('',(#10832),#10836);
#10832 = LINE('',#10833,#10834);
#10833 = CARTESIAN_POINT('',(1.,0.));
#10834 = VECTOR('',#10835,1.);
#10835 = DIRECTION('',(0.,-1.));
#10836 = ( GEOMETRIC_REPRESENTATION_CONTEXT(2) 
PARAMETRIC_REPRESENTATION_CONTEXT() REPRESENTATION_CONTEXT('2D SPACE',''
  ) );
#10837 = ORIENTED_EDGE('',*,*,#4932,.T.);
#10838 = ORIENTED_EDGE('',*,*,#10713,.F.);
#10839 = ORIENTED_EDGE('',*,*,#10840,.F.);
#10840 = EDGE_CURVE('',#10816,#10714,#10841,.T.);
#10841 = SURFACE_CURVE('',#10842,(#10847,#10854),.PCURVE_S1.);
#10842 = B_SPLINE_CURVE_WITH_KNOTS('',3,(#10843,#10844,#10845,#10846),
  .UNSPECIFIED.,.F.,.F.,(4,4),(0.,1.),.PIECEWISE_BEZIER_KNOTS.);
#10843 = CARTESIAN_POINT('',(18.111821544719,-4.5,2.363389080438));
#10844 = CARTESIAN_POINT('',(18.05843912275,-4.5,2.416913520156));
#10845 = CARTESIAN_POINT('',(18.004724659281,-4.5,2.470283440562));
#10846 = CARTESIAN_POINT('',(17.95144375,-4.5,2.523765625));
#10847 = PCURVE('',#4950,#10848);
#10848 = DEFINITIONAL_REPRESENTATION('',(#10849),#10853);
#10849 = LINE('',#10850,#10851);
#10850 = CARTESIAN_POINT('',(0.,0.));
#10851 = VECTOR('',#10852,1.);
#10852 = DIRECTION('',(1.,0.));
#10853 = ( GEOMETRIC_REPRESENTATION_CONTEXT(2) 
PARAMETRIC_REPRESENTATION_CONTEXT() REPRESENTATION_CONTEXT('2D SPACE',''
  ) );
#10854 = PCURVE('',#10187,#10855);
#10855 = DEFINITIONAL_REPRESENTATION('',(#10856),#10861);
#10856 = B_SPLINE_CURVE_WITH_KNOTS('',3,(#10857,#10858,#10859,#10860),
  .UNSPECIFIED.,.F.,.F.,(4,4),(0.,1.),.PIECEWISE_BEZIER_KNOTS.);
#10857 = CARTESIAN_POINT('',(2.363389080438,-19.88817845528));
#10858 = CARTESIAN_POINT('',(2.416913520156,-19.94156087725));
#10859 = CARTESIAN_POINT('',(2.470283440563,-19.99527534071));
#10860 = CARTESIAN_POINT('',(2.523765625,-20.04855625));
#10861 = ( GEOMETRIC_REPRESENTATION_CONTEXT(2) 
PARAMETRIC_REPRESENTATION_CONTEXT() REPRESENTATION_CONTEXT('2D SPACE',''
  ) );
#10862 = ADVANCED_FACE('',(#10863),#5676,.F.);
#10863 = FACE_BOUND('',#10864,.F.);
#10864 = EDGE_LOOP('',(#10865,#10866,#10867,#10890));
#10865 = ORIENTED_EDGE('',*,*,#10766,.T.);
#10866 = ORIENTED_EDGE('',*,*,#5658,.T.);
#10867 = ORIENTED_EDGE('',*,*,#10868,.F.);
#10868 = EDGE_CURVE('',#10869,#5626,#10871,.T.);
#10869 = VERTEX_POINT('',#10870);
#10870 = CARTESIAN_POINT('',(18.664034062656,-4.5,2.6362796875));
#10871 = SURFACE_CURVE('',#10872,(#10876,#10883),.PCURVE_S1.);
#10872 = LINE('',#10873,#10874);
#10873 = CARTESIAN_POINT('',(18.664034062656,-4.5,2.6362796875));
#10874 = VECTOR('',#10875,1.);
#10875 = DIRECTION('',(0.,1.,2.230669073875E-16));
#10876 = PCURVE('',#5676,#10877);
#10877 = DEFINITIONAL_REPRESENTATION('',(#10878),#10882);
#10878 = LINE('',#10879,#10880);
#10879 = CARTESIAN_POINT('',(1.,0.));
#10880 = VECTOR('',#10881,1.);
#10881 = DIRECTION('',(0.,-1.));
#10882 = ( GEOMETRIC_REPRESENTATION_CONTEXT(2) 
PARAMETRIC_REPRESENTATION_CONTEXT() REPRESENTATION_CONTEXT('2D SPACE',''
  ) );
#10883 = PCURVE('',#5643,#10884);
#10884 = DEFINITIONAL_REPRESENTATION('',(#10885),#10889);
#10885 = LINE('',#10886,#10887);
#10886 = CARTESIAN_POINT('',(0.,0.));
#10887 = VECTOR('',#10888,1.);
#10888 = DIRECTION('',(0.,-1.));
#10889 = ( GEOMETRIC_REPRESENTATION_CONTEXT(2) 
PARAMETRIC_REPRESENTATION_CONTEXT() REPRESENTATION_CONTEXT('2D SPACE',''
  ) );
#10890 = ORIENTED_EDGE('',*,*,#10891,.F.);
#10891 = EDGE_CURVE('',#10767,#10869,#10892,.T.);
#10892 = SURFACE_CURVE('',#10893,(#10898,#10905),.PCURVE_S1.);
#10893 = B_SPLINE_CURVE_WITH_KNOTS('',3,(#10894,#10895,#10896,#10897),
  .UNSPECIFIED.,.F.,.F.,(4,4),(0.,1.),.PIECEWISE_BEZIER_KNOTS.);
#10894 = CARTESIAN_POINT('',(18.576523125156,-4.5,2.84880625));
#10895 = CARTESIAN_POINT('',(18.613067192594,-4.5,2.781014277063));
#10896 = CARTESIAN_POINT('',(18.615115448594,-4.5,2.699386574875));
#10897 = CARTESIAN_POINT('',(18.664034062656,-4.5,2.6362796875));
#10898 = PCURVE('',#5676,#10899);
#10899 = DEFINITIONAL_REPRESENTATION('',(#10900),#10904);
#10900 = LINE('',#10901,#10902);
#10901 = CARTESIAN_POINT('',(0.,0.));
#10902 = VECTOR('',#10903,1.);
#10903 = DIRECTION('',(1.,0.));
#10904 = ( GEOMETRIC_REPRESENTATION_CONTEXT(2) 
PARAMETRIC_REPRESENTATION_CONTEXT() REPRESENTATION_CONTEXT('2D SPACE',''
  ) );
#10905 = PCURVE('',#10187,#10906);
#10906 = DEFINITIONAL_REPRESENTATION('',(#10907),#10912);
#10907 = B_SPLINE_CURVE_WITH_KNOTS('',3,(#10908,#10909,#10910,#10911),
  .UNSPECIFIED.,.F.,.F.,(4,4),(0.,1.),.PIECEWISE_BEZIER_KNOTS.);
#10908 = CARTESIAN_POINT('',(2.84880625,-19.42347687484));
#10909 = CARTESIAN_POINT('',(2.781014277063,-19.3869328074));
#10910 = CARTESIAN_POINT('',(2.699386574875,-19.3848845514));
#10911 = CARTESIAN_POINT('',(2.6362796875,-19.33596593734));
#10912 = ( GEOMETRIC_REPRESENTATION_CONTEXT(2) 
PARAMETRIC_REPRESENTATION_CONTEXT() REPRESENTATION_CONTEXT('2D SPACE',''
  ) );
#10913 = ADVANCED_FACE('',(#10914),#4983,.F.);
#10914 = FACE_BOUND('',#10915,.F.);
#10915 = EDGE_LOOP('',(#10916,#10939,#10940,#10941));
#10916 = ORIENTED_EDGE('',*,*,#10917,.T.);
#10917 = EDGE_CURVE('',#10918,#4966,#10920,.T.);
#10918 = VERTEX_POINT('',#10919);
#10919 = CARTESIAN_POINT('',(18.241719029875,-4.5,2.258494720281));
#10920 = SURFACE_CURVE('',#10921,(#10925,#10932),.PCURVE_S1.);
#10921 = LINE('',#10922,#10923);
#10922 = CARTESIAN_POINT('',(18.241719029875,-4.5,2.258494720281));
#10923 = VECTOR('',#10924,1.);
#10924 = DIRECTION('',(0.,1.,2.230669073875E-16));
#10925 = PCURVE('',#4983,#10926);
#10926 = DEFINITIONAL_REPRESENTATION('',(#10927),#10931);
#10927 = LINE('',#10928,#10929);
#10928 = CARTESIAN_POINT('',(0.,0.));
#10929 = VECTOR('',#10930,1.);
#10930 = DIRECTION('',(0.,-1.));
#10931 = ( GEOMETRIC_REPRESENTATION_CONTEXT(2) 
PARAMETRIC_REPRESENTATION_CONTEXT() REPRESENTATION_CONTEXT('2D SPACE',''
  ) );
#10932 = PCURVE('',#5016,#10933);
#10933 = DEFINITIONAL_REPRESENTATION('',(#10934),#10938);
#10934 = LINE('',#10935,#10936);
#10935 = CARTESIAN_POINT('',(1.,0.));
#10936 = VECTOR('',#10937,1.);
#10937 = DIRECTION('',(0.,-1.));
#10938 = ( GEOMETRIC_REPRESENTATION_CONTEXT(2) 
PARAMETRIC_REPRESENTATION_CONTEXT() REPRESENTATION_CONTEXT('2D SPACE',''
  ) );
#10939 = ORIENTED_EDGE('',*,*,#4965,.T.);
#10940 = ORIENTED_EDGE('',*,*,#10815,.F.);
#10941 = ORIENTED_EDGE('',*,*,#10942,.F.);
#10942 = EDGE_CURVE('',#10918,#10816,#10943,.T.);
#10943 = SURFACE_CURVE('',#10944,(#10949,#10956),.PCURVE_S1.);
#10944 = B_SPLINE_CURVE_WITH_KNOTS('',3,(#10945,#10946,#10947,#10948),
  .UNSPECIFIED.,.F.,.F.,(4,4),(0.,1.),.PIECEWISE_BEZIER_KNOTS.);
#10945 = CARTESIAN_POINT('',(18.241719029875,-4.5,2.258494720281));
#10946 = CARTESIAN_POINT('',(18.201983563563,-4.5,2.301668116281));
#10947 = CARTESIAN_POINT('',(18.148598141219,-4.5,2.312967528531));
#10948 = CARTESIAN_POINT('',(18.111821544719,-4.5,2.363389080438));
#10949 = PCURVE('',#4983,#10950);
#10950 = DEFINITIONAL_REPRESENTATION('',(#10951),#10955);
#10951 = LINE('',#10952,#10953);
#10952 = CARTESIAN_POINT('',(0.,0.));
#10953 = VECTOR('',#10954,1.);
#10954 = DIRECTION('',(1.,0.));
#10955 = ( GEOMETRIC_REPRESENTATION_CONTEXT(2) 
PARAMETRIC_REPRESENTATION_CONTEXT() REPRESENTATION_CONTEXT('2D SPACE',''
  ) );
#10956 = PCURVE('',#10187,#10957);
#10957 = DEFINITIONAL_REPRESENTATION('',(#10958),#10963);
#10958 = B_SPLINE_CURVE_WITH_KNOTS('',3,(#10959,#10960,#10961,#10962),
  .UNSPECIFIED.,.F.,.F.,(4,4),(0.,1.),.PIECEWISE_BEZIER_KNOTS.);
#10959 = CARTESIAN_POINT('',(2.258494720281,-19.75828097012));
#10960 = CARTESIAN_POINT('',(2.301668116281,-19.79801643643));
#10961 = CARTESIAN_POINT('',(2.312967528531,-19.85140185878));
#10962 = CARTESIAN_POINT('',(2.363389080438,-19.88817845528));
#10963 = ( GEOMETRIC_REPRESENTATION_CONTEXT(2) 
PARAMETRIC_REPRESENTATION_CONTEXT() REPRESENTATION_CONTEXT('2D SPACE',''
  ) );
#10964 = ADVANCED_FACE('',(#10965),#5643,.F.);
#10965 = FACE_BOUND('',#10966,.F.);
#10966 = EDGE_LOOP('',(#10967,#10968,#10969,#10992));
#10967 = ORIENTED_EDGE('',*,*,#10868,.T.);
#10968 = ORIENTED_EDGE('',*,*,#5625,.T.);
#10969 = ORIENTED_EDGE('',*,*,#10970,.F.);
#10970 = EDGE_CURVE('',#10971,#5593,#10973,.T.);
#10971 = VERTEX_POINT('',#10972);
#10972 = CARTESIAN_POINT('',(18.786311595437,-4.5,2.463995904719));
#10973 = SURFACE_CURVE('',#10974,(#10978,#10985),.PCURVE_S1.);
#10974 = LINE('',#10975,#10976);
#10975 = CARTESIAN_POINT('',(18.786311595437,-4.5,2.463995904719));
#10976 = VECTOR('',#10977,1.);
#10977 = DIRECTION('',(0.,1.,2.230669073875E-16));
#10978 = PCURVE('',#5643,#10979);
#10979 = DEFINITIONAL_REPRESENTATION('',(#10980),#10984);
#10980 = LINE('',#10981,#10982);
#10981 = CARTESIAN_POINT('',(1.,0.));
#10982 = VECTOR('',#10983,1.);
#10983 = DIRECTION('',(0.,-1.));
#10984 = ( GEOMETRIC_REPRESENTATION_CONTEXT(2) 
PARAMETRIC_REPRESENTATION_CONTEXT() REPRESENTATION_CONTEXT('2D SPACE',''
  ) );
#10985 = PCURVE('',#5610,#10986);
#10986 = DEFINITIONAL_REPRESENTATION('',(#10987),#10991);
#10987 = LINE('',#10988,#10989);
#10988 = CARTESIAN_POINT('',(0.,0.));
#10989 = VECTOR('',#10990,1.);
#10990 = DIRECTION('',(0.,-1.));
#10991 = ( GEOMETRIC_REPRESENTATION_CONTEXT(2) 
PARAMETRIC_REPRESENTATION_CONTEXT() REPRESENTATION_CONTEXT('2D SPACE',''
  ) );
#10992 = ORIENTED_EDGE('',*,*,#10993,.F.);
#10993 = EDGE_CURVE('',#10869,#10971,#10994,.T.);
#10994 = SURFACE_CURVE('',#10995,(#11000,#11007),.PCURVE_S1.);
#10995 = B_SPLINE_CURVE_WITH_KNOTS('',3,(#10996,#10997,#10998,#10999),
  .UNSPECIFIED.,.F.,.F.,(4,4),(0.,1.),.PIECEWISE_BEZIER_KNOTS.);
#10996 = CARTESIAN_POINT('',(18.664034062656,-4.5,2.6362796875));
#10997 = CARTESIAN_POINT('',(18.698597632563,-4.5,2.576183426406));
#10998 = CARTESIAN_POINT('',(18.730750651188,-4.5,2.51533457125));
#10999 = CARTESIAN_POINT('',(18.786311595437,-4.5,2.463995904719));
#11000 = PCURVE('',#5643,#11001);
#11001 = DEFINITIONAL_REPRESENTATION('',(#11002),#11006);
#11002 = LINE('',#11003,#11004);
#11003 = CARTESIAN_POINT('',(0.,0.));
#11004 = VECTOR('',#11005,1.);
#11005 = DIRECTION('',(1.,0.));
#11006 = ( GEOMETRIC_REPRESENTATION_CONTEXT(2) 
PARAMETRIC_REPRESENTATION_CONTEXT() REPRESENTATION_CONTEXT('2D SPACE',''
  ) );
#11007 = PCURVE('',#10187,#11008);
#11008 = DEFINITIONAL_REPRESENTATION('',(#11009),#11014);
#11009 = B_SPLINE_CURVE_WITH_KNOTS('',3,(#11010,#11011,#11012,#11013),
  .UNSPECIFIED.,.F.,.F.,(4,4),(0.,1.),.PIECEWISE_BEZIER_KNOTS.);
#11010 = CARTESIAN_POINT('',(2.6362796875,-19.33596593734));
#11011 = CARTESIAN_POINT('',(2.576183426406,-19.30140236743));
#11012 = CARTESIAN_POINT('',(2.51533457125,-19.26924934881));
#11013 = CARTESIAN_POINT('',(2.463995904719,-19.21368840456));
#11014 = ( GEOMETRIC_REPRESENTATION_CONTEXT(2) 
PARAMETRIC_REPRESENTATION_CONTEXT() REPRESENTATION_CONTEXT('2D SPACE',''
  ) );
#11015 = ADVANCED_FACE('',(#11016),#5016,.F.);
#11016 = FACE_BOUND('',#11017,.F.);
#11017 = EDGE_LOOP('',(#11018,#11041,#11042,#11043));
#11018 = ORIENTED_EDGE('',*,*,#11019,.T.);
#11019 = EDGE_CURVE('',#11020,#4999,#11022,.T.);
#11020 = VERTEX_POINT('',#11021);
#11021 = CARTESIAN_POINT('',(18.414002812656,-4.5,2.137717375));
#11022 = SURFACE_CURVE('',#11023,(#11027,#11034),.PCURVE_S1.);
#11023 = LINE('',#11024,#11025);
#11024 = CARTESIAN_POINT('',(18.414002812656,-4.5,2.137717375));
#11025 = VECTOR('',#11026,1.);
#11026 = DIRECTION('',(0.,1.,2.230669073875E-16));
#11027 = PCURVE('',#5016,#11028);
#11028 = DEFINITIONAL_REPRESENTATION('',(#11029),#11033);
#11029 = LINE('',#11030,#11031);
#11030 = CARTESIAN_POINT('',(0.,0.));
#11031 = VECTOR('',#11032,1.);
#11032 = DIRECTION('',(0.,-1.));
#11033 = ( GEOMETRIC_REPRESENTATION_CONTEXT(2) 
PARAMETRIC_REPRESENTATION_CONTEXT() REPRESENTATION_CONTEXT('2D SPACE',''
  ) );
#11034 = PCURVE('',#5049,#11035);
#11035 = DEFINITIONAL_REPRESENTATION('',(#11036),#11040);
#11036 = LINE('',#11037,#11038);
#11037 = CARTESIAN_POINT('',(1.,0.));
#11038 = VECTOR('',#11039,1.);
#11039 = DIRECTION('',(0.,-1.));
#11040 = ( GEOMETRIC_REPRESENTATION_CONTEXT(2) 
PARAMETRIC_REPRESENTATION_CONTEXT() REPRESENTATION_CONTEXT('2D SPACE',''
  ) );
#11041 = ORIENTED_EDGE('',*,*,#4998,.T.);
#11042 = ORIENTED_EDGE('',*,*,#10917,.F.);
#11043 = ORIENTED_EDGE('',*,*,#11044,.F.);
#11044 = EDGE_CURVE('',#11020,#10918,#11045,.T.);
#11045 = SURFACE_CURVE('',#11046,(#11051,#11058),.PCURVE_S1.);
#11046 = B_SPLINE_CURVE_WITH_KNOTS('',3,(#11047,#11048,#11049,#11050),
  .UNSPECIFIED.,.F.,.F.,(4,4),(0.,1.),.PIECEWISE_BEZIER_KNOTS.);
#11047 = CARTESIAN_POINT('',(18.414002812656,-4.5,2.137717375));
#11048 = CARTESIAN_POINT('',(18.352302351063,-4.5,2.16979938475));
#11049 = CARTESIAN_POINT('',(18.293259471625,-4.5,2.203723374719));
#11050 = CARTESIAN_POINT('',(18.241719029875,-4.5,2.258494720281));
#11051 = PCURVE('',#5016,#11052);
#11052 = DEFINITIONAL_REPRESENTATION('',(#11053),#11057);
#11053 = LINE('',#11054,#11055);
#11054 = CARTESIAN_POINT('',(0.,0.));
#11055 = VECTOR('',#11056,1.);
#11056 = DIRECTION('',(1.,0.));
#11057 = ( GEOMETRIC_REPRESENTATION_CONTEXT(2) 
PARAMETRIC_REPRESENTATION_CONTEXT() REPRESENTATION_CONTEXT('2D SPACE',''
  ) );
#11058 = PCURVE('',#10187,#11059);
#11059 = DEFINITIONAL_REPRESENTATION('',(#11060),#11065);
#11060 = B_SPLINE_CURVE_WITH_KNOTS('',3,(#11061,#11062,#11063,#11064),
  .UNSPECIFIED.,.F.,.F.,(4,4),(0.,1.),.PIECEWISE_BEZIER_KNOTS.);
#11061 = CARTESIAN_POINT('',(2.137717375,-19.58599718734));
#11062 = CARTESIAN_POINT('',(2.16979938475,-19.64769764893));
#11063 = CARTESIAN_POINT('',(2.203723374719,-19.70674052837));
#11064 = CARTESIAN_POINT('',(2.258494720281,-19.75828097012));
#11065 = ( GEOMETRIC_REPRESENTATION_CONTEXT(2) 
PARAMETRIC_REPRESENTATION_CONTEXT() REPRESENTATION_CONTEXT('2D SPACE',''
  ) );
#11066 = ADVANCED_FACE('',(#11067),#5610,.F.);
#11067 = FACE_BOUND('',#11068,.F.);
#11068 = EDGE_LOOP('',(#11069,#11070,#11071,#11094));
#11069 = ORIENTED_EDGE('',*,*,#10970,.T.);
#11070 = ORIENTED_EDGE('',*,*,#5592,.T.);
#11071 = ORIENTED_EDGE('',*,*,#11072,.F.);
#11072 = EDGE_CURVE('',#11073,#5560,#11075,.T.);
#11073 = VERTEX_POINT('',#11074);
#11074 = CARTESIAN_POINT('',(18.939068437656,-4.5,2.34874375));
#11075 = SURFACE_CURVE('',#11076,(#11080,#11087),.PCURVE_S1.);
#11076 = LINE('',#11077,#11078);
#11077 = CARTESIAN_POINT('',(18.939068437656,-4.5,2.34874375));
#11078 = VECTOR('',#11079,1.);
#11079 = DIRECTION('',(0.,1.,2.230669073875E-16));
#11080 = PCURVE('',#5610,#11081);
#11081 = DEFINITIONAL_REPRESENTATION('',(#11082),#11086);
#11082 = LINE('',#11083,#11084);
#11083 = CARTESIAN_POINT('',(1.,0.));
#11084 = VECTOR('',#11085,1.);
#11085 = DIRECTION('',(0.,-1.));
#11086 = ( GEOMETRIC_REPRESENTATION_CONTEXT(2) 
PARAMETRIC_REPRESENTATION_CONTEXT() REPRESENTATION_CONTEXT('2D SPACE',''
  ) );
#11087 = PCURVE('',#5577,#11088);
#11088 = DEFINITIONAL_REPRESENTATION('',(#11089),#11093);
#11089 = LINE('',#11090,#11091);
#11090 = CARTESIAN_POINT('',(0.,0.));
#11091 = VECTOR('',#11092,1.);
#11092 = DIRECTION('',(0.,-1.));
#11093 = ( GEOMETRIC_REPRESENTATION_CONTEXT(2) 
PARAMETRIC_REPRESENTATION_CONTEXT() REPRESENTATION_CONTEXT('2D SPACE',''
  ) );
#11094 = ORIENTED_EDGE('',*,*,#11095,.F.);
#11095 = EDGE_CURVE('',#10971,#11073,#11096,.T.);
#11096 = SURFACE_CURVE('',#11097,(#11102,#11109),.PCURVE_S1.);
#11097 = B_SPLINE_CURVE_WITH_KNOTS('',3,(#11098,#11099,#11100,#11101),
  .UNSPECIFIED.,.F.,.F.,(4,4),(0.,1.),.PIECEWISE_BEZIER_KNOTS.);
#11098 = CARTESIAN_POINT('',(18.786311595437,-4.5,2.463995904719));
#11099 = CARTESIAN_POINT('',(18.836326096469,-4.5,2.423405831594));
#11100 = CARTESIAN_POINT('',(18.888149073531,-4.5,2.387162301719));
#11101 = CARTESIAN_POINT('',(18.939068437656,-4.5,2.34874375));
#11102 = PCURVE('',#5610,#11103);
#11103 = DEFINITIONAL_REPRESENTATION('',(#11104),#11108);
#11104 = LINE('',#11105,#11106);
#11105 = CARTESIAN_POINT('',(0.,0.));
#11106 = VECTOR('',#11107,1.);
#11107 = DIRECTION('',(1.,0.));
#11108 = ( GEOMETRIC_REPRESENTATION_CONTEXT(2) 
PARAMETRIC_REPRESENTATION_CONTEXT() REPRESENTATION_CONTEXT('2D SPACE',''
  ) );
#11109 = PCURVE('',#10187,#11110);
#11110 = DEFINITIONAL_REPRESENTATION('',(#11111),#11116);
#11111 = B_SPLINE_CURVE_WITH_KNOTS('',3,(#11112,#11113,#11114,#11115),
  .UNSPECIFIED.,.F.,.F.,(4,4),(0.,1.),.PIECEWISE_BEZIER_KNOTS.);
#11112 = CARTESIAN_POINT('',(2.463995904719,-19.21368840456));
#11113 = CARTESIAN_POINT('',(2.423405831594,-19.16367390353));
#11114 = CARTESIAN_POINT('',(2.387162301719,-19.11185092646));
#11115 = CARTESIAN_POINT('',(2.34874375,-19.06093156234));
#11116 = ( GEOMETRIC_REPRESENTATION_CONTEXT(2) 
PARAMETRIC_REPRESENTATION_CONTEXT() REPRESENTATION_CONTEXT('2D SPACE',''
  ) );
#11117 = ADVANCED_FACE('',(#11118),#5049,.F.);
#11118 = FACE_BOUND('',#11119,.F.);
#11119 = EDGE_LOOP('',(#11120,#11143,#11144,#11145));
#11120 = ORIENTED_EDGE('',*,*,#11121,.T.);
#11121 = EDGE_CURVE('',#11122,#5032,#11124,.T.);
#11122 = VERTEX_POINT('',#11123);
#11123 = CARTESIAN_POINT('',(18.651532500156,-4.5,1.9987));
#11124 = SURFACE_CURVE('',#11125,(#11129,#11136),.PCURVE_S1.);
#11125 = LINE('',#11126,#11127);
#11126 = CARTESIAN_POINT('',(18.651532500156,-4.5,1.9987));
#11127 = VECTOR('',#11128,1.);
#11128 = DIRECTION('',(0.,1.,2.230669073875E-16));
#11129 = PCURVE('',#5049,#11130);
#11130 = DEFINITIONAL_REPRESENTATION('',(#11131),#11135);
#11131 = LINE('',#11132,#11133);
#11132 = CARTESIAN_POINT('',(0.,0.));
#11133 = VECTOR('',#11134,1.);
#11134 = DIRECTION('',(0.,-1.));
#11135 = ( GEOMETRIC_REPRESENTATION_CONTEXT(2) 
PARAMETRIC_REPRESENTATION_CONTEXT() REPRESENTATION_CONTEXT('2D SPACE',''
  ) );
#11136 = PCURVE('',#5082,#11137);
#11137 = DEFINITIONAL_REPRESENTATION('',(#11138),#11142);
#11138 = LINE('',#11139,#11140);
#11139 = CARTESIAN_POINT('',(1.,0.));
#11140 = VECTOR('',#11141,1.);
#11141 = DIRECTION('',(0.,-1.));
#11142 = ( GEOMETRIC_REPRESENTATION_CONTEXT(2) 
PARAMETRIC_REPRESENTATION_CONTEXT() REPRESENTATION_CONTEXT('2D SPACE',''
  ) );
#11143 = ORIENTED_EDGE('',*,*,#5031,.T.);
#11144 = ORIENTED_EDGE('',*,*,#11019,.F.);
#11145 = ORIENTED_EDGE('',*,*,#11146,.F.);
#11146 = EDGE_CURVE('',#11122,#11020,#11147,.T.);
#11147 = SURFACE_CURVE('',#11148,(#11153,#11160),.PCURVE_S1.);
#11148 = B_SPLINE_CURVE_WITH_KNOTS('',3,(#11149,#11150,#11151,#11152),
  .UNSPECIFIED.,.F.,.F.,(4,4),(0.,1.),.PIECEWISE_BEZIER_KNOTS.);
#11149 = CARTESIAN_POINT('',(18.651532500156,-4.5,1.9987));
#11150 = CARTESIAN_POINT('',(18.578337601938,-4.5,2.058911775531));
#11151 = CARTESIAN_POINT('',(18.482099073625,-4.5,2.067419338844));
#11152 = CARTESIAN_POINT('',(18.414002812656,-4.5,2.137717375));
#11153 = PCURVE('',#5049,#11154);
#11154 = DEFINITIONAL_REPRESENTATION('',(#11155),#11159);
#11155 = LINE('',#11156,#11157);
#11156 = CARTESIAN_POINT('',(0.,0.));
#11157 = VECTOR('',#11158,1.);
#11158 = DIRECTION('',(1.,0.));
#11159 = ( GEOMETRIC_REPRESENTATION_CONTEXT(2) 
PARAMETRIC_REPRESENTATION_CONTEXT() REPRESENTATION_CONTEXT('2D SPACE',''
  ) );
#11160 = PCURVE('',#10187,#11161);
#11161 = DEFINITIONAL_REPRESENTATION('',(#11162),#11167);
#11162 = B_SPLINE_CURVE_WITH_KNOTS('',3,(#11163,#11164,#11165,#11166),
  .UNSPECIFIED.,.F.,.F.,(4,4),(0.,1.),.PIECEWISE_BEZIER_KNOTS.);
#11163 = CARTESIAN_POINT('',(1.9987,-19.34846749984));
#11164 = CARTESIAN_POINT('',(2.058911775531,-19.42166239806));
#11165 = CARTESIAN_POINT('',(2.067419338844,-19.51790092637));
#11166 = CARTESIAN_POINT('',(2.137717375,-19.58599718734));
#11167 = ( GEOMETRIC_REPRESENTATION_CONTEXT(2) 
PARAMETRIC_REPRESENTATION_CONTEXT() REPRESENTATION_CONTEXT('2D SPACE',''
  ) );
#11168 = ADVANCED_FACE('',(#11169),#5577,.F.);
#11169 = FACE_BOUND('',#11170,.F.);
#11170 = EDGE_LOOP('',(#11171,#11172,#11173,#11196));
#11171 = ORIENTED_EDGE('',*,*,#11072,.T.);
#11172 = ORIENTED_EDGE('',*,*,#5559,.T.);
#11173 = ORIENTED_EDGE('',*,*,#11174,.F.);
#11174 = EDGE_CURVE('',#11175,#5527,#11177,.T.);
#11175 = VERTEX_POINT('',#11176);
#11176 = CARTESIAN_POINT('',(19.151595000156,-4.5,2.273734375));
#11177 = SURFACE_CURVE('',#11178,(#11182,#11189),.PCURVE_S1.);
#11178 = LINE('',#11179,#11180);
#11179 = CARTESIAN_POINT('',(19.151595000156,-4.5,2.273734375));
#11180 = VECTOR('',#11181,1.);
#11181 = DIRECTION('',(0.,1.,2.230669073875E-16));
#11182 = PCURVE('',#5577,#11183);
#11183 = DEFINITIONAL_REPRESENTATION('',(#11184),#11188);
#11184 = LINE('',#11185,#11186);
#11185 = CARTESIAN_POINT('',(1.,0.));
#11186 = VECTOR('',#11187,1.);
#11187 = DIRECTION('',(0.,-1.));
#11188 = ( GEOMETRIC_REPRESENTATION_CONTEXT(2) 
PARAMETRIC_REPRESENTATION_CONTEXT() REPRESENTATION_CONTEXT('2D SPACE',''
  ) );
#11189 = PCURVE('',#5544,#11190);
#11190 = DEFINITIONAL_REPRESENTATION('',(#11191),#11195);
#11191 = LINE('',#11192,#11193);
#11192 = CARTESIAN_POINT('',(0.,0.));
#11193 = VECTOR('',#11194,1.);
#11194 = DIRECTION('',(0.,-1.));
#11195 = ( GEOMETRIC_REPRESENTATION_CONTEXT(2) 
PARAMETRIC_REPRESENTATION_CONTEXT() REPRESENTATION_CONTEXT('2D SPACE',''
  ) );
#11196 = ORIENTED_EDGE('',*,*,#11197,.F.);
#11197 = EDGE_CURVE('',#11073,#11175,#11198,.T.);
#11198 = SURFACE_CURVE('',#11199,(#11204,#11211),.PCURVE_S1.);
#11199 = B_SPLINE_CURVE_WITH_KNOTS('',3,(#11200,#11201,#11202,#11203),
  .UNSPECIFIED.,.F.,.F.,(4,4),(0.,1.),.PIECEWISE_BEZIER_KNOTS.);
#11200 = CARTESIAN_POINT('',(18.939068437656,-4.5,2.34874375));
#11201 = CARTESIAN_POINT('',(19.007161948281,-4.5,2.316110171313));
#11202 = CARTESIAN_POINT('',(19.072290338313,-4.5,2.278125423813));
#11203 = CARTESIAN_POINT('',(19.151595000156,-4.5,2.273734375));
#11204 = PCURVE('',#5577,#11205);
#11205 = DEFINITIONAL_REPRESENTATION('',(#11206),#11210);
#11206 = LINE('',#11207,#11208);
#11207 = CARTESIAN_POINT('',(0.,0.));
#11208 = VECTOR('',#11209,1.);
#11209 = DIRECTION('',(1.,0.));
#11210 = ( GEOMETRIC_REPRESENTATION_CONTEXT(2) 
PARAMETRIC_REPRESENTATION_CONTEXT() REPRESENTATION_CONTEXT('2D SPACE',''
  ) );
#11211 = PCURVE('',#10187,#11212);
#11212 = DEFINITIONAL_REPRESENTATION('',(#11213),#11218);
#11213 = B_SPLINE_CURVE_WITH_KNOTS('',3,(#11214,#11215,#11216,#11217),
  .UNSPECIFIED.,.F.,.F.,(4,4),(0.,1.),.PIECEWISE_BEZIER_KNOTS.);
#11214 = CARTESIAN_POINT('',(2.34874375,-19.06093156234));
#11215 = CARTESIAN_POINT('',(2.316110171313,-18.99283805171));
#11216 = CARTESIAN_POINT('',(2.278125423813,-18.92770966168));
#11217 = CARTESIAN_POINT('',(2.273734375,-18.84840499984));
#11218 = ( GEOMETRIC_REPRESENTATION_CONTEXT(2) 
PARAMETRIC_REPRESENTATION_CONTEXT() REPRESENTATION_CONTEXT('2D SPACE',''
  ) );
#11219 = ADVANCED_FACE('',(#11220),#5082,.F.);
#11220 = FACE_BOUND('',#11221,.F.);
#11221 = EDGE_LOOP('',(#11222,#11245,#11246,#11247));
#11222 = ORIENTED_EDGE('',*,*,#11223,.T.);
#11223 = EDGE_CURVE('',#11224,#5065,#11226,.T.);
#11224 = VERTEX_POINT('',#11225);
#11225 = CARTESIAN_POINT('',(18.889062187656,-4.5,1.900281449219));
#11226 = SURFACE_CURVE('',#11227,(#11231,#11238),.PCURVE_S1.);
#11227 = LINE('',#11228,#11229);
#11228 = CARTESIAN_POINT('',(18.889062187656,-4.5,1.900281449219));
#11229 = VECTOR('',#11230,1.);
#11230 = DIRECTION('',(0.,1.,2.230669073875E-16));
#11231 = PCURVE('',#5082,#11232);
#11232 = DEFINITIONAL_REPRESENTATION('',(#11233),#11237);
#11233 = LINE('',#11234,#11235);
#11234 = CARTESIAN_POINT('',(0.,0.));
#11235 = VECTOR('',#11236,1.);
#11236 = DIRECTION('',(0.,-1.));
#11237 = ( GEOMETRIC_REPRESENTATION_CONTEXT(2) 
PARAMETRIC_REPRESENTATION_CONTEXT() REPRESENTATION_CONTEXT('2D SPACE',''
  ) );
#11238 = PCURVE('',#5115,#11239);
#11239 = DEFINITIONAL_REPRESENTATION('',(#11240),#11244);
#11240 = LINE('',#11241,#11242);
#11241 = CARTESIAN_POINT('',(1.,0.));
#11242 = VECTOR('',#11243,1.);
#11243 = DIRECTION('',(0.,-1.));
#11244 = ( GEOMETRIC_REPRESENTATION_CONTEXT(2) 
PARAMETRIC_REPRESENTATION_CONTEXT() REPRESENTATION_CONTEXT('2D SPACE',''
  ) );
#11245 = ORIENTED_EDGE('',*,*,#5064,.T.);
#11246 = ORIENTED_EDGE('',*,*,#11121,.F.);
#11247 = ORIENTED_EDGE('',*,*,#11248,.F.);
#11248 = EDGE_CURVE('',#11224,#11122,#11249,.T.);
#11249 = SURFACE_CURVE('',#11250,(#11255,#11262),.PCURVE_S1.);
#11250 = B_SPLINE_CURVE_WITH_KNOTS('',3,(#11251,#11252,#11253,#11254),
  .UNSPECIFIED.,.F.,.F.,(4,4),(0.,1.),.PIECEWISE_BEZIER_KNOTS.);
#11251 = CARTESIAN_POINT('',(18.889062187656,-4.5,1.900281449219));
#11252 = CARTESIAN_POINT('',(18.800722146531,-4.5,1.905932905563));
#11253 = CARTESIAN_POINT('',(18.736722397563,-4.5,1.981457094906));
#11254 = CARTESIAN_POINT('',(18.651532500156,-4.5,1.9987));
#11255 = PCURVE('',#5082,#11256);
#11256 = DEFINITIONAL_REPRESENTATION('',(#11257),#11261);
#11257 = LINE('',#11258,#11259);
#11258 = CARTESIAN_POINT('',(0.,0.));
#11259 = VECTOR('',#11260,1.);
#11260 = DIRECTION('',(1.,0.));
#11261 = ( GEOMETRIC_REPRESENTATION_CONTEXT(2) 
PARAMETRIC_REPRESENTATION_CONTEXT() REPRESENTATION_CONTEXT('2D SPACE',''
  ) );
#11262 = PCURVE('',#10187,#11263);
#11263 = DEFINITIONAL_REPRESENTATION('',(#11264),#11269);
#11264 = B_SPLINE_CURVE_WITH_KNOTS('',3,(#11265,#11266,#11267,#11268),
  .UNSPECIFIED.,.F.,.F.,(4,4),(0.,1.),.PIECEWISE_BEZIER_KNOTS.);
#11265 = CARTESIAN_POINT('',(1.900281449219,-19.11093781234));
#11266 = CARTESIAN_POINT('',(1.905932905563,-19.19927785346));
#11267 = CARTESIAN_POINT('',(1.981457094906,-19.26327760243));
#11268 = CARTESIAN_POINT('',(1.9987,-19.34846749984));
#11269 = ( GEOMETRIC_REPRESENTATION_CONTEXT(2) 
PARAMETRIC_REPRESENTATION_CONTEXT() REPRESENTATION_CONTEXT('2D SPACE',''
  ) );
#11270 = ADVANCED_FACE('',(#11271),#5544,.F.);
#11271 = FACE_BOUND('',#11272,.F.);
#11272 = EDGE_LOOP('',(#11273,#11274,#11275,#11298));
#11273 = ORIENTED_EDGE('',*,*,#11174,.T.);
#11274 = ORIENTED_EDGE('',*,*,#5526,.T.);
#11275 = ORIENTED_EDGE('',*,*,#11276,.F.);
#11276 = EDGE_CURVE('',#11277,#5494,#11279,.T.);
#11277 = VERTEX_POINT('',#11278);
#11278 = CARTESIAN_POINT('',(19.308517613031,-4.5,2.24873125));
#11279 = SURFACE_CURVE('',#11280,(#11284,#11291),.PCURVE_S1.);
#11280 = LINE('',#11281,#11282);
#11281 = CARTESIAN_POINT('',(19.308517613031,-4.5,2.24873125));
#11282 = VECTOR('',#11283,1.);
#11283 = DIRECTION('',(0.,1.,2.230669073875E-16));
#11284 = PCURVE('',#5544,#11285);
#11285 = DEFINITIONAL_REPRESENTATION('',(#11286),#11290);
#11286 = LINE('',#11287,#11288);
#11287 = CARTESIAN_POINT('',(1.,0.));
#11288 = VECTOR('',#11289,1.);
#11289 = DIRECTION('',(0.,-1.));
#11290 = ( GEOMETRIC_REPRESENTATION_CONTEXT(2) 
PARAMETRIC_REPRESENTATION_CONTEXT() REPRESENTATION_CONTEXT('2D SPACE',''
  ) );
#11291 = PCURVE('',#5511,#11292);
#11292 = DEFINITIONAL_REPRESENTATION('',(#11293),#11297);
#11293 = LINE('',#11294,#11295);
#11294 = CARTESIAN_POINT('',(0.,0.));
#11295 = VECTOR('',#11296,1.);
#11296 = DIRECTION('',(0.,-1.));
#11297 = ( GEOMETRIC_REPRESENTATION_CONTEXT(2) 
PARAMETRIC_REPRESENTATION_CONTEXT() REPRESENTATION_CONTEXT('2D SPACE',''
  ) );
#11298 = ORIENTED_EDGE('',*,*,#11299,.F.);
#11299 = EDGE_CURVE('',#11175,#11277,#11300,.T.);
#11300 = SURFACE_CURVE('',#11301,(#11306,#11313),.PCURVE_S1.);
#11301 = B_SPLINE_CURVE_WITH_KNOTS('',3,(#11302,#11303,#11304,#11305),
  .UNSPECIFIED.,.F.,.F.,(4,4),(0.,1.),.PIECEWISE_BEZIER_KNOTS.);
#11302 = CARTESIAN_POINT('',(19.151595000156,-4.5,2.273734375));
#11303 = CARTESIAN_POINT('',(19.209211201281,-4.5,2.278733499813));
#11304 = CARTESIAN_POINT('',(19.24666363225,-4.5,2.233876643406));
#11305 = CARTESIAN_POINT('',(19.308517613031,-4.5,2.24873125));
#11306 = PCURVE('',#5544,#11307);
#11307 = DEFINITIONAL_REPRESENTATION('',(#11308),#11312);
#11308 = LINE('',#11309,#11310);
#11309 = CARTESIAN_POINT('',(0.,0.));
#11310 = VECTOR('',#11311,1.);
#11311 = DIRECTION('',(1.,0.));
#11312 = ( GEOMETRIC_REPRESENTATION_CONTEXT(2) 
PARAMETRIC_REPRESENTATION_CONTEXT() REPRESENTATION_CONTEXT('2D SPACE',''
  ) );
#11313 = PCURVE('',#10187,#11314);
#11314 = DEFINITIONAL_REPRESENTATION('',(#11315),#11320);
#11315 = B_SPLINE_CURVE_WITH_KNOTS('',3,(#11316,#11317,#11318,#11319),
  .UNSPECIFIED.,.F.,.F.,(4,4),(0.,1.),.PIECEWISE_BEZIER_KNOTS.);
#11316 = CARTESIAN_POINT('',(2.273734375,-18.84840499984));
#11317 = CARTESIAN_POINT('',(2.278733499813,-18.79078879871));
#11318 = CARTESIAN_POINT('',(2.233876643406,-18.75333636775));
#11319 = CARTESIAN_POINT('',(2.24873125,-18.69148238696));
#11320 = ( GEOMETRIC_REPRESENTATION_CONTEXT(2) 
PARAMETRIC_REPRESENTATION_CONTEXT() REPRESENTATION_CONTEXT('2D SPACE',''
  ) );
#11321 = ADVANCED_FACE('',(#11322),#5115,.F.);
#11322 = FACE_BOUND('',#11323,.F.);
#11323 = EDGE_LOOP('',(#11324,#11347,#11348,#11349));
#11324 = ORIENTED_EDGE('',*,*,#11325,.T.);
#11325 = EDGE_CURVE('',#11326,#5098,#11328,.T.);
#11326 = VERTEX_POINT('',#11327);
#11327 = CARTESIAN_POINT('',(19.112784149406,-4.5,1.823678125));
#11328 = SURFACE_CURVE('',#11329,(#11333,#11340),.PCURVE_S1.);
#11329 = LINE('',#11330,#11331);
#11330 = CARTESIAN_POINT('',(19.112784149406,-4.5,1.823678125));
#11331 = VECTOR('',#11332,1.);
#11332 = DIRECTION('',(0.,1.,2.230669073875E-16));
#11333 = PCURVE('',#5115,#11334);
#11334 = DEFINITIONAL_REPRESENTATION('',(#11335),#11339);
#11335 = LINE('',#11336,#11337);
#11336 = CARTESIAN_POINT('',(0.,0.));
#11337 = VECTOR('',#11338,1.);
#11338 = DIRECTION('',(0.,-1.));
#11339 = ( GEOMETRIC_REPRESENTATION_CONTEXT(2) 
PARAMETRIC_REPRESENTATION_CONTEXT() REPRESENTATION_CONTEXT('2D SPACE',''
  ) );
#11340 = PCURVE('',#5148,#11341);
#11341 = DEFINITIONAL_REPRESENTATION('',(#11342),#11346);
#11342 = LINE('',#11343,#11344);
#11343 = CARTESIAN_POINT('',(1.,0.));
#11344 = VECTOR('',#11345,1.);
#11345 = DIRECTION('',(0.,-1.));
#11346 = ( GEOMETRIC_REPRESENTATION_CONTEXT(2) 
PARAMETRIC_REPRESENTATION_CONTEXT() REPRESENTATION_CONTEXT('2D SPACE',''
  ) );
#11347 = ORIENTED_EDGE('',*,*,#5097,.T.);
#11348 = ORIENTED_EDGE('',*,*,#11223,.F.);
#11349 = ORIENTED_EDGE('',*,*,#11350,.F.);
#11350 = EDGE_CURVE('',#11326,#11224,#11351,.T.);
#11351 = SURFACE_CURVE('',#11352,(#11357,#11364),.PCURVE_S1.);
#11352 = B_SPLINE_CURVE_WITH_KNOTS('',3,(#11353,#11354,#11355,#11356),
  .UNSPECIFIED.,.F.,.F.,(4,4),(0.,1.),.PIECEWISE_BEZIER_KNOTS.);
#11353 = CARTESIAN_POINT('',(19.112784149406,-4.5,1.823678125));
#11354 = CARTESIAN_POINT('',(19.035455984594,-4.5,1.84319456425));
#11355 = CARTESIAN_POINT('',(18.96135597325,-4.5,1.865897901813));
#11356 = CARTESIAN_POINT('',(18.889062187656,-4.5,1.900281449219));
#11357 = PCURVE('',#5115,#11358);
#11358 = DEFINITIONAL_REPRESENTATION('',(#11359),#11363);
#11359 = LINE('',#11360,#11361);
#11360 = CARTESIAN_POINT('',(0.,0.));
#11361 = VECTOR('',#11362,1.);
#11362 = DIRECTION('',(1.,0.));
#11363 = ( GEOMETRIC_REPRESENTATION_CONTEXT(2) 
PARAMETRIC_REPRESENTATION_CONTEXT() REPRESENTATION_CONTEXT('2D SPACE',''
  ) );
#11364 = PCURVE('',#10187,#11365);
#11365 = DEFINITIONAL_REPRESENTATION('',(#11366),#11371);
#11366 = B_SPLINE_CURVE_WITH_KNOTS('',3,(#11367,#11368,#11369,#11370),
  .UNSPECIFIED.,.F.,.F.,(4,4),(0.,1.),.PIECEWISE_BEZIER_KNOTS.);
#11367 = CARTESIAN_POINT('',(1.823678125,-18.88721585059));
#11368 = CARTESIAN_POINT('',(1.84319456425,-18.9645440154));
#11369 = CARTESIAN_POINT('',(1.865897901813,-19.03864402675));
#11370 = CARTESIAN_POINT('',(1.900281449219,-19.11093781234));
#11371 = ( GEOMETRIC_REPRESENTATION_CONTEXT(2) 
PARAMETRIC_REPRESENTATION_CONTEXT() REPRESENTATION_CONTEXT('2D SPACE',''
  ) );
#11372 = ADVANCED_FACE('',(#11373),#5511,.F.);
#11373 = FACE_BOUND('',#11374,.F.);
#11374 = EDGE_LOOP('',(#11375,#11376,#11377,#11400));
#11375 = ORIENTED_EDGE('',*,*,#11276,.T.);
#11376 = ORIENTED_EDGE('',*,*,#5493,.T.);
#11377 = ORIENTED_EDGE('',*,*,#11378,.F.);
#11378 = EDGE_CURVE('',#11379,#5461,#11381,.T.);
#11379 = VERTEX_POINT('',#11380);
#11380 = CARTESIAN_POINT('',(19.465440225906,-4.5,2.273734375));
#11381 = SURFACE_CURVE('',#11382,(#11386,#11393),.PCURVE_S1.);
#11382 = LINE('',#11383,#11384);
#11383 = CARTESIAN_POINT('',(19.465440225906,-4.5,2.273734375));
#11384 = VECTOR('',#11385,1.);
#11385 = DIRECTION('',(0.,1.,2.230669073875E-16));
#11386 = PCURVE('',#5511,#11387);
#11387 = DEFINITIONAL_REPRESENTATION('',(#11388),#11392);
#11388 = LINE('',#11389,#11390);
#11389 = CARTESIAN_POINT('',(1.,0.));
#11390 = VECTOR('',#11391,1.);
#11391 = DIRECTION('',(0.,-1.));
#11392 = ( GEOMETRIC_REPRESENTATION_CONTEXT(2) 
PARAMETRIC_REPRESENTATION_CONTEXT() REPRESENTATION_CONTEXT('2D SPACE',''
  ) );
#11393 = PCURVE('',#5478,#11394);
#11394 = DEFINITIONAL_REPRESENTATION('',(#11395),#11399);
#11395 = LINE('',#11396,#11397);
#11396 = CARTESIAN_POINT('',(0.,0.));
#11397 = VECTOR('',#11398,1.);
#11398 = DIRECTION('',(0.,-1.));
#11399 = ( GEOMETRIC_REPRESENTATION_CONTEXT(2) 
PARAMETRIC_REPRESENTATION_CONTEXT() REPRESENTATION_CONTEXT('2D SPACE',''
  ) );
#11400 = ORIENTED_EDGE('',*,*,#11401,.F.);
#11401 = EDGE_CURVE('',#11277,#11379,#11402,.T.);
#11402 = SURFACE_CURVE('',#11403,(#11408,#11415),.PCURVE_S1.);
#11403 = B_SPLINE_CURVE_WITH_KNOTS('',3,(#11404,#11405,#11406,#11407),
  .UNSPECIFIED.,.F.,.F.,(4,4),(0.,1.),.PIECEWISE_BEZIER_KNOTS.);
#11404 = CARTESIAN_POINT('',(19.308517613031,-4.5,2.24873125));
#11405 = CARTESIAN_POINT('',(19.369881532563,-4.5,2.234929274969));
#11406 = CARTESIAN_POINT('',(19.404633876063,-4.5,2.286272692094));
#11407 = CARTESIAN_POINT('',(19.465440225906,-4.5,2.273734375));
#11408 = PCURVE('',#5511,#11409);
#11409 = DEFINITIONAL_REPRESENTATION('',(#11410),#11414);
#11410 = LINE('',#11411,#11412);
#11411 = CARTESIAN_POINT('',(0.,0.));
#11412 = VECTOR('',#11413,1.);
#11413 = DIRECTION('',(1.,0.));
#11414 = ( GEOMETRIC_REPRESENTATION_CONTEXT(2) 
PARAMETRIC_REPRESENTATION_CONTEXT() REPRESENTATION_CONTEXT('2D SPACE',''
  ) );
#11415 = PCURVE('',#10187,#11416);
#11416 = DEFINITIONAL_REPRESENTATION('',(#11417),#11422);
#11417 = B_SPLINE_CURVE_WITH_KNOTS('',3,(#11418,#11419,#11420,#11421),
  .UNSPECIFIED.,.F.,.F.,(4,4),(0.,1.),.PIECEWISE_BEZIER_KNOTS.);
#11418 = CARTESIAN_POINT('',(2.24873125,-18.69148238696));
#11419 = CARTESIAN_POINT('',(2.234929274969,-18.63011846743));
#11420 = CARTESIAN_POINT('',(2.286272692094,-18.59536612393));
#11421 = CARTESIAN_POINT('',(2.273734375,-18.53455977409));
#11422 = ( GEOMETRIC_REPRESENTATION_CONTEXT(2) 
PARAMETRIC_REPRESENTATION_CONTEXT() REPRESENTATION_CONTEXT('2D SPACE',''
  ) );
#11423 = ADVANCED_FACE('',(#11424),#5148,.F.);
#11424 = FACE_BOUND('',#11425,.F.);
#11425 = EDGE_LOOP('',(#11426,#11449,#11450,#11451));
#11426 = ORIENTED_EDGE('',*,*,#11427,.T.);
#11427 = EDGE_CURVE('',#11428,#5131,#11430,.T.);
#11428 = VERTEX_POINT('',#11429);
#11429 = CARTESIAN_POINT('',(19.269706762281,-4.5,1.798675));
#11430 = SURFACE_CURVE('',#11431,(#11435,#11442),.PCURVE_S1.);
#11431 = LINE('',#11432,#11433);
#11432 = CARTESIAN_POINT('',(19.269706762281,-4.5,1.798675));
#11433 = VECTOR('',#11434,1.);
#11434 = DIRECTION('',(0.,1.,2.230669073875E-16));
#11435 = PCURVE('',#5148,#11436);
#11436 = DEFINITIONAL_REPRESENTATION('',(#11437),#11441);
#11437 = LINE('',#11438,#11439);
#11438 = CARTESIAN_POINT('',(0.,0.));
#11439 = VECTOR('',#11440,1.);
#11440 = DIRECTION('',(0.,-1.));
#11441 = ( GEOMETRIC_REPRESENTATION_CONTEXT(2) 
PARAMETRIC_REPRESENTATION_CONTEXT() REPRESENTATION_CONTEXT('2D SPACE',''
  ) );
#11442 = PCURVE('',#5181,#11443);
#11443 = DEFINITIONAL_REPRESENTATION('',(#11444),#11448);
#11444 = LINE('',#11445,#11446);
#11445 = CARTESIAN_POINT('',(1.,0.));
#11446 = VECTOR('',#11447,1.);
#11447 = DIRECTION('',(0.,-1.));
#11448 = ( GEOMETRIC_REPRESENTATION_CONTEXT(2) 
PARAMETRIC_REPRESENTATION_CONTEXT() REPRESENTATION_CONTEXT('2D SPACE',''
  ) );
#11449 = ORIENTED_EDGE('',*,*,#5130,.T.);
#11450 = ORIENTED_EDGE('',*,*,#11325,.F.);
#11451 = ORIENTED_EDGE('',*,*,#11452,.F.);
#11452 = EDGE_CURVE('',#11428,#11326,#11453,.T.);
#11453 = SURFACE_CURVE('',#11454,(#11459,#11466),.PCURVE_S1.);
#11454 = B_SPLINE_CURVE_WITH_KNOTS('',3,(#11455,#11456,#11457,#11458),
  .UNSPECIFIED.,.F.,.F.,(4,4),(0.,1.),.PIECEWISE_BEZIER_KNOTS.);
#11455 = CARTESIAN_POINT('',(19.269706762281,-4.5,1.798675));
#11456 = CARTESIAN_POINT('',(19.208941167531,-4.5,1.786571737281));
#11457 = CARTESIAN_POINT('',(19.165811276969,-4.5,1.817711129219));
#11458 = CARTESIAN_POINT('',(19.112784149406,-4.5,1.823678125));
#11459 = PCURVE('',#5148,#11460);
#11460 = DEFINITIONAL_REPRESENTATION('',(#11461),#11465);
#11461 = LINE('',#11462,#11463);
#11462 = CARTESIAN_POINT('',(0.,0.));
#11463 = VECTOR('',#11464,1.);
#11464 = DIRECTION('',(1.,0.));
#11465 = ( GEOMETRIC_REPRESENTATION_CONTEXT(2) 
PARAMETRIC_REPRESENTATION_CONTEXT() REPRESENTATION_CONTEXT('2D SPACE',''
  ) );
#11466 = PCURVE('',#10187,#11467);
#11467 = DEFINITIONAL_REPRESENTATION('',(#11468),#11473);
#11468 = B_SPLINE_CURVE_WITH_KNOTS('',3,(#11469,#11470,#11471,#11472),
  .UNSPECIFIED.,.F.,.F.,(4,4),(0.,1.),.PIECEWISE_BEZIER_KNOTS.);
#11469 = CARTESIAN_POINT('',(1.798675,-18.73029323771));
#11470 = CARTESIAN_POINT('',(1.786571737281,-18.79105883246));
#11471 = CARTESIAN_POINT('',(1.817711129219,-18.83418872303));
#11472 = CARTESIAN_POINT('',(1.823678125,-18.88721585059));
#11473 = ( GEOMETRIC_REPRESENTATION_CONTEXT(2) 
PARAMETRIC_REPRESENTATION_CONTEXT() REPRESENTATION_CONTEXT('2D SPACE',''
  ) );
#11474 = ADVANCED_FACE('',(#11475),#5478,.F.);
#11475 = FACE_BOUND('',#11476,.F.);
#11476 = EDGE_LOOP('',(#11477,#11478,#11479,#11502));
#11477 = ORIENTED_EDGE('',*,*,#11378,.T.);
#11478 = ORIENTED_EDGE('',*,*,#5460,.T.);
#11479 = ORIENTED_EDGE('',*,*,#11480,.F.);
#11480 = EDGE_CURVE('',#11481,#5428,#11483,.T.);
#11481 = VERTEX_POINT('',#11482);
#11482 = CARTESIAN_POINT('',(19.664159062656,-4.5,2.3362421875));
#11483 = SURFACE_CURVE('',#11484,(#11488,#11495),.PCURVE_S1.);
#11484 = LINE('',#11485,#11486);
#11485 = CARTESIAN_POINT('',(19.664159062656,-4.5,2.3362421875));
#11486 = VECTOR('',#11487,1.);
#11487 = DIRECTION('',(0.,1.,2.230669073875E-16));
#11488 = PCURVE('',#5478,#11489);
#11489 = DEFINITIONAL_REPRESENTATION('',(#11490),#11494);
#11490 = LINE('',#11491,#11492);
#11491 = CARTESIAN_POINT('',(1.,0.));
#11492 = VECTOR('',#11493,1.);
#11493 = DIRECTION('',(0.,-1.));
#11494 = ( GEOMETRIC_REPRESENTATION_CONTEXT(2) 
PARAMETRIC_REPRESENTATION_CONTEXT() REPRESENTATION_CONTEXT('2D SPACE',''
  ) );
#11495 = PCURVE('',#5445,#11496);
#11496 = DEFINITIONAL_REPRESENTATION('',(#11497),#11501);
#11497 = LINE('',#11498,#11499);
#11498 = CARTESIAN_POINT('',(0.,0.));
#11499 = VECTOR('',#11500,1.);
#11500 = DIRECTION('',(0.,-1.));
#11501 = ( GEOMETRIC_REPRESENTATION_CONTEXT(2) 
PARAMETRIC_REPRESENTATION_CONTEXT() REPRESENTATION_CONTEXT('2D SPACE',''
  ) );
#11502 = ORIENTED_EDGE('',*,*,#11503,.F.);
#11503 = EDGE_CURVE('',#11379,#11481,#11504,.T.);
#11504 = SURFACE_CURVE('',#11505,(#11510,#11517),.PCURVE_S1.);
#11505 = B_SPLINE_CURVE_WITH_KNOTS('',3,(#11506,#11507,#11508,#11509),
  .UNSPECIFIED.,.F.,.F.,(4,4),(0.,1.),.PIECEWISE_BEZIER_KNOTS.);
#11506 = CARTESIAN_POINT('',(19.465440225906,-4.5,2.273734375));
#11507 = CARTESIAN_POINT('',(19.541234699031,-4.5,2.271779130625));
#11508 = CARTESIAN_POINT('',(19.600549112406,-4.5,2.308086168438));
#11509 = CARTESIAN_POINT('',(19.664159062656,-4.5,2.3362421875));
#11510 = PCURVE('',#5478,#11511);
#11511 = DEFINITIONAL_REPRESENTATION('',(#11512),#11516);
#11512 = LINE('',#11513,#11514);
#11513 = CARTESIAN_POINT('',(0.,0.));
#11514 = VECTOR('',#11515,1.);
#11515 = DIRECTION('',(1.,0.));
#11516 = ( GEOMETRIC_REPRESENTATION_CONTEXT(2) 
PARAMETRIC_REPRESENTATION_CONTEXT() REPRESENTATION_CONTEXT('2D SPACE',''
  ) );
#11517 = PCURVE('',#10187,#11518);
#11518 = DEFINITIONAL_REPRESENTATION('',(#11519),#11524);
#11519 = B_SPLINE_CURVE_WITH_KNOTS('',3,(#11520,#11521,#11522,#11523),
  .UNSPECIFIED.,.F.,.F.,(4,4),(0.,1.),.PIECEWISE_BEZIER_KNOTS.);
#11520 = CARTESIAN_POINT('',(2.273734375,-18.53455977409));
#11521 = CARTESIAN_POINT('',(2.271779130625,-18.45876530096));
#11522 = CARTESIAN_POINT('',(2.308086168438,-18.39945088759));
#11523 = CARTESIAN_POINT('',(2.3362421875,-18.33584093734));
#11524 = ( GEOMETRIC_REPRESENTATION_CONTEXT(2) 
PARAMETRIC_REPRESENTATION_CONTEXT() REPRESENTATION_CONTEXT('2D SPACE',''
  ) );
#11525 = ADVANCED_FACE('',(#11526),#5181,.F.);
#11526 = FACE_BOUND('',#11527,.F.);
#11527 = EDGE_LOOP('',(#11528,#11551,#11552,#11553));
#11528 = ORIENTED_EDGE('',*,*,#11529,.T.);
#11529 = EDGE_CURVE('',#11530,#5164,#11532,.T.);
#11530 = VERTEX_POINT('',#11531);
#11531 = CARTESIAN_POINT('',(19.426629375156,-4.5,1.773671875));
#11532 = SURFACE_CURVE('',#11533,(#11537,#11544),.PCURVE_S1.);
#11533 = LINE('',#11534,#11535);
#11534 = CARTESIAN_POINT('',(19.426629375156,-4.5,1.773671875));
#11535 = VECTOR('',#11536,1.);
#11536 = DIRECTION('',(0.,1.,2.230669073875E-16));
#11537 = PCURVE('',#5181,#11538);
#11538 = DEFINITIONAL_REPRESENTATION('',(#11539),#11543);
#11539 = LINE('',#11540,#11541);
#11540 = CARTESIAN_POINT('',(0.,0.));
#11541 = VECTOR('',#11542,1.);
#11542 = DIRECTION('',(0.,-1.));
#11543 = ( GEOMETRIC_REPRESENTATION_CONTEXT(2) 
PARAMETRIC_REPRESENTATION_CONTEXT() REPRESENTATION_CONTEXT('2D SPACE',''
  ) );
#11544 = PCURVE('',#5214,#11545);
#11545 = DEFINITIONAL_REPRESENTATION('',(#11546),#11550);
#11546 = LINE('',#11547,#11548);
#11547 = CARTESIAN_POINT('',(1.,0.));
#11548 = VECTOR('',#11549,1.);
#11549 = DIRECTION('',(0.,-1.));
#11550 = ( GEOMETRIC_REPRESENTATION_CONTEXT(2) 
PARAMETRIC_REPRESENTATION_CONTEXT() REPRESENTATION_CONTEXT('2D SPACE',''
  ) );
#11551 = ORIENTED_EDGE('',*,*,#5163,.T.);
#11552 = ORIENTED_EDGE('',*,*,#11427,.F.);
#11553 = ORIENTED_EDGE('',*,*,#11554,.F.);
#11554 = EDGE_CURVE('',#11530,#11428,#11555,.T.);
#11555 = SURFACE_CURVE('',#11556,(#11561,#11568),.PCURVE_S1.);
#11556 = B_SPLINE_CURVE_WITH_KNOTS('',3,(#11557,#11558,#11559,#11560),
  .UNSPECIFIED.,.F.,.F.,(4,4),(0.,1.),.PIECEWISE_BEZIER_KNOTS.);
#11557 = CARTESIAN_POINT('',(19.426629375156,-4.5,1.773671875));
#11558 = CARTESIAN_POINT('',(19.367144440469,-4.5,1.7647787635));
#11559 = CARTESIAN_POINT('',(19.319324463719,-4.5,1.784420968469));
#11560 = CARTESIAN_POINT('',(19.269706762281,-4.5,1.798675));
#11561 = PCURVE('',#5181,#11562);
#11562 = DEFINITIONAL_REPRESENTATION('',(#11563),#11567);
#11563 = LINE('',#11564,#11565);
#11564 = CARTESIAN_POINT('',(0.,0.));
#11565 = VECTOR('',#11566,1.);
#11566 = DIRECTION('',(1.,0.));
#11567 = ( GEOMETRIC_REPRESENTATION_CONTEXT(2) 
PARAMETRIC_REPRESENTATION_CONTEXT() REPRESENTATION_CONTEXT('2D SPACE',''
  ) );
#11568 = PCURVE('',#10187,#11569);
#11569 = DEFINITIONAL_REPRESENTATION('',(#11570),#11575);
#11570 = B_SPLINE_CURVE_WITH_KNOTS('',3,(#11571,#11572,#11573,#11574),
  .UNSPECIFIED.,.F.,.F.,(4,4),(0.,1.),.PIECEWISE_BEZIER_KNOTS.);
#11571 = CARTESIAN_POINT('',(1.773671875,-18.57337062484));
#11572 = CARTESIAN_POINT('',(1.7647787635,-18.63285555953));
#11573 = CARTESIAN_POINT('',(1.784420968469,-18.68067553628));
#11574 = CARTESIAN_POINT('',(1.798675,-18.73029323771));
#11575 = ( GEOMETRIC_REPRESENTATION_CONTEXT(2) 
PARAMETRIC_REPRESENTATION_CONTEXT() REPRESENTATION_CONTEXT('2D SPACE',''
  ) );
#11576 = ADVANCED_FACE('',(#11577),#5445,.F.);
#11577 = FACE_BOUND('',#11578,.F.);
#11578 = EDGE_LOOP('',(#11579,#11580,#11581,#11604));
#11579 = ORIENTED_EDGE('',*,*,#11480,.T.);
#11580 = ORIENTED_EDGE('',*,*,#5427,.T.);
#11581 = ORIENTED_EDGE('',*,*,#11582,.F.);
#11582 = EDGE_CURVE('',#11583,#5395,#11585,.T.);
#11583 = VERTEX_POINT('',#11584);
#11584 = CARTESIAN_POINT('',(19.901688750156,-4.5,2.473759375));
#11585 = SURFACE_CURVE('',#11586,(#11590,#11597),.PCURVE_S1.);
#11586 = LINE('',#11587,#11588);
#11587 = CARTESIAN_POINT('',(19.901688750156,-4.5,2.473759375));
#11588 = VECTOR('',#11589,1.);
#11589 = DIRECTION('',(0.,1.,2.230669073875E-16));
#11590 = PCURVE('',#5445,#11591);
#11591 = DEFINITIONAL_REPRESENTATION('',(#11592),#11596);
#11592 = LINE('',#11593,#11594);
#11593 = CARTESIAN_POINT('',(1.,0.));
#11594 = VECTOR('',#11595,1.);
#11595 = DIRECTION('',(0.,-1.));
#11596 = ( GEOMETRIC_REPRESENTATION_CONTEXT(2) 
PARAMETRIC_REPRESENTATION_CONTEXT() REPRESENTATION_CONTEXT('2D SPACE',''
  ) );
#11597 = PCURVE('',#5412,#11598);
#11598 = DEFINITIONAL_REPRESENTATION('',(#11599),#11603);
#11599 = LINE('',#11600,#11601);
#11600 = CARTESIAN_POINT('',(0.,0.));
#11601 = VECTOR('',#11602,1.);
#11602 = DIRECTION('',(0.,-1.));
#11603 = ( GEOMETRIC_REPRESENTATION_CONTEXT(2) 
PARAMETRIC_REPRESENTATION_CONTEXT() REPRESENTATION_CONTEXT('2D SPACE',''
  ) );
#11604 = ORIENTED_EDGE('',*,*,#11605,.F.);
#11605 = EDGE_CURVE('',#11481,#11583,#11606,.T.);
#11606 = SURFACE_CURVE('',#11607,(#11612,#11619),.PCURVE_S1.);
#11607 = B_SPLINE_CURVE_WITH_KNOTS('',3,(#11608,#11609,#11610,#11611),
  .UNSPECIFIED.,.F.,.F.,(4,4),(0.,1.),.PIECEWISE_BEZIER_KNOTS.);
#11608 = CARTESIAN_POINT('',(19.664159062656,-4.5,2.3362421875));
#11609 = CARTESIAN_POINT('',(19.74669812875,-4.5,2.374207182531));
#11610 = CARTESIAN_POINT('',(19.826678125,-4.5,2.418242186219));
#11611 = CARTESIAN_POINT('',(19.901688750156,-4.5,2.473759375));
#11612 = PCURVE('',#5445,#11613);
#11613 = DEFINITIONAL_REPRESENTATION('',(#11614),#11618);
#11614 = LINE('',#11615,#11616);
#11615 = CARTESIAN_POINT('',(0.,0.));
#11616 = VECTOR('',#11617,1.);
#11617 = DIRECTION('',(1.,0.));
#11618 = ( GEOMETRIC_REPRESENTATION_CONTEXT(2) 
PARAMETRIC_REPRESENTATION_CONTEXT() REPRESENTATION_CONTEXT('2D SPACE',''
  ) );
#11619 = PCURVE('',#10187,#11620);
#11620 = DEFINITIONAL_REPRESENTATION('',(#11621),#11626);
#11621 = B_SPLINE_CURVE_WITH_KNOTS('',3,(#11622,#11623,#11624,#11625),
  .UNSPECIFIED.,.F.,.F.,(4,4),(0.,1.),.PIECEWISE_BEZIER_KNOTS.);
#11622 = CARTESIAN_POINT('',(2.3362421875,-18.33584093734));
#11623 = CARTESIAN_POINT('',(2.374207182531,-18.25330187125));
#11624 = CARTESIAN_POINT('',(2.418242186219,-18.173321875));
#11625 = CARTESIAN_POINT('',(2.473759375,-18.09831124984));
#11626 = ( GEOMETRIC_REPRESENTATION_CONTEXT(2) 
PARAMETRIC_REPRESENTATION_CONTEXT() REPRESENTATION_CONTEXT('2D SPACE',''
  ) );
#11627 = ADVANCED_FACE('',(#11628),#5214,.F.);
#11628 = FACE_BOUND('',#11629,.F.);
#11629 = EDGE_LOOP('',(#11630,#11653,#11654,#11655));
#11630 = ORIENTED_EDGE('',*,*,#11631,.T.);
#11631 = EDGE_CURVE('',#11632,#5197,#11634,.T.);
#11632 = VERTEX_POINT('',#11633);
#11633 = CARTESIAN_POINT('',(19.564146562656,-4.5,1.7861734375));
#11634 = SURFACE_CURVE('',#11635,(#11639,#11646),.PCURVE_S1.);
#11635 = LINE('',#11636,#11637);
#11636 = CARTESIAN_POINT('',(19.564146562656,-4.5,1.7861734375));
#11637 = VECTOR('',#11638,1.);
#11638 = DIRECTION('',(0.,1.,2.230669073875E-16));
#11639 = PCURVE('',#5214,#11640);
#11640 = DEFINITIONAL_REPRESENTATION('',(#11641),#11645);
#11641 = LINE('',#11642,#11643);
#11642 = CARTESIAN_POINT('',(0.,0.));
#11643 = VECTOR('',#11644,1.);
#11644 = DIRECTION('',(0.,-1.));
#11645 = ( GEOMETRIC_REPRESENTATION_CONTEXT(2) 
PARAMETRIC_REPRESENTATION_CONTEXT() REPRESENTATION_CONTEXT('2D SPACE',''
  ) );
#11646 = PCURVE('',#5247,#11647);
#11647 = DEFINITIONAL_REPRESENTATION('',(#11648),#11652);
#11648 = LINE('',#11649,#11650);
#11649 = CARTESIAN_POINT('',(1.,0.));
#11650 = VECTOR('',#11651,1.);
#11651 = DIRECTION('',(0.,-1.));
#11652 = ( GEOMETRIC_REPRESENTATION_CONTEXT(2) 
PARAMETRIC_REPRESENTATION_CONTEXT() REPRESENTATION_CONTEXT('2D SPACE',''
  ) );
#11653 = ORIENTED_EDGE('',*,*,#5196,.T.);
#11654 = ORIENTED_EDGE('',*,*,#11529,.F.);
#11655 = ORIENTED_EDGE('',*,*,#11656,.F.);
#11656 = EDGE_CURVE('',#11632,#11530,#11657,.T.);
#11657 = SURFACE_CURVE('',#11658,(#11663,#11670),.PCURVE_S1.);
#11658 = B_SPLINE_CURVE_WITH_KNOTS('',3,(#11659,#11660,#11661,#11662),
  .UNSPECIFIED.,.F.,.F.,(4,4),(0.,1.),.PIECEWISE_BEZIER_KNOTS.);
#11659 = CARTESIAN_POINT('',(19.564146562656,-4.5,1.7861734375));
#11660 = CARTESIAN_POINT('',(19.527168190938,-4.5,1.760251947719));
#11661 = CARTESIAN_POINT('',(19.471979543219,-4.5,1.779691377344));
#11662 = CARTESIAN_POINT('',(19.426629375156,-4.5,1.773671875));
#11663 = PCURVE('',#5214,#11664);
#11664 = DEFINITIONAL_REPRESENTATION('',(#11665),#11669);
#11665 = LINE('',#11666,#11667);
#11666 = CARTESIAN_POINT('',(0.,0.));
#11667 = VECTOR('',#11668,1.);
#11668 = DIRECTION('',(1.,0.));
#11669 = ( GEOMETRIC_REPRESENTATION_CONTEXT(2) 
PARAMETRIC_REPRESENTATION_CONTEXT() REPRESENTATION_CONTEXT('2D SPACE',''
  ) );
#11670 = PCURVE('',#10187,#11671);
#11671 = DEFINITIONAL_REPRESENTATION('',(#11672),#11677);
#11672 = B_SPLINE_CURVE_WITH_KNOTS('',3,(#11673,#11674,#11675,#11676),
  .UNSPECIFIED.,.F.,.F.,(4,4),(0.,1.),.PIECEWISE_BEZIER_KNOTS.);
#11673 = CARTESIAN_POINT('',(1.7861734375,-18.43585343734));
#11674 = CARTESIAN_POINT('',(1.760251947719,-18.47283180906));
#11675 = CARTESIAN_POINT('',(1.779691377344,-18.52802045678));
#11676 = CARTESIAN_POINT('',(1.773671875,-18.57337062484));
#11677 = ( GEOMETRIC_REPRESENTATION_CONTEXT(2) 
PARAMETRIC_REPRESENTATION_CONTEXT() REPRESENTATION_CONTEXT('2D SPACE',''
  ) );
#11678 = ADVANCED_FACE('',(#11679),#5412,.F.);
#11679 = FACE_BOUND('',#11680,.F.);
#11680 = EDGE_LOOP('',(#11681,#11682,#11683,#11706));
#11681 = ORIENTED_EDGE('',*,*,#11582,.T.);
#11682 = ORIENTED_EDGE('',*,*,#5394,.T.);
#11683 = ORIENTED_EDGE('',*,*,#11684,.F.);
#11684 = EDGE_CURVE('',#11685,#5362,#11687,.T.);
#11685 = VERTEX_POINT('',#11686);
#11686 = CARTESIAN_POINT('',(20.031586235313,-4.5,2.518883764844));
#11687 = SURFACE_CURVE('',#11688,(#11692,#11699),.PCURVE_S1.);
#11688 = LINE('',#11689,#11690);
#11689 = CARTESIAN_POINT('',(20.031586235313,-4.5,2.518883764844));
#11690 = VECTOR('',#11691,1.);
#11691 = DIRECTION('',(0.,1.,2.230669073875E-16));
#11692 = PCURVE('',#5412,#11693);
#11693 = DEFINITIONAL_REPRESENTATION('',(#11694),#11698);
#11694 = LINE('',#11695,#11696);
#11695 = CARTESIAN_POINT('',(1.,0.));
#11696 = VECTOR('',#11697,1.);
#11697 = DIRECTION('',(0.,-1.));
#11698 = ( GEOMETRIC_REPRESENTATION_CONTEXT(2) 
PARAMETRIC_REPRESENTATION_CONTEXT() REPRESENTATION_CONTEXT('2D SPACE',''
  ) );
#11699 = PCURVE('',#5379,#11700);
#11700 = DEFINITIONAL_REPRESENTATION('',(#11701),#11705);
#11701 = LINE('',#11702,#11703);
#11702 = CARTESIAN_POINT('',(0.,0.));
#11703 = VECTOR('',#11704,1.);
#11704 = DIRECTION('',(0.,-1.));
#11705 = ( GEOMETRIC_REPRESENTATION_CONTEXT(2) 
PARAMETRIC_REPRESENTATION_CONTEXT() REPRESENTATION_CONTEXT('2D SPACE',''
  ) );
#11706 = ORIENTED_EDGE('',*,*,#11707,.F.);
#11707 = EDGE_CURVE('',#11583,#11685,#11708,.T.);
#11708 = SURFACE_CURVE('',#11709,(#11714,#11721),.PCURVE_S1.);
#11709 = B_SPLINE_CURVE_WITH_KNOTS('',3,(#11710,#11711,#11712,#11713),
  .UNSPECIFIED.,.F.,.F.,(4,4),(0.,1.),.PIECEWISE_BEZIER_KNOTS.);
#11710 = CARTESIAN_POINT('',(19.901688750156,-4.5,2.473759375));
#11711 = CARTESIAN_POINT('',(19.940070047219,-4.5,2.505033033719));
#11712 = CARTESIAN_POINT('',(19.9877262535,-4.5,2.594675987687));
#11713 = CARTESIAN_POINT('',(20.031586235313,-4.5,2.518883764844));
#11714 = PCURVE('',#5412,#11715);
#11715 = DEFINITIONAL_REPRESENTATION('',(#11716),#11720);
#11716 = LINE('',#11717,#11718);
#11717 = CARTESIAN_POINT('',(0.,0.));
#11718 = VECTOR('',#11719,1.);
#11719 = DIRECTION('',(1.,0.));
#11720 = ( GEOMETRIC_REPRESENTATION_CONTEXT(2) 
PARAMETRIC_REPRESENTATION_CONTEXT() REPRESENTATION_CONTEXT('2D SPACE',''
  ) );
#11721 = PCURVE('',#10187,#11722);
#11722 = DEFINITIONAL_REPRESENTATION('',(#11723),#11728);
#11723 = B_SPLINE_CURVE_WITH_KNOTS('',3,(#11724,#11725,#11726,#11727),
  .UNSPECIFIED.,.F.,.F.,(4,4),(0.,1.),.PIECEWISE_BEZIER_KNOTS.);
#11724 = CARTESIAN_POINT('',(2.473759375,-18.09831124984));
#11725 = CARTESIAN_POINT('',(2.505033033719,-18.05992995278));
#11726 = CARTESIAN_POINT('',(2.594675987688,-18.0122737465));
#11727 = CARTESIAN_POINT('',(2.518883764844,-17.96841376468));
#11728 = ( GEOMETRIC_REPRESENTATION_CONTEXT(2) 
PARAMETRIC_REPRESENTATION_CONTEXT() REPRESENTATION_CONTEXT('2D SPACE',''
  ) );
#11729 = ADVANCED_FACE('',(#11730),#5247,.F.);
#11730 = FACE_BOUND('',#11731,.F.);
#11731 = EDGE_LOOP('',(#11732,#11755,#11756,#11757));
#11732 = ORIENTED_EDGE('',*,*,#11733,.T.);
#11733 = EDGE_CURVE('',#11734,#5230,#11736,.T.);
#11734 = VERTEX_POINT('',#11735);
#11735 = CARTESIAN_POINT('',(19.726666875156,-4.5,1.823678125));
#11736 = SURFACE_CURVE('',#11737,(#11741,#11748),.PCURVE_S1.);
#11737 = LINE('',#11738,#11739);
#11738 = CARTESIAN_POINT('',(19.726666875156,-4.5,1.823678125));
#11739 = VECTOR('',#11740,1.);
#11740 = DIRECTION('',(0.,1.,2.230669073875E-16));
#11741 = PCURVE('',#5247,#11742);
#11742 = DEFINITIONAL_REPRESENTATION('',(#11743),#11747);
#11743 = LINE('',#11744,#11745);
#11744 = CARTESIAN_POINT('',(0.,0.));
#11745 = VECTOR('',#11746,1.);
#11746 = DIRECTION('',(0.,-1.));
#11747 = ( GEOMETRIC_REPRESENTATION_CONTEXT(2) 
PARAMETRIC_REPRESENTATION_CONTEXT() REPRESENTATION_CONTEXT('2D SPACE',''
  ) );
#11748 = PCURVE('',#5280,#11749);
#11749 = DEFINITIONAL_REPRESENTATION('',(#11750),#11754);
#11750 = LINE('',#11751,#11752);
#11751 = CARTESIAN_POINT('',(1.,0.));
#11752 = VECTOR('',#11753,1.);
#11753 = DIRECTION('',(0.,-1.));
#11754 = ( GEOMETRIC_REPRESENTATION_CONTEXT(2) 
PARAMETRIC_REPRESENTATION_CONTEXT() REPRESENTATION_CONTEXT('2D SPACE',''
  ) );
#11755 = ORIENTED_EDGE('',*,*,#5229,.T.);
#11756 = ORIENTED_EDGE('',*,*,#11631,.F.);
#11757 = ORIENTED_EDGE('',*,*,#11758,.F.);
#11758 = EDGE_CURVE('',#11734,#11632,#11759,.T.);
#11759 = SURFACE_CURVE('',#11760,(#11765,#11772),.PCURVE_S1.);
#11760 = B_SPLINE_CURVE_WITH_KNOTS('',3,(#11761,#11762,#11763,#11764),
  .UNSPECIFIED.,.F.,.F.,(4,4),(0.,1.),.PIECEWISE_BEZIER_KNOTS.);
#11761 = CARTESIAN_POINT('',(19.726666875156,-4.5,1.823678125));
#11762 = CARTESIAN_POINT('',(19.690109306031,-4.5,1.7675711125));
#11763 = CARTESIAN_POINT('',(19.608248074656,-4.5,1.823753134375));
#11764 = CARTESIAN_POINT('',(19.564146562656,-4.5,1.7861734375));
#11765 = PCURVE('',#5247,#11766);
#11766 = DEFINITIONAL_REPRESENTATION('',(#11767),#11771);
#11767 = LINE('',#11768,#11769);
#11768 = CARTESIAN_POINT('',(0.,0.));
#11769 = VECTOR('',#11770,1.);
#11770 = DIRECTION('',(1.,0.));
#11771 = ( GEOMETRIC_REPRESENTATION_CONTEXT(2) 
PARAMETRIC_REPRESENTATION_CONTEXT() REPRESENTATION_CONTEXT('2D SPACE',''
  ) );
#11772 = PCURVE('',#10187,#11773);
#11773 = DEFINITIONAL_REPRESENTATION('',(#11774),#11779);
#11774 = B_SPLINE_CURVE_WITH_KNOTS('',3,(#11775,#11776,#11777,#11778),
  .UNSPECIFIED.,.F.,.F.,(4,4),(0.,1.),.PIECEWISE_BEZIER_KNOTS.);
#11775 = CARTESIAN_POINT('',(1.823678125,-18.27333312484));
#11776 = CARTESIAN_POINT('',(1.7675711125,-18.30989069396));
#11777 = CARTESIAN_POINT('',(1.823753134375,-18.39175192534));
#11778 = CARTESIAN_POINT('',(1.7861734375,-18.43585343734));
#11779 = ( GEOMETRIC_REPRESENTATION_CONTEXT(2) 
PARAMETRIC_REPRESENTATION_CONTEXT() REPRESENTATION_CONTEXT('2D SPACE',''
  ) );
#11780 = ADVANCED_FACE('',(#11781),#5379,.F.);
#11781 = FACE_BOUND('',#11782,.F.);
#11782 = EDGE_LOOP('',(#11783,#11784,#11785,#11808));
#11783 = ORIENTED_EDGE('',*,*,#11684,.T.);
#11784 = ORIENTED_EDGE('',*,*,#5361,.T.);
#11785 = ORIENTED_EDGE('',*,*,#11786,.F.);
#11786 = EDGE_CURVE('',#11787,#5329,#11789,.T.);
#11787 = VERTEX_POINT('',#11788);
#11788 = CARTESIAN_POINT('',(20.376748125156,-4.5,2.173721875));
#11789 = SURFACE_CURVE('',#11790,(#11794,#11801),.PCURVE_S1.);
#11790 = LINE('',#11791,#11792);
#11791 = CARTESIAN_POINT('',(20.376748125156,-4.5,2.173721875));
#11792 = VECTOR('',#11793,1.);
#11793 = DIRECTION('',(0.,1.,2.230669073875E-16));
#11794 = PCURVE('',#5379,#11795);
#11795 = DEFINITIONAL_REPRESENTATION('',(#11796),#11800);
#11796 = LINE('',#11797,#11798);
#11797 = CARTESIAN_POINT('',(1.,0.));
#11798 = VECTOR('',#11799,1.);
#11799 = DIRECTION('',(0.,-1.));
#11800 = ( GEOMETRIC_REPRESENTATION_CONTEXT(2) 
PARAMETRIC_REPRESENTATION_CONTEXT() REPRESENTATION_CONTEXT('2D SPACE',''
  ) );
#11801 = PCURVE('',#5346,#11802);
#11802 = DEFINITIONAL_REPRESENTATION('',(#11803),#11807);
#11803 = LINE('',#11804,#11805);
#11804 = CARTESIAN_POINT('',(0.,0.));
#11805 = VECTOR('',#11806,1.);
#11806 = DIRECTION('',(0.,-1.));
#11807 = ( GEOMETRIC_REPRESENTATION_CONTEXT(2) 
PARAMETRIC_REPRESENTATION_CONTEXT() REPRESENTATION_CONTEXT('2D SPACE',''
  ) );
#11808 = ORIENTED_EDGE('',*,*,#11809,.F.);
#11809 = EDGE_CURVE('',#11685,#11787,#11810,.T.);
#11810 = SURFACE_CURVE('',#11811,(#11816,#11823),.PCURVE_S1.);
#11811 = B_SPLINE_CURVE_WITH_KNOTS('',3,(#11812,#11813,#11814,#11815),
  .UNSPECIFIED.,.F.,.F.,(4,4),(0.,1.),.PIECEWISE_BEZIER_KNOTS.);
#11812 = CARTESIAN_POINT('',(20.031586235313,-4.5,2.518883764844));
#11813 = CARTESIAN_POINT('',(20.146475594688,-4.5,2.403894392969));
#11814 = CARTESIAN_POINT('',(20.262557103062,-4.5,2.288048414031));
#11815 = CARTESIAN_POINT('',(20.376748125156,-4.5,2.173721875));
#11816 = PCURVE('',#5379,#11817);
#11817 = DEFINITIONAL_REPRESENTATION('',(#11818),#11822);
#11818 = LINE('',#11819,#11820);
#11819 = CARTESIAN_POINT('',(0.,0.));
#11820 = VECTOR('',#11821,1.);
#11821 = DIRECTION('',(1.,0.));
#11822 = ( GEOMETRIC_REPRESENTATION_CONTEXT(2) 
PARAMETRIC_REPRESENTATION_CONTEXT() REPRESENTATION_CONTEXT('2D SPACE',''
  ) );
#11823 = PCURVE('',#10187,#11824);
#11824 = DEFINITIONAL_REPRESENTATION('',(#11825),#11830);
#11825 = B_SPLINE_CURVE_WITH_KNOTS('',3,(#11826,#11827,#11828,#11829),
  .UNSPECIFIED.,.F.,.F.,(4,4),(0.,1.),.PIECEWISE_BEZIER_KNOTS.);
#11826 = CARTESIAN_POINT('',(2.518883764844,-17.96841376468));
#11827 = CARTESIAN_POINT('',(2.403894392969,-17.85352440531));
#11828 = CARTESIAN_POINT('',(2.288048414031,-17.73744289693));
#11829 = CARTESIAN_POINT('',(2.173721875,-17.62325187484));
#11830 = ( GEOMETRIC_REPRESENTATION_CONTEXT(2) 
PARAMETRIC_REPRESENTATION_CONTEXT() REPRESENTATION_CONTEXT('2D SPACE',''
  ) );
#11831 = ADVANCED_FACE('',(#11832),#5280,.F.);
#11832 = FACE_BOUND('',#11833,.F.);
#11833 = EDGE_LOOP('',(#11834,#11857,#11858,#11859));
#11834 = ORIENTED_EDGE('',*,*,#11835,.T.);
#11835 = EDGE_CURVE('',#11836,#5263,#11838,.T.);
#11836 = VERTEX_POINT('',#11837);
#11837 = CARTESIAN_POINT('',(19.964196562656,-4.5,1.9111890625));
#11838 = SURFACE_CURVE('',#11839,(#11843,#11850),.PCURVE_S1.);
#11839 = LINE('',#11840,#11841);
#11840 = CARTESIAN_POINT('',(19.964196562656,-4.5,1.9111890625));
#11841 = VECTOR('',#11842,1.);
#11842 = DIRECTION('',(0.,1.,2.230669073875E-16));
#11843 = PCURVE('',#5280,#11844);
#11844 = DEFINITIONAL_REPRESENTATION('',(#11845),#11849);
#11845 = LINE('',#11846,#11847);
#11846 = CARTESIAN_POINT('',(0.,0.));
#11847 = VECTOR('',#11848,1.);
#11848 = DIRECTION('',(0.,-1.));
#11849 = ( GEOMETRIC_REPRESENTATION_CONTEXT(2) 
PARAMETRIC_REPRESENTATION_CONTEXT() REPRESENTATION_CONTEXT('2D SPACE',''
  ) );
#11850 = PCURVE('',#5313,#11851);
#11851 = DEFINITIONAL_REPRESENTATION('',(#11852),#11856);
#11852 = LINE('',#11853,#11854);
#11853 = CARTESIAN_POINT('',(1.,0.));
#11854 = VECTOR('',#11855,1.);
#11855 = DIRECTION('',(0.,-1.));
#11856 = ( GEOMETRIC_REPRESENTATION_CONTEXT(2) 
PARAMETRIC_REPRESENTATION_CONTEXT() REPRESENTATION_CONTEXT('2D SPACE',''
  ) );
#11857 = ORIENTED_EDGE('',*,*,#5262,.T.);
#11858 = ORIENTED_EDGE('',*,*,#11733,.F.);
#11859 = ORIENTED_EDGE('',*,*,#11860,.F.);
#11860 = EDGE_CURVE('',#11836,#11734,#11861,.T.);
#11861 = SURFACE_CURVE('',#11862,(#11867,#11874),.PCURVE_S1.);
#11862 = B_SPLINE_CURVE_WITH_KNOTS('',3,(#11863,#11864,#11865,#11866),
  .UNSPECIFIED.,.F.,.F.,(4,4),(0.,1.),.PIECEWISE_BEZIER_KNOTS.);
#11863 = CARTESIAN_POINT('',(19.964196562656,-4.5,1.9111890625));
#11864 = CARTESIAN_POINT('',(19.887927030156,-4.5,1.874024917563));
#11865 = CARTESIAN_POINT('',(19.814831644375,-4.5,1.829982662969));
#11866 = CARTESIAN_POINT('',(19.726666875156,-4.5,1.823678125));
#11867 = PCURVE('',#5280,#11868);
#11868 = DEFINITIONAL_REPRESENTATION('',(#11869),#11873);
#11869 = LINE('',#11870,#11871);
#11870 = CARTESIAN_POINT('',(0.,0.));
#11871 = VECTOR('',#11872,1.);
#11872 = DIRECTION('',(1.,0.));
#11873 = ( GEOMETRIC_REPRESENTATION_CONTEXT(2) 
PARAMETRIC_REPRESENTATION_CONTEXT() REPRESENTATION_CONTEXT('2D SPACE',''
  ) );
#11874 = PCURVE('',#10187,#11875);
#11875 = DEFINITIONAL_REPRESENTATION('',(#11876),#11881);
#11876 = B_SPLINE_CURVE_WITH_KNOTS('',3,(#11877,#11878,#11879,#11880),
  .UNSPECIFIED.,.F.,.F.,(4,4),(0.,1.),.PIECEWISE_BEZIER_KNOTS.);
#11877 = CARTESIAN_POINT('',(1.9111890625,-18.03580343734));
#11878 = CARTESIAN_POINT('',(1.874024917563,-18.11207296984));
#11879 = CARTESIAN_POINT('',(1.829982662969,-18.18516835562));
#11880 = CARTESIAN_POINT('',(1.823678125,-18.27333312484));
#11881 = ( GEOMETRIC_REPRESENTATION_CONTEXT(2) 
PARAMETRIC_REPRESENTATION_CONTEXT() REPRESENTATION_CONTEXT('2D SPACE',''
  ) );
#11882 = ADVANCED_FACE('',(#11883),#5346,.F.);
#11883 = FACE_BOUND('',#11884,.F.);
#11884 = EDGE_LOOP('',(#11885,#11886,#11887,#11910));
#11885 = ORIENTED_EDGE('',*,*,#11786,.T.);
#11886 = ORIENTED_EDGE('',*,*,#5328,.T.);
#11887 = ORIENTED_EDGE('',*,*,#11888,.F.);
#11888 = EDGE_CURVE('',#11889,#5296,#11891,.T.);
#11889 = VERTEX_POINT('',#11890);
#11890 = CARTESIAN_POINT('',(20.201726250156,-4.5,2.04870625));
#11891 = SURFACE_CURVE('',#11892,(#11896,#11903),.PCURVE_S1.);
#11892 = LINE('',#11893,#11894);
#11893 = CARTESIAN_POINT('',(20.201726250156,-4.5,2.04870625));
#11894 = VECTOR('',#11895,1.);
#11895 = DIRECTION('',(0.,1.,2.230669073875E-16));
#11896 = PCURVE('',#5346,#11897);
#11897 = DEFINITIONAL_REPRESENTATION('',(#11898),#11902);
#11898 = LINE('',#11899,#11900);
#11899 = CARTESIAN_POINT('',(1.,0.));
#11900 = VECTOR('',#11901,1.);
#11901 = DIRECTION('',(0.,-1.));
#11902 = ( GEOMETRIC_REPRESENTATION_CONTEXT(2) 
PARAMETRIC_REPRESENTATION_CONTEXT() REPRESENTATION_CONTEXT('2D SPACE',''
  ) );
#11903 = PCURVE('',#5313,#11904);
#11904 = DEFINITIONAL_REPRESENTATION('',(#11905),#11909);
#11905 = LINE('',#11906,#11907);
#11906 = CARTESIAN_POINT('',(0.,0.));
#11907 = VECTOR('',#11908,1.);
#11908 = DIRECTION('',(0.,-1.));
#11909 = ( GEOMETRIC_REPRESENTATION_CONTEXT(2) 
PARAMETRIC_REPRESENTATION_CONTEXT() REPRESENTATION_CONTEXT('2D SPACE',''
  ) );
#11910 = ORIENTED_EDGE('',*,*,#11911,.F.);
#11911 = EDGE_CURVE('',#11787,#11889,#11912,.T.);
#11912 = SURFACE_CURVE('',#11913,(#11918,#11925),.PCURVE_S1.);
#11913 = B_SPLINE_CURVE_WITH_KNOTS('',3,(#11914,#11915,#11916,#11917),
  .UNSPECIFIED.,.F.,.F.,(4,4),(0.,1.),.PIECEWISE_BEZIER_KNOTS.);
#11914 = CARTESIAN_POINT('',(20.376748125156,-4.5,2.173721875));
#11915 = CARTESIAN_POINT('',(20.320693619219,-4.5,2.130195184844));
#11916 = CARTESIAN_POINT('',(20.265655240281,-4.5,2.075981158938));
#11917 = CARTESIAN_POINT('',(20.201726250156,-4.5,2.04870625));
#11918 = PCURVE('',#5346,#11919);
#11919 = DEFINITIONAL_REPRESENTATION('',(#11920),#11924);
#11920 = LINE('',#11921,#11922);
#11921 = CARTESIAN_POINT('',(0.,0.));
#11922 = VECTOR('',#11923,1.);
#11923 = DIRECTION('',(1.,0.));
#11924 = ( GEOMETRIC_REPRESENTATION_CONTEXT(2) 
PARAMETRIC_REPRESENTATION_CONTEXT() REPRESENTATION_CONTEXT('2D SPACE',''
  ) );
#11925 = PCURVE('',#10187,#11926);
#11926 = DEFINITIONAL_REPRESENTATION('',(#11927),#11932);
#11927 = B_SPLINE_CURVE_WITH_KNOTS('',3,(#11928,#11929,#11930,#11931),
  .UNSPECIFIED.,.F.,.F.,(4,4),(0.,1.),.PIECEWISE_BEZIER_KNOTS.);
#11928 = CARTESIAN_POINT('',(2.173721875,-17.62325187484));
#11929 = CARTESIAN_POINT('',(2.130195184844,-17.67930638078));
#11930 = CARTESIAN_POINT('',(2.075981158938,-17.73434475971));
#11931 = CARTESIAN_POINT('',(2.04870625,-17.79827374984));
#11932 = ( GEOMETRIC_REPRESENTATION_CONTEXT(2) 
PARAMETRIC_REPRESENTATION_CONTEXT() REPRESENTATION_CONTEXT('2D SPACE',''
  ) );
#11933 = ADVANCED_FACE('',(#11934),#5313,.F.);
#11934 = FACE_BOUND('',#11935,.F.);
#11935 = EDGE_LOOP('',(#11936,#11937,#11938,#11939));
#11936 = ORIENTED_EDGE('',*,*,#11888,.T.);
#11937 = ORIENTED_EDGE('',*,*,#5295,.T.);
#11938 = ORIENTED_EDGE('',*,*,#11835,.F.);
#11939 = ORIENTED_EDGE('',*,*,#11940,.F.);
#11940 = EDGE_CURVE('',#11889,#11836,#11941,.T.);
#11941 = SURFACE_CURVE('',#11942,(#11947,#11954),.PCURVE_S1.);
#11942 = B_SPLINE_CURVE_WITH_KNOTS('',3,(#11943,#11944,#11945,#11946),
  .UNSPECIFIED.,.F.,.F.,(4,4),(0.,1.),.PIECEWISE_BEZIER_KNOTS.);
#11943 = CARTESIAN_POINT('',(20.201726250156,-4.5,2.04870625));
#11944 = CARTESIAN_POINT('',(20.134005536125,-4.5,1.975904900969));
#11945 = CARTESIAN_POINT('',(20.042384084875,-4.5,1.959291574563));
#11946 = CARTESIAN_POINT('',(19.964196562656,-4.5,1.9111890625));
#11947 = PCURVE('',#5313,#11948);
#11948 = DEFINITIONAL_REPRESENTATION('',(#11949),#11953);
#11949 = LINE('',#11950,#11951);
#11950 = CARTESIAN_POINT('',(0.,0.));
#11951 = VECTOR('',#11952,1.);
#11952 = DIRECTION('',(1.,0.));
#11953 = ( GEOMETRIC_REPRESENTATION_CONTEXT(2) 
PARAMETRIC_REPRESENTATION_CONTEXT() REPRESENTATION_CONTEXT('2D SPACE',''
  ) );
#11954 = PCURVE('',#10187,#11955);
#11955 = DEFINITIONAL_REPRESENTATION('',(#11956),#11961);
#11956 = B_SPLINE_CURVE_WITH_KNOTS('',3,(#11957,#11958,#11959,#11960),
  .UNSPECIFIED.,.F.,.F.,(4,4),(0.,1.),.PIECEWISE_BEZIER_KNOTS.);
#11957 = CARTESIAN_POINT('',(2.04870625,-17.79827374984));
#11958 = CARTESIAN_POINT('',(1.975904900969,-17.86599446387));
#11959 = CARTESIAN_POINT('',(1.959291574563,-17.95761591512));
#11960 = CARTESIAN_POINT('',(1.9111890625,-18.03580343734));
#11961 = ( GEOMETRIC_REPRESENTATION_CONTEXT(2) 
PARAMETRIC_REPRESENTATION_CONTEXT() REPRESENTATION_CONTEXT('2D SPACE',''
  ) );
#11962 = ADVANCED_FACE('',(#11963,#11972),#5935,.F.);
#11963 = FACE_BOUND('',#11964,.F.);
#11964 = EDGE_LOOP('',(#11965,#11966,#11967,#11968,#11969,#11970,#11971)
  );
#11965 = ORIENTED_EDGE('',*,*,#6122,.F.);
#11966 = ORIENTED_EDGE('',*,*,#6516,.F.);
#11967 = ORIENTED_EDGE('',*,*,#5919,.F.);
#11968 = ORIENTED_EDGE('',*,*,#6655,.T.);
#11969 = ORIENTED_EDGE('',*,*,#6731,.T.);
#11970 = ORIENTED_EDGE('',*,*,#6782,.T.);
#11971 = ORIENTED_EDGE('',*,*,#6808,.T.);
#11972 = FACE_BOUND('',#11973,.F.);
#11973 = EDGE_LOOP('',(#11974));
#11974 = ORIENTED_EDGE('',*,*,#6570,.T.);
#11975 = ADVANCED_FACE('',(#11976),#7122,.F.);
#11976 = FACE_BOUND('',#11977,.F.);
#11977 = EDGE_LOOP('',(#11978,#11979,#11980,#11981,#11982,#11983,#11984,
    #11985,#11986,#11987,#11988,#11989,#11990,#11991,#11992,#11993,
    #11994,#11995,#11996,#11997,#11998,#11999,#12000,#12001,#12002,
    #12003,#12004,#12005,#12006,#12007,#12008,#12009,#12010,#12011,
    #12012,#12013,#12014,#12015,#12016,#12017,#12018,#12019,#12020,
    #12021,#12022,#12023,#12024,#12025,#12026,#12027,#12028,#12029,
    #12030,#12031,#12032,#12033,#12034,#12035,#12036,#12037));
#11978 = ORIENTED_EDGE('',*,*,#7163,.T.);
#11979 = ORIENTED_EDGE('',*,*,#7107,.T.);
#11980 = ORIENTED_EDGE('',*,*,#7214,.T.);
#11981 = ORIENTED_EDGE('',*,*,#7316,.T.);
#11982 = ORIENTED_EDGE('',*,*,#7418,.T.);
#11983 = ORIENTED_EDGE('',*,*,#7520,.T.);
#11984 = ORIENTED_EDGE('',*,*,#7622,.T.);
#11985 = ORIENTED_EDGE('',*,*,#7724,.T.);
#11986 = ORIENTED_EDGE('',*,*,#7826,.T.);
#11987 = ORIENTED_EDGE('',*,*,#7928,.T.);
#11988 = ORIENTED_EDGE('',*,*,#8030,.T.);
#11989 = ORIENTED_EDGE('',*,*,#8132,.T.);
#11990 = ORIENTED_EDGE('',*,*,#8234,.T.);
#11991 = ORIENTED_EDGE('',*,*,#8336,.T.);
#11992 = ORIENTED_EDGE('',*,*,#8438,.T.);
#11993 = ORIENTED_EDGE('',*,*,#8540,.T.);
#11994 = ORIENTED_EDGE('',*,*,#8642,.T.);
#11995 = ORIENTED_EDGE('',*,*,#8744,.T.);
#11996 = ORIENTED_EDGE('',*,*,#8846,.T.);
#11997 = ORIENTED_EDGE('',*,*,#8948,.T.);
#11998 = ORIENTED_EDGE('',*,*,#9050,.T.);
#11999 = ORIENTED_EDGE('',*,*,#9152,.T.);
#12000 = ORIENTED_EDGE('',*,*,#9254,.T.);
#12001 = ORIENTED_EDGE('',*,*,#9356,.T.);
#12002 = ORIENTED_EDGE('',*,*,#9458,.T.);
#12003 = ORIENTED_EDGE('',*,*,#9560,.T.);
#12004 = ORIENTED_EDGE('',*,*,#9662,.T.);
#12005 = ORIENTED_EDGE('',*,*,#9764,.T.);
#12006 = ORIENTED_EDGE('',*,*,#9866,.T.);
#12007 = ORIENTED_EDGE('',*,*,#9968,.T.);
#12008 = ORIENTED_EDGE('',*,*,#10070,.T.);
#12009 = ORIENTED_EDGE('',*,*,#10099,.T.);
#12010 = ORIENTED_EDGE('',*,*,#10019,.T.);
#12011 = ORIENTED_EDGE('',*,*,#9917,.T.);
#12012 = ORIENTED_EDGE('',*,*,#9815,.T.);
#12013 = ORIENTED_EDGE('',*,*,#9713,.T.);
#12014 = ORIENTED_EDGE('',*,*,#9611,.T.);
#12015 = ORIENTED_EDGE('',*,*,#9509,.T.);
#12016 = ORIENTED_EDGE('',*,*,#9407,.T.);
#12017 = ORIENTED_EDGE('',*,*,#9305,.T.);
#12018 = ORIENTED_EDGE('',*,*,#9203,.T.);
#12019 = ORIENTED_EDGE('',*,*,#9101,.T.);
#12020 = ORIENTED_EDGE('',*,*,#8999,.T.);
#12021 = ORIENTED_EDGE('',*,*,#8897,.T.);
#12022 = ORIENTED_EDGE('',*,*,#8795,.T.);
#12023 = ORIENTED_EDGE('',*,*,#8693,.T.);
#12024 = ORIENTED_EDGE('',*,*,#8591,.T.);
#12025 = ORIENTED_EDGE('',*,*,#8489,.T.);
#12026 = ORIENTED_EDGE('',*,*,#8387,.T.);
#12027 = ORIENTED_EDGE('',*,*,#8285,.T.);
#12028 = ORIENTED_EDGE('',*,*,#8183,.T.);
#12029 = ORIENTED_EDGE('',*,*,#8081,.T.);
#12030 = ORIENTED_EDGE('',*,*,#7979,.T.);
#12031 = ORIENTED_EDGE('',*,*,#7877,.T.);
#12032 = ORIENTED_EDGE('',*,*,#7775,.T.);
#12033 = ORIENTED_EDGE('',*,*,#7673,.T.);
#12034 = ORIENTED_EDGE('',*,*,#7571,.T.);
#12035 = ORIENTED_EDGE('',*,*,#7469,.T.);
#12036 = ORIENTED_EDGE('',*,*,#7367,.T.);
#12037 = ORIENTED_EDGE('',*,*,#7265,.T.);
#12038 = ADVANCED_FACE('',(#12039),#10187,.F.);
#12039 = FACE_BOUND('',#12040,.F.);
#12040 = EDGE_LOOP('',(#12041,#12042,#12043,#12044,#12045,#12046,#12047,
    #12048,#12049,#12050,#12051,#12052,#12053,#12054,#12055,#12056,
    #12057,#12058,#12059,#12060,#12061,#12062,#12063,#12064,#12065,
    #12066,#12067,#12068,#12069,#12070,#12071,#12072,#12073,#12074,
    #12075,#12076));
#12041 = ORIENTED_EDGE('',*,*,#10228,.T.);
#12042 = ORIENTED_EDGE('',*,*,#10172,.T.);
#12043 = ORIENTED_EDGE('',*,*,#10279,.T.);
#12044 = ORIENTED_EDGE('',*,*,#10381,.T.);
#12045 = ORIENTED_EDGE('',*,*,#10483,.T.);
#12046 = ORIENTED_EDGE('',*,*,#10585,.T.);
#12047 = ORIENTED_EDGE('',*,*,#10687,.T.);
#12048 = ORIENTED_EDGE('',*,*,#10789,.T.);
#12049 = ORIENTED_EDGE('',*,*,#10891,.T.);
#12050 = ORIENTED_EDGE('',*,*,#10993,.T.);
#12051 = ORIENTED_EDGE('',*,*,#11095,.T.);
#12052 = ORIENTED_EDGE('',*,*,#11197,.T.);
#12053 = ORIENTED_EDGE('',*,*,#11299,.T.);
#12054 = ORIENTED_EDGE('',*,*,#11401,.T.);
#12055 = ORIENTED_EDGE('',*,*,#11503,.T.);
#12056 = ORIENTED_EDGE('',*,*,#11605,.T.);
#12057 = ORIENTED_EDGE('',*,*,#11707,.T.);
#12058 = ORIENTED_EDGE('',*,*,#11809,.T.);
#12059 = ORIENTED_EDGE('',*,*,#11911,.T.);
#12060 = ORIENTED_EDGE('',*,*,#11940,.T.);
#12061 = ORIENTED_EDGE('',*,*,#11860,.T.);
#12062 = ORIENTED_EDGE('',*,*,#11758,.T.);
#12063 = ORIENTED_EDGE('',*,*,#11656,.T.);
#12064 = ORIENTED_EDGE('',*,*,#11554,.T.);
#12065 = ORIENTED_EDGE('',*,*,#11452,.T.);
#12066 = ORIENTED_EDGE('',*,*,#11350,.T.);
#12067 = ORIENTED_EDGE('',*,*,#11248,.T.);
#12068 = ORIENTED_EDGE('',*,*,#11146,.T.);
#12069 = ORIENTED_EDGE('',*,*,#11044,.T.);
#12070 = ORIENTED_EDGE('',*,*,#10942,.T.);
#12071 = ORIENTED_EDGE('',*,*,#10840,.T.);
#12072 = ORIENTED_EDGE('',*,*,#10738,.T.);
#12073 = ORIENTED_EDGE('',*,*,#10636,.T.);
#12074 = ORIENTED_EDGE('',*,*,#10534,.T.);
#12075 = ORIENTED_EDGE('',*,*,#10432,.T.);
#12076 = ORIENTED_EDGE('',*,*,#10330,.T.);
#12077 = ( GEOMETRIC_REPRESENTATION_CONTEXT(3) 
GLOBAL_UNCERTAINTY_ASSIGNED_CONTEXT((#12081)) 
GLOBAL_UNIT_ASSIGNED_CONTEXT((#12078,#12079,#12080)) 
REPRESENTATION_CONTEXT('Context #1',
  '3D Context with UNIT and UNCERTAINTY') );
#12078 = ( LENGTH_UNIT() NAMED_UNIT(*) SI_UNIT(.MILLI.,.METRE.) );
#12079 = ( NAMED_UNIT(*) PLANE_ANGLE_UNIT() SI_UNIT($,.RADIAN.) );
#12080 = ( NAMED_UNIT(*) SI_UNIT($,.STERADIAN.) SOLID_ANGLE_UNIT() );
#12081 = UNCERTAINTY_MEASURE_WITH_UNIT(LENGTH_MEASURE(2.E-07),#12078,
  'distance_accuracy_value','confusion accuracy');
#12082 = PRODUCT_RELATED_PRODUCT_CATEGORY('part',$,(#7));
#12083 = MECHANICAL_DESIGN_GEOMETRIC_PRESENTATION_REPRESENTATION('',(
    #12084),#12077);
#12084 = STYLED_ITEM('color',(#12085),#15);
#12085 = PRESENTATION_STYLE_ASSIGNMENT((#12086,#12092));
#12086 = SURFACE_STYLE_USAGE(.BOTH.,#12087);
#12087 = SURFACE_SIDE_STYLE('',(#12088));
#12088 = SURFACE_STYLE_FILL_AREA(#12089);
#12089 = FILL_AREA_STYLE('',(#12090));
#12090 = FILL_AREA_STYLE_COLOUR('',#12091);
#12091 = COLOUR_RGB('',0.447058818107,0.474509808674,0.501960817233);
#12092 = CURVE_STYLE('',#12093,POSITIVE_LENGTH_MEASURE(0.1),#12094);
#12093 = DRAUGHTING_PRE_DEFINED_CURVE_FONT('continuous');
#12094 = COLOUR_RGB('',9.803921802644E-02,9.803921802644E-02,
  9.803921802644E-02);
ENDSEC;
END-ISO-10303-21;
